sense_uid,lemma,pos,quiz_prompt_zh,gloss_zh,ipa_us,ipa_uk,example_en,example_zh
en:abandonment:noun:1,abandonment,noun,放弃,n 放弃,/ə'bændənmənt/,/əˈbændənmənt/,...memories of her father's complete abandonment of her.,…她父亲对她的彻底抛弃的那些记忆。
en:abnormally:adverb:1,abnormally,adverb,不正常的,adv 不正常的,,/æb'nɔ:məlɪ/,Both were big at birth but were not abnormally large.,这两个孩子出生时都比较大，但并非异常的大。
en:absolutely:adverb:1,absolutely,adverb,当然,adv 当然,/'æbsəlutli/,/ˈæbsəlu:tli/,‘Do you let your kids travel alone at night?’ ‘Absolutely not!’,“你会让孩子们晚上单独外出吗？”“当然不行！”
en:abstract:adjective:1,abstract,adjective,抽象的,adj 抽象的,/'æbstrækt/,/'æbstrækt/,"By the age of seven, children are capable of thinking in abstract terms .",儿童到了七岁就具有抽象思维的能力。
en:abuse:noun:1,abuse,noun,虐待,n 虐待；v 滥用,/ə'bjus/,/ə'bju:s/,several cases of child abuse,数宗虐待儿童案
en:accelerate:verb:1,accelerate,verb,加速,v 加速,/əkˈsɛləˌret/,/ək'seləreɪt/,measures to accelerate the rate of economic growth,加快经济增长速度的措施
en:accomplish:verb:1,accomplish,verb,实现,v 实现,/ə'kɑmplɪʃ/,/ə'kʌmplɪʃ/,We have accomplished all we set out to do.,所有计划要做的事情，我们都已完成。
en:accountant:noun:1,accountant,noun,会计,n 会计,/ə'kaʊntənt/,/əˈkaʊntənt/,The boss dropped an accountant from the payroll.,老板把一名会计师从在职人员名单中除了名。
en:accrue:verb:1,accrue,verb,积累,v 积累,/ə'kru/,/ə'kru:/,Interest will accrue until payment is made.,利息将会累计增加，直至付清款项。
en:accurate:adjective:1,accurate,adjective,精确的,adj 精确的,/'ækjərət/,/ˈækjərət/,The brochure tries to give a fair and accurate description of each hotel.,该手册尽量公正、准确地介绍每一家酒店。
en:accuse:verb:1,accuse,verb,指控,v 指控,/ə'kjuz/,/ə'kju:z/,The professor stands accused of (= has been accused of ) stealing his student’s ideas and publishing them.,那位教授被指控剽窃学生的观点拿去发表。
en:accustom:verb:1,accustom,verb,使习惯,v 使习惯,/ə'kʌstəm/,/ə'kʌstəm/,She tried to accustom herself to the tight bandages.,她尝试着使自己习惯那些紧绷的绷带。
en:achieve:verb:1,achieve,verb,达到，实现,v 达到，实现,/ə'tʃiv/,/ə'tʃi:v/,Frances achieved very good exam results.,弗朗西丝考试取得了优异成绩。
en:acquaintance:noun:1,acquaintance,noun,熟人,n 熟人,/ə'kwentəns/,/ə'kweɪntəns/,She was a casual acquaintance of my family in Vienna.,她是我们家在维也纳的一个交情不深的朋友。
en:activate:verb:1,activate,verb,激活,v 激活,/'æktə'vet/,/'æktɪveɪt/,Cooking fumes may activate the alarm.,烹调时的油烟可能会触发警报器。
en:acutely:adverb:1,acutely,adverb,敏锐地,adv 敏锐地,/ə'kjutli/,/əˈkju:tli/,"We continue to conduct tests, but increasingly, we conduct long conversations with her, acutely aware that our creation will raise many ethical questions on the part of the public.",我们将继续进行测试，但越来越多地，随着长时间的交谈，我们敏锐地意识到，我们的作品将在公众当中引起许多道德问题。
en:addict:verb:1,addict,verb,上瘾，沉溺,v 上瘾，沉溺,/'ædɪkt (for n.); əˈdɪkt (for v.)/,/'ædɪkt/,"Meanwhile, Walt's meth-business partner, the addict Jesse, is still recovering from the drug-related death of his girlfriend Jane at the end of last season.",而沃特的制毒搭档——瘾君子杰西还未从女朋友之死的痛苦中恢复过来。 他的女朋友简在上一季结尾时死于毒品。
en:address:verb:1,address,verb,解决,v 解决,/ə'drɛs/,/ə'dres/,email address,电子邮箱信箱
en:administration:noun:1,administration,noun,管理，政府,n 管理，政府,"/əd,mɪnɪ'streʃən/",/ədˌmɪnɪˈstreɪʃn/,We’re looking for someone with experience in administration.,我们正在寻找一个有管理经验的人。
en:adopt:verb:1,adopt,verb,采纳,v 采纳,/ə'dɑpt/,/ə'dɒpt/,The courts were asked to adopt a more flexible approach to young offenders.,法庭被要求对少年犯采取更为灵活的处理方法。
en:adventure:noun:1,adventure,noun,冒险,n 冒险,/əd'vɛntʃɚ/,/əd'ventʃə(r)/,a great adventure,一大奇遇
en:adventurer:noun:1,adventurer,noun,冒险者,n 冒险者,/əd'vɛntʃərɚ/,/ədˈventʃərə(r)/,an adventurer travelling the world,周游世界的冒险家
en:adverse:adjective:1,adverse,adjective,相反的，敌对的,adj 相反的，敌对的,"/ædˈvɚs, ˈædˌvɚs/",/ˈædvɜ:s/,They fear it could have an adverse effect on global financial markets.,他们担心这会对全球金融市场产生不利影响。
en:adversely:adverb:1,adversely,adverb,不利地,adv 不利地,/æd'vɝsli/,/əd'vɜ:slɪ/,I think everyone has something from their past that they're worried might adversely affect how they raise their children.,我想每个人都会担心自己过去的某些事可能会对他们如何培养孩子产生不利的影响。
en:affection:noun:1,affection,noun,喜爱,n 喜爱,/ə'fɛkʃən/,/əˈfekʃn/,She looked back on those days with affection .,她深情地回顾那些日子。
en:agenda:noun:1,agenda,noun,议程,n 议程,/ə'dʒɛndə/,/ə'dʒendə/,The Republicans have stuck to their conservative agenda.,共和党人坚持自己的保守议题。
en:aggravate:verb:1,aggravate,verb,加重，加剧,v 加重，加剧,/'æɡrəvet/,/'æɡrəveɪt/,Their money problems were further aggravated by a rise in interest rates.,由于利率上调，他们的财务问题更加严重。
en:agonize:verb:1,agonize,verb,使痛苦,v 使痛苦,/'æɡənaɪz/,/'æɡənaɪz/,"As a mother, I agonize over what my children will inherit.",作为一个母亲，我对我的孩子们将要继承的东西感到极度痛苦。
en:aid:verb:1,aid,verb,援助，有助于,v 援助，有助于,/ed/,/eɪd/,an index to aid the reader,方便读者的索引
en:alert:adjective:1,alert,adjective,机警的,adj 机警的；v 提醒,/ə'lɝt/,/ə'lɜ:t/,"The animal raised its head, suddenly alert.",那只动物突然警觉地抬起头来。
en:alien:adjective:1,alien,adjective,陌生的,adj 陌生的,"/ˈeliən,ˈeljən/",/'eɪlɪən/,the alien environment of the city,城里陌生的环境
en:allergic:adjective:1,allergic,adjective,过敏的,adj 过敏的,/ə'lɝdʒɪk/,/əˈlɜ:dʒɪk/,an allergic reaction to nuts,对坚果的过敏性反应
en:alternative:noun:1,alternative,noun,代替品,n 代替品,/ɔl'tɝnətɪv/,/ɔ:lˈtɜ:nətɪv/,New ways to treat arthritis may provide an alternative to painkillers.,治疗关节炎的新方法可能会提供一种止痛药的替代品。
en:analytical:adjective:1,analytical,adjective,分析的,adj 分析的,"/,ænə'lɪtɪkl/",/ˌænəˈlɪtɪkl/,She’s got an analytical mind.,她思维缜密。
en:ancient:adjective:1,ancient,adjective,古代的,adj 古代的,/ˈeɪnʃənt/,/'eɪnʃənt/,the ancient civilizations of Asia,亚洲的古代文明
en:ankle:noun:1,ankle,noun,脚踝,n 脚踝,/'æŋkl/,/ˈæŋkl/,slender ankles,纤细的脚踝
en:anonymous:adjective:1,anonymous,adjective,匿名的,adj 匿名的,/ə'nɑnəməs/,/ə'nɒnɪməs/,the anonymous author of a collection of poems,一本诗集的佚名作者
en:anticipate:verb:1,anticipate,verb,期望，预期,v 期望，预期,/æn'tɪsə'pet/,/æn'tɪsɪpeɪt/,Sales are better than anticipated.,销量比预期要好。
en:anxiety:noun:1,anxiety,noun,焦虑,n 焦虑,/æŋ'zaɪəti/,/æŋ'zaɪətɪ/,his feelings of anxiety,他焦虑的心情
en:apartment:noun:1,apartment,noun,公寓,n 公寓,/ə'pɑrtmənt/,/əˈpɑ:tmənt/,She lives in a small apartment.,她住在一套小公寓里。
en:apathy:noun:1,apathy,noun,冷漠,n 冷漠,/'æpəθi/,/ˈæpəθi/,The campaign failed because of public apathy.,由于公众反应冷淡，这次运动失败了。
en:apologize:verb:1,apologize,verb,道歉,v 道歉,/ə'pɑlədʒaɪz/,/ə'pɒlədʒaɪz/,"I’m so sorry, I do apologize.",非常对不起，我真心道歉。
en:applicable:adjective:1,applicable,adjective,可应用的,adj 可应用的,/'æplɪkəbl/,/əˈplɪkəbl/,What is a reasonable standard for one family is not applicable for another.,对一个家庭合理的标准对于另一个家庭并不适用。
en:applicant:noun:1,applicant,noun,申请者,n 申请者,/'æplɪkənt/,/ˈæplɪkənt/,We have had lots of applicants for these positions.,对这些职位我们已有了很多申请人。
en:appoint:verb:1,appoint,verb,任命,v 任命,/ə'pɔɪnt/,/ə'pɔɪnt/,officials appointed by the government,政府任命的官员
en:appreciative:adjective:1,appreciative,adjective,表示赞赏的，感谢的,adj 表示赞赏的，感谢的,/ə'priʃətɪv/,/əˈpri:ʃətɪv/,There is a murmur of appreciative laughter.,有一阵低低的赞赏的笑声。
en:approach:noun:1,approach,noun,方法,n 方法,/ə'protʃ/,/ə'prəʊtʃ/,He decided to adopt a different approach and teach the Bible through story-telling.,他决定采用一种不同的方法，通过讲故事来教授《圣经》。
en:appropriate:adjective:1,appropriate,adjective,适当的,adj 适当的,/əˈpropriɪt/,/ə'prəʊprɪət/,The timing of the announcement was particularly appropriate .,通告发布的时机很合适。
en:approve:verb:1,approve,verb,赞同,v 赞同,/ə'prʊv/,/ə'pru:v/,"You've never approved of Henry, have you?",你从未赞赏过亨利，是吧？
en:approximately:adverb:1,approximately,adverb,大约,adv 大约,/ə'prɑksɪmətli/,/əˈprɒksɪmətli/,approximately equal,约等于，近似等于
en:arm:verb:1,arm,verb,装备，武装,v 装备，武装,/ɑrm/,/ɑ:m/,in arms,怀抱着的；武装起来的
en:arouse:verb:1,arouse,verb,唤起,v 唤起,/ə'raʊz/,/ə'raʊz/,Matt’s behavior was arousing the interest of the neighbors.,马特的行为渐渐引起了邻居的兴趣。
en:arrogant:adjective:1,arrogant,adjective,傲慢无礼的,adj 傲慢无礼的,/'ærəɡənt/,/ˈærəgənt/,He was unbearably arrogant.,他的傲慢让人无法忍受。
en:artificial:adjective:1,artificial,adjective,人造的，虚伪的,adj 人造的，虚伪的,"/,ɑrtɪ'fɪʃl/",/ˌɑ:tɪ'fɪʃl/,artificial flowers,假花
en:aspect:noun:1,aspect,noun,方面,n 方面,/'æspɛkt/,/'æspekt/,a south-facing aspect,朝南方向
en:assassinate:verb:1,assassinate,verb,刺杀，暗杀,v 刺杀，暗杀,/ə'sæsn'et/,/ə'sæsɪneɪt/,a plot to assassinate the President,刺杀总统的阴谋
en:assemble:verb:1,assemble,verb,收集，组装,v 收集，组装,/ə'sɛmbl/,/ə'sembl/,The aircraft will continue to be assembled in France.,飞机将继续在法国组装。
en:assessment:noun:1,assessment,noun,评估，评价,n 评估，评价,/ə'sɛsmənt/,/əˈsesmənt/,a reading assessment test,阅读评估测试
en:association:noun:1,association,noun,联系,n 联系,"/ə,soʃɪ'eʃən/",/əˌsəʊʃɪ'eɪʃn/,Scotland has all kinds of happy associations for me.,苏格兰给我各种各样愉快的联想。
en:athletic:adjective:1,athletic,adjective,运动的，运动员的,adj 运动的，运动员的,/æθ'lɛtɪk/,/æθˈletɪk/,a tall athletic man,一个高大强壮的男子
en:atmosphere:noun:1,atmosphere,noun,气氛，空气,n 气氛，空气,/'ætməsfɪr/,/'ætməsfɪə(r)/,The hotel had a lovely relaxed atmosphere .,那家宾馆的气氛轻松愉快。
en:attendant:noun:1,attendant,noun,服务人员,n 服务人员,/ə'tɛndənt/,/əˈtendənt/,a car park attendant,停车场的服务员
en:authorities:noun:1,authorities,noun,当局,n 当局,/ə'θɔrətɪz/,/ɔ:'θɒrɪtɪs/,This provided a pretext for the authorities to cancel the elections.,这给当局提供了一个取消选举的借口。
en:authority:noun:1,authority,noun,权威,n 权威,/ə'θɔrəti/,/ɔ:ˈθɒrəti/,an agreement between the US and Colombian authorities,美国和哥伦比亚当局的一份协议
en:authorization:noun:1,authorization,noun,授权,n 授权,"/,ɔθərɪ'zeʃən/",/ˈɔ:θəraɪzeɪʃən/,You need special authorization to park here.,在此停车要有特别的许可。
en:automatic:adjective:1,automatic,adjective,自动的,adj 自动的,/'ɔtə'mætɪk/,/ˌɔ:tə'mætɪk/,an automatic weapon,自动武器
en:auxiliary:adjective:1,auxiliary,adjective,辅助的,adj 辅助的,/ɔːɡ'zɪlɪəri/,/ɔ:gˈzɪliəri/,an auxiliary nurse,助理护士
en:available:adjective:1,available,adjective,可获得的，可利用的,adj 可获得的，可利用的,/ə'veləbl/,/əˈveɪləbl/,Tickets are available from the box office.,售票处有票出售。
en:awareness:noun:1,awareness,noun,意识,n 意识,/ə'wɛrnəs/,/əˈweənəs/,Health officials have tried to raise awareness (= improve people’s knowledge ) about AIDS.,卫生部官员努力提高人们对艾滋病的认识。
en:awesome:adjective:1,awesome,adjective,极好的，令人敬畏的,adj 极好的，令人敬畏的,/'ɔsəm/,/'ɔ:səm/,an awesome responsibility,一项令人惊惧的责任
en:backup:noun:1,backup,noun,后补，援助,n 后补，援助,"/'bæk,ʌp/",/ˈbækʌp/,There is no emergency back-up immediately available.,没有立即就能获得的后备。
en:bacteria:noun:1,bacteria,noun,细菌,n 细菌,/bæk'tɪrɪə/,/bæk'tɪərɪə/,Is it possible to multiply bacteria in the laboratory?,有可能在实验室繁殖细菌吗?
en:ballet:noun:1,ballet,noun,芭蕾,n 芭蕾,/bæ'le/,/'bæleɪ/,We’re going to the ballet tomorrow evening.,我们明天晚上要去看芭蕾舞演出。
en:barely:adverb:1,barely,adverb,几乎不，仅仅,adv 几乎不，仅仅,/'bɛrli/,/ˈbɛəli/,She was barely aware of his presence.,她几乎没有注意到他的存在。
en:barrier:noun:1,barrier,noun,障碍，阻碍,n 障碍，阻碍,/'bærɪɚ/,/'bærɪə(r)/,He advocated the removal of trade barriers.,他提倡消除贸易壁垒。
en:battery:noun:1,battery,noun,电池,n 电池,/'bæt(ə)rɪ/,/ˈbætri/,You have to take the top off to change the batteries .,你得把顶盖拿掉才能更换电池。
en:battle:noun:1,battle,noun,激战，战役,n 激战，战役,/'bætl/,/'bætl/,the Battle of Trafalgar,特拉法尔加战役
en:bias:noun:1,bias,noun,偏见,n 偏见,/'baɪəs/,/'baɪəs/,Students were evaluated without bias.,对学生的评估都是公正的。
en:biography:noun:1,biography,noun,自传,n 自传,/baɪ'ɑɡrəfi/,/baɪˈɒgrəfi/,...recent biographies of Stalin.,…近年的斯大林传记。
en:bitter:adjective:1,bitter,adjective,痛苦的,adj 痛苦的,/'bɪtɚ/,/'bɪtə(r)/,His photo stirred up bitter memories.,他的照片勾起了痛苦的回忆。
en:bizarre:adjective:1,bizarre,adjective,古怪的；奇怪的,adj 古怪的；奇怪的,/bɪ'zɑr/,/bɪˈzɑ:(r)/,a bizarre coincidence,奇怪的巧合
en:blame:verb:1,blame,verb,谴责,v 谴责,/blem/,/bleɪm/,Don’t blame me – it’s not my fault.,别来怪我——又不是我的错。
en:blouse:noun:1,blouse,noun,衬衫,n 衬衫,/blaʊs/,/blaʊz/,a silk blouse,丝质女衬衫
en:blueprint:noun:1,blueprint,noun,蓝图，设计图,n 蓝图，设计图,/'blʊ'prɪnt/,/'blu:prɪnt/,"By changing the tomato’s genetic blueprint , scientists can alter the rate at which it ripens.",科学家可以通过改变番茄的基因蓝图来改变它的成熟速度。
en:board:noun:1,board,noun,董事会,n 董事会,/bɔrd/,/bɔ:d/,a board meeting,董事会会议
en:boom:noun:1,boom,noun,繁荣,n 繁荣,/buːm/,/bu:m/,The boom has created job opportunities.,经济繁荣创造了就业的机会。
en:boost:verb:1,boost,verb,提高,v 提高,/bʊst/,/bu:st/,"So go out there and boost your brainpower, your mind will thank you.",所以走出去提升你的智力，你的思想会感谢你自己。
en:botanical:adjective:1,botanical,adjective,植物学的,adj 植物学的,/bə'tænɪkl/,/bəˈtænɪkl/,The area is of great botanical interest.,该地区很有植物学研究价值。
en:bother:verb:1,bother,verb,困扰,v 困扰,/'bɑðɚ/,/'bɒðə(r)/,"Danny, don’t bother Ellen while she’s reading.",丹尼，埃伦看书的时候不要去打扰她 。
en:branch:noun:1,branch,noun,分支，分公司,n 分支，分公司,/bræntʃ/,/brɑ:ntʃ/,The bank has branches all over the country.,这家银行在全国各地都有分行。
en:breakthrough:noun:1,breakthrough,noun,突破性进展,n 突破性进展,/'brek'θrʊ/,/'breɪkθru:/,The company looks poised to make a significant breakthrough in China.,该公司看上去稳将在中国实现一次重大突破。
en:breed:verb:1,breed,verb,繁殖；导致,v 繁殖；导致,/brid/,/bri:d/,Eagles breed during the cooler months of the year.,鹰在一年中较凉爽的季节交配繁殖。
en:breezy:adjective:1,breezy,adjective,轻松愉快的,adj 轻松愉快的,/'brizi/,/'bri:zɪ/,a breezy and relaxed air of confidence,轻松自信的神态
en:bribe:verb:1,bribe,verb,贿赂,v 贿赂,/braɪb/,/braɪb/,The only way we could get into the country was by bribing the border officials.,我们要进入这个国家，唯一的办法是贿赂边境官员。
en:bridge:verb:1,bridge,verb,缩小；架桥于…之上,v 缩小；架桥于…之上,/brɪdʒ/,/brɪdʒ/,a fallen tree bridging the stream,倒下来架在小溪上的树
en:bruise:verb:1,bruise,verb,使碰伤，擦伤,v 使碰伤，擦伤,/bruz/,/bru:z/,She fell off her bike and bruised her knee.,她从自行车上摔下来，擦伤了膝盖。
en:brutal:adjective:1,brutal,adjective,残酷的,adj 残酷的,/'brutl/,/'bru:tl/,a brutal man,一个凶残的男人
en:buck:verb:1,buck,verb,反对,v 反对；n 美元,,/bʌk/,He was a rebel who bucked the system (= opposed rules or authority ) .,他是一个反抗体制的叛逆者。
en:burden:noun:1,burden,noun,负担,n 负担,/'bɝdn/,/'bɜ:dn/,His family responsibilities had started to become a burden.,家庭责任已开始成为他的负担。
en:bureaucracy:noun:1,bureaucracy,noun,官僚主义,n 官僚主义,/bjʊ'rɑkrəsi/,/bjʊə'rɒkrəsɪ/,the reduction of unnecessary bureaucracy,消除不必要的官僚体制
en:burial:noun:1,burial,noun,埋葬,n 埋葬,/'bɛrɪəl/,/'berɪəl/,The priest prepared the body for burial.,牧师为尸体做好了下葬的准备。
en:calculation:noun:1,calculation,noun,计算,n 计算,"/,kælkju'leʃən/",/ˌkælkjuˈleɪʃn/,Leonard made a rapid calculation: he'd never make it in time.,伦纳德做了个快速的估算：他不可能及时做完。
en:calorie:noun:1,calorie,noun,卡路里,n 卡路里,/'kæləri/,/'kælərɪ/,A potato has about 90 calories.,一个马铃薯大约有90卡路里的热量。
en:campaign:noun:1,campaign,noun,活动,n 活动,/kæm'pen/,/kæm'peɪn/,Jones ran a good campaign.,琼斯的活动搞得很成功。
en:cancel:verb:1,cancel,verb,取消,v 取消,/'kænsl/,/'kænsl/,Our flight was cancelled.,我们的航班取消了。
en:capable:adjective:1,capable,adjective,有能力的,adj 有能力的,/'kepəbl/,/'keɪpəbl/,I don’t think he’s capable of murder.,我认为他没有能力杀人。
en:capacity:noun:1,capacity,noun,能力，容量,n 能力，容量,/kə'pæsəti/,/kə'pæsətɪ/,The room had seating capacity for about 80.,这房间能坐80个人左右。
en:capital:adjective:1,capital,adjective,资金的，资本的,adj 资金的，资本的,/'kæpɪtl/,/'kæpɪtl/,capital investments,资本投资
en:capture:verb:1,capture,verb,捕捉,v 捕捉,/'kæptʃɚ/,/'kæptʃə(r)/,Government troops have succeeded in capturing the rebel leader.,政府军已经成功抓获叛乱分子的头目。
en:cast:verb:1,cast,verb,投掷，扔,v 投掷，扔,/kæst/,/kɑ:st/,the shade cast by low-hanging branches,低垂的树枝投下的阴影
en:casualty:noun:1,casualty,noun,伤亡人数,n 伤亡人数,/'kæʒuəlti/,/ˈkæʒuəlti/,"Any history of bombing must also be a history of civilian casualty, for bombing saves the lives of soldiers only at the expense of other lives.",任何空袭的历史也必定是平民伤亡的历史，因为空袭救了士兵的性命只能以其他人的生命为代价。
en:category:noun:1,category,noun,种类,n 种类,/'kætəɡɔri/,/ˈkætəgəri/,people in the over-45 age category,属45岁以上年龄组的人
en:cautious:adjective:1,cautious,adjective,谨慎的,adj 谨慎的,/'kɔʃəs/,/ˈkɔ:ʃəs/,a cautious driver,一位谨慎的司机
en:chain:noun:1,chain,noun,连锁店,n 连锁店,/tʃen/,/tʃeɪn/,...a large supermarket chain.,…一家大型连锁超市。
en:chaos:noun:1,chaos,noun,混乱,n 混乱,/'keɑs/,/'keɪɒs/,The country was plunged into economic chaos.,这个国家陷入了经济大混乱。
en:character:noun:1,character,noun,角色,n 角色,/'kærəktɚ/,/'kærəktə(r)/,"A soulless shopping centre stands across from one of the few buildings with character, the town hall.",一座毫无生气的购物中心对面就是少有的几个别具特色的建筑物之一：市政厅。
en:check:verb:1,check,verb,检查；阻止,v 检查；阻止,/tʃɛk/,/tʃek/,Check the tiles carefully before you buy them.,购买之前要把瓷砖仔细检查一下。
en:chronicle:verb:1,chronicle,verb,记录,v 记录,/'krɑnɪkl/,/'krɒnɪkl/,His life is chronicled in a new biography published last week.,他的生平被写成一本新传记，于上周出版。
en:circulation:noun:1,circulation,noun,发行量,n 发行量,"/,sɝkjə'leʃən/",/sɜːkjʊ'leɪʃ(ə)n/,The Daily News once had the highest circulation of any daily in the country.,《每日新闻报》一度在该国所有日报中拥有最高发行量。
en:circumstance:noun:1,circumstance,noun,情况，环境,n 情况，环境,/'sɝkəmstæns/,/'sɜ:kəmstəns/,The Soviet Union had been forced by circumstances to sign a pact with Nazi Germany.,苏联为形势所迫同纳粹德国签订了一项条约。
en:citation:noun:1,citation,noun,引文,n 引文,/saɪ'teʃən/,/saɪ'teɪʃn/,The essay begins with a citation from ‘Hamlet’.,这篇文章开头引用了《哈姆雷特》中的一句话。
en:claim:verb:1,claim,verb,索取，声称,v 索取，声称,/klem/,/kleɪm/,"I don’t claim to be a feminist, but I’d like to see more women in top jobs.",我不会自称是女权主义者，但我希望看到更多的女性担任高职。
en:clarify:verb:1,clarify,verb,澄清，明确,v 澄清，明确,/'klærəfaɪ/,/'klærəfaɪ/,Reporters asked him to clarify his position (= say exactly what his beliefs are ) on welfare reform.,记者们要求他阐明他在福利改革问题上的立场。
en:classify:verb:1,classify,verb,分类,v 分类,/'klæsɪfaɪ/,/'klæsɪfaɪ/,We’d classify Drabble’s novels under ‘Romance’.,我们把德拉布尔的小说归类为“言情小说”。
en:clause:noun:1,clause,noun,条款,n 条款,/klɔz/,/klɔ:z/,A confidentiality clause was added to the contract.,合同中加上了一项保密条款。
en:clue:noun:1,clue,noun,线索,n 线索,/klʊ/,/klu:/,Police have found a vital clue .,警方发现了至关重要的线索。
en:coastal:adjective:1,coastal,adjective,海滨的,adj 海滨的,/'kostl/,/'kəʊstl/,the coastal waters of Britain,英国的近海水域
en:code:noun:1,code,noun,代号，密码,n 代号，密码,/kod/,/kəʊd/,The spy sent his message in code.,这个间谍用密码发送情报。
en:collaborative:adjective:1,collaborative,adjective,合作的,adj 合作的,/kə'læbəretɪv/,/kəˈlæbərətɪv/,...a collaborative research project.,…一个合作研究项目。
en:collapse:verb:1,collapse,verb,坍塌，崩塌,v 坍塌，崩塌,/kə'læps/,/kə'læps/,Uncle Ted’s chair collapsed under his weight.,椅子承受不了特德叔叔的重量，塌架了。
en:collective:adjective:1,collective,adjective,共同的,adj 共同的,/kə'lɛktɪv/,/kəˈlektɪv/,a collective decision made by all board members,董事会所有成员作出的集体决定
en:collide:verb:1,collide,verb,撞击，碰撞,v 撞击，碰撞,/kə'laɪd/,/kə'laɪd/,A car and a van collided on the motorway.,一辆汽车和一辆小型货车在高速公路上相撞了。
en:commerce:noun:1,commerce,noun,商业,n 商业,/'kɑmɝs/,/'kɒmɜ:s/,measures promoting local commerce and industry,促进地方工商业发展的措施
en:commitment:noun:1,commitment,noun,承诺,n 承诺,/kə'mɪtmənt/,/kə'mɪtmənt/,Are you ready to make a long-term commitment ?,你是否准备好作出长久的承诺？
en:commodity:noun:1,commodity,noun,商品,n 商品,/kə'mɑdəti/,/kə'mɒdətɪ/,agricultural commodities,农业商品
en:compartment:noun:1,compartment,noun,"车厢, 隔间","n 车厢, 隔间",/kəm'pɑrtmənt/,/kəm'pɑ:tmənt/,The bag is divided into separate compartments .,这个包有一些独立的隔层。
en:compel:verb:1,compel,verb,强迫,v 强迫,/kəm'pɛl/,/kəm'pel/,...the introduction of legislation to compel cyclists to wear a helmet.,…强制骑车人戴头盔的法律的引入。
en:compelling:adjective:1,compelling,adjective,引人注目的,adj 引人注目的,/kəm'pɛlɪŋ/,/kəmˈpelɪŋ/,His life makes a compelling story .,他的一生是个引人入胜的故事。
en:compensate:verb:1,compensate,verb,弥补,v 弥补,/'kɑmpɛnset/,/'kɒmpenseɪt/,"Because my left eye is so weak, my right eye has to work harder to compensate.",因为我左眼视力差，右眼就要辛苦点来弥补一下。
en:competence:noun:1,competence,noun,能力,n 能力,/'kɑmpɪtəns/,/ˈkɒmpɪtəns/,Typing is considered by most employers to be a basic competence.,大多数雇主认为打字是一项基本技能。
en:complaint:noun:1,complaint,noun,抱怨，投诉,n 抱怨，投诉,/kəm'plent/,/kəmˈpleɪnt/,"If you wish to make a complaint, you should see the manager.",如果你要投诉，应该去找经理。
en:complicated:adjective:1,complicated,adjective,复杂的,adj 复杂的,/'kɑmplɪketɪd/,/'kɒmplɪkeɪtɪd/,a complicated pattern,复杂的图案
en:comprehensive:adjective:1,comprehensive,adjective,综合的，全面的,adj 综合的，全面的,/ˌkɑːmprɪˈhensɪv/,/ˌkɒmprɪˈhensɪv/,We offer our customers a comprehensive range of financial products.,我们为客户提供全面的金融产品。
en:concession:noun:1,concession,noun,妥协,n 妥协,/kən'sɛʃən/,/kən'seʃn/,He took off his jacket as a concession to the heat.,因为气温高，他只好脱掉了夹克衫。
en:conclusive:adjective:1,conclusive,adjective,得出结论的,adj 得出结论的,/kən'klusɪv/,/kənˈklu:sɪv/,conclusive evidence,决定性证据
en:concrete:adjective:1,concrete,adjective,具体的,adj 具体的,/'kɑŋkrit/,/'kɒŋkri:t/,What does that mean in concrete terms ?,具体来说那到底是什么意思？
en:conduct:verb:1,conduct,verb,引导，管理,v 引导，管理,/kən'dʌkt/,/kən'dʌkt/,"Aluminium, being a metal, readily conducts heat .",铝这种金属导热性能很好。
en:confine:verb:1,confine,verb,限制,v 限制,/kən'faɪn/,/kənˈfaɪn/,Vaughan is confined to a wheelchair .,沃恩离不开轮椅。
en:conflict:noun:1,conflict,noun,冲突,n 冲突,/'kɑnflɪkt/,/'kɒnflɪkt/,the threat of industrial conflict in the coalfields,煤田发生劳资纠纷的风险
en:conformity:noun:1,conformity,noun,一致,n 一致,/kən'fɔrməti/,/kən'fɔ:mɪtɪ/,We must act in conformity with local regulations.,我们必须按当地的法规行事。
en:confrontational:adjective:1,confrontational,adjective,对抗的，有敌意的,adj 对抗的，有敌意的,"/,kənfrən'teiʃənl/",/ˌkɒnfrʌnˈteɪʃnl/,The committee's confrontational style of campaigning has made it unpopular.,该委员会挑衅的宣传方式使之不得人心。
en:consensus:noun:1,consensus,noun,共识，一致,n 共识，一致,/kən'sɛnsəs/,/kənˈsensəs/,The EU Council of Finance Ministers failed to reach a consensus on the pace of integration.,欧盟财政部长会议未能就一体化的进度达成共识。
en:conservation:noun:1,conservation,noun,保护,n 保护,"/,kɑnsɚ'veʃən/",/ˌkɒnsəˈveɪʃn/,wildlife conservation,野生生物保护
en:conservative:adjective:1,conservative,adjective,保守的,adj 保守的,/kən'sɝvətɪv/,/kənˈsɜ:vətɪv/,a very conservative attitude to education,对待教育非常守旧的态度
en:considerable:adjective:1,considerable,adjective,相当多的,adj 相当多的,/kən'sɪdərəbl/,/kənˈsɪdərəbl/,Michael has already spent considerable time in Barcelona.,迈克尔在巴塞罗那已经待了相当长的时间了。
en:console:verb:1,console,verb,安慰,v 安慰,/'kɑnsol/,/kən'səʊl/,No one could console her when Peter died.,彼得去世时没人能够安慰她。
en:constant:adjective:1,constant,adjective,不断的,adj 不断的,/'kɑnstənt/,/'kɒnstənt/,There was a constant stream of visitors to the house.,参观这幢房子的游客川流不息。
en:construction:noun:1,construction,noun,建筑,n 建筑,/kən'strʌkʃən/,/kən'strʌkʃn/,a road construction project,道路修建计划
en:consultancy:noun:1,consultancy,noun,咨询,n 咨询,/kən'sʌltənsi/,/kən'sʌltənsɪ/,a management consultancy,管理咨询公司
en:consumption:noun:1,consumption,noun,"消费, 消耗","n 消费, 消耗",/kən'sʌmpʃən/,/kənˈsʌmpʃn/,Vigorous exercise increases oxygen consumption.,剧烈运动增加氧的消耗。
en:contamination:noun:1,contamination,noun,污染,n 污染,"/kən,tæmi'neiʃən/",/kənˌtæmɪ'neɪʃən/,"However, contamination can occur at any point along the food chain, from field to table.",然而，污染沿着食物链可能在任何的点上发生，从田地到餐桌。
en:content:adjective:1,content,adjective,满意的,adj 满意的,/'kɑntɛnt/,/'kɒntent/,"Andy was a good husband, and Nicky was clearly very content.",安迪是个好丈夫，尼基显然非常满足。
en:contention:noun:1,contention,noun,争论,n 争论,/kən'tɛnʃən/,/kənˈtenʃn/,His case has become a source of contention between civil liberties activists and the government.,他的案子已变成了公民自由活动家们和政府之间的争论缘由。
en:contrary:adjective:1,contrary,adjective,相反的,adj 相反的,/'kɑntrɛri/,/'kɒntrərɪ/,Two contrary views emerged.,出现了两种相反的观点。
en:contribute:verb:1,contribute,verb,有助于,v 有助于,/kən'trɪbjut/,/kən'trɪbju:t/,"The U.S. is contributing $4 billion in loans, credits, and grants.",美国以信贷和赠与的方式捐助了40亿美元。
en:contribution:noun:1,contribution,noun,贡献,n 贡献,"/,kɑntrɪ'bjuʃən/",/ˌkɒntrɪˈbju:ʃn/,All the money has been raised by voluntary contribution.,所有这些钱都是靠自愿捐献筹集的。
en:controversy:noun:1,controversy,noun,争议,n 争议,/ˈkɑːntrəvɜːrsi/,/'kɒntrəvɜ:sɪ/,a political controversy,政治争议
en:conventional:adjective:1,conventional,adjective,传统的,adj 传统的,/kən'vɛnʃənl/,/kən'venʃənl/,Internet connections through conventional phone lines are fairly slow.,通过传统的电话线来连接因特网速度很慢。
en:convert:verb:1,convert,verb,转换，改变,v 转换，改变,/kən'vɝt/,/kən'vɜ:t/,a 19th-century converted barn,由19世纪谷仓改建的房子
en:convict:verb:1,convict,verb,证明……有罪,v 证明……有罪,/kən'vɪkt/,/kən'vɪkt/,a convicted murderer,已定罪的谋杀犯
en:convince:verb:1,convince,verb,使……相信,v 使……相信,/kən'vɪns/,/kən'vɪns/,"Although I soon convinced him of my innocence, I think he still has serious doubts about my sanity.",尽管我很快就使他相信我是清白的，但是他还是非常怀疑我精神是否正常。
en:coordination:noun:1,coordination,noun,协调,n 协调,"/ko,ɔrdɪ'neʃən/",/kəʊˌɔ:dnˈeɪʃən/,Too much alcohol affects your coordination.,喝酒太多会影响你动作的协调。
en:corruption:noun:1,corruption,noun,腐败,n 腐败,/kə'rʌpʃən/,/kəˈrʌpʃn/,officials charged with bribery and corruption,被指控受贿和贪污的官员
en:counsel:verb:1,counsel,verb,建议，忠告,v 建议，忠告,/'kaʊnsl/,/'kaʊnsl/,My advisers counselled me to do nothing.,我的顾问建议我不要做任何事情。
en:counselor:noun:1,counselor,noun,咨询顾问,n 咨询顾问,/'kaʊnslɚ/,/'kaʊnsələ/,guidance counselor,咨询顾问
en:countermeasure:noun:1,countermeasure,noun,对策,n 对策,/'kaʊntɚ'mɛʒɚ/,/ˈkaʊntəmeʒə(r)/,new countermeasures against terrorism,对抗恐怖主义的新措施
en:cover:verb:1,cover,verb,报道,v 报道,/'kʌvɚ/,/'kʌvə(r)/,I’d just returned from covering the Cambodian war.,我刚报道完柬埔寨战争回来。
en:coverage:noun:1,coverage,noun,报道,n 报道,/'kʌvərɪdʒ/,/ˈkʌvərɪdʒ/,live coverage of the match (= the match is broadcast at the same time that it is happening ),这场比赛的现场直播
en:criminal:adjective:1,criminal,adjective,犯罪的,adj 犯罪的；n 罪犯,/'krɪmɪnl/,/ˈkrɪmɪnl/,Experts cannot agree on the causes of criminal behaviour .,专家对犯罪行为的原因不能取得一致意见。
en:criteria:noun:1,criteria,noun,标准,n 标准,/kraɪ'tɪrɪə/,/kraɪ'tɪərɪə/,The most important criterion for entry is that applicants must design and make their own work.,参加的最重要标准就是申请人必须设计并制作自己的作品。
en:critical:adjective:1,critical,adjective,挑剔的，批评的；关键的,adj 挑剔的，批评的；关键的,/'krɪtɪkl/,/ˈkrɪtɪkl/,He made some highly critical remarks.,他发表了一些严厉的批判性言论。
en:criticism:noun:1,criticism,noun,批评,n 批评,/'krɪtə'sɪzəm/,/ˈkrɪtɪsɪzəm/,"Despite strong criticism , the new system is still in place.",尽管遭到了猛烈的批评，新制度依然原封不动。
en:crucial:adjective:1,crucial,adjective,关键的,adj 关键的,/'krʊʃəl/,/'kru:ʃl/,The conservation of tropical forests is of crucial importance .,保护热带雨林至关重要。
en:curb:verb:1,curb,verb,限制，控制,v 限制，控制,/kɝb/,/kɜ:b/,measures to curb the spread of the virus,控制病毒扩散的措施
en:currency:noun:1,currency,noun,货币,n 货币,/ˈkɜrənsi/,/'kʌrənsɪ/,The bank can supply you with foreign currency .,这家银行能为你提供外币。
en:dare:verb:1,dare,verb,勇敢，敢于做,v 勇敢，敢于做,/dɛr/,/deə(r)/,"He wanted to ask her, but he didn’t dare.",他想问她，但又不敢。
en:debris:noun:1,debris,noun,残骸，碎片,n 残骸，碎片,/də'bri/,/ˈdeɪˌbri:/,She was hit by flying debris from the blast.,她被爆炸产生的飞散碎片击中。
en:decent:adjective:1,decent,adjective,体面的,adj 体面的,/'disnt/,/ˈdi:snt/,He was the only thing there that seemed decent: and I thought he never looked better.,他是那里唯一的看上去很体面的人；我认为他从来没有这样好看过。
en:decisive:adjective:1,decisive,adjective,决定性的,adj 决定性的,/dɪ'saɪsɪv/,/dɪˈsaɪsɪv/,a decisive leader,果断的领袖
en:decline:verb:1,decline,verb,拒绝,v 拒绝,/dɪ'klaɪn/,/dɪ'klaɪn/,"Offered the position of chairman, Smith declined, preferring to keep his current job.",对担任主席的邀约，史密斯拒绝了，他宁愿留在现在的职位上。
en:deem:verb:1,deem,verb,认为,v 认为,/dim/,/di:m/,French and German were deemed essential.,法语和德语被认为是必需的。
en:defect:noun:1,defect,noun,缺点,n 缺点,/‘dɪfɛkt/,/'di:fekt/,All the cars are tested for defects before they leave the factory.,所有汽车在出厂前都经过品质检验。
en:defensive:adjective:1,defensive,adjective,防守的，防御的,adj 防守的，防御的,/dɪ'fɛnsɪv/,/dɪˈfensɪv/,The prince drew up his forces in a strong defensive position.,亲王将部队布成坚固的防御阵势。
en:deficient:adjective:1,deficient,adjective,不足的，缺乏的,adj 不足的，缺乏的,/dɪ'fɪʃnt/,/dɪˈfɪʃnt/,Women who are dieting can become iron deficient.,节食的女性有可能缺铁。
en:deficit:noun:1,deficit,noun,赤字,n 赤字,/'dɛfəsɪt/,/ˈdefɪsɪt/,the country’s widening budget deficit,这个国家日益严重的预算赤字
en:defy:verb:1,defy,verb,违背，违抗,v 违背，违抗,/'difaɪ/,/dɪ'faɪ/,people who openly defy the law,公然抗拒法律的人
en:deliberate:adjective:1,deliberate,adjective,故意的,adj 故意的,/dɪ'lɪbərət/,/dɪ'lɪbərət/,a deliberate attempt to humiliate her,对她的故意羞辱
en:delicate:adjective:1,delicate,adjective,精细的，细微的,adj 精细的，细微的,/ˈdɛlɪkɪt/,/'delɪkət/,There’s something I have to speak to you about – it’s a delicate matter .,我有件事要跟你讲——是一件需要谨慎处理的事。
en:deliver:verb:1,deliver,verb,发表，递送,v 发表，递送,/dɪ'lɪvɚ/,/dɪ'lɪvə(r)/,The morning mail has just been delivered.,早晨的邮件刚送到。
en:democracy:noun:1,democracy,noun,民主,n 民主,/dɪˈmɑkrəsi/,/dɪ'mɒkrəsɪ/,a return to democracy after 16 years of military rule,16年军人统治后民主制度的恢复
en:denationalize:verb:1,denationalize,verb,使非国有化,v 使非国有化,"/,di'næʃnəlaɪz/",/ˌdi:'næʃnəlaɪz/,The government started to denationalize financial institutions.,政府开始将金融机构私有化。
en:deny:verb:1,deny,verb,否认,v 否认,/dɪ'nai/,/dɪ'naɪ/,The government denied the existence of poverty among 16- and 17-year-olds.,政府否认十六七岁的青少年当中存在贫困问题。
en:deprive:verb:1,deprive,verb,剥夺,v 剥夺,/dɪ'praɪv/,/dɪ'praɪv/,They've been deprived of the fuel necessary to heat their homes.,他们无法得到住房取暖必需的燃料。
en:derail:verb:1,derail,verb,脱轨,v 脱轨,/dɪ'rel/,/dɪ'reɪl/,At least six people were killed and about twenty injured when a train was derailed in an isolated mountain region.,火车在一片偏僻的山区脱轨，导致至少六人死亡，约二十人受伤。
en:derive:verb:1,derive,verb,获得,v 获得,/dɪ'raɪv/,/dɪ'raɪv/,Mr. Ying is one of those happy people who derive pleasure from helping others.,英先生是那种助人为乐的快活人。
en:descendant:noun:1,descendant,noun,子孙后代,n 子孙后代,/dɪ'sɛndənt/,/dɪˈsendənt/,He was a direct descendant of Napoleon Bonaparte.,他是拿破仑·波拿巴的嫡系后裔。
en:descriptive:adjective:1,descriptive,adjective,描写的，描述的,adj 描写的，描述的,/dɪ'skrɪptɪv/,/dɪˈskrɪptɪv/,the descriptive passages in the novel,小说中的描写性段落
en:deserve:verb:1,deserve,verb,值得,v 值得,/dɪ'zɝv/,/dɪ'zɜ:v/,What have I done to deserve this?,我做了什么事，要得到这样的报应？
en:desperate:adjective:1,desperate,adjective,绝望的，不顾一切的,adj 绝望的，不顾一切的,/'dɛspərət/,/ˈdespərət/,I had no money left and was desperate.,我身无分文，已经走投无路了。
en:destination:noun:1,destination,noun,目的地,n 目的地,"/,dɛstɪ'neʃən/",/ˌdestɪˈneɪʃn/,Ellis Island has become one of America's most popular tourist destinations.,埃利斯岛已经成为美国最受欢迎的游览地之一。
en:destructive:adjective:1,destructive,adjective,破坏性的，毁灭性的,adj 破坏性的，毁灭性的,/dɪ'strʌktɪv/,/dɪ'strʌktɪv/,the destructive power of modern weapons,现代武器的破坏力
en:detached:adjective:1,detached,adjective,冷漠的，超然的,adj 冷漠的，超然的,/dɪ'tætʃt/,/dɪˈtætʃt/,Try to take a more detached view .,尽量采取更为客观的态度。
en:detect:verb:1,detect,verb,发现,v 发现,/dɪ'tɛkt/,/dɪ'tekt/,Many forms of cancer can be cured if detected early.,如果发现得早，许多种癌症都可以治愈。
en:detective:noun:1,detective,noun,侦探,n 侦探,/dɪ'tɛktɪv/,/dɪˈtektɪv/,She hired a detective to find out if her husband was having an affair.,她雇了一个私人侦探调查她丈夫是否有外遇。
en:diligence:noun:1,diligence,noun,勤奋,n 勤奋,/'dɪlɪdʒəns/,/ˈdɪlɪdʒəns/,Genius is nothing but labor and diligence.,天才无非是工作和勤奋。
en:dim:adjective:1,dim,adjective,暗淡的；愚蠢的,adj 暗淡的；愚蠢的,/dɪm/,/dɪm/,in the dim light of the early dawn,在微弱的晨曦里
en:diminish:verb:1,diminish,verb,减少,v 减少,/dɪ'mɪnɪʃ/,/dɪ'mɪnɪʃ/,The party’s share of the electorate has diminished steadily.,支持这个政党的选民比例持续下降。
en:disadvantage:noun:1,disadvantage,noun,缺点，不利条件,n 缺点，不利条件,"/,dɪsəd'væntɪdʒ/",/ˌdɪsəd'vɑ:ntɪdʒ/,Criminal behaviour can be linked to economic disadvantage.,犯罪行为可能会与经济困难有关。
en:disappear:verb:1,disappear,verb,消失,v 消失,/'dɪsə'pɪr/,/ˌdɪsə'pɪə(r)/,At this point the path seemed to disappear altogether (= disappear completely ) .,小路到这里好像完全消失了。
en:disarm:verb:1,disarm,verb,解除，消除,v 解除，消除,/dɪs'ɑrm/,/dɪs'ɑ:m/,Getting the rebels to disarm will not be easy.,要让叛乱分子解除武装并非易事。
en:discipline:noun:1,discipline,noun,学科,n 学科,/'dɪsəplɪn/,/'dɪsəplɪn/,We're looking for people from a wide range of disciplines.,我们正在寻找各类学科的人才。
en:disconnect:verb:1,disconnect,verb,断开,v 断开,"/,dɪskə'nɛkt/",/ˌdɪskə'nekt/,The family agreed to disconnect her life support system.,家人同意切断她的生命维持系统。
en:discourage:verb:1,discourage,verb,阻止；使气馁,v 阻止；使气馁,/dɪs'kɝɪdʒ/,/dɪs'kʌrɪdʒ/,Aspirin may discourage tumour growth in some types of cancer.,阿司匹林可能遏制某些恶性肿瘤的生长。
en:disengagement:noun:1,disengagement,noun,分离，疏离感,n 分离，疏离感,"/,dɪsɪn'gedʒmənt/",/ˌdɪsɪn'ɡeɪdʒmənt/,This policy of disengagement from the European war had its critics.,从欧战中逐渐撤军的政策遭到了批评。
en:dishonest:adjective:1,dishonest,adjective,不诚实的,adj 不诚实的,/dɪs'ɑnɪst/,/dɪsˈɒnɪst/,dishonest traders,奸商
en:dismiss:verb:1,dismiss,verb,忽视,v 忽视,/dɪs'mɪs/,/dɪs'mɪs/,dismiss from,解雇；开除
en:dispatch:verb:1,dispatch,verb,发送，派遣,v 发送，派遣,/dɪ'spætʃ/,/dɪˈspætʃ/,Goods are normally dispatched within 24 hours.,货物一般在24小时内派送。
en:disproportionately:adverb:1,disproportionately,adverb,比例不均地，不成比例地,adv 比例不均地，不成比例地,"/,disprə'pɔ:ʃənitli/",/ˌdɪsprə'pɔ:ʃənətlɪ/,Johnson’s aversion to this tax was part of his reluctance to ask for any sacrifices for the Vietnam War -- except from the disproportionately blue-collar army that was fighting it.,约翰逊对这项税的反感，部分是因为除了浴血奋战的不成比例的蓝领军人外，他犹豫要不要要求其他人为越战做出一点点牺牲。
en:disservice:noun:1,disservice,noun,帮倒忙，危害,n 帮倒忙，危害,/dɪs'sɝvɪs/,/dɪsˈsɜ:vɪs/,He said the protesters were doing a disservice to the nation.,他表示，抗议者们的行为正对国家造成危害。
en:distinctive:adjective:1,distinctive,adjective,与众不同的,adj 与众不同的,/dɪ'stɪŋktɪv/,/dɪˈstɪŋktɪv/,a rock band with a distinctive sound,音色独特的摇滚乐队
en:distort:verb:1,distort,verb,扭曲,v 扭曲,/dɪ'stɔrt/,/dɪ'stɔ:t/,His account was badly distorted by the press.,他的话被报界严重歪曲。
en:distribution:noun:1,distribution,noun,分布，分配,n 分布，分配,/'dɪstrə'bjʊʃən/,/ˌdɪstrɪ'bju:ʃn/,a distribution centre,经销中心
en:diverse:adjective:1,diverse,adjective,各种各样的,adj 各种各样的,/daɪ'vɝs/,/daɪˈvɜ:s/,subjects as diverse as pop music and archaeology,像流行音乐和考古学这样各不相同的学科
en:diversion:noun:1,diversion,noun,转移；娱乐,n 转移；娱乐,/dəˈvɝʒən; dəˈvɝʃən; daɪˈvɝʒən; daɪˈvɝʃən/,/daɪˈvɜ:ʃn/,...the illegal diversion of profits from secret arms sales.,…销售秘密武器所得收益的非法转移。
en:diversity:noun:1,diversity,noun,多样性,n 多样性,/dɪˈvəsɪti/,/daɪ'vɜ:sətɪ/,...the cultural diversity of Latin America.,…拉丁美洲文化的多样性。
en:divert:verb:1,divert,verb,转移,v 转移,/dɪˈvɚt/,/daɪ'vɜ:t/,The high street is closed and traffic is being diverted .,大街封闭，车辆正改道而行。
en:dividend:noun:1,dividend,noun,分红，红利,n 分红，红利,/'dɪvɪdɛnd/,/'dɪvɪdend/,"You may get the dividend, but possibly not the capital appreciation.",你或许能 得到红利，但是资本可能不会增值。
en:documentary:noun:1,documentary,noun,纪录片,n 纪录片,/'dɑkjə'mɛntri/,/ˌdɒkjuˈmentri/,...a TV documentary on homelessness.,…一部关于无家可归现象的电视记录片。
en:dolphin:noun:1,dolphin,noun,海豚,n 海豚,/'dɑlfɪn/,/'dɒlfɪn/,"By hunting or gathering away from the group, both chimpanzee and dolphin moms ensure that what they find goes to their young.",黑猩猩和海豚妈妈们远离群体打猎和收集食物，并保证他们所找到的食物都给孩子们。
en:domestic:adjective:1,domestic,adjective,国内的,adj 国内的,/də'mɛstɪk/,/dəˈmestɪk/,...over 100 domestic flights a day to 30 leading U.S. destinations.,…每天飞往美国30个主要目的地的100多个国内航班。
en:dominate:verb:1,dominate,verb,主导，主宰,v 主导，主宰,/'dɑmɪnet/,/'dɒmɪneɪt/,The industry is dominated by five multinational companies.,这个行业受五家跨国公司控制。
en:donor:noun:1,donor,noun,捐赠者,n 捐赠者,/'donɚ/,/ˈdəʊnə(r)/,"We urgently need more assistance from donor countries (= countries that give money, food etc to help in poor countries or disaster areas ) .",我们急需捐赠国的更多援助。
en:dorm:noun:1,dorm,noun,宿舍,n 宿舍,/dɔrm/,/dɔ:m/,"But I had no food in my dorm, so I had to go to canteen.",但是我在宿舍没有东西可吃，所以我只能去餐厅了。
en:dramatically:adverb:1,dramatically,adverb,大幅度地；戏剧性地,adv 大幅度地；戏剧性地,/drə'mætɪkli/,/drə'mætɪklɪ/,,
en:drastically:adverb:1,drastically,adverb,激烈地，猛烈地,adv 激烈地，猛烈地,/'dræstikəli/,/'drɑ:stɪklɪ/,,
en:drift:verb:1,drift,verb,漂流,v 漂流,/drɪft/,/drɪft/,Smoke drifted up from the jungle ahead of us.,我们前方的丛林里有烟升起。
en:dropout:noun:1,dropout,noun,辍学,n 辍学,/'drɑpaʊt/,/ˈdrɒpaʊt/,a high school dropout,中学退学者
en:drought:noun:1,drought,noun,干旱,n 干旱,/draʊt/,/draʊt/,...a country where drought and famines have killed up to two million people during the last eighteen years.,…过去18年来干旱和饥荒致死达两百万人的一个国家。
en:drown:verb:1,drown,verb,溺水,v 溺水,/draʊn/,/draʊn/,Many people drowned when the boat overturned.,船翻后许多人淹死了。
en:dweller:noun:1,dweller,noun,居住者,n 居住者,/'dwɛlɚ/,/ˈdwelə(r)/,City dwellers suffer higher pollution levels.,城市居民承受的污染程度更严重。
en:dysfunction:noun:1,dysfunction,noun,失灵,n 失灵,/dɪs'fʌŋkʃən/,/dɪs'fʌŋkʃn/,erectile dysfunction,勃起功能障碍
en:eccentric:adjective:1,eccentric,adjective,古怪的,adj 古怪的,/ɪk'sɛntrɪk/,/ɪkˈsentrɪk/,His eccentric behaviour lost him his job.,他古怪的行为使他丢了工作。
en:ecological:adjective:1,ecological,adjective,生态学的,adj 生态学的,/'ikə'lɑdʒɪkl/,/ˌi:kəˈlɒdʒɪkl/,an ecological disaster,生态灾难
en:edit:verb:1,edit,verb,剪辑，编辑,v 剪辑，编辑,/'ɛdɪt/,/'edɪt/,The newspaper edits letters before printing them.,这家报社刊登读者来信前先作校订。
en:election:noun:1,election,noun,选举,n 选举,/ɪ'lɛkʃən/,/ɪ'lekʃn/,The Labour Party won the 2001 election by a huge majority.,工党在2001年选举中以巨大优势获胜。
en:eliminate:verb:1,eliminate,verb,消除,v 消除,/ɪ'lɪmɪnet/,/ɪ'lɪmɪneɪt/,a ruthless dictator who eliminated all his rivals,铲除所有异己的残酷独裁者
en:elite:noun:1,elite,noun,精英,n 精英,/ɪˈliːt/,/eɪ'li:t/,a struggle for power within the ruling elite,统治阶层内部的争权夺利
en:eloquent:adjective:1,eloquent,adjective,口才好的，雄辩的,adj 口才好的，雄辩的,/'ɛləkwənt/,/ˈeləkwənt/,an eloquent appeal for support,极具说服力的求助呼吁
en:emerge:verb:1,emerge,verb,出现,v 出现,/ɪ'mɝdʒ/,/ɪ'mɜ:dʒ/,The flowers emerge in the spring.,花儿在春天开放。
en:emphasize:verb:1,emphasize,verb,强调,v 强调,/'ɛmfəsaɪz/,/'emfəsaɪz/,The report emphasizes the importance of improving safety standards.,报告强调了改进安全标准的重要性。
en:encounter:verb:1,encounter,verb,遭遇,v 遭遇,/ɪn'kaʊntɚ/,/ɪn'kaʊntə(r)/,The doctor had encountered several similar cases in the past.,那位医生过去曾碰到过好几个类似病例。
en:encourage:verb:1,encourage,verb,鼓励,v 鼓励,/ɪn'kɝrɪdʒ/,/ɪn'kʌrɪdʒ/,I want to thank everyone who has encouraged and supported me.,我要感谢每一位鼓励和支持过我的人。
en:endless:adjective:1,endless,adjective,无限的，没完没了的,adj 无限的，没完没了的,/'ɛndləs/,/ˈendləs/,an endless stream of visitors,川流不息的游客
en:enforce:verb:1,enforce,verb,强迫，迫使,v 强迫，迫使,/ɪn'fɔrs/,/ɪn'fɔ:s/,enforce the law,执法；执行法律
en:engage:verb:1,engage,verb,忙于，从事；雇佣,v 忙于，从事；雇佣,/ɪn'ɡedʒ/,/ɪn'ɡeɪdʒ/,I have never engaged in drug trafficking.,我从来没有从事过贩毒。
en:enormous:adjective:1,enormous,adjective,巨大的,adj 巨大的,/ɪ'nɔrməs/,/ɪˈnɔ:məs/,an enormous bunch of flowers,巨大的花束
en:enrich:verb:1,enrich,verb,丰富，使富裕,v 丰富，使富裕,/ɪn'rɪtʃ/,/ɪn'rɪtʃ/,Add fertilizer to enrich the soil.,施上肥料使土壤肥沃。
en:enrollment:noun:1,enrollment,noun,入学人数,n 入学人数,/ɪn'rolmənt/,/ɪn'rəʊlmənt/,"Class enrollment, where each student has all of the course schedule selections, each student having his own bucket in the CGTT.",班级入学，每个学生都有所有的课程安排选择，每个学生都将自己的选择放在 CGTT 中。
en:enthusiastic:adjective:1,enthusiastic,adjective,热情的,adj 热情的,"/ɪn,θuzɪ'æstɪk/",/ɪnˌθju:ziˈæstɪk/,an enthusiastic supporter of reform,改革的热心支持者
en:entrepreneurship:noun:1,entrepreneurship,noun,企业管理,n 企业管理,"/,ɑntrəprə'nɝʃɪp/","/,ɒntrəprə'nɜːʃɪp/","They, like other necessity entrepreneurs, may have resorted to entrepreneurship due to a lack of better options.",他们像其他生存型企业家一样，因为没有更好的选择才会诉诸于创业。
en:epidemic:noun:1,epidemic,noun,流行病,n 流行病,"/,ɛpɪ'dɛmɪk/",/ˌepɪ'demɪk/,Over 500 people died during last year’s flu epidemic.,去年流感大暴发期间有五百多人死亡。
en:eradicate:verb:1,eradicate,verb,根除,v 根除,/ɪ'rædɪket/,/ɪ'rædɪkeɪt/,an attempt to eradicate inflation,为消除通货膨胀所作的努力
en:erect:verb:1,erect,verb,建立,v 建立,/ɪ'rɛkt/,/ɪ'rekt/,"an imposing town hall, erected in 1892",一座气势宏伟的市政厅，建于1892年
en:erroneous:adjective:1,erroneous,adjective,错误的,adj 错误的,/ɪ'ronɪəs/,/ɪˈrəʊnɪəs/,His economic predictions are based on some erroneous assumptions.,他的经济预测是基于错误假设之上的。
en:erupt:verb:1,erupt,verb,"喷出, 爆发","v 喷出, 爆发",/ɪ'rʌpt/,/ɪ'rʌpt/,Violence erupted after police shot a student during the demonstration.,警察向示威人群中的一名学生开枪，暴乱随之发生。
en:essential:adjective:1,essential,adjective,本质的，必须的,adj 本质的，必须的,/ɪ'sɛnʃl/,/ɪ'senʃl/,Window locks are fairly cheap and absolutely essential.,窗锁相当便宜，绝对有必要安装。
en:esteem:verb:1,esteem,verb,尊重,v 尊重,/ɪ'stim/,/ɪ'sti:m/,Peden was greatly esteemed by the people of Ayrshire.,佩登深受艾尔郡人的尊敬。
en:ethnic:adjective:1,ethnic,adjective,种族的,adj 种族的,/'ɛθnɪk/,/ˈeθnɪk/,The school teaches pupils from different ethnic groups.,该校教授不同种族的小学生。
en:evolution:noun:1,evolution,noun,演变；进化；发展,n 演变；进化；发展,/ˌɛvəˈluʃən; (occas.) ˌ ivəˈluʃən/,/ˌi:və'lu:ʃn/,the theory of evolution,进化论
en:exaggerate:verb:1,exaggerate,verb,夸张,v 夸张,/ɪɡ'zædʒəret/,/ɪgˈzædʒəreɪt/,I couldn’t sleep for three days – I’m not exaggerating.,我三天没睡觉了——一点不夸张。
en:exceed:verb:1,exceed,verb,超过,v 超过,/ɪk'sid/,/ɪk'si:d/,Working hours must not exceed 42 hours a week.,工作时间每周不得超过42小时。
en:exceptional:adjective:1,exceptional,adjective,例外的,adj 例外的,/ɪk'sɛpʃənl/,/ɪkˈsepʃənl/,A review panel concluded that there were no exceptional circumstances that would warrant a lesser penalty for him.,一个评估小组作出结论：没有什么例外情况可使他获得从轻惩罚。
en:excess:noun:1,excess,noun,过量，过度,n 过量，过度,/'ɛk'sɛs/,/'ekses/,"After you apply the oil, wait 20 minutes before wiping off any excess.",涂上油以后，等20分钟再擦掉多余部分。
en:excessive:adjective:1,excessive,adjective,过度的,adj 过度的,/ɪkˈsɛsɪv/,/ɪkˈsesɪv/,his excessive drinking,他的酗酒
en:executive:noun:1,executive,noun,执行官,n 执行官,/ɪɡ'zɛkjətɪv/,/ɪɡ'zekjətɪv/,the union’s executive,工会的领导层
en:exert:verb:1,exert,verb,施加,v 施加,/ɪɡ'zɝt/,/ɪɡ'zɜ:t/,They exerted considerable influence within the school.,他们在校内施加了很大的影响力。
en:exotic:adjective:1,exotic,adjective,异域的，外国的,adj 异域的，外国的,/ɪɡ'zɑtɪk/,/ɪɡ'zɒtɪk/,exotic birds,外国的奇异鸟类
en:expansion:noun:1,expansion,noun,扩大,n 扩大,/ɪk'spænʃən/,/ɪkˈspænʃn/,The industry underwent a period of rapid expansion.,该产业经历了一轮快速扩张。
en:expectation:noun:1,expectation,noun,期望,n 期望,"/,ɛkspɛk'teʃən/",/ˌekspekˈteɪʃn/,"Having raised expectations (= made people more hopeful ), he went on to help only a few people.",他唤起了大家的希望，但接着只是帮助了几个人。
en:expedition:noun:1,expedition,noun,探险，远征,n 探险，远征,"/,ɛkspə'dɪʃən/",/ˌekspəˈdɪʃn/,an expedition to the North Pole,北极探险
en:expenditure:noun:1,expenditure,noun,费用，花销,n 费用，花销,/ɪk'spɛndɪtʃɚ/,/ɪkˈspendɪtʃə(r)/,the expenditure of time and money on your house or garden,你在房子或花园上所花费的时间和金钱
en:expertise:noun:1,expertise,noun,专业知识,n 专业知识,/'ɛkspɝ'tiz/,/ˌekspɜ:ˈti:z/,She was not an accountant and didn't have the expertise to verify all of the financial details.,她不是会计，不具有核查所有这些财政细目的专业知识。
en:extend:verb:1,extend,verb,延伸；延期,v 延伸；延期,/ɪk'stɛnd/,/ɪk'stend/,Management have agreed to extend the deadline.,管理层已同意延长最后期限。
en:extent:noun:1,extent,noun,程度,n 程度,/ɪk'stɛnt/,/ɪkˈstent/,Things are not yet carried to that extent.,事情还没有发展到那种程度。
en:extinction:noun:1,extinction,noun,灭绝,n 灭绝,/ɪk'stɪŋkʃən/,/ɪkˈstɪŋkʃn/,species in danger of extinction,有灭绝危险的物种
en:extreme:adjective:1,extreme,adjective,极端的,adj 极端的,/ɪk'strim/,/ɪk'stri:m/,Extreme poverty still exists in many rural areas.,许多农村地区仍处于赤贫状态。
en:eyewitness:noun:1,eyewitness,noun,目击者,n 目击者,/'aɪwɪtnəs/,/ˈaɪwɪtnəs/,One eyewitness said he saw her talking to a man in a blue car.,一名目击者说他看见她在跟一个坐在蓝色汽车里的男子说话。
en:facility:noun:1,facility,noun,设施,n 设施,/fə'sɪləti/,/fəˈsɪləti/,What recreational facilities are now available?,什么娱乐设施现在是可用的？
en:faculty:noun:1,faculty,noun,教工，教员,n 教工，教员,/'fæklti/,/'fækltɪ/,Both faculty and students oppose the measures.,教师和学生都反对这些措施。
en:fade:verb:1,fade,verb,褪色,v 褪色,/fed/,/feɪd/,the fading evening light,渐暗的暮色
en:fatal:adjective:1,fatal,adjective,致命的,adj 致命的,/'fetl/,/'feɪtl/,potentially fatal diseases,潜在致命的疾病
en:fatigue:noun:1,fatigue,noun,疲惫,n 疲惫,/fə'tig/,/fə'ti:ɡ/,"{""COLLOINEXA"":[""metal fatigue""]}",金属疲劳
en:favor:verb:1,favor,verb,偏爱,v 偏爱,/'fevɚ/,/'feɪvə/,favor of,有利于；赞成；支持；喜欢
en:fearlessly:adverb:1,fearlessly,adverb,无畏地，大胆地,adv 无畏地，大胆地,/'fiəlisli/,/'fɪələslɪ/,"He used color fearlessly--they were part of his stories, and an integral part of models' makeup, which was often key in completing the worlds McQueen envisioned.",他大胆地用着用着色彩——这是他的故事的组成部分，也是模特不可分割的组成部分，而这常是麦昆预想的世界的关键组成部分。
en:fierce:adjective:1,fierce,adjective,激烈的,adj 激烈的,/fɪrs/,/fɪəs/,fierce fighting in the city,城里的激烈战斗
en:figure:noun:1,figure,noun,数字,n 数字,/'fɪɡjɚ/,/ˈfiɡə/,Government figures underestimate the problem.,政府的数据对这一问题反映不足。
en:fiscal:adjective:1,fiscal,adjective,财政的,adj 财政的,/'fɪskl/,/'fɪskl/,a fiscal crisis,财政危机
en:flat:adjective:1,flat,adjective,平的,adj 平的；n 公寓,/flæt/,/flæt/,houses with flat roofs,平顶房
en:flavor:noun:1,flavor,noun,口味,n 口味,/'flevɚ/,/'fleɪvə/,"When things had flavor , we knew what we were eating all the while ----and it satisfied us .",当食物有滋味的时候，我们从头到尾都知道自己吃的是什么，从中得到满足。
en:flaw:noun:1,flaw,noun,缺点，瑕疵,n 缺点，瑕疵,/flɔ/,/flɔ:/,A design flaw (= a mistake or weakness in the way something was made ) caused the engine to explode.,一个设计缺陷导致了引擎爆炸。
en:flee:verb:1,flee,verb,离开,v 离开,/fli/,/fli:/,His attackers turned and fled.,袭击他的人转身逃走了。
en:flexible:adjective:1,flexible,adjective,灵活的,adj 灵活的,/'flɛksəbl/,/ˈfleksəbl/,We can be flexible about your starting date.,你具体从哪天开始，我们可以灵活一点。
en:float:verb:1,float,verb,漂浮,v 漂浮,/flot/,/fləʊt/,I looked up at the clouds floating in the sky.,我仰望着天上的浮云。
en:footnote:noun:1,footnote,noun,注脚,n 注脚,/'fʊt'not/,/'fʊtnəʊt/,A footnote is made at the bottom of the page.,注脚列在书页下端。
en:forecast:noun:1,forecast,noun,预报，预测,n 预报，预测,/'fɔrkæst/,/'fɔ:kɑ:st/,The weather forecast is good for tomorrow.,天气预报说明天是晴天。
en:format:noun:1,format,noun,形式,n 形式,/'fɔrmæt/,/'fɔ:mæt/,The courses were run to a consistent format.,这些课程的编排是有连续性的。
en:formidable:adjective:1,formidable,adjective,可怕的；令人敬畏的，令人惊叹的,adj 可怕的；令人敬畏的，令人惊叹的,/'fɔrmɪdəbl/,/ˈfɔ:mɪdəbl/,"The building is grey, formidable, not at all picturesque.",那幢建筑呈灰色，气势凛然，与漂亮沾不上边。
en:foster:verb:1,foster,verb,促进；培养,v 促进；培养,/'fɔstɚ/,/'fɒstə(r)/,The bishop helped foster the sense of a community embracing all classes.,主教鼓励一种包容各个阶层的社区精神。
en:foundation:noun:1,foundation,noun,基金会,n 基金会,/faʊn'deʃən/,/faʊn'deɪʃ(ə)n/,the British Heart Foundation,英国心脏病基金会
en:frankly:adverb:1,frankly,adverb,坦率地,adv 坦率地,/'fræŋkli/,/ˈfræŋkli/,"Frankly, I think the Internet is overrated.",坦率地说，我认为因特网被高估了。
en:frantic:adjective:1,frantic,adjective,疯狂的,adj 疯狂的,/'fræntɪk/,/'fræntɪk/,A bird had been locked in and was by now quite frantic.,一只鸟被关了起来，到现在它都非常狂躁。
en:fresh:adjective:1,fresh,adjective,新颖的，新奇的,adj 新颖的，新奇的,/frɛʃ/,/freʃ/,I’ll just make some fresh coffee.,我来重新煮点咖啡。
en:frighten:verb:1,frighten,verb,使害怕,v 使害怕,/'fraɪtn/,/'fraɪtn/,Don’t stand so near the edge! You’re frightening me.,别站得那么靠边！你要把我吓坏了。
en:frontier:noun:1,frontier,noun,边境,n 边境,/frʌn'tɪr/,/'frʌntɪə(r)/,a novel about a family’s struggle on the American frontier,描写一家人在美国边远地区奋斗的小说
en:frustrate:verb:1,frustrate,verb,使挫败，使沮丧,v 使挫败，使沮丧,/'frʌstret/,/frʌ'streɪt/,The fact that he’s working with amateurs really frustrates him.,与生手共事着实让他沮丧。
en:fulfill:verb:1,fulfill,verb,实现,v 实现,,/fʊl'fɪl/,And that is why we can fulfill our destiny.,这就是为什么我们能实现我们的命运。
en:furious:adjective:1,furious,adjective,生气的；激烈的,adj 生气的；激烈的,/'fjʊrɪəs/,/ˈfjʊəriəs/,Neil set off at a furious pace .,尼尔狂奔起来。
en:fuss:noun:1,fuss,noun,小题大做,n 小题大做,/fʌs/,/fʌs/,James said he’d better be getting back or there’d be a fuss .,詹姆斯说他最好回来，否则就会有人小题大做了。
en:gallery:noun:1,gallery,noun,美术馆,n 美术馆,/'gæləri/,/'ɡælərɪ/,an exhibition of African art at the Hayward Gallery,海沃德美术馆的非洲艺术展览
en:gap:noun:1,gap,noun,差距,n 差距,/ɡæp/,/ɡæp/,...the gap between rich and poor.,…贫富差距。
en:garage:noun:1,garage,noun,车库,n 车库,/gəˈrɑʒ; gəˈrɑdʒ/,/'ɡærɑ:ʒ/,I’ll just go and put the car in the garage.,我把车停到车库去。
en:gender:noun:1,gender,noun,性别,n 性别,/'dʒɛndɚ/,/'dʒendə(r)/,people of the same gender,同性别的人
en:generate:verb:1,generate,verb,产生,v 产生,/'dʒɛnəret/,/'dʒenəreɪt/,a useful technique for generating new ideas,能产生新创意的有用技术
en:generous:adjective:1,generous,adjective,慷慨的,adj 慷慨的,/'dʒɛnərəs/,/ˈdʒenərəs/,Dietler is generous with his time and money.,迪特勒在他的时间和金钱方面慷慨大方。
en:genetic:adjective:1,genetic,adjective,基因的,adj 基因的,/dʒə'nɛtɪk/,/dʒəˈnetɪk/,genetic defects,遗传性缺陷
en:genius:noun:1,genius,noun,天才,n 天才,/'dʒinjəs/,/'dʒi:nɪəs/,The film reveals Fellini’s genius.,这部影片展现了费里尼的天赋。
en:genuine:adjective:1,genuine,adjective,真的；由衷的,adj 真的；由衷的,/'dʒɛnjʊɪn/,/ˈdʒenjuɪn/,‘Did he really?’ Her surprise seemed genuine.,“他真的这样？”她好像是真的惊讶。
en:geology:noun:1,geology,noun,地质学,n 地质学,/dʒɪ'ɑlədʒi/,/dʒɪ'ɒlədʒɪ/,He was visiting professor of geology at the University of Georgia.,他曾是佐治亚大学的地质学客座教授。
en:gesture:noun:1,gesture,noun,姿势，手势,n 姿势，手势,/'dʒɛstʃɚ/,/'dʒestʃə(r)/,Luke made an obscene gesture with his finger.,卢克用手指做了一个下流的手势。
en:glamorous:adjective:1,glamorous,adjective,有魅力的，迷人的,adj 有魅力的，迷人的,/'glæmərəs/,/ˈglæmərəs/,She led an exciting and glamorous life.,她生活奢华，充满刺激。
en:glory:noun:1,glory,noun,光荣，荣誉,n 光荣，荣誉,/'ɡlɔri/,/'ɡlɔ:rɪ/,She dreamt of future glory as an Olympic champion.,她梦想着将来能得到奥运冠军的荣誉。
en:govern:verb:1,govern,verb,管理,v 管理,/'ɡʌvɚn/,/'ɡʌvn/,the leaders who govern the country,治理这个国家的领导人
en:grand:adjective:1,grand,adjective,壮丽的，极好的,adj 壮丽的，极好的,/ɡrænd/,/ɡrænd/,a grand country house,豪华的乡间大宅
en:grasp:verb:1,grasp,verb,抓住，理解,v 抓住，理解,/ɡræsp/,/ɡrɑ:sp/,"At that time, we did not fully grasp the significance of what had happened.",当时，我们没有完全明白所发生之事的重要性。
en:gratitude:noun:1,gratitude,noun,感激,n 感激,/'ɡrætɪtud/,/ˈgrætɪtju:d/,Tears of gratitude filled her eyes.,她眼里充满感激的泪水。
en:grocery:noun:1,grocery,noun,杂货店,n 杂货店,/'ɡrosəri/,/'ɡrəʊsərɪ/,They run a small grocery store.,他们经营一家小食品杂货店。
en:guarantee:verb:1,guarantee,verb,保证,v 保证,"/,ɡærən'ti/",/ˌɡærən'ti:/,The bank will only lend me money if my parents guarantee the loan.,只有我父母作担保，银行才会给我贷款。
en:guard:verb:1,guard,verb,保护,v 保护,/ɡɑrd/,/ɡɑ:d/,The Sergeant told Swift to guard the entrance.,中士叫斯威夫特守着入口。
en:guesstimate:noun:1,guesstimate,noun,大概估计，瞎猜估计,n 大概估计，瞎猜估计,/'ɡɛstɪmet/,/ˈgestɪmət/,Could you give us a guesstimate of the numbers involved?,你能给我们大致估计一下相关数字吗？
en:habitual:adjective:1,habitual,adjective,习惯的,adj 习惯的,/hə'bɪtʃuəl/,/həˈbɪtʃuəl/,James took his habitual morning walk around the garden.,詹姆斯又像往常习惯的那样绕花园作晨间散步去了。
en:handgun:noun:1,handgun,noun,手枪,n 手枪,/'hænd'gʌn/,/ˈhændgʌn/,"Stumbling through the smoke, the pilot emerged from the forward compartment, fumbled for the handgun at his belt.",烟雾间出现了飞行员跌跌撞撞的身影，他的手笨拙地摸索着腰带上的手枪。
en:handle:noun:1,handle,noun,把手,n 把手,/'hændl/,/'hændl/,Then he turned the handle and went in.,然后他转动把手走了进去。
en:hardship:noun:1,hardship,noun,艰难,n 艰难,/'hɑrdʃɪp/,/ˈhɑ:dʃɪp/,an economic policy that caused great hardship for many people,造成许多人贫困的经济政策
en:harsh:adjective:1,harsh,adjective,严酷的，严峻的,adj 严酷的，严峻的,/hɑrʃ/,/hɑ:ʃ/,The hostages are being held in harsh conditions.,人质被拘押在恶劣环境中。
en:hatch:verb:1,hatch,verb,孵化,v 孵化,/hætʃ/,/hætʃ/,The eggs take three days to hatch.,这些蛋要三天时间才能孵化。
en:hazard:noun:1,hazard,noun,危险,n 危险,/'hæzɚd/,/'hæzəd/,That pile of rubbish is a fire hazard (= something that is likely to cause a fire ).,那堆垃圾是火灾隐患。
en:hesitate:verb:1,hesitate,verb,犹豫,v 犹豫,/'hɛzɪtet/,/'hezɪteɪt/,"So if someone asks you out, never hesitate.",如果有人叫你出去玩，千万别犹豫！
en:hinder:verb:1,hinder,verb,阻碍,v 阻碍,/'hɪndɚ/,/'hɪndə(r)/,His career has been hindered by injury.,由于受伤，他的事业受到了阻碍。
en:hospitality:noun:1,hospitality,noun,友好,n 友好,"/,hɑspɪ'tæləti/",/ˌhɒspɪ'tælətɪ/,Thanks for your hospitality over the past few weeks.,感谢你几周来的热情款待。
en:host:verb:1,host,verb,主持,v 主持,/host/,/həʊst/,Which country is going to host the next World Cup?,哪个国家将主办下一届世界杯？
en:hostile:adjective:1,hostile,adjective,有敌意的,adj 有敌意的,/ˈhɑstəl/,/ˈhɔstail/,Southampton fans gave their former coach a hostile reception .,南安普敦队的球迷对球队的前任教练很不友善。
en:household:noun:1,household,noun,家庭，一家人,n 家庭，一家人,/'haʊshold/,/'haʊshəʊld/,A growing number of households have at least one computer.,越来越多的家庭拥有至少一台电脑。
en:humanistic:adjective:1,humanistic,adjective,人文的,adj 人文的,"/,hjʊmən'ɪstɪk/",/ˌhju:mə'nɪstɪk/,Religious values can often differ greatly from humanistic morals.,宗教价值观常常和人文主义道德观相去甚远。
en:humorous:adjective:1,humorous,adjective,幽默的,adj 幽默的,/'hjumərəs/,/ˈhju:mərəs/,humorous stories,诙谐的故事
en:hypothesis:noun:1,hypothesis,noun,假设，假说,n 假设，假说,/haɪ'pɑθəsɪs/,/haɪ'pɒθɪsɪs/,One hypothesis is that the victim fell asleep while driving.,一种假设是受害人开车时睡着了。
en:identify:verb:1,identify,verb,认出，识别,v 认出，识别,/aɪ'dɛntɪfaɪ/,/aɪ'dentɪfaɪ/,He was too far away to be able to identify faces.,他离得太远，没法看面孔认出谁是谁。
en:ideologically:adverb:1,ideologically,adverb,意识形态上地,adv 意识形态上地,"/,aidiə'lɔdʒikali/",/ˌaɪdɪə'lɒdʒɪklɪ/,,
en:ideology:noun:1,ideology,noun,意识形态,n 意识形态,"/,aidi'ɔlədʒi, ,idi-/",/ˌaɪdɪ'ɒlədʒɪ/,the ideologies of fascism and terrorism,法西斯主义和恐怖主义的意识形态
en:ignore:verb:1,ignore,verb,忽视,v 忽视,/ɪɡ'nɔr/,/ɪɡ'nɔ:(r)/,"The phone rang, but she ignored it.",电话铃响了，但她只当没听见。
en:imbalance:noun:1,imbalance,noun,不平衡,n 不平衡,/ɪm'bæləns/,/ɪm'bæləns/,a hormonal imbalance,内分泌失调
en:immense:adjective:1,immense,adjective,巨大的,adj 巨大的,/ɪ'mɛns/,/ɪˈmens/,People who travel by rail still read an immense amount.,人们坐火车旅行时仍然会读很多书。
en:immensely:adverb:1,immensely,adverb,非常，极大地,adv 非常，极大地,/i'mensli/,/ɪˈmensli/,Champagne wines became immensely popular in the 18th century.,香槟酒在18世纪十分流行。
en:immigrant:noun:1,immigrant,noun,移民,n 移民,/'ɪmɪɡrənt/,/ˈɪmɪgrənt/,an illegal immigrant,非法移民
en:imminent:adjective:1,imminent,adjective,即将来临的,adj 即将来临的,/'ɪmɪnənt/,/'ɪmɪnənt/,A new trade agreement is imminent.,一项新的贸易协定即将签署。
en:impact:noun:1,impact,noun,影响,n 影响,/ɪm'pækt/,/'ɪmpækt/,They say they expect the meeting to have a marked impact on the future of the country.,他们说期望这次会议对国家的未来产生显著的影响。
en:impose:verb:1,impose,verb,强加于,v 强加于,/ɪm'poz/,/ɪm'pəʊz/,Parents should beware of imposing their own tastes on their children.,父母应该提防把自己的兴趣强加给孩子。
en:imprison:verb:1,imprison,verb,监禁,v 监禁,/ɪm'prɪzn/,/ɪm'prɪzn/,The government imprisoned all opposition leaders.,政府把反对派领导人全部监禁起来。
en:inadequate:adjective:1,inadequate,adjective,不足的,adj 不足的,/ɪn'ædɪkwət/,/ɪnˈædɪkwət/,inadequate resources,资源缺乏
en:incentive:noun:1,incentive,noun,刺激,n 刺激,/ɪn'sɛntɪv/,/ɪnˈsentɪv/,"As an added incentive, there’s a bottle of champagne for the best team.",给最优秀的队发一瓶香槟作为额外的鼓励。
en:incidence:noun:1,incidence,noun,发生率,n 发生率,/'ɪnsɪdəns/,/ˈɪnsɪdəns/,The incidence of breast cancer increases with age.,乳腺癌的发病率随着年龄的增长而上升。
en:incompetence:noun:1,incompetence,noun,无能,n 无能,/ɪn'kɑmpɪtəns/,/ɪnˈkɒmpɪtəns/,The incompetence of government officials is appalling.,政府官员的无能令人吃惊。
en:index:noun:1,index,noun,指数,n 指数,/'ɪndɛks/,/'ɪndeks/,...the consumer price index.,…消费价格指数。
en:indicate:verb:1,indicate,verb,表明,v 表明,/'ɪndɪket/,/'ɪndɪkeɪt/,The study indicates a connection between poverty and crime.,研究显示贫穷和犯罪有关联。
en:indicative:adjective:1,indicative,adjective,指示的,adj 指示的,/ɪn'dɪkətɪv/,/ɪnˈdɪkətɪv/,"This behaviour is indicative of her whole attitude, I’m afraid.",这一行为恐怕已表明了她的总体态度。
en:indifferent:adjective:1,indifferent,adjective,冷漠的,adj 冷漠的,/ɪn'dɪfrənt/,/ɪnˈdɪfrənt/,People have become indifferent to the suffering of others.,人们已经变得对别人的痛苦漠不关心。
en:indiscriminately:adverb:1,indiscriminately,adverb,不加选择地，不加区分地,adv 不加选择地，不加区分地,/indi'skriminitli/,/ˌɪndɪ'skrɪmɪnətlɪ/,"Thatis, should you agree to share your private information with other people moreor less indiscriminately?",就是说，你应该同意把你的私人信息或多或少地不加选择地分享给其他人么？
en:indispensable:adjective:1,indispensable,adjective,必不可少的,adj 必不可少的,/'ɪndɪ'spɛnsəbl/,/ˌɪndɪˈspensəbl/,Mobile phones have become an indispensable part of our lives.,移动电话已经成为我们生活中的必需品。
en:indulge:verb:1,indulge,verb,放纵,v 放纵,/ɪn'dʌldʒ/,/ɪn'dʌldʒ/,"His mother spoiled him, indulging his every whim.",他母亲对他纵容娇惯，百依百顺。
en:industrious:adjective:1,industrious,adjective,勤奋的,adj 勤奋的,/ɪn'dʌstrɪəs/,/ɪnˈdʌstriəs/,She was an industrious and willing worker.,她是个勤劳肯干的工人。
en:ineffective:adjective:1,ineffective,adjective,无效的,adj 无效的,"/,ɪnɪ'fɛktɪv/",/ˌɪnɪˈfektɪv/,an ineffective marketing campaign,一场毫无成效的营销活动
en:inevitable:adjective:1,inevitable,adjective,不可避免的,adj 不可避免的,/ɪn'ɛvɪtəbl/,/ɪnˈevɪtəbl/,A further escalation of the crisis now seems inevitable.,危机的进一步升级现在看来已不可避免。
en:inexhaustible:adjective:1,inexhaustible,adjective,用不完的，无穷无尽的,adj 用不完的，无穷无尽的,"/,ɪnɪɡ'zɔstəbl/",/ˌɪnɪgˈzɔ:stəbl/,She has an inexhaustible supply of funny stories.,她有讲不完的有趣故事。
en:infant:noun:1,infant,noun,婴儿,n 婴儿,/'ɪnfənt/,/'ɪnfənt/,An infant’s skin is very sensitive.,幼儿的皮肤非常敏感。
en:infect:verb:1,infect,verb,感染,v 感染,/ɪn'fɛkt/,/ɪn'fekt/,"People with the virus may feel perfectly well, but they can still infect others.",带有这种病毒的人可能毫无症状，却仍可能传染他人。
en:inflation:noun:1,inflation,noun,通货膨胀,n 通货膨胀,/ɪn'fleʃən/,/ɪn'fleɪʃn/,Inflation is now at over 16%.,通货膨胀率现已超过16%。
en:influential:adjective:1,influential,adjective,有影响力的,adj 有影响力的,"/,ɪnflu'ɛnʃl/",/ˌɪnfluˈenʃl/,He had influential friends.,他有一些有影响力的朋友。
en:inhale:verb:1,inhale,verb,吸入,v 吸入,/ɪn'hel/,/ɪn'heɪl/,It is dangerous to inhale ammonia fumes.,吸入氨气是很危险的。
en:inherit:verb:1,inherit,verb,继承,v 继承,/ɪn'hɛrɪt/,/ɪn'herɪt/,inherited wealth,继承的财富
en:initiative:noun:1,initiative,noun,主动性,n 主动性,/ɪ'nɪʃətɪv/,/ɪ'nɪʃətɪv/,I wish my son would show more initiative.,我希望我的儿子能表现得再主动一些。
en:injustice:noun:1,injustice,noun,不公正,n 不公正,/ɪn'dʒʌstɪs/,/ɪnˈdʒʌstɪs/,The movie deals with injustices suffered by Native Americans.,这部电影讲述印第安人受到的不公正待遇。
en:innovation:noun:1,innovation,noun,创新，革新,n 创新，革新,"/,ɪnə'veʃən/",/ˌɪnəˈveɪʃn/,We must encourage innovation if the company is to remain competitive.,公司要想保持竞争力，就必须鼓励革新。
en:inspire:verb:1,inspire,verb,鼓励,v 鼓励,/ɪn'spaɪɚ/,/ɪn'spaɪə(r)/,We need someone who can inspire the team.,我们需要一个能鼓舞团队士气的人。
en:instant:adjective:1,instant,adjective,立即的,adj 立即的,/'ɪnstənt/,/ˈɪnstənt/,an instant success,马到成功
en:instinctively:adverb:1,instinctively,adverb,本能地,adv 本能地,/in'stiŋktivli/,/ɪn'stɪŋktɪvlɪ/,What do we instinctively do?,出于本能，我们会怎么做？
en:institution:noun:1,institution,noun,机构,n 机构,"/,ɪnstɪ'tuʃən/",/ˌɪnstɪˈtju:ʃn/,powerful institutions such as world banks,诸如世界银行之类的强大机构
en:insufficient:adjective:1,insufficient,adjective,不足的,adj 不足的,"/,ɪnsə'fɪʃnt/",/ˌɪnsə'fɪʃnt/,Insufficient resources have been devoted to the health service.,用于医疗保健服务的资源不足。
en:integrity:noun:1,integrity,noun,正直,n 正直,/ɪn'tɛɡrəti/,/ɪnˈtegrəti/,I have always regarded him as a man of integrity.,我一直把他当作一个正直诚实的人。
en:intelligent:adjective:1,intelligent,adjective,聪明的,adj 聪明的,/ɪn'tɛlɪdʒənt/,/ɪnˈtelɪdʒənt/,a group of highly intelligent (= very intelligent )students,一组聪明异常的学生
en:intensely:adverb:1,intensely,adverb,强烈地,adv 强烈地,/in'tensli/,/ɪn'tenslɪ/,"I do not feel it intensely in my genitals alone, but I do feel it there as well as the rest of my body and…in my mouth…”.",使用男性阳具我都没有这种强烈的感觉，但是在那里及身体的其他部位..还有嘴巴..我却感觉到了。
en:interact:verb:1,interact,verb,互动,v 互动,"/,ɪntɚ'ækt/",/ˌɪntər'ækt/,"While the other children interacted and played together, Ted ignored them.",当其他孩子们相互交往、一起玩耍时，泰德却不理他们。
en:interaction:noun:1,interaction,noun,互动,n 互动,"/,ɪntə'rækʃən/",/ˌɪntər'ækʃn/,"But you only get the maximum benefit if you implement all of them, because their power comes from their interaction.",但您只能在实现所有方法的情况下获得最大收益，因为它们的力量来自它们之间的交互。
en:interference:noun:1,interference,noun,干涉,n 干涉,"/,ɪntɚ'fɪrəns/",/ˌɪntəˈfɪərəns/,Industrial relations should be free from state interference.,劳资关系应不受政府干预。
en:interpretation:noun:1,interpretation,noun,解释，理解,n 解释，理解,/ɪn'tɝprɪ'teʃən/,/ɪnˌtɜ:prɪˈteɪʃn/,One possible interpretation is that they want you to resign.,一种可能的解释是，他们想要你辞职。
en:interracial:adjective:1,interracial,adjective,种族间的,adj 种族间的,"/,ɪntə'reʃl/",/ˌɪntəˈreɪʃl/,interracial marriage,种族间的通婚
en:intervene:verb:1,intervene,verb,干涉,v 干涉,"/,ɪntɚ'vin/",/ˌɪntə'vi:n/,The army will have to intervene to prevent further fighting.,军队将不得不干预以阻止进一步的战斗。
en:intervention:noun:1,intervention,noun,干涉,n 干涉,"/,ɪntɚ'vɛnʃən/",/ˌɪntə'venʃn/,government intervention to regulate prices,政府介入控制物价
en:intriguing:adjective:1,intriguing,adjective,有趣的,adj 有趣的,/ɪn'triɡɪŋ/,/ɪnˈtri:gɪŋ/,"The magazine carries an intriguing mixture of high fashion, gossip and racing.",这本杂志内容丰富有趣，有关时尚、花边新闻和赛马的内容都有。
en:invasion:noun:1,invasion,noun,入侵,n 入侵,/ɪn'veʒn/,/ɪnˈveɪʒn/,the annual invasion of teenagers for the Glastonbury Festival,每年前来参加格拉斯顿伯里音乐节的青少年的涌入
en:irony:noun:1,irony,noun,讽刺,n 讽刺,/'aɪrəni/,/'aɪrənɪ/,Life is full of little ironies.,生活中充满了小小的讽刺。
en:irrelevant:adjective:1,irrelevant,adjective,无关的,adj 无关的,/ɪ'rɛləvənt/,/ɪˈreləvənt/,We’re focussing too much on irrelevant details.,我们过于关注不相干的细节。
en:irritate:verb:1,irritate,verb,激怒,v 激怒,/'ɪrɪtet/,/'ɪrɪteɪt/,It really irritates me when he doesn’t help around the house.,家里的事情他一点都不帮忙，真让我恼火。
en:isolation:noun:1,isolation,noun,隔绝，隔离,n 隔绝，隔离,"/,aɪsə'leʃən/",/ˌaɪsəˈleɪʃn/,"Because of its geographical isolation, the area developed its own unique culture.",由于地理上的隔绝，该地区发展了自己独特的文化。
en:judicial:adjective:1,judicial,adjective,司法的,adj 司法的,/dʒʊ'dɪʃəl/,/dʒuˈdɪʃl/,...an independent judicial system.,…一个独立的司法体系。
en:jury:noun:1,jury,noun,陪审团,n 陪审团,/'dʒʊri/,/'dʒʊərɪ/,the members of the jury,陪审团成员
en:justifiable:adjective:1,justifiable,adjective,理所应当的,adj 理所应当的,/'dʒʌstɪfaɪəbl/,/ˈdʒʌstɪfaɪəbl/,justifiable anger,情有可原的愤怒
en:justified:adjective:1,justified,adjective,正当的,adj 正当的,/'dʒʌstɪfaɪd/,/'dʒʌstɪfaɪd/,"In the Chief Constable’s view, the use of force was fully justified.",在警察局局长看来，使用武力是完全正当的。
en:keen:adjective:1,keen,adjective,浓厚的；敏锐的,adj 浓厚的；敏锐的,/kin/,/ki:n/,Dogs have a very keen sense of smell.,狗的嗅觉十分灵敏。
en:kidnap:verb:1,kidnap,verb,绑架,v 绑架,/'kɪdnæp/,/'kɪdnæp/,Police appealed for wit­nesses after a woman was kidnapped at gunpoint.,一名妇女遭到持枪绑架，警方呼吁目击者挺身而出。
en:lack:verb:1,lack,verb,缺少,v 缺少,/læk/,/læk/,Alex’s real problem is that he lacks confidence.,亚历克斯的真正问题是缺乏信心。
en:lag:verb:1,lag,verb,落后,v 落后,/læɡ/,/læɡ/,Western banks still lag behind financial institutions in most other regions of the country.,西部地区的银行仍然落后于这个国家其他大部分地区的金融机构。
en:launch:verb:1,launch,verb,发布，推出,v 发布，推出,/lɔntʃ/,/lɔ:ntʃ/,The company hopes to launch the new drug by next October.,公司希望于明年10月前推出这种新药。
en:lawn:noun:1,lawn,noun,草坪,n 草坪,/lɔn/,/lɔ:n/,I spent all morning mowing the lawn (= cutting the grass ).,我整个上午都在修剪草坪。
en:layman:noun:1,layman,noun,门外汉,n 门外汉,/'lemən/,/'leɪmən/,To the layman (= laymen in general ) all these plants look pretty similar.,对外行的人来说，这些植物看起来都很相似。
en:layout:noun:1,layout,noun,陈列,n 陈列,/'leaʊt/,/ˈleɪaʊt/,layout design,布图设计；布局设计；布线设计
en:legend:noun:1,legend,noun,传奇,n 传奇,/'lɛdʒənd/,/'ledʒənd/,Local legend has it that (= says that ) the island was the original Garden of Eden.,当地传说这个岛就是伊甸园的原型。
en:legislation:noun:1,legislation,noun,立法,n 立法,"/,lɛdʒɪs'leʃən/",/ˌledʒɪsˈleɪʃn/,This is a very important piece of legislation (= law ).,这是一条非常重要的法规。
en:legislator:noun:1,legislator,noun,立法者,n 立法者,/'lɛdʒɪsletɚ/,/ˈledʒɪsleɪtə(r)/,...an attempt to get U.S. legislators to change the system.,…让美国立法者改变体制的一次努力。
en:lest:conjunction:1,lest,conjunction,以免,conj 以免,/lɛst/,/lest/,She turned away from the window lest anyone see them.,她转身离开窗边，免得有人看见他们。
en:lobby:noun:1,lobby,noun,游说,n 游说,/'lɑbi/,/'lɒbɪ/,the anti-foxhunting lobby,反对猎狐的游说团体
en:luxurious:adjective:1,luxurious,adjective,奢侈的，豪华的,adj 奢侈的，豪华的,/lʌɡ'ʒʊrɪəs/,/lʌgˈʒʊəriəs/,a luxurious 30-room villa,一栋有30个房间的豪华度假别墅
en:magnify:verb:1,magnify,verb,放大,v 放大,/'mæɡnɪfaɪ/,/'mæɡnɪfaɪ/,"At the Sheffield arena, the speakers were magnified ten times on a giant screen.",在谢菲尔德体育馆，演讲者在一个巨大的屏幕上被放大了十倍。
en:maintenance:noun:1,maintenance,noun,维修,n 维修,/'mentənəns/,/'meɪntənəns/,the cost of repairs and maintenance,维修保养费
en:majority:noun:1,majority,noun,大多数,n 大多数,/mə'dʒɔrəti/,/mə'dʒɒrətɪ/,The Labour Party won a huge majority at the last general election.,工党在上次大选中以巨大的票数优势获胜。
en:mall:noun:1,mall,noun,商场,n 商场,/mɔl/,/mɔ:l/,In the winter I head for the mall.,"在冬日里,我前往这个购物商场。"
en:manifest:verb:1,manifest,verb,表明,v 表明,/'mænɪfɛst/,/'mænɪfest/,The shareholders have manifested their intention to sell the shares.,股东们表明了要出售股票的意图。
en:manufacture:verb:1,manufacture,verb,生产，制造,v 生产，制造,/'mænjə'fæktʃɚ/,/ˌmænjʊ'fæktʃə(r)/,the company that manufactured the drug,生产这种药的公司
en:marine:adjective:1,marine,adjective,海洋的,adj 海洋的,/mə'rin/,/mə'ri:n/,the enormous variety of marine life,海洋生物繁多的种类
en:markedly:adverb:1,markedly,adverb,显著地,adv 显著地,/'ma:kidli/,/'mɑ:kɪdlɪ/,The relations between our two countries have improved markedly in every aspect.,我们两国的关系在各方面都有了显著的发展。
en:mask:noun:1,mask,noun,面具,n 面具；v 掩饰 掩盖,/mæsk/,/mɑ:sk/,a surgical face mask,外科手术口罩
en:material:noun:1,material,noun,材料,n 材料,/mə'tɪrɪəl/,/məˈtɪəriəl/,curtain material,窗帘布
en:materialize:verb:1,materialize,verb,实现,v 实现,/mə'tɪrɪəlaɪz/,/mə'tɪərɪəlaɪz/,"Problems were expected, but they never materialized.",估计会有问题，但一直没有发生。
en:matter:verb:1,matter,verb,重要；要紧,v 重要；要紧,/'mætɚ/,/'mætə(r)/,"If I have to stay late at work tonight, it won’t matter because we can go out another night.",如果今晚我必须工作到很晚的话，那也没关系，我们可以改天晚上再出去。
en:maturity:noun:1,maturity,noun,成熟,n 成熟,/mə'tʃʊrəti/,/mə'tʃʊərətɪ/,Beth shows a maturity way beyond her 16 years.,贝丝表现出一种远远超出她16岁年龄的成熟。
en:measure:noun:1,measure,noun,措施,n 措施,/'mɛʒɚ/,/ˈmeʒə(r)/,New safety measures were being demanded after last night’s horrific train crash.,昨晚发生严重的火车相撞事故后，民众要求制定新的安全措施。
en:mechanism:noun:1,mechanism,noun,机制,n 机制,/'mɛkənɪzəm/,/'mekənɪzəm/,the brake mechanism,刹车装置
en:melt:verb:1,melt,verb,融化,v 融化,/mɛlt/,/melt/,"It was warmer now, and the snow was beginning to melt.",现在天气暖和了，雪开始融化。
en:memo:noun:1,memo,noun,备忘录,n 备忘录,/'mɛmo/,/'meməʊ/,I sent him a memo reminding him about the meeting.,我发给他一个通知，提醒他开会的事。
en:memorable:adjective:1,memorable,adjective,值得纪念的,adj 值得纪念的,/'mɛmərəbl/,/ˈmemərəbl/,We want to make this a truly memorable day for the children.,我们想让今天成为孩子们永远难忘的日子。
en:mention:verb:1,mention,verb,提及,v 提及,/'mɛnʃən/,/'menʃn/,Was my name mentioned at all?,我的名字被提到过吗？
en:merit:verb:1,merit,verb,值得,v 值得；n 优点,/'mɛrɪt/,/'merɪt/,The results have been encouraging enough to merit further investigation.,结果令人振奋，值得进一步调查研究。
en:migrate:verb:1,migrate,verb,移民，迁徙,v 移民，迁徙,/'maɪɡret/,/maɪ'ɡreɪt/,People migrate to cities like Jakarta in search of work.,人们移居到雅加达这样的城市找工作。
en:milestone:noun:1,milestone,noun,里程碑,n 里程碑,/'maɪlston/,/'maɪlstəʊn/,He said the launch of the party represented a milestone in Zambian history.,他说该党的成立代表着赞比亚历史上的一个里程碑。
en:minimal:adjective:1,minimal,adjective,最低的，最小限度的,adj 最低的，最小限度的,/'mɪnɪməl/,/ˈmɪnɪməl/,The storm caused only minimal damage.,暴风雨只造成了轻微破坏。
en:mining:noun:1,mining,noun,矿产,n 矿产,/'maɪnɪŋ/,/ˈmaɪnɪŋ/,...traditional industries such as coal mining and steel making.,…像采煤和炼钢这样的传统工业。
en:minor:adjective:1,minor,adjective,次要的，小的,adj 次要的，小的,/'maɪnɚ/,/'maɪnə(r)/,We have made some minor changes to the program.,我们对那个程序做了一些小改动。
en:minority:noun:1,minority,noun,少数，少数民族,n 少数，少数民族,/maɪ'nɔrəti/,/maɪ'nɒrətɪ/,Gaelic is still spoken in Ireland by a tiny minority.,爱尔兰仍有极少数人在说盖尔语。
en:miracle:noun:1,miracle,noun,奇迹,n 奇迹,/'mɪrəkl/,/'mɪrəkl/,It’s a miracle you weren’t killed!,你没有死真是奇迹！
en:misfortune:noun:1,misfortune,noun,不幸地,n 不幸地,/'mɪs'fɔrtʃən/,/ˌmɪsˈfɔ:tʃu:n/,It seems the banks always profit from farmers’ misfortunes.,银行似乎总是从农民的不幸中获益。
en:misinterpret:verb:1,misinterpret,verb,误解,v 误解,/'mɪsɪn'tɝprɪt/,/ˌmɪsɪn'tɜ:prɪt/,Some parts of the report could be misinterpreted.,报告的某些部分可能会被误解。
en:mobility:noun:1,mobility,noun,活动,n 活动,/mo'bɪləti/,/məʊˈbɪləti/,It improves the strength and mobility of joints.,它能提高关节的力量和灵活性。
en:modernize:verb:1,modernize,verb,现代化,v 现代化,/mɑdɚnˌaɪz/,/'mɒdənaɪz/,They need more funds to modernize the country’s telephone system.,他们需要更多的资金将本国的电话系统现代化。
en:moist:adjective:1,moist,adjective,潮湿的,adj 潮湿的,/mɔɪst/,/mɔɪst/,Make sure the soil is moist before planting the seeds.,播种之前要确保土壤湿润。
en:monopoly:noun:1,monopoly,noun,垄断,n 垄断,/mə'nɑpəli/,/mə'nɒpəlɪ/,a monopoly in copper trading,对铜交易的垄断
en:mortality:noun:1,mortality,noun,死亡率,n 死亡率,/mɔr'tæləti/,/mɔ:ˈtæləti/,Mortality from heart disease varies widely across the world.,心脏病死亡率世界各地差异很大。
en:motel:noun:1,motel,noun,汽车旅馆,n 汽车旅馆,/mo'tɛl/,/məʊ'tel/,The gas station just neighbours to the motel.,加油站就在汽车旅馆的附近。
en:motivation:noun:1,motivation,noun,激励，刺激,n 激励，刺激,"/,motə'veʃən/",/ˌməʊtɪ'veɪʃn/,learning motivation,n. 学习动机
en:mount:verb:1,mount,verb,增加,v 增加,/maʊnt/,/maʊnt/,"Tension here is mounting , as we await the final result.",我们等待着最终结果，这里的气氛也越来越紧张。
en:mourn:verb:1,mourn,verb,哀悼,v 哀悼,/mɔrn/,/mɔ:n/,Hundreds of people gathered to mourn the slain president.,成百上千人聚集在一起悼念遇刺的总统。
en:municipal:adjective:1,municipal,adjective,政府的,adj 政府的,/mju'nɪsɪpl/,/mju:ˈnɪsɪpl/,the municipal waste dump,城市垃圾场
en:narrow:verb:1,narrow,verb,变窄，缩小,v 变窄，缩小,/'næro/,/'nærəʊ/,He narrowed his eyes and gazed at the horizon.,他眯起眼睛凝望着地平线。
en:necessity:noun:1,necessity,noun,必须，必要性,n 必须，必要性,/nə'sɛsəti/,/nəˈsesəti/,I’m afraid it’s become a matter of economic necessity.,恐怕这已成了一个经济需求的问题。
en:needy:adjective:1,needy,adjective,贫穷的,adj 贫穷的,/'nidi/,/'ni:dɪ/,a needy family,贫困家庭
en:neglect:verb:1,neglect,verb,忽视,v 忽视,/nɪ'glɛkt/,/nɪ'ɡlekt/,"She smoked and drank, neglected the children, and left the clothes unmended.",她抽烟喝酒，既不照顾孩子，也不缝补衣服。
en:negotiation:noun:1,negotiation,noun,协商,n 协商,"/nɪ,ɡoʃɪ'eʃən/",/nɪˌgəʊʃiˈeɪʃn/,The trader was obstinate in the negotiation.,这个商人在谈判中拗强固执。
en:neighborhood:noun:1,neighborhood,noun,附近,n 附近,"/'nebɚ,hʊd/",/'neɪbəhʊd/,What happened in the factory is being whispered about the neighborhood.,工厂里发生的事正在附近居民中私下传说。
en:neutrality:noun:1,neutrality,noun,中立,n 中立,/nu'træləti/,/nju:ˈtræləti/,"Net neutrality, or not?",网络中立或不?
en:nightmare:noun:1,nightmare,noun,噩梦,n 噩梦,/'naɪt'mɛr/,/ˈnaɪtmeə(r)/,a recurring nightmare,一再出现的噩梦
en:nominate:verb:1,nominate,verb,提名,v 提名,/'nɑmɪnet/,/'nɒmɪneɪt/,This week one of them will be nominated by the Democratic Party for the presidency of the United States.,本周他们中的一人将被民主党提名为美国总统职位的候选人。
en:notion:noun:1,notion,noun,想法，观点,n 想法，观点,/'noʃən/,/ˈnəuʃən/,She had no notion what he meant.,她根本不明白他是什么意思。
en:numerous:adjective:1,numerous,adjective,无数的,adj 无数的,/'numərəs/,/ˈnju:mərəs/,,
en:nutritious:adjective:1,nutritious,adjective,有营养的,adj 有营养的,/nʊ'trɪʃəs/,/njuˈtrɪʃəs/,Wholemeal bread is more nutritious than white bread.,全麦面包比白面包更有营养。
en:obesity:noun:1,obesity,noun,肥胖,n 肥胖,/o'bisəti/,/əʊ'bi:sətɪ/,"So, what of the future of obesity in America?",那么，未来美国的肥胖状况会怎么发展呢？
en:objective:noun:1,objective,noun,目标，目的,n 目标，目的,/əb'dʒɛktɪv/,/əbˈdʒektɪv/,He vowed to achieve certain objectives before the end of his presidency.,他立誓要在他的总统任期结束之前实现某些目标。
en:oblige:verb:1,oblige,verb,迫使,v 迫使,/ə'blaɪdʒ/,/ə'blaɪdʒ/,"The storm got worse and worse. Finally, I was obliged to abandon the car and continue on foot.",暴风雨越来越猛烈。最终，我被迫弃车徒步前行。
en:obstacle:noun:1,obstacle,noun,阻碍,n 阻碍,/'ɑbstəkl/,/ˈɒbstəkl/,The tax puts obstacles in the way of companies trying to develop trade overseas.,这项税收为想在海外发展贸易的公司设置了障碍。
en:occur:verb:1,occur,verb,发生,v 发生,/ə'kɝ/,/əˈkɜ:(r)/,A third of accidental deaths occur in the home.,有三分之一的意外死亡发生在家里。
en:offense:noun:1,offense,noun,冒犯,n 冒犯,/ə'fɛns/,/əˈfens/,His words gave great offense to everybody present.,他的发言冲犯了在场的所有人。
en:oppose:verb:1,oppose,verb,反对,v 反对,/ə'poz/,/ə'pəʊz/,Congress is continuing to oppose the President’s health care budget.,国会继续反对总统的医疗保健预算。
en:opposition:noun:1,opposition,noun,反对,n 反对,/'ɑpə'zɪʃən/,/ˌɒpəˈzɪʃn/,He is confident in his ability to overcome all opposition with his personal charm.,他自信有能力以个人魅力来化解一切反对力量。
en:optimistic:adjective:1,optimistic,adjective,乐观的,adj 乐观的,"/,ɑptɪ'mɪstɪk/",/ˌɒptɪˈmɪstɪk/,Andrew took a more optimistic view.,安德鲁抱有更为乐观的想法。
en:organic:adjective:1,organic,adjective,有机的,adj 有机的,/ɔr'gænɪk/,/ɔ:ˈgænɪk/,Organic farming is better for the environment.,有机耕作对环境更有利。
en:orient:verb:1,orient,verb,使适应，使确定方向,v 使适应，使确定方向,/'orɪənt/,/'ɔ:rɪənt/,"She looked at the street names, trying to orient herself.",她看看街名，试图确定自己的方位。
en:outcome:noun:1,outcome,noun,结果,n 结果,/'aʊt'kʌm/,/ˈaʊtkʌm/,People who had heard the evidence at the trial were surprised at the outcome.,在审判过程中听过证词的人都对此结果感到吃惊。
en:outdated:adjective:1,outdated,adjective,过时的,adj 过时的,/'aʊt'detɪd/,/ˌaʊtˈdeɪtɪd/,outdated teaching methods,不合时宜的教学方法
en:outlive:verb:1,outlive,verb,比……活的时间长,v 比……活的时间长,"/,aʊt'lɪv/",/ˌaʊt'lɪv/,She outlived her husband by 20 years.,她比她丈夫多活了20年。
en:outnumber:verb:1,outnumber,verb,超过,v 超过,/'aʊt'nʌmbɚ/,/ˌaʊt'nʌmbə(r)/,Flats outnumber houses in this area.,这个地区公寓房比独栋房子多。
en:outsource:verb:1,outsource,verb,外包,v 外包,/'aʊtsɔrs/,/ˈaʊtsɔ:s/,...companies that outsource IT functions.,…将信息技术方面的工作外包的公司。
en:outweigh:verb:1,outweigh,verb,超过,v 超过,/'aʊt'we/,/ˌaʊt'weɪ/,The advantages of this deal largely outweigh the disadvantages.,这笔交易的利远大于弊。
en:overcharge:verb:1,overcharge,verb,多收钱,v 多收钱,"/,ovɚ'tʃɑrdʒ/",/ˌəʊvə'tʃɑ:dʒ/,"Sometimes, they overcharge or don’t build those parts I have been paying for.",有时，他们收费过高或者要不给我修我一直在给钱的那些零部件。
en:overexcited:adjective:1,overexcited,adjective,过于激烈的,adj 过于激烈的,,/ˌəʊvərɪkˈsaɪtɪd/,Some of the boys became overexcited.,有些男孩变得兴奋过度了。
en:overwhelm:verb:1,overwhelm,verb,压倒，战胜,v 压倒，战胜,"/,ovɚ'wɛlm/",/ˌəʊvə'welm/,But the various pros and cons should not blindly overwhelm one another.,但是，众多的利弊得失不应盲目的一个压倒另一个。
en:owe:verb:1,owe,verb,欠钱,v 欠钱,/o/,/əʊ/,How much do I owe you (= often used to show that you want to pay for something )?,我该付你多少钱？
en:owl:noun:1,owl,noun,猫头鹰,n 猫头鹰,/aʊl/,/aʊl/,"Some of the more extreme contacts give you ""cat eyes"" or how about ""owl eyes""?","一些更酷的隐形眼镜可以给你一双""猫眼""或者是""猫头鹰的眼睛""。"
en:panic:adjective:1,panic,adjective,恐慌的,adj 恐慌的,/'pænɪk/,/'pænɪk/,Her face distorted in panic.,她的脸因恐慌而变相了。
en:paradise:noun:1,paradise,noun,天堂,n 天堂,/'pærə'daɪs/,/'pærədaɪs/,The Koran describes paradise as a place containing a garden of delight.,《古兰经》把天堂描绘成一个拥有快乐花园的地方。
en:paralyze:verb:1,paralyze,verb,瘫痪，麻痹,v 瘫痪，麻痹,"/'pærə,laɪz/",/'pærəlaɪz/,You can bet that would truly paralyze the flow of credit: Does anyone believe Washington can manage banks?,你可以打赌，这会使流动的信贷真正限于瘫痪：真有人相信华盛顿可以经营银行吗？
en:pasture:noun:1,pasture,noun,牧场,n 牧场,/'pæstʃɚ/,/'pɑ:stʃə(r)/,large areas of rough upland pasture,大片起伏的山地牧场
en:pattern:noun:1,pattern,noun,模式,n 模式,/'pætɚn/,/'pætn/,Weather patterns have changed in recent years.,气候模式近年已经发生了变化。
en:pause:noun:1,pause,noun,暂停，迟疑,n 暂停，迟疑,/pɔz/,/pɔ:z/,There was a pause while Alice changed the tape.,艾丽斯换磁带的时候出现了短暂的停顿。
en:pave:verb:1,pave,verb,铺路,v 铺路,/pev/,/peɪv/,a paved courtyard,地面铺砌过的院子
en:payroll:noun:1,payroll,noun,工资总额,n 工资总额,/'perol/,/ˈpeɪrəʊl/,the annual payroll was $88 million,"年度工资总支出为8,800万美元"
en:peculiar:adjective:1,peculiar,adjective,特有的，奇怪的,adj 特有的，奇怪的,/pɪ'kjulɪɚ/,/pɪ'kju:lɪə(r)/,There was a peculiar smell in the kitchen.,厨房里有一股怪味。
en:penalty:noun:1,penalty,noun,惩罚,n 惩罚,/'pɛnəlti/,/'penəltɪ/,No littering. Penalty $500.,禁止乱扔垃圾。 违者罚款500美元。
en:pension:noun:1,pension,noun,养老金,n 养老金,/'pɛnʃən/,/'penʃn/,At what age can you start drawing your pension ?,从多少岁可以开始领取养老金？
en:perish:verb:1,perish,verb,死亡,v 死亡,/'pɛrɪʃ/,/'perɪʃ/,Hundreds perished when the ship went down.,轮船沉没，数百人罹难。
en:perspective:noun:1,perspective,noun,视角，观点,n 视角，观点,/pɚ'spɛktɪv/,/pə'spektɪv/,the artist’s use of perspective,那位画家对透视法的运用
en:pessimist:noun:1,pessimist,noun,悲观主义者,n 悲观主义者,/'pɛsɪmɪst/,/ˈpesɪmɪst/,Don’t be such a pessimist!,别这么悲观！
en:phenomenon:noun:1,phenomenon,noun,现象,n 现象,/fə'nɑmɪnən/,/fə'nɒmɪnən/,Homelessness is not a new phenomenon .,无家可归已不是什么新现象。
en:philosopher:noun:1,philosopher,noun,哲学家,n 哲学家,/fə'lɑsəfɚ/,/fəˈlɒsəfə(r)/,"Plato, Aristotle, and other Greek philosophers",柏拉图、亚里士多德和其他希腊哲学家
en:plot:noun:1,plot,noun,情节,n 情节,/plɑt/,/plɒt/,The plot was a little confusing.,情节有些费解。
en:poetry:noun:1,poetry,noun,诗歌,n 诗歌,/'poətri/,/'pəʊətrɪ/,He reads a lot of poetry.,他大量阅读诗歌。
en:polar:noun:1,polar,noun,（南、北）极,n （南、北）极,/'polɚ/,/ˈpəʊlə(r)/,"Well, what is the equation of this circle in polar coordinates?",那么，这个圆方程在极坐标系下相当于什么呢？
en:poll:noun:1,poll,noun,民意测验,n 民意测验,/pol/,/pəʊl/,A recent poll found that 80% of Californians support the governor.,最近的一项民意调查发现80%的加利福尼亚人支持州长。
en:ponder:verb:1,ponder,verb,仔细考虑,v 仔细考虑,/'pɑndɚ/,/'pɒndə(r)/,He continued to ponder the problem as he walked home.,他一边往家走一边继续思考那个问题。
en:portion:noun:1,portion,noun,部分,n 部分,/'pɔrʃən/,/'pɔ:ʃn/,Damage was confined to a small portion of the castle.,城堡仅有一小部分受到了损坏。
en:pose:verb:1,pose,verb,形成,v 形成,/poz/,/pəʊz/,Rising unemployment is posing serious problems for the administration.,失业率上升正在给政府造成严重的问题。
en:position:verb:1,position,verb,定位，安放；,v 定位，安放；；n 位置，职位,/pə'zɪʃən/,/pəˈzɪʃn/,Position the cursor before the letter you want to delete.,把光标放在你想删去的字母之前。
en:possession:noun:1,possession,noun,拥有,n 拥有,/pə'zɛʃən/,/pə'zeʃn/,That information is not in our possession.,那则信息不归我们所有。
en:potential:adjective:1,potential,adjective,潜在的,adj 潜在的；n 潜力,/pə'tɛnʃl/,/pəˈtenʃl/,The company has identified 60 potential customers.,该公司已确定了60位潜在的客户。
en:potentially:adverb:1,potentially,adverb,潜在地,adv 潜在地,/pə'tɛnʃəli/,/pə'tenʃəlɪ/,a potentially dangerous situation,有潜在危险的局势
en:practical:adjective:1,practical,adjective,实践的；实用的,adj 实践的；实用的,/'præktɪkl/,/ˈpræktɪkl/,Candidates should have training and practical experience in basic electronics.,应征者应该具备基础电子学方面的培训和实践经验。
en:precedent:noun:1,precedent,noun,先例,n 先例,/'prɛsɪdənt/,/ˈpresɪdənt/,a legal precedent,判例
en:precision:noun:1,precision,noun,精确性,n 精确性,/prɪ'sɪʒn/,/prɪˈsɪʒn/,The choir sang with precision.,合唱团的演唱准确无误。
en:predict:verb:1,predict,verb,预测,v 预测,/prɪ'dɪkt/,/prɪ'dɪkt/,Sales were five percent lower than predicted.,销售额比预期低5%。
en:predominantly:adverb:1,predominantly,adverb,占主导地位地,adv 占主导地位地,/prɪ'dɑmɪnəntli/,/prɪˈdɒmɪnəntli/,The landscape has remained predominantly rural in appearance.,该风景看上去主要保留了乡村风貌。
en:preference:noun:1,preference,noun,偏爱,n 偏爱,/'prɛfrəns/,/ˈprefrəns/,Do you have a colour preference ?,你有什么颜色上的偏好吗？
en:preindustrial:adjective:1,preindustrial,adjective,工业化以前的,adj 工业化以前的,"/,priɪn'dʌstriəl/",/pri:ɪn'dʌstrɪəl/,"Am I suggesting that we should return to the preindustrial mode of production or to nineteenth-century ""free enterprise"" capitalism?","我是否在建议我们应回到工业化前的生产模式或回到十九世纪""自由企业""资本主义时期呢？"
en:prejudice:noun:1,prejudice,noun,偏见,n 偏见,/'prɛdʒədɪs/,/'predʒʊdɪs/,Women still face prejudice in the workplace.,女性在职场中仍然面临歧视。
en:premium:noun:1,premium,noun,奖金,n 奖金,/'primɪəm/,/ˈpri:miəm/,insurance premium,保险费
en:prescribe:verb:1,prescribe,verb,开处方,v 开处方,/prɪ'skraɪb/,/prɪ'skraɪb/,The physician examines the patient then diagnoses the disease and prescribes medication.,内科医生检查了病人，然后对疾病作出诊断，并开出药方。
en:present:verb:1,present,verb,呈现，给予,v 呈现，给予,/'prɛznt/,/'preznt/,She was presented with an award .,她被授予一个奖项。
en:presentation:noun:1,presentation,noun,展示，讲话,n 展示，讲话,"/,prizɛn'teʃən/",/ˌpreznˈteɪʃn/,"James Watson, Philip Mayo and I gave a slide and video presentation.",詹姆斯·沃森、菲利普·梅奥和我一起做了一场有幻灯和录像片的讲座。
en:presidency:noun:1,presidency,noun,总统任期,n 总统任期,/'prɛzɪdənsi/,/'prezɪdənsɪ/,Roosevelt was elected four times to the presidency of the US.,罗斯福四次当选美国总统。
en:prestige:noun:1,prestige,noun,名声，声望,n 名声，声望,/prɛ'stidʒ/,/pre'sti:ʒ/,The king wanted to enhance his prestige through war.,国王想通过战争来提高自己的威信。
en:previous:adjective:1,previous,adjective,之前的,adj 之前的,/'privɪəs/,/ˈpri:viəs/,She has a teenage daughter from a previous marriage.,她有个出自前一次婚姻的十几岁的女儿。
en:priceless:adjective:1,priceless,adjective,无价的，难以用价格衡量的,adj 无价的，难以用价格衡量的,/ˈpraɪslɪs/,/'praɪsləs/,priceless antiques,极其贵重的古董
en:primitive:adjective:1,primitive,adjective,原始的，简单的,adj 原始的，简单的,/'prɪmətɪv/,/ˈprɪmətɪv/,a primitive society,原始社会
en:principle:noun:1,principle,noun,原则,n 原则,/'prɪnsəpl/,/ˈprɪnsəpl/,Schools try to teach children a set of principles.,学校设法教给孩子们一套道德准则。
en:prior:adjective:1,prior,adjective,优先的，先前的,adj 优先的，先前的,/'praɪɚ/,/'praɪə(r)/,You do not need any prior knowledge of the subject.,你无需事先具备该方面的知识。
en:private:adjective:1,private,adjective,私人的,adj 私人的,/'praɪvət/,/'praɪvət/,Morris has a private jet.,莫里斯拥有一架私人喷气式飞机。
en:procedure:noun:1,procedure,noun,程序,n 程序,/prə'sidʒɚ/,/prəˈsi:dʒə(r)/,"On board, we were given the usual talk on safety procedures (= what to do if an accident happens, or to prevent an accident ) .",在飞机上，我们听了例行的飞行安全讲解。
en:productivity:noun:1,productivity,noun,生产力,n 生产力,"/,prodʌk'tɪvəti/",/ˌprɒdʌkˈtɪvəti/,high productivity levels in manufacturing,制造业中的高生产率
en:profitable:adjective:1,profitable,adjective,有利可图的，有利益的,adj 有利可图的，有利益的,/'prɑfɪtəbl/,/ˈprɒfɪtəbl/,The advertising campaign proved very profitable.,事实证明，这次广告宣传活动卓有成效。
en:profound:adjective:1,profound,adjective,深刻的，博学的,adj 深刻的，博学的,/prə'faʊnd/,/prə'faʊnd/,a profound sense of guilt,强烈的内疚感
en:prolonged:adjective:1,prolonged,adjective,长时间的,adj 长时间的,/pro'lɔŋd/,/prəˈlɒŋd/,prolonged exposure to the sun,长时间暴露在阳光下
en:promote:verb:1,promote,verb,促进,v 促进,/prə'mot/,/prə'məʊt/,You don't have to sacrifice environmental protection to promote economic growth.,你们没有必要牺牲环保来促进经济增长。
en:promotion:noun:1,promotion,noun,促销,n 促销,/prə'moʃən/,/prə'məʊʃn/,a winter sales promotion,冬季促销活动
en:prompt:verb:1,prompt,verb,敦促,v 敦促,/prɑmpt/,/prɒmpt/,Japan's recession has prompted consumers to cut back on buying cars.,日本的经济衰退已促使消费者们削减购车花销。
en:property:noun:1,property,noun,财产,n 财产,/'prɑpɚti/,/'prɒpətɪ/,The hotel is not responsible for any loss or damage to guests’ personal property .,宾馆对住客个人财物的丢失和损坏概不负责。
en:propose:verb:1,propose,verb,提出,v 提出,/prə'poz/,/prə'pəʊz/,the changes currently proposed by the local planning authorities,目前由地方规划局提议的改革
en:prospect:noun:1,prospect,noun,前景,n 前景,/'prɑspɛkt/,/'prɒspekt/,"I had no job, no education, and no prospects .",我没有工作，没受过什么教育，前途渺茫。
en:prosperity:noun:1,prosperity,noun,繁荣,n 繁荣,/prɑ'spɛrəti/,/prɒ'sperətɪ/,a time of economic prosperity,经济繁荣时期
en:publicity:noun:1,publicity,noun,宣传,n 宣传,/pʌb'lɪsəti/,/pʌbˈlɪsəti/,Much advance publicity was given to the talks.,会谈之前做了大量的宣传。
en:publicize:verb:1,publicize,verb,宣传,v 宣传,/'pʌblɪsaɪz/,/'pʌblɪsaɪz/,television’s failure to publicize the unemployment issue,电视未能报道失业问题
en:purchase:noun:1,purchase,noun,购买,n 购买,/'pɝtʃəs/,/'pɜ:tʃəs/,She paid for her purchases and left.,她付钱买好东西离开了。
en:pursue:verb:1,pursue,verb,追求,v 追求,/pə'sʊ/,/pə'sju:/,She plans to pursue a career in politics.,她计划从政。
en:puzzling:adjective:1,puzzling,adjective,迷惑的，困扰的,adj 迷惑的，困扰的,,/'pʌzlɪŋ/,a puzzling fact,令人费解的情况
en:quantifiable:adjective:1,quantifiable,adjective,可量化的,adj 可量化的,"/'kwɑntə,faɪəbl/",/'kwɒntɪfaɪəbl/,A clearly quantifiable measure of quality is not necessary.,一种确切的可计量的质量检测是不必要的。
en:qualification:noun:1,qualification,noun,资格,n 资格,"/,kwɑlɪfɪ'keʃən/",/ˌkwɒlɪfɪ'keɪʃn/,He left school without any qualifications.,他离校时没有拿到任何文凭。
en:qualify:verb:1,qualify,verb,使有资格,v 使有资格,/ˈkwɑləˌfaɪ/,/'kwɒlɪfaɪ/,Free school lunches are given to children who qualify.,符合条件的儿童可获得免费的学生午餐。
en:quantity:noun:1,quantity,noun,数量,n 数量,/'kwɑntəti/,/ˈkwɒntəti/,Your work has improved in quantity and quality this term.,这学期你的作业在完成数量和质量上都有提高。
en:quicken:verb:1,quicken,verb,加快,v 加快,/'kwɪkən/,/'kwɪkən/,Ray glanced at his watch and quickened his pace (= began to walk faster ).,雷瞥了一眼手表，加快了步伐。
en:quota:noun:1,quota,noun,配额，销售额,n 配额，销售额,/'kwotə/,/ˈkwəutə/,The government has decided to scrap quotas on car imports.,政府决定取消汽车进口配额。
en:quote:verb:1,quote,verb,引用,v 引用,/kwot/,/kwəʊt/,He quoted a short passage from the Bible.,他引用了《圣经》里的一小段。
en:rally:noun:1,rally,noun,集会,n 集会,/'ræli/,/'rælɪ/,"About 1,000 people attended the rally in Hyde Park.","大约有1,000人参加了海德公园的集会。"
en:randomly:adverb:1,randomly,adverb,随机地,adv 随机地,/'rændəmlɪ/,/'rændəmlɪ/,They throw out all of these behaviors randomly.,它们的这些行为都是随机的。
en:rank:verb:1,rank,verb,排列，分级,v 排列，分级,/ræŋk/,/ræŋk/,There were several pairs of riding boots ranked neatly in the hall.,门厅里整齐地摆放着几双马靴。
en:rape:noun:1,rape,noun,强奸,n 强奸,/rep/,/reɪp/,Police are investigating a series of violent rapes in the town.,警察在调查镇上发生的一连串暴力强奸案。
en:rare:adjective:1,rare,adjective,罕见的，稀少的,adj 罕见的，稀少的,/rɛr/,/reə(r)/,This species of plant is becoming increasingly rare.,这种植物越来越罕见。
en:rate:noun:1,rate,noun,费用,n 费用,/ret/,/reɪt/,$20 an hour is the going rate (= the usual amount paid ) for private tuition.,每小时20美元是私人授课的一般收费。
en:realm:noun:1,realm,noun,领域，方面,n 领域，方面,/rɛlm/,/relm/,the spiritual realm,精神领域
en:reap:verb:1,reap,verb,收割，收货,v 收割，收货,/rip/,/ri:p/,The peasants leaned down to reap wheat.,农民们俯身收割小麦。
en:recall:verb:1,recall,verb,回忆起，想起,v 回忆起，想起,/'rikɔl/,/rɪ'kɔ:l/,"You don’t happen to recall his name, do you?",你不会恰巧还想得起他的名字吧？
en:receipt:noun:1,receipt,noun,发票,n 发票,/rɪ'sit/,/rɪ'si:t/,on receipt of,在收到…后
en:reception:noun:1,reception,noun,接待,n 接待,/rɪ'sɛpʃən/,/rɪˈsepʃn/,She was unsure of her reception after everything that had happened.,发生了这些事后，她对自己是否还受欢迎没把握。
en:recipe:noun:1,recipe,noun,秘方，食谱,n 秘方，食谱,/'rɛsəpi/,/'resəpɪ/,a recipe book,一本烹饪书
en:reckless:adjective:1,reckless,adjective,鲁莽的,adj 鲁莽的,/'rɛkləs/,/'rekləs/,He was accused of causing death by reckless driving .,他被控因鲁莽驾驶致人死亡。
en:reckon:verb:1,reckon,verb,认为，评价,v 认为，评价,/'rɛkən/,/'rekən/,‘There’s nothing we can do about it.’ ‘You reckon (= used to express doubt or disagreement ) ?’,“这件事我们无能为力。”“是吗？”
en:reconcile:verb:1,reconcile,verb,使和解，使一致；调解,v 使和解，使一致；调解,/'rɛkənsaɪl/,/'rekənsaɪl/,The possibility remains that the two theories may be reconciled.,这两种理论仍是有可能协调的。
en:recruit:verb:1,recruit,verb,招聘,v 招聘,/rɪ'krut/,/rɪ'kru:t/,We’re having difficulty recruiting enough qualified staff.,我们难以招聘到足够的合格职员。
en:recurrence:noun:1,recurrence,noun,再次发生,n 再次发生,/rɪ'kɝəns/,/rɪˈkʌrəns/,Police are out in force to prevent a recurrence of the violence.,警察大规模地行动防止暴力的再次发生。
en:reflect:verb:1,reflect,verb,思考，反映，反射,v 思考，反映，反射,/rɪ'flɛkt/,/rɪ'flekt/,The drop in consumer spending reflects concern about the economy.,消费支出的下降反映出人们对经济的担忧。
en:reflective:adjective:1,reflective,adjective,深思熟虑的；反映的，反射的,adj 深思熟虑的；反映的，反射的,/rɪ'flɛktɪv/,/rɪ'flektɪv/,Stick reflective tape on your school bag.,给你的书包贴上反光带。
en:refreshing:adjective:1,refreshing,adjective,新鲜的,adj 新鲜的,/ri'frɛʃɪŋ/,/rɪˈfreʃɪŋ/,It made a refreshing change to talk to someone new.,和刚认识的人谈话感觉很新鲜。
en:regain:verb:1,regain,verb,重新获得,v 重新获得,/rɪ'ɡen/,/rɪ'ɡeɪn/,The family never quite regained its former influence.,这个家族再也没有恢复往昔的影响力。
en:registration:noun:1,registration,noun,注册，登记,n 注册，登记,/'rɛdʒɪ'streʃən/,/ˌredʒɪˈstreɪʃn/,Student registration (= for a course of study ) starts the first week in September.,学生注册在9月份的第一个星期开始。
en:regulation:noun:1,regulation,noun,管理，规则,n 管理，规则,/ˌrɛɡjəˈleʃən/,/ˌregjuˈleɪʃn/,There seem to be so many rules and regulations these days.,如今好像条条框框很多。
en:reimbursement:noun:1,reimbursement,noun,返还费用,n 返还费用,"/,riɪm'bɝsmənt/",/ˌri:ɪm'bɜ:smənt/,tax reimbursement,退税
en:reinforce:verb:1,reinforce,verb,增强，提高,v 增强，提高,"/,riɪn'fɔrs/",/ˌri:ɪnˈfɔ:s/,The film reinforces the idea that women should be pretty and dumb.,这部影片强化了这个观点——女人要漂亮，而且要笨一些。
en:release:verb:1,release,verb,释放，发布,v 释放，发布,/rɪ'lis/,/rɪ'li:s/,"Police arrested several men, who were later released.",警察逮捕了几个人，后来都释放了。
en:relevant:adjective:1,relevant,adjective,相关的,adj 相关的,/'rɛləvənt/,/ˈreləvənt/,Relevant documents were presented in court.,法庭上出示了相关的文件。
en:reliable:adjective:1,reliable,adjective,可靠的,adj 可靠的,/rɪ'laɪəbl/,/rɪˈlaɪəbl/,a birth control method that is cheap and reliable,既便宜又可靠的避孕方法
en:relieve:verb:1,relieve,verb,减轻，缓解,v 减轻，缓解,/rɪ'liv/,/rɪ'li:v/,Drugs helped to relieve the pain.,药物有助于舒缓疼痛。
en:relieved:adjective:1,relieved,adjective,轻松的，缓解的,adj 轻松的，缓解的,/rɪ'livd/,/rɪˈli:vd/,A relieved smile spread over his face.,他脸上绽开了宽慰的笑容。
en:reluctance:noun:1,reluctance,noun,勉强，不情愿,n 勉强，不情愿,/rɪ'lʌktəns/,/rɪ'lʌktəns/,"Wells finally agreed, but with reluctance.",韦尔斯最终同意了，但很勉强。
en:remarkable:adjective:1,remarkable,adjective,显著的，杰出的,adj 显著的，杰出的,/rɪ'mɑrkəbl/,/rɪˈmɑ:kəbl/,She has made remarkable progress.,她取得了显著的进步。
en:remove:verb:1,remove,verb,消除，移除；更新,v 消除，移除；更新,/rɪ'muv/,/rɪˈmu:v/,a cleaner that will remove wine stains,可去除葡萄酒酒渍的清洁剂
en:replacement:noun:1,replacement,noun,代替,n 代替,/rɪ'plesmənt/,/rɪ'pleɪsmənt/,Our old car is badly in need of replacement.,我们的旧车急需更换。
en:representative:noun:1,representative,noun,代表,n 代表,/'rɛprɪ'zɛntətɪv/,/ˌreprɪˈzentətɪv/,a union representative,工会代表
en:reproduction:noun:1,reproduction,noun,繁殖,n 繁殖,"/,riprə'dʌkʃən/",/ˌri:prəˈdʌkʃn/,"Scientists studied the reproduction, diet, and health of the dolphins.",科学家研究了海豚的繁殖情况、进食规律和健康状况。
en:reservation:noun:1,reservation,noun,预定,n 预定,"/,rɛzɚ'veʃən/",/ˌrezə'veɪʃn/,a dinner reservation,预订晚餐
en:resident:noun:1,resident,noun,居民,n 居民,/'rɛzɪdənt/,/ˈrezɪdənt/,"As one local resident put it in May, ""By day there is government.",正如一位当地居民在五月份对它的描述”白天有政府。
en:resign:verb:1,resign,verb,辞职,v 辞职,/rɪ'zaɪn/,/rɪ'zaɪn/,A hospital administrator has resigned over claims he lied to get the job.,一位医院主管因为有人声称他的职位是骗来的而辞职了。
en:resist:verb:1,resist,verb,抵制,v 抵制,/rɪ'zɪst/,/rɪ'zɪst/,He was charged with trying to resist arrest .,他被指控企图拒捕。
en:resolute:adjective:1,resolute,adjective,坚定的,adj 坚定的,/'rɛzəlut/,/'rezəlu:t/,resolute opposition,坚决的反对
en:resort:noun:1,resort,noun,度假胜地,n 度假胜地,/rɪ'zɔrt/,/rɪ'zɔ:t/,Lagoon Reef is one of the best resort hotels.,潟湖礁是最好的度假酒店之一。
en:respective:adjective:1,respective,adjective,各自的,adj 各自的,/rɪ'spɛktɪv/,/rɪˈspektɪv/,We all went back to our respective homes to wait for news.,我们都各自回家等待消息。
en:responsibility:noun:1,responsibility,noun,责任,n 责任,/rɪˌspɑːnsəˈbɪləti/,/rɪˌspɒnsə'bɪlətɪ/,Kelly’s promotion means more money and more responsibility.,凯利获得提升，这意味着钱多了，责任也更大了。
en:responsive:adjective:1,responsive,adjective,灵敏的，反应的,adj 灵敏的，反应的,/rɪ'spɑnsɪv/,/rɪˈspɒnsɪv/,a car with highly responsive steering,方向盘操纵灵活的汽车
en:restrict:verb:1,restrict,verb,限制,v 限制,/rɪ'strɪkt/,/rɪ'strɪkt/,The new law restricts the sale of hand guns.,新法规限制手枪的销售。
en:resume:noun:1,resume,noun,简历,n 简历,,/ˈrezəmeɪ/,"Don't push for an interview on the spot, but rather explain that you want to let them know of your interest, drop off your resume, and complete an application while you're there if possible.",这个时候不要急着想得到面试，而是解释为你只是想让他们知道你对他们招聘的职位有兴趣，放下你的简历，然后有可能的话填完一份申请表就离开吧。
en:retailer:noun:1,retailer,noun,零售商,n 零售商,/'ri:teilə/,/ˈri:teɪlə(r)/,Furniture and carpet retailers are among those reporting the sharpest annual decline in sales.,家具和地毯零售商们是在那些报告最大年销售下滑的商家之中。
en:reunion:noun:1,reunion,noun,团聚,n 团聚,,/ˌri:'ju:nɪən/,an annual reunion,一年一度的聚会
en:reveal:verb:1,reveal,verb,揭露,v 揭露,/rɪ'vil/,/rɪ'vi:l/,He may be prosecuted for revealing secrets about the security agency.,他可能因泄露安全部门的机密而被起诉。
en:revenue:noun:1,revenue,noun,收入,n 收入,/'rɛvənu/,/'revənju:/,advertising revenue,广告收入
en:reverse:adjective:1,reverse,adjective,相反的,adj 相反的,/rɪ'vɝs/,/rɪ'vɜ:s/,The results were read out in reverse order (= with the worst first and the best last ) .,成绩是按逆序宣读的。
en:revive:verb:1,revive,verb,复苏,v 复苏,/rɪ'vaɪv/,/rɪ'vaɪv/,Local people have decided to revive this centuries-old tradition.,当地人决定复兴这一延续了数个世纪的传统。
en:revolutionize:verb:1,revolutionize,verb,革命化,v 革命化,/'rɛvə'lʊʃə'naɪz/,/ˌrevə'lu:ʃənaɪz/,New technology is going to revolutionize everything we do.,新科技将彻底改变我们做的每一件事。
en:rewarding:adjective:1,rewarding,adjective,有回报的,adj 有回报的,/rɪ'wɔrdɪŋ/,/rɪˈwɔ:dɪŋ/,Teaching can be a very rewarding career.,教书可以是一种很有意义的职业。
en:ridiculous:adjective:1,ridiculous,adjective,滑稽的，可笑的,adj 滑稽的，可笑的,/rɪ'dɪkjələs/,/rɪˈdɪkjələs/,That’s a ridiculous idea!,那主意很荒唐！
en:rigorous:adjective:1,rigorous,adjective,严格的,adj 严格的,/'rɪɡərəs/,/ˈrɪgərəs/,a rigorous analysis of defence needs,对国防需求的缜密分析
en:ritual:noun:1,ritual,noun,仪式,n 仪式,/'rɪtʃuəl/,/'rɪtʃʊəl/,ancient pagan rituals,古老的异教仪式
en:robbery:noun:1,robbery,noun,抢劫,n 抢劫,/'rɑbəri/,/'rɒbərɪ/,Police are investigating a series of bank robberies in South Wales.,警方正在调查发生在南威尔士的连环银行抢劫案。
en:romantic:adjective:1,romantic,adjective,爱情的,adj 爱情的,/ro'mæntɪk/,/rəʊˈmæntɪk/,‘Tom always sends me red roses on my birthday.’ ‘How romantic!’,“我过生日时汤姆总是给我送红玫瑰。”“多浪漫啊！”
en:ruin:verb:1,ruin,verb,毁坏,v 毁坏,/'ruɪn/,/'ru:ɪn/,This illness has ruined my life.,这个病毁掉了我的生活。
en:rustle:verb:1,rustle,verb,发出沙沙声,v 发出沙沙声,/'rʌsl/,/'rʌsl/,"She moved nearer, her long silk skirt rustling around her.",她走近了，真丝长裙窸窣作响。
en:sample:noun:1,sample,noun,样本，样品,n 样本，样品,/'sæmpl/,/'sɑ:mpl/,They took a blood sample to test for hepatitis.,他们取了血样做肝炎化验。
en:scandal:noun:1,scandal,noun,丑闻,n 丑闻,/'skændl/,/'skændl/,It caused quite a scandal when he left his wife.,他离开妻子成了一大丑闻。
en:scarcity:noun:1,scarcity,noun,缺乏,n 缺乏,/'skɛrsəti/,/'skeəsətɪ/,...an ever increasing scarcity of water.,…越来越匮乏的水资源。
en:scare:noun:1,scare,noun,恐吓，惊恐,n 恐吓，惊恐,/skɛr/,/skeə(r)/,You really gave us a scare !,你真的吓了我们一跳！
en:scent:noun:1,scent,noun,味道,n 味道,/sɛnt/,/sent/,a yellow rose with a lovely scent,香气怡人的黄玫瑰
en:schedule:noun:1,schedule,noun,时间表,n 时间表,/'skɛdʒul; (canadian) ˈʃɛdʒʊl; ˈʃɛdjʊl/,/'ʃedjuːl/,A tight schedule means we can't delay any longer.,一张紧凑的时间表表明我们不能再耽搁。
en:sculpture:noun:1,sculpture,noun,雕塑,n 雕塑,/'skʌlptʃɚ/,/'skʌlptʃə(r)/,...stone sculptures of figures and animals.,…人物及动物石雕。
en:sector:noun:1,sector,noun,部门,n 部门,/'sɛktɚ/,/'sektə(r)/,...the nation's manufacturing sector.,…该国的制造部门。
en:sensible:adjective:1,sensible,adjective,理智的,adj 理智的,/'sɛnsəbl/,/ˈsensəbl/,She seems very sensible.,她好像很明智。
en:server:noun:1,server,noun,服务器,n 服务器,/'sɝvɚ/,/'sɜ:və(r)/,"Well, only the server can do that.",嗯，只有服务器能做这项工作。
en:session:noun:1,session,noun,会议，学年,n 会议，学年,/'sɛʃən/,/ˈseʃn/,Board members met in closed session (= with nobody else present ) .,委员会成员举行了闭门会议。
en:severity:noun:1,severity,noun,严重性,n 严重性,/sə'vɛrəti/,/sɪ'verətɪ/,"This does not prevent disease altogether, but can reduce its severity.",这虽然不能完全防止疾病，但能减少它的严重性。
en:sexism:noun:1,sexism,noun,性别歧视,n 性别歧视,/'sɛk'sɪzəm/,/ˈseksɪzəm/,sexism in the workplace,工作场所的性别歧视
en:shade:verb:1,shade,verb,掩盖,v 掩盖,/ʃed/,/ʃeɪd/,shades of,[口语]令人想起…的
en:shady:adjective:1,shady,adjective,阴凉的,adj 阴凉的,/'ʃedi/,/'ʃeɪdɪ/,a shady street,背阴的街道
en:shareholder:noun:1,shareholder,noun,股东,n 股东,/'ʃɛrholdɚ/,/ˈʃeəhəʊldə(r)/,Shareholders have been told to expect an even lower result next year.,股东们被告知明年的业绩还会更差。
en:shed:verb:1,shed,verb,流出,v 流出,/ʃɛd/,/ʃed/,Too much blood has already been shed in this conflict.,这次冲突已经造成太多的伤亡了。
en:sheer:adjective:1,sheer,adjective,纯粹的,adj 纯粹的,/ʃɪr/,/ʃɪə(r)/,I’ll never forget the look of sheer joy on her face.,我永远也不会忘记她满脸喜悦的神情。
en:shepherd:verb:1,shepherd,verb,引导，带领,v 引导，带领,/'ʃɛpɚd/,/'ʃepəd/,german shepherd,德国牧羊犬；阿尔萨斯狼犬；德国警犬（等于German police dog）
en:shift:verb:1,shift,verb,转变,v 转变,/ʃɪft/,/ʃɪft/,Attitudes to mental illness have shifted in recent years.,对精神病的态度近年来已稍微有所改变。
en:shot:noun:1,shot,noun,照相，照片,n 照相，照片,/ʃɑt/,/ʃɒt/,We hired a photographer to take some publicity shots .,我们雇了个摄影师来拍宣传照。
en:shrewd:adjective:1,shrewd,adjective,精明的,adj 精明的,/ʃrud/,/ʃru:d/,Malcolm is a shrewd businessman.,马尔科姆是个精明的商人。
en:shrink:verb:1,shrink,verb,缩减，缩小,v 缩减，缩小,/ʃrɪŋk/,/ʃrɪŋk/,I’m worried about washing that shirt in case it shrinks.,我不太敢洗那件衬衫，怕它会缩水。
en:shrug:verb:1,shrug,verb,耸肩,v 耸肩,/ʃrʌɡ/,/ʃrʌɡ/,I just shrugged my shoulders and ignored him.,我只是耸耸肩，没有理睬他。
en:shuttle:noun:1,shuttle,noun,航天飞机,n 航天飞机,/'ʃʌtl/,/'ʃʌtl/,They stand guard with weapons as the human survivors of the battle are marched onto the shuttle.,他们站在一起用武器护卫着战后的人类幸存者鱼贯进入航天飞机。
en:signal:verb:1,signal,verb,标志,v 标志,/'sɪgnl/,/'sɪɡnəl/,signal processing,信号处理
en:significant:adjective:1,significant,adjective,重要的,adj 重要的,/sɪɡ'nɪfɪkənt/,/sɪgˈnɪfɪkənt/,His most significant political achievement was the abolition of the death penalty.,他政治上最重大的成就是废除了死刑。
en:signify:verb:1,signify,verb,表明，象征,v 表明，象征,/'sɪɡnɪfaɪ/,/'sɪɡnɪfaɪ/,Some tribes use special facial markings to signify status.,有些部落使用特殊的面部标记来表示地位。
en:simultaneous:adjective:1,simultaneous,adjective,同步的,adj 同步的,"/,saɪml'tenɪəs/",/ˌsɪmlˈteɪniəs/,They grabbed each other’s hands in simultaneous panic.,他们俩同时惊慌起来，相互抓住对方的手。
en:skeptical:adjective:1,skeptical,adjective,怀疑的,adj 怀疑的,/'skɛptɪkl/,/'skeptɪkəl/,So how do we strengthen our skeptical skills?,那么，我们如何加强自身的怀疑技能呢？
en:skip:verb:1,skip,verb,跳过,v 跳过,/skɪp/,/skɪp/,I decided to skip the first chapter.,我决定跳过第一章。
en:skyrocket:verb:1,skyrocket,verb,猛增,v 猛增,/'skaɪ'rɑkɪt/,/'skaɪrɒkɪt/,The trade deficit has skyrocketed.,贸易逆差已经急剧增长。
en:skyscraper:noun:1,skyscraper,noun,摩天大楼,n 摩天大楼,/'skaɪ'skrepɚ/,/'skaɪskreɪpə(r)/,The skyscraper towers into the clouds.,那幢摩天大楼高耸入云。
en:slack:adjective:1,slack,adjective,疲软的，萧条的,adj 疲软的，萧条的,/slæk/,/slæk/,Business remained slack throughout the day.,一整天生意都很冷清。
en:slash:verb:1,slash,verb,削减,v 削减,/slæʃ/,/slæʃ/,Someone had slashed the tires.,有人把轮胎割破了。
en:slight:adjective:1,slight,adjective,轻微的,adj 轻微的,/slaɪt/,/slaɪt/,a slight improvement,些许的改进
en:slim:adjective:1,slim,adjective,苗条的,adj 苗条的,/slɪm/,/slɪm/,a slim young woman,身材苗条的年轻女子
en:smuggle:verb:1,smuggle,verb,走私,v 走私,/'smʌgl/,/'smʌɡl/,"My message is ""If you try to smuggle drugs you are stupid.""",我的讯息是，“你若企图走私毒品，那是犯傻。”
en:solid:adjective:1,solid,adjective,坚实的，稳固的,adj 坚实的，稳固的,/'sɑlɪd/,/'sɒlɪd/,The lake was frozen solid .,湖水冻得结结实实。
en:solution:noun:1,solution,noun,解决，溶液,n 解决，溶液,/sə'luʃən/,/səˈlu:ʃn/,The best solution would be for them to separate.,最好的解决方法是他们分开。
en:soothe:verb:1,soothe,verb,安慰，减轻,v 安慰，减轻,/sʊð/,/su:ð/,Lucy soothed the baby by rocking it in her arms.,露西把宝宝抱在怀里摇晃着，让他安静下来。
en:sophisticated:adjective:1,sophisticated,adjective,复杂的，老于世故的,adj 复杂的，老于世故的,/sə'fɪstɪketɪd/,/səˈfɪstɪkeɪtɪd/,sophisticated software,很先进的软件
en:spacious:adjective:1,spacious,adjective,宽敞的,adj 宽敞的,/'speʃəs/,/ˈspeɪʃəs/,a spacious living area,宽敞的居住空间
en:specialist:noun:1,specialist,noun,专家,n 专家,/'spɛʃəlɪst/,/'speʃəlɪst/,a heart specialist,心脏专科医生
en:species:noun:1,species,noun,物种,n 物种,/'spiʃiz/,/'spi:ʃi:z/,Seven species of birds of prey have been observed.,已有七种猛禽被观察到。
en:specific:adjective:1,specific,adjective,具体的,adj 具体的,/spɪ'sɪfɪk/,/spəˈsɪfɪk/,games suitable for specific age groups,适合特定年龄组的游戏
en:specification:noun:1,specification,noun,说明书,n 说明书,/'spɛsəfə'keʃən/,/ˌspesɪfɪˈkeɪʃn/,The bolts met all the engineering specifications .,这些螺栓符合所有的工程设计规格。
en:spectacle:noun:1,spectacle,noun,景象,n 景象,/'spɛktəkl/,/ˈspektəkl/,a multimedia dance and opera spectacle,盛大的多媒体舞蹈戏剧表演
en:sponsor:verb:1,sponsor,verb,"赞助, 赞助商","v 赞助, 赞助商",/'spɑnsɚ/,/'spɒnsə(r)/,The competition was sponsored by British Airways.,此项比赛由英国航空公司赞助。
en:spot:noun:1,spot,noun,点,n 点；v 发现,/spɑt/,/spɒt/,a nice quiet spot on the beach,海滩上一个安静的好地方
en:spread:verb:1,spread,verb,传播，扩散,v 传播，扩散,/sprɛd/,/spred/,"The industrial revolution, which started a couple of hundred years ago in Europe, is now spreading across the world.",几百年前始于欧洲的工业革命现在正向全世界扩散。
en:squalor:noun:1,squalor,noun,肮脏,n 肮脏,/'skwɔlɚ/,/ˈskwɒlə(r)/,We lived in squalor for a year and a half.,我们在肮脏的环境里住了一年半。
en:standardize:verb:1,standardize,verb,标准化,v 标准化,/'stændɚdaɪz/,/'stændədaɪz/,Attempts to standardize English spelling have never been successful.,统一英语拼写的尝试从未成功过。
en:startle:verb:1,startle,verb,使惊讶,v 使惊讶,/'stɑrtl/,/'stɑ:tl/,"Sorry, I didn’t mean to startle you.",抱歉，我不是故意吓你一跳的。
en:steady:adjective:1,steady,adjective,稳定的,adj 稳定的,/'stɛdi/,/'stedɪ/,Paul is making steady progress.,保罗逐渐在进步。
en:stereotype:noun:1,stereotype,noun,刻板印象，固有印象,n 刻板印象，固有印象,/'stɛrɪətaɪp/,/'sterɪətaɪp/,,
en:stimulate:verb:1,stimulate,verb,刺激，激励,v 刺激，激励,/'stɪmjə'let/,/'stɪmjʊleɪt/,Her interest in art was stimulated by her father.,她对艺术的兴趣是她父亲激发的。
en:stockbroker:noun:1,stockbroker,noun,股票经理人,n 股票经理人,/'stɑkbrokɚ/,/'stɒkbrəʊkə(r)/,"Over the next five months, every one of them discouraged me from becoming a stockbroker.",接下来的五个月中，他们每个人都劝阻我不要做股票经纪人。
en:stove:noun:1,stove,noun,炉子,n 炉子,/stov/,/stəuv/,a wood-burning stove,烧木柴的火炉
en:straightforward:adjective:1,straightforward,adjective,直接的,adj 直接的,"/,stret'fɔrwɚd/",/ˌstreɪtˈfɔ:wəd/,"In this example, we will use the most straightforward method of all -- writing our object reference to a file that will be picked up by our client.",在这个示例中，我们将使用所有方法中最直截了当的一种 — 将对象引用写入一个文件，该 文件将由客户机选取。
en:strain:noun:1,strain,noun,压力,n 压力,/stren/,/streɪn/,These four posts take the strain of the whole structure.,这四根柱子承受着整个结构的压力。
en:strategy:noun:1,strategy,noun,策略,n 策略,/'strætədʒi/,/'strætədʒɪ/,the government’s long-term economic strategy,政府的长期经济策略
en:stray:noun:1,stray,noun,迷路，流浪,n 迷路，流浪,/stre/,/streɪ/,This will limit the number of stray dogs in the area.,这将会减少流浪狗在这一区域的数量。
en:stress:verb:1,stress,verb,强调,v 强调,/strɛs/,/stres/,Crawford stressed the need for more housing downtown.,克劳福德强调市中心需要建更多的住宅。
en:strike:noun:1,strike,noun,罢工,n 罢工,/straɪk/,/straɪk/,The government has promised that the army will be called in to help if there is a firemen’s strike.,政府承诺，如消防员罢工，就将调军队来协助。
en:strip:noun:1,strip,noun,狭长的一块,n 狭长的一块,/strɪp/,/strɪp/,a strip of sand between the cliffs and the sea,悬崖和大海之间的一块狭长沙地
en:stuff:noun:1,stuff,noun,材料，东西,n 材料，东西,/stʌf/,/stʌf/,I’ve got some sticky stuff on my shoe.,我鞋子上有什么黏糊糊的东西。
en:submerge:verb:1,submerge,verb,淹没,v 淹没,/səb'mɝdʒ/,/səb'mɜ:dʒ/,The tunnel entrance was submerged by rising sea water.,隧道入口被涨起的海水淹没。
en:submit:verb:1,submit,verb,提交,v 提交,/səb'mɪt/,/səb'mɪt/,They submitted their reports to the chancellor yesterday.,他们昨天向财政大臣提交了他们的报告。
en:subsidy:noun:1,subsidy,noun,补助,n 补助,/'sʌbsədi/,/'sʌbsədɪ/,European farmers are planning a massive demonstration against farm subsidy cuts.,欧洲的农场主们正在策划一场反对削减农场补贴的大游行。
en:substance:noun:1,substance,noun,物质,n 物质,/'sʌbstəns/,/'sʌbstəns/,The leaves were covered with a strange sticky substance.,树叶上覆着一层黏糊糊的怪东西。
en:subtle:adjective:1,subtle,adjective,微妙的,adj 微妙的,/'sʌtl/,/'sʌtl/,"The pictures are similar, but there are subtle differences between them.",这些图片很相似，但它们之间有细微的差别。
en:suburban:adjective:1,suburban,adjective,郊区的,adj 郊区的,/sə'bɝbən/,/səˈbɜ:bən/,"a quiet, suburban street",一条安静的郊区街道
en:supervisor:noun:1,supervisor,noun,督导,n 督导,/'supɚvaɪzɚ/,/ˈsu:pəvaɪzə(r)/,...a full-time job as a supervisor at a factory.,…在一家工厂担任监督员的一项全职工作。
en:surgical:adjective:1,surgical,adjective,手术的,adj 手术的,/'sɝdʒɪkl/,/ˈsɜ:dʒɪkl/,surgical techniques,外科技术
en:suspect:verb:1,suspect,verb,怀疑,v 怀疑；n 嫌疑犯,/sʌspɛkt; (for v.) səˈspɛkt/,/sə'spekt/,She strongly suspected he was lying to her.,她非常怀疑他在对她撒谎。
en:suspicious:adjective:1,suspicious,adjective,怀疑的,adj 怀疑的,/sə'spɪʃəs/,/səˈspɪʃəs/,His reluctance to answer my questions made me suspicious .,他不愿回答我的问题，这引起我的怀疑。
en:sway:verb:1,sway,verb,影响,v 影响,/swe/,/sweɪ/,Don’t allow yourself to be swayed by his promises.,你可不要听了他的许诺就改变主意呀。
en:switch:verb:1,switch,verb,转换,v 转换,/swɪtʃ/,/swɪtʃ/,The terrorists will switch tactics .,恐怖分子会改变战术。
en:sympathetic:adjective:1,sympathetic,adjective,同情的,adj 同情的,"/,sɪmpə'θɛtɪk/",/ˌsɪmpəˈθetɪk/,a sympathetic friend,一个有同情心的朋友
en:symptom:noun:1,symptom,noun,症状,n 症状,/'sɪmptəm/,/'sɪmptəm/,One of the most common symptoms of schizophrenia is hearing imaginary voices.,精神分裂症最常见的症状之一是幻听。
en:tackle:verb:1,tackle,verb,解决，处理,v 解决，处理,/'tækl/,/'tækl/,There is more than one way to tackle the problem.,解决这个问题不止一个办法。
en:tangled:adjective:1,tangled,adjective,复杂的，纠缠的,adj 复杂的，纠缠的,/'tæŋgld/,/'tæŋɡld/,Your bedclothes are all tangled up.,你的床褥乱糟糟的。
en:tank:noun:1,tank,noun,水箱,n 水箱,/tæŋk/,/tæŋk/,The water tank is leaking.,水箱在漏水。
en:temptation:noun:1,temptation,noun,诱惑,n 诱惑,/tɛmp'teʃən/,/tempˈteɪʃn/,Resist the temptation to buy the item until you’re certain you need it.,要抵挡住购买的诱惑，除非你确有需要。
en:testify:verb:1,testify,verb,证明，检验,v 证明，检验,/'tɛstɪfaɪ/,/'testɪfaɪ/,Mr Molto has agreed to testify at the trial.,莫尔托先生已经同意出庭作证。
en:testimony:noun:1,testimony,noun,证词,n 证词,/'tɛstə'moni/,/'testɪmənɪ/,Barker’s testimony is crucial to the prosecution’s case.,巴克的证词对控方的指控起到了关键作用。
en:texture:verb:1,texture,verb,质地,v 质地,/'tɛkstʃɚ/,/'tekstʃə(r)/,This cloth has a silky texture.,这种布具有丝的质地。
en:therapy:noun:1,therapy,noun,疗法,n 疗法,/'θɛrəpi/,/'θerəpɪ/,new drug therapies,新的药物疗法
en:threat:noun:1,threat,noun,威胁,n 威胁,/θrɛt/,/θret/,Your threats don’t scare me.,你的那些威胁吓不倒我。
en:threaten:verb:1,threaten,verb,威胁,v 威胁,/'θrɛtn/,/'θretn/,Postal workers are threatening a strike if they don’t receive a pay increase.,邮政工人威胁如果不加薪，他们就要罢工。
en:threshold:noun:1,threshold,noun,门槛,n 门槛,/'θrɛʃhold/,/'θreʃhəʊld/,She opened the door and stepped across the threshold.,她打开门，跨过门槛。
en:tough:adjective:1,tough,adjective,困难的，粗暴的,adj 困难的，粗暴的,/tʌf/,/tʌf/,It was a tough race.,比赛打得很艰难。
en:trace:verb:1,trace,verb,追踪,v 追踪,/tres/,/treɪs/,Sondheim’s book traces the changing nature of the relationship between men and women.,桑德海姆的这本书研究了男女关系性质的变化。
en:track:verb:1,track,verb,追踪,v 追踪；n 轨迹，踪迹,/træk/,/træk/,Police have been tracking the four criminals all over Central America.,警方一直在中美洲到处追捕这四名罪犯。
en:tragedy:noun:1,tragedy,noun,悲剧,n 悲剧,/'trædʒədi/,/'trædʒədɪ/,The tragedy happened as they were returning home from a night out.,悲剧发生在他们夜里外出归来的路上。
en:trap:verb:1,trap,verb,捕捉,v 捕捉,/træp/,/træp/,The locals were encouraged to trap and kill mice to stop the spread of the virus.,当地人被鼓励用捕捉器捕杀老鼠以阻止病毒的传播。
en:trend:noun:1,trend,noun,趋势,n 趋势,/trɛnd/,/trend/,The current trend is towards more part-time employment.,当前的趋势是雇用更多的兼职人员。
en:trigger:verb:1,trigger,verb,引发，引起,v 引发，引起,/'trɪɡɚ/,/'trɪɡə(r)/,The assassination triggered off a wave of rioting.,这次暗杀事件引发了一阵骚乱。
en:tropical:adjective:1,tropical,adjective,热带的,adj 热带的,/'trɑpɪkl/,/ˈtrɒpɪkl/,the tropical rain forests,热带雨林
en:tuition:noun:1,tuition,noun,学费,n 学费,/tʊ'ɪʃən/,/tjuˈɪʃn/,I had to have extra tuition in maths.,我不得不上数学补习课。
en:turbulence:noun:1,turbulence,noun,喧嚣；气流,n 喧嚣；气流,/'tɝbjələns/,/'tɜ:bjələns/,atmospheric turbulence,大气湍流；湍馏气
en:turtle:noun:1,turtle,noun,海龟,n 海龟,/'tɝtl/,/'tɜ:tl/,...a pet turtle.,…一只宠物龟。
en:tutor:verb:1,tutor,verb,辅导,v 辅导,/'tʊtɚ/,/'tju:tə(r)/,He was privately tutored.,他是由家庭教师教的。
en:twist:verb:1,twist,verb,扭曲,v 扭曲,/twɪst/,/twɪst/,Her hands began to twist the handles of the bag she carried.,她的双手开始拧她拎着的那个包的拎柄。
en:typical:adjective:1,typical,adjective,典型的,adj 典型的,/'tɪpɪkl/,/ˈtɪpɪkl/,typical British weather,典型的英国天气
en:uncertain:adjective:1,uncertain,adjective,不确定的,adj 不确定的,/ʌn'sɝtn/,/ʌnˈsɜ:tn/,My whole future now seemed uncertain.,现在我的前途似乎是个未知数。
en:undecided:adjective:1,undecided,adjective,不确定的,adj 不确定的,"/,ʌndɪ'saɪdɪd/",/ˌʌndɪˈsaɪdɪd/,After college she was still undecided as to what career she wanted to pursue.,大学毕业后她仍无法决定自己要追求什么事业。
en:underestimate:verb:1,underestimate,verb,低估,v 低估,/ˌʌndərˈestɪmeɪt/,/ˌʌndər'estɪmeɪt/,None of us should ever underestimate the degree of difficulty women face in career advancement.,我们谁都不应低估妇女在职业发展中所面临的困难程度。
en:underfunded:adjective:1,underfunded,adjective,资金不足的,adj 资金不足的,,/ˌʌndəˈfʌndɪd/,For years we have argued that the FDA is underfunded.,数年来我们一直在讲食品及药物管理局经费不足。
en:underlying:adjective:1,underlying,adjective,潜在的，基础的,adj 潜在的，基础的,"/,ʌndɚ'laɪɪŋ/",/ˌʌndəˈlaɪɪŋ/,To stop a problem you have to understand its underlying causes.,要解决问题，你得了解其潜在原因。
en:undertake:verb:1,undertake,verb,承担；着手，开始,v 承担；着手，开始,"/,ʌndɚ'tek/",/ˌʌndə'teɪk/,He undertook to pay the money back in six months.,他保证在六个月之内还钱。
en:undertaking:noun:1,undertaking,noun,任务，事情,n 任务，事情,/'ʌndɚ'tekɪŋ/,/ˌʌndəˈteɪkɪŋ/,Starting a new business can be a risky undertaking.,创办新企业有时是一件有风险的事情。
en:undocumented:adjective:1,undocumented,adjective,无证明的,adj 无证明的,"/,ʌn'dɑkjumɛntɪd/",/ˌʌn'dɒkjʊmentɪd/,"The place is rife with smugglers, dealers, undocumented immigrants, and slaves.",这里到处都是走私者、交易商、无证移民甚至奴隶。
en:unethical:adjective:1,unethical,adjective,不道德的,adj 不道德的,/ʌn'ɛθɪkl/,/ʌnˈeθɪkl/,unethical medical practices,不道德的医疗行为
en:uneven:adjective:1,uneven,adjective,不均衡的,adj 不均衡的,/ʌn'ivən/,/ʌnˈi:vn/,She walked back carefully over the uneven ground.,她小心翼翼地从凹凸不平的地面上走回来。
en:unexpected:adjective:1,unexpected,adjective,意想不到的,adj 意想不到的,/'ʌnɪk'spɛktɪd/,/ˌʌnɪkˈspektɪd/,The experiment produced some unexpected results.,这次试验产生了一些意想不到的结果。
en:unified:adjective:1,unified,adjective,统一的,adj 统一的,/'ju:nifaid/,/'ju:nɪfaɪd/,a unified approach,统一的方法
en:unprecedented:adjective:1,unprecedented,adjective,史无前例的,adj 史无前例的,/ʌn'prɛsɪdɛntɪd/,/ʌnˈpresɪdentɪd/,"Such a move is rare, but not unprecedented.",这样的举动少见，但并非从来没有过。
en:unrealistic:adjective:1,unrealistic,adjective,不现实的,adj 不现实的,"/,ʌnriə'lɪstɪk/",/ˌʌnrɪəˈlɪstɪk/,Some parents have totally unrealistic expectations of teachers.,有些家长对老师抱着完全不切实际的期望。
en:unstable:adjective:1,unstable,adjective,不稳定的,adj 不稳定的,/ʌn'stebl/,/ʌnˈsteɪbl/,The political situation is still very unstable.,政局依然非常动荡。
en:untiring:adjective:1,untiring,adjective,不知疲倦的,adj 不知疲倦的,/ʌn'taɪrɪŋ/,/ʌnˈtaɪərɪŋ/,untiring efforts to help the homeless,帮助无家可归者的不懈努力
en:untrustworthy:adjective:1,untrustworthy,adjective,不值得信任的，怀疑的,adj 不值得信任的，怀疑的,/ʌn'trʌstwɝði/,/ʌnˈtrʌstwɜ:ði/,"I think he is shallow, vain and untrustworthy.",我觉得他肤浅、虚荣，并不值得信赖。
en:urban:adjective:1,urban,adjective,城市的，都市的,adj 城市的，都市的,/'ɝbən/,/'ɜ:bən/,unemployment in urban areas,城市地区的失业状况
en:urbanization:noun:1,urbanization,noun,城市化,n 城市化,"/,ɝbənɪ'zeʃən/",/ˌɜ:bənaɪ'zeɪʃn/,"Much of this, she says, is due to increased urbanization.",而这些，主要是由于不断增加的都市化造成的。
en:urge:verb:1,urge,verb,催促,v 催促,/ɝdʒ/,/ɜ:dʒ/,The charity urged quick action.,慈善机构敦促迅速采取行动。
en:urgent:adjective:1,urgent,adjective,急迫的,adj 急迫的,/'ɝdʒənt/,/ˈɜ:dʒənt/,He was in urgent need of medical attention.,他急需治疗。
en:utilization:noun:1,utilization,noun,利用,n 利用,/ˌjuːtəlaɪ'zeɪʃn/,/ˌju:təlaɪ'zeɪʃn/,"For someone to realize the value of information, you need to organize data to permit rapid discovery and utilization.",要使某人实现信息的价值，您需要相应地组织数据以允许快速的发现和利用。
en:validity:noun:1,validity,noun,有效性，真实性,n 有效性，真实性,/və'lɪdəti/,/vəˈlɪdəti/,So that satisfies the definition of validity.,所以这满足了有效性的定义。
en:variation:noun:1,variation,noun,变化,n 变化,"/,vɛrɪ'eʃən/",/ˌveəriˈeɪʃn/,Most of his poems are variations on the theme of love.,他的大部分诗作都是有关爱情主题的形式不同的作品。
en:vary:verb:1,vary,verb,变化,v 变化,/ˈveri/,/'veərɪ/,Quentin’s mood seems to vary according to the weather.,昆廷的情绪似乎随天气而变化。
en:vegetarian:noun:1,vegetarian,noun,素食主义者,n 素食主义者,/ˌvedʒə'teriən/,/ˌvedʒə'teərɪən/,Our youngest daughter is a vegetarian.,我们的小女儿是个素食主义者。
en:vehicle:noun:1,vehicle,noun,车辆,n 车辆,/'viːɪkl/,/ˈvi:əkl/,a description of the stolen vehicle,对被盗车辆的描述
en:vessel:noun:1,vessel,noun,血管,n 血管,/'vɛsl/,/ˈvesl/,a burst blood vessel,破裂的血管
en:victim:noun:1,victim,noun,受害者,n 受害者,/'vɪktɪm/,/ˈvɪktɪm/,The victim received head injuries from which she died a week later.,受害人头部受伤，一周后死亡。
en:view:verb:1,view,verb,看待,v 看待,/vju/,/vju:/,an opportunity to view the film before it goes on general release,在影片公映之前观影的机会
en:viewpoint:noun:1,viewpoint,noun,观点,n 观点,/'vjupɔɪnt/,/ˈvju:pɔɪnt/,Different viewpoints produce different images.,角度不同，产生的画面也不同。
en:violation:noun:1,violation,noun,违反,n 违反,"/,vaɪə'leʃən/",/ˌvaɪə'leɪʃn/,human rights violations,违反人权
en:violent:adjective:1,violent,adjective,暴力的,adj 暴力的,/'vaɪələnt/,/ˈvaɪələnt/,the increase in violent crime,暴力犯罪的增多
en:virtual:adjective:1,virtual,adjective,实际的，虚拟的,adj 实际的，虚拟的,/[ˈvɜ:rtʃuəl]/,/ˈvɜ:tʃuəl/,The website allows you to take a virtual tour of the art gallery.,这个网站可让你对美术馆作一番虚拟参观。
en:virtually:adverb:1,virtually,adverb,几乎,adv 几乎,/ˈvɜrtʃuəli/,/ˈvɜ:tʃuəli/,Virtually all the children come to school by bus.,几乎所有的孩子都乘公交车上学。
en:virus:noun:1,virus,noun,病毒,n 病毒,/'vaɪrəs/,/'vaɪrəs/,children infected with the Aids virus,感染艾滋病病毒的儿童
en:vitamin:noun:1,vitamin,noun,维他命,n 维他命,/'vaɪtəmɪn/,/'vɪtəmɪn/,"If you give your child a vitamin, perhaps you should stick with this classic.",如果你给你的孩子服用一种维他命，可能你需要坚持这一个原则。
en:vulnerable:adjective:1,vulnerable,adjective,"脆弱的, 易受影响的","adj 脆弱的, 易受影响的",/'vʌlnərəbl/,/ˈvʌlnərəbl/,He took advantage of me when I was at my most vulnerable.,他在我最脆弱的时候利用了我。
en:welfare:noun:1,welfare,noun,福利,n 福利,/'wɛl'fɛr/,/'welfeə(r)/,Our only concern is the children’s welfare.,我们唯一关心的是孩子们的幸福。
en:widespread:adjective:1,widespread,adjective,广泛传播的,adj 广泛传播的,/ˈwʌɪdsprɛd/,/ˈwaɪdspred/,the widespread use of chemicals in agriculture,化学品在农业中的广泛使用
en:wildfire:noun:1,wildfire,noun,森林大火,n 森林大火,/'waɪldfaɪɚ/,/ˈwaɪldfaɪə(r)/,...a wildfire in Montana that's already burned thousands of acres of rich grassland.,...已经烧毁几千英亩肥沃草地的蒙大拿州野火。
en:wildlife:noun:1,wildlife,noun,野生动物,n 野生动物,/'waɪldlaɪf/,/ˈwaɪldlaɪf/,measures to protect the area’s wildlife,保护该地区野生生物的措施
en:wishful:adjective:1,wishful,adjective,一厢情愿的,adj 一厢情愿的,/'wɪʃfəl/,/'wɪʃfəl/,Stop your wishful thinking and be glad for what you do have instead of always wanting more.,别再一厢情愿的妄想了，高高兴兴的接受你已经有的，别再奢求更多了。
en:wonder:verb:1,wonder,verb,想知道，好奇,v 想知道，好奇,/'wʌndɚ/,/'wʌndə(r)/,"What are they going to do now, I wonder ?",我想知道，他们现在打算怎么办呢？
en:workload:noun:1,workload,noun,工作量,n 工作量,/'wɝklod/,/ˈwɜ:kˌləʊd/,She’s struggling to cope with the heavy workload .,她在努力应付繁重的工作量。
en:yield:verb:1,yield,verb,产生,v 产生,/jild/,/ji:ld/,Our research has only recently begun to yield important results.,直到最近我们的研究才开始取得重要成果。
en:deposit:verb:1,deposit,verb,存放,v 存放；n 存款,/dɪ'pɑzɪt/,/dɪˈpɒzɪt/,The female deposits her eggs directly into the water.,雌性把卵直接产在水中。
en:receptionist:noun:1,receptionist,noun,接待员,n 接待员,/rɪ'sɛpʃənɪst/,/rɪˈsepʃənɪst/,You tell the receptionist that you are expecting a call from this client and to put them through.,你告诉传达员你正在等待一个来自这个客户的电话，并允许将他们接进来。
en:particle:noun:1,particle,noun,粒子，微粒,n 粒子，微粒,/'pɑrtɪkl/,/ˈpɑ:tɪkl/,dust particles,尘埃
en:furnish:verb:1,furnish,verb,提供,v 提供,/'fɝnɪʃ/,/ˈfɜ:nɪʃ/,Will these finds furnish more information on prehistoric man?,这些发现是否能提供更多有关史前人类的资料？
en:elaborately:adverb:1,elaborately,adverb,复杂地，精心设计地,adv 复杂地，精心设计地,/ɪ'læbərɪtli/,/ɪ'læbərətlɪ/,He elaborately devised a new computer.,他精心设计了一台新电脑。
en:infectious:adjective:1,infectious,adjective,感染的，传染的,adj 感染的，传染的,/ɪn'fɛkʃəs/,/ɪnˈfekʃəs/,infectious diseases,传染性疾病
en:diagnose:verb:1,diagnose,verb,诊断,v 诊断,"/,daɪəɡ'nos/",/ˈdaɪəgnəʊz/,How did they diagnose you?,他们怎么给你的诊断的？
en:cripple:noun:1,cripple,noun,残疾，跛子,n 残疾，跛子,/'krɪpl/,/ˈkrɪpl/,"She has gone from being a healthy, fit, and sporty young woman to being a cripple.",她从一个健康、强壮、爱好体育运动的年轻姑娘变成了一个残疾人。
en:aggressive:adjective:1,aggressive,adjective,挑衅的,adj 挑衅的,/ə'ɡrɛsɪv/,/əˈgresɪv/,Jim’s voice became aggressive.,吉姆的声音凶了起来。
en:aptly:adverb:1,aptly,adverb,适当地,adv 适当地,/'æptli/,/ˈæptlɪ/,The aptly named Skyline Restaurant provides spectacular views of the city below.,天际餐厅名副其实，可以俯瞰城市美景。
en:assimilate:verb:1,assimilate,verb,同化,v 同化,/ə'sɪməlet/,/əˈsɪməleɪt/,There is every sign that new Asian-Americans are just as willing to assimilate.,各种迹象表明新的亚裔美籍人简直一样愿意被同化。
en:consistent:adjective:1,consistent,adjective,一致的,adj 一致的,/kən'sɪstənt/,/kənˈsɪstənt/,She’s the team’s most consistent player.,她是该队中表现最为稳定的选手。
en:suspend:verb:1,suspend,verb,暂停,v 暂停,/sə'spɛnd/,/səˈspend/,Sales of the drug will be suspended until more tests are completed.,这种药品在完成进一步检验之前将暂停销售。
en:ingenuity:noun:1,ingenuity,noun,创造力,n 创造力,"/,ɪndʒə'nuəti/",/ˌɪndʒəˈnju:əti/,They suppress the ingenuity of our people and businesses.,它们抑制我们的人民和企业的创造力。
en:reserved:adjective:1,reserved,adjective,保留意见的；矜持的,adj 保留意见的；矜持的,/rɪ'zɝvd/,/rɪˈzɜ:vd/,"He was unemotional, quiet, and reserved.",他不动感情、安静而矜持。
en:unbiased:adjective:1,unbiased,adjective,公正的,adj 公正的,/ʌn'baɪəst/,/ʌnˈbaɪəst/,We aim to provide a service that is balanced and unbiased.,我们的目标是提供一种公平公正的服务。
en:disposal:noun:1,disposal,noun,支配；处理,n 支配；处理,/dɪ'spozl/,/dɪˈspəʊzl/,bomb disposal experts,拆弹专家
en:inferior:adjective:1,inferior,adjective,比……差,adj 比……差,/ɪn'fɪrɪɚ/,/ɪnˈfɪəriə(r)/,I felt very inferior among all those academics.,与那些大学教师在一起，我自惭形秽。
en:stabilize:verb:1,stabilize,verb,使稳固，使安定,v 使稳固，使安定,/'stebəlaɪz/,/ˈsteɪbəlaɪz/,The patient’s condition has now stabilized.,病人的情况现已稳定下来了。
en:fertility:noun:1,fertility,noun,多产，肥沃,n 多产，肥沃,/fɚ'tɪləti/,/fəˈtɪləti/,soil fertility,土壤肥力；地力
en:bleak:adjective:1,bleak,adjective,荒凉的,adj 荒凉的,/blik/,/bli:k/,a bleak January afternoon,一月里一个阴冷的下午
en:soar:verb:1,soar,verb,高飞,v 高飞,/sɔr/,/sɔ:(r)/,Adam’s smile sent her spirits soaring .,亚当的微笑让她飘飘然了。
en:optimism:noun:1,optimism,noun,乐观,n 乐观,/'ɑptɪmɪzəm/,/ˈɒptɪmɪzəm/,There are grounds for cautious optimism.,有理由保持谨慎乐观。
en:ambition:noun:1,ambition,noun,野心，报复,n 野心，报复,/æm'bɪʃən/,/æmˈbɪʃn/,He was young and full of ambition.,他年轻，而且雄心勃勃。
en:pragmatic:adjective:1,pragmatic,adjective,务实的，讲求实际的,adj 务实的，讲求实际的,/præg'mætɪk/,/prægˈmætɪk/,Williams took a more pragmatic approach to management problems.,威廉斯在管理问题上采用的是一种更务实的做法。
en:compromise:verb:1,compromise,verb,妥协；危害,v 妥协；危害,/'kɑmprəmaɪz/,/ˈkɒmprəmaɪz/,She admitted that she was unable to compromise.,她承认自己无法作出妥协。
en:perpetual:adjective:1,perpetual,adjective,永久的,adj 永久的,/pɚ'pɛtʃuəl/,/pəˈpetʃuəl/,the perpetual snows of the mountaintops,山顶的终年积雪
en:dispensable:adjective:1,dispensable,adjective,可有可无的,adj 可有可无的,/dɪ'spɛnsəbl/,/dɪˈspensəbl/,Part-time workers are considered dispensable.,兼职工作人员被认为是可有可无的。
en:assault:noun:1,assault,noun,攻击,n 攻击,/ə'sɔlt/,/əˈsɔ:lt/,a case of robbery and assault,一宗抢劫袭击案
en:transcend:verb:1,transcend,verb,超越,v 超越,/træn'sɛnd/,/trænˈsend/,The desire for peace transcended political differences.,对和平的渴望超越了政治分歧。
en:inherent:adjective:1,inherent,adjective,固有的,adj 固有的,/ɪn'hɪrənt/,/ɪnˈhɪərənt/,Every business has its own inherent risks.,每笔生意本身都有风险。
en:baffle:verb:1,baffle,verb,使迷惑，困惑,v 使迷惑，困惑,/'bæfl/,/ˈbæfl/,The question baffled me completely.,这个问题把我彻底难倒了。
en:stain:noun:1,stain,noun,污渍，污点,n 污渍，污点,/sten/,/steɪn/,Remove stains by soaking in a mild solution of bleach.,用温和的漂白溶液浸泡以去除污渍。
en:peer:noun:1,peer,noun,同龄人,n 同龄人,/pɪr/,/pɪə(r)/,American children did less well in math than their peers in Japan.,美国儿童的数学成绩不如日本的同龄儿童。
en:isolate:verb:1,isolate,verb,使隔离,v 使隔离,/aɪslˌet/,/ˈaɪsəleɪt/,The town was isolated by the floods.,洪水使该镇与外界隔绝。
en:abolition:noun:1,abolition,noun,废除,n 废除,"/,æbə'lɪʃən/",/ˌæbəˈlɪʃn/,The abolition of slavery in Brazil and the Caribbean closely followed the pattern of the United States.,巴西和加勒比海地区对奴隶制的废除很大程度上遵循了美国的模式。
en:slavery:noun:1,slavery,noun,奴隶制度,n 奴隶制度,/'slevəri/,/ˈsleɪvəri/,attempts to abolish slavery,废除奴隶制的努力
en:script:noun:1,script,noun,脚本，剧本,n 脚本，剧本,/skrɪpt/,/skrɪpt/,They write all their own scripts.,他们所有的剧本都是自己写的。
en:manuscript:noun:1,manuscript,noun,手稿,n 手稿,/'mænjuskrɪpt/,/ˈmænjuskrɪpt/,"Unfortunately, parts of the original manuscript have been lost.",遗憾的是，部分原始手稿丢失了。
en:trait:noun:1,trait,noun,特点,n 特点,/tret/,/treɪt/,The study found that some alcoholics had clear personality traits showing up early in childhood.,这项研究发现一些酗酒者早在孩童时就表现出明显的个性特征。
en:deviate:verb:1,deviate,verb,偏离,v 偏离,/'divɪet/,/ˈdi:vieɪt/,They stopped you as soon as you deviated from the script.,你一偏离剧本，他们就会叫停。
en:overwhelming:adjective:1,overwhelming,adjective,压倒性的,adj 压倒性的,"/,ovɚ'wɛlmɪŋ/",/ˌəʊvəˈwelmɪŋ/,There is overwhelming evidence that smoking damages your health.,有难以辩驳的证据表明吸烟有损健康。
en:successively:adverb:1,successively,adverb,接连着地，继续地,adv 接连着地，继续地,/sək'sɛsɪvli/,/sək'sesɪvlɪ/,,
en:visualize:verb:1,visualize,verb,想象,v 想象,/'vɪʒuəlaɪz/,/ˈvɪʒuəlaɪz/,I tried to visualize the house while he was describing it.,我一边听他描述，一边想象那房子的样子。
en:underrepresented:adjective:1,underrepresented,adjective,未被充分代表的,adj 未被充分代表的,"/'ʌndə,repri'zentid/",/ˌʌndəreprɪ'zentɪd/,,
en:tap:verb:1,tap,verb,"轻敲, 导出","v 轻敲, 导出",/tæp/,/tæp/,He tapped the table nervously with his fingers.,他紧张地用手指轻轻地敲打桌子。
en:extinguish:verb:1,extinguish,verb,熄灭；使消亡,v 熄灭；使消亡,/ɪk'stɪŋɡwɪʃ/,/ɪkˈstɪŋgwɪʃ/,Please extinguish all cigarettes.,请把香烟都熄灭了。
en:toxic:adjective:1,toxic,adjective,有毒的,adj 有毒的,/'tɑksɪk/,/ˈtɒksɪk/,fumes from a toxic waste dump,有毒废料堆产生的毒气
en:postdoctoral:adjective:1,postdoctoral,adjective,博士后的,adj 博士后的,"/,post'dɑktərəl/",/ˌpəʊstˈdɒktərəl/,Most postdoctoral work is funded by the research councils.,大部分的博士后的工作都是由研究会资助的。
en:recommend:verb:1,recommend,verb,推荐,v 推荐,/'rɛkə'mɛnd/,/ˌrekəˈmend/,I recommend the butter chicken - it’s delicious.,我推荐黄油焗鸡，非常好吃。
en:consultation:noun:1,consultation,noun,商议,n 商议,"/,kɑnsl'teʃən/",/ˌkɒnslˈteɪʃn/,They retired to another room for private consultation.,他们退到另一房间秘密磋商。
en:determine:verb:1,determine,verb,决定,v 决定,/dɪ'tɝmɪn/,/dɪˈtɜ:mɪn/,Investigators are still trying to determine the cause of the fire.,调查人员仍在设法弄清失火的原因。
en:confidential:adjective:1,confidential,adjective,机密的,adj 机密的,"/,kɑnfɪ'dɛnʃl/",/ˌkɒnfɪˈdenʃl/,a confidential government report,一份机密的政府报告
en:curriculum:noun:1,curriculum,noun,课程,n 课程,/kə'rɪkjələm/,/kəˈrɪkjələm/,Languages are an essential part of the school curriculum.,语言是学校课程中必不可少的部分。
en:cafeteria:noun:1,cafeteria,noun,自助餐厅,n 自助餐厅,"/,kæfə'tɪrɪə/",/ˌkæfəˈtɪəriə/,the school cafeteria,学校餐厅
en:trim:verb:1,trim,verb,修剪,v 修剪,/trɪm/,/trɪm/,Pete was trimming the lawn around the roses.,皮特在修剪玫瑰丛周围的草坪。
en:expel:verb:1,expel,verb,开除，驱逐,v 开除，驱逐,/ɪk'spɛl/,/ɪkˈspel/,More than five-thousand high school students have been expelled for cheating.,五千多名中学生因考试作弊而被开除。
en:refine:verb:1,refine,verb,精炼；使……文雅,v 精炼；使……文雅,/rɪ'faɪn/,/rɪˈfaɪn/,Oil is refined to remove naturally occurring impurities.,油经过提炼去除天然生成的杂质。
en:suicide:noun:1,suicide,noun,自杀,n 自杀,/'suɪsaɪd/,/ˈsu:ɪsaɪd/,More people commit suicide at Christmas than at any other time.,圣诞节期间自杀的人比其他任何时候都多。
en:manual:adjective:1,manual,adjective,手工的；体力的,adj 手工的；体力的,/'mænjuəl/,/ˈmænjuəl/,People in manual occupations have a lower life expectancy.,干体力活的人预期寿命较短。
en:alphabetical:adjective:1,alphabetical,adjective,按字母表顺序的,adj 按字母表顺序的,"/,ælfə'bɛtɪkl/",/ˌælfəˈbetɪkl/,The files are arranged in alphabetical order .,这些文件按字母顺序排列。
en:bloom:verb:1,bloom,verb,开花，茂盛,v 开花，茂盛,/blum/,/blu:m/,The roses bloom every few days.,玫瑰每隔几天开花。
en:fertilizer:noun:1,fertilizer,noun,肥料,n 肥料,/'fɝtəlaɪzɚ/,/ˈfɜ:təlaɪzə(r)/,"...farming without any purchased chemical, fertilizer or pesticide.",…不使用任何购买的化学品、肥料或杀虫剂的耕作。
en:plough:noun:1,plough,noun,犁,n 犁,/plaʊ/,/plaʊ/,There are new tractors and new ploughs in the machinery lot.,机器设备场里有新拖拉机和新耕犁。
en:affiliate:verb:1,affiliate,verb,使隶属于,v 使隶属于,/ə'fɪlɪet/,/əˈfɪlieɪt/,He wanted to affiliate with a U.S. firm because he needed expert advice in legal affairs.,他想成为一家美国公司的会员，因为他需要法律事务方面的专家意见。
en:hazardous:adjective:1,hazardous,adjective,危险的,adj 危险的,/'hæzɚdəs/,/ˈhæzədəs/,the disposal of hazardous waste,有害废弃物的处理
en:instantaneous:adjective:1,instantaneous,adjective,即时的，瞬间的,adj 即时的，瞬间的,"/,ɪnstən'tenɪəs/",/ˌɪnstənˈteɪniəs/,modern methods of instantaneous communication,现代的即时通信方法
en:intrinsic:adjective:1,intrinsic,adjective,本质的，固有的,adj 本质的，固有的,/ɪn'trɪnsɪk/,/ɪnˈtrɪnsɪk/,the intrinsic interest of the subject,该话题本身的趣味
en:paradox:noun:1,paradox,noun,悖论,n 悖论,/'pærədɑks/,/ˈpærədɒks/,The paradox is that fishermen would catch more fish if they fished less.,悖论就是: 如果渔夫减少捕鱼，反而会打到更多的鱼。
en:grateful:adjective:1,grateful,adjective,感激的,adj 感激的,/'ɡretfl/,/ˈgreɪtfl/,Our grateful thanks go to all who participated.,我们衷心感谢所有参与者。
en:modify:verb:1,modify,verb,改变,v 改变,/'mɑdɪfaɪ/,/ˈmɒdɪfaɪ/,The feedback will be used to modify the course for next year.,这些反馈意见将用于修改明年的课程。
en:consent:noun:1,consent,noun,同意,n 同意,/kən'sɛnt/,/kənˈsent/,The chairman was elected by common consent (= with most people agreeing ) .,主席是大家一致推选出来的。
en:intuitive:adjective:1,intuitive,adjective,直觉的,adj 直觉的,/ɪn'tuɪtɪv/,/ɪnˈtju:ɪtɪv/,He seemed to have an intuitive awareness of how I felt.,他好像凭直觉就知道我的感受。
en:scaffolding:noun:1,scaffolding,noun,脚手架,n 脚手架,/'skæfəldɪŋ/,/ˈskæfəldɪŋ/,Workers have erected scaffolding around the base of the tower below the roadway.,工人们已经在车行道下的塔基四周竖起了脚手架。
en:outperform:verb:1,outperform,verb,胜过,v 胜过,"/,aʊtpɚ'fɔrm/",/ˌaʊtpəˈfɔ:m/,Stocks generally outperform other investments.,股票总体上要优于其他投资。
en:discern:verb:1,discern,verb,识别,v 识别,/dɪ'sɝn/,/dɪˈsɜ:n/,You need a long series of data to be able to discern such a trend.,你需要一大串数据才能认清这一趋势。
en:lawsuit:noun:1,lawsuit,noun,诉讼,n 诉讼,/'lɔsut/,/ˈlɔ:su:t/,The dispute culminated last week in a lawsuit against the government.,这场针对政府诉讼案的争论在上星期达到了高潮。
en:ruling:noun:1,ruling,noun,裁定,n 裁定,/'rulɪŋ/,/ˈru:lɪŋ/,Goodwin tried to have the court ruling overturned.,古德温试图推翻法院的裁决。
en:designate:verb:1,designate,verb,指定，委派,v 指定，委派,/'dɛzɪɡnet/,/ˈdezɪgneɪt/,Some of the rooms were designated as offices.,其中一些房间是被指定用作办公室的。
en:endorsement:noun:1,endorsement,noun,支持,n 支持,/ɪn'dɔrsmənt/,/ɪnˈdɔ:smənt/,There should be no suggestion of endorsement of the product or the company by WHO.,世卫组织不得对任何产品或公司提供支持建议。
en:tasteless:adjective:1,tasteless,adjective,没有味道的,adj 没有味道的,/'testləs/,/ˈteɪstləs/,a tasteless outfit,一套没有品位的衣服
en:brilliant:adjective:1,brilliant,adjective,才华横溢的；极好的,adj 才华横溢的；极好的,/'brɪljənt/,/ˈbrɪliənt/,I think that’s a brilliant idea .,我觉得那是个绝妙的主意。
en:fabric:noun:1,fabric,noun,布料,n 布料,/'fæbrɪk/,/ˈfæbrɪk/,our new range of fabrics and wallpapers,我们新的织物和墙纸系列
en:vocational:adjective:1,vocational,adjective,职业的,adj 职业的,/vo'keʃənl/,/vəʊˈkeɪʃənl/,vocational qualifications,职业资格
en:carpentry:noun:1,carpentry,noun,木工业,n 木工业,/'kɑrpəntri/,/ˈkɑ:pəntri/,The carpentry and soldier demand constraints are similar.,木工和士兵的需求约束是类似的。
en:ventilate:verb:1,ventilate,verb,使通风,v 使通风,/'vɛntɪlet/,/ˈventɪleɪt/,Ventilate the room properly when stripping paint.,在刮漆的时候要适当地使房间通风。
en:embody:verb:1,embody,verb,体现,v 体现,/ɪm'bɑdi/,/ɪmˈbɒdi/,She embodies everything I admire in a teacher.,她具备了我所钦佩的教师该具备的一切素质。
en:tedious:adjective:1,tedious,adjective,冗长的,adj 冗长的,/'tidɪəs/,/ˈti:diəs/,The work was tiring and tedious.,这工作既累人又枯燥。
en:deduction:noun:1,deduction,noun,扣款,n 扣款,/dɪ'dʌkʃən/,/dɪˈdʌkʃn/,"After deductions for tax etc, your salary is about £700 a month.",扣除税款等之后，你的月薪大约有700英镑。
en:fluctuate:verb:1,fluctuate,verb,波动,v 波动,/'flʌktʃʊ'et/,/ˈflʌktʃueɪt/,Insect populations fluctuate wildly from year to year.,昆虫的数量每年变化很大。
en:simultaneously:adverb:1,simultaneously,adverb,同步地，同时地,adv 同步地，同时地,/saɪməl'tenɪəsli/,/ˌsɪməl'teɪnɪəslɪ/,"If they have multiple test cases that will be run on the same platforms, they can select multiple configurations simultaneously and apply the configurations to several of them in batch mode.",如果他们拥有多个将要运行在同一个平台上的测试用例的话，那么他们能够同时选择多个配置，并且将这些配置批量应用到平台上。
en:craft:noun:1,craft,noun,手艺,n 手艺；v 精巧地制作,/kræft/,/krɑ:ft/,traditional rural crafts,传统的乡村手工艺
en:facilitate:verb:1,facilitate,verb,使便利；促进,v 使便利；促进,/fə'sɪlə'tet/,/fəˈsɪlɪteɪt/,The new airport will facilitate the development of tourism.,新机场将促进旅游业的发展。
en:deteriorate:verb:1,deteriorate,verb,恶化,v 恶化,/dɪ'tɪrɪəret/,/dɪˈtɪəriəreɪt/,Ethel’s health has deteriorated.,埃塞尔的健康状况恶化了。
en:hasten:verb:1,hasten,verb,加速,v 加速,/'hesn/,/ˈheɪsn/,Their departure was hastened by an abnormally cold winter.,那个冬天异常寒冷，所以他们提前走了。
en:specialize:verb:1,specialize,verb,专业从事,v 专业从事,/'spɛʃəlaɪz/,/ˈspeʃəlaɪz/,specialize in,专门研究……
en:liberation:noun:1,liberation,noun,解放,n 解放,"/,lɪbə'reʃən/",/ˌlɪbə'reɪʃn/,They pant after liberation.,他们渴望解放。
en:pursuit:noun:1,pursuit,noun,追求,n 追求,/pɚ'sut/,/pəˈsju:t/,The quarterback sprinted toward the end zone with Jansen in hot pursuit (= following closely behind ) .,那名四分卫快速冲向底线区，詹森穷追不舍。
en:bemoan:verb:1,bemoan,verb,抱怨；惋惜,v 抱怨；惋惜,/bɪ'mon/,/bɪˈməʊn/,He was bemoaning the fact that lawyers charge so much.,他抱怨律师收费太高。
en:evolve:verb:1,evolve,verb,进化,v 进化,/ɪ'vɑlv/,/iˈvɒlv/,Animals have evolved camouflage to protect themselves from predators.,动物进化形成了伪装，以保护自身不被捕食性动物所捕食。
en:fluently:adverb:1,fluently,adverb,流利地,adv 流利地,/'flu:əntlɪ/,/'flu:əntlɪ/,She can speak English fluently.,她能流利地说英语。
en:composition:noun:1,composition,noun,作文,n 作文,"/,kɑmpə'zɪʃən/",/ˌkɒmpəˈzɪʃn/,I had to write a composition about the Royal visit.,我得写一篇关于皇室出访的作文。
en:literal:adjective:1,literal,adjective,字面的,adj 字面的,/'lɪtərəl/,/ˈlɪtərəl/,"In many cases, the people there are fighting, in a literal sense, for their homes.",多数情况下，那里的人们实际上都是在为他们的家园而战斗。
en:honorary:adjective:1,honorary,adjective,荣誉的,adj 荣誉的,/'ɑnərɛri/,/ˈɒnərəri/,Brown received an honorary doctorate from Seoul University.,布朗获得了首尔大学的荣誉博士学位。
en:hurl:verb:1,hurl,verb,猛投,v 猛投,/hɝl/,/hɜ:l/,Demonstrators were hurling bricks through the windows.,示威者在向窗里掷砖块。
en:confer:verb:1,confer,verb,授予,v 授予,/kən'fɝ/,/kənˈfɜ:(r)/,The constitution also confers large powers on Brazil's 25 constituent states.,宪法还授予巴西25个成员州极大的权力。
en:notoriously:adverb:1,notoriously,adverb,臭名昭著地,adv 臭名昭著地,/noˈtɔːriəsli/,/nəʊ'tɔ:rɪəslɪ/,"Derrida famously, notoriously, said ""there is nothing outside the text,"" right? What he meant by that, of course, is that there's nothing but text.","德里达著名地，恶名昭彰地，说道，文本之外什么都没有“,是吧，当然，他意思就是说，需要考虑的只有文本。"
en:validation:noun:1,validation,noun,证实,n 证实,"/,vælə'deʃən/",/ˌvælɪ'deɪʃn/,"In this example, the validation fails.",在这个示例中，验证失败。
en:jeopardize:verb:1,jeopardize,verb,危害，危及,v 危害，危及,/'dʒɛpɚdaɪz/,/ˈdʒepədaɪz/,large-scale military offensives which could jeopardize the UN peace process,可能会破坏联合国和平进程的大规模军事进攻
en:allegedly:adverb:1,allegedly,adverb,据说,adv 据说,/ə'lɛdʒɪdli/,/ə'ledʒɪdlɪ/,"a sports car, allegedly stolen in Manchester",据说是在曼彻斯特被偷的一辆跑车
en:vigorous:adjective:1,vigorous,adjective,积极的；精力充沛的,adj 积极的；精力充沛的,/'vɪɡərəs/,/ˈvɪgərəs/,Your dog needs at least 20 minutes of vigorous exercise every day.,你的狗每天需要进行至少20分钟的剧烈运动。
en:fake:noun:1,fake,noun,假货,n 假货,/feɪk/,/feɪk/,The painting was judged a fake.,这幅画被鉴定为赝品。
en:contestant:noun:1,contestant,noun,参赛者,n 参赛者,/kən'tɛstənt/,/kənˈtestənt/,Later he applied to be a contestant on the television show.,之后他报了名做该电视秀的参赛者。
en:column:noun:1,column,noun,专栏,n 专栏,/'kɑləm/,/ˈkɒləm/,He writes a weekly column for ‘The Times’.,他每周为《泰晤士报》写一篇专栏文章。
en:hasty:adjective:1,hasty,adjective,匆忙的,adj 匆忙的,/'hesti/,/ˈheɪsti/,He soon regretted his hasty decision.,他很快就对自己仓促作出的决定感到后悔了。
en:linger:verb:1,linger,verb,逗留，徘徊,v 逗留，徘徊,/'lɪŋɡɚ/,/ˈlɪŋgə(r)/,I spent a week at Kandersteg and could happily have lingered on.,我在坎德施泰格逗留了一个星期，本来还可以开开心心地多待几天。
en:inheritance:noun:1,inheritance,noun,继承；遗产,n 继承；遗产,/ɪn'hɛrɪtəns/,/ɪnˈherɪtəns/,Lucinda has to fight for her life and her inheritance in this gripping novel.,在这部扣人心弦的小说里，露辛达不得不为自己的生命与所继承的遗产进行抗争。
en:worldly:adjective:1,worldly,adjective,世间的，尘世的,adj 世间的，尘世的,/'wɝldli/,/ˈwɜ:ldli/,He seemed very calm and far removed from worldly concerns.,他显得非常淡定，完全没有俗世的忧虑。
en:dimension:noun:1,dimension,noun,尺寸；维,n 尺寸；维,/dɪ'mɛnʃ(ə)n; daɪ-/,/daɪˈmenʃn/,a rectangle with the dimensions 5cm × 2cm,长五厘米、宽两厘米的长方形
en:eligible:adjective:1,eligible,adjective,适合的；胜任的,adj 适合的；胜任的,/'ɛlɪdʒəbl/,/ˈelɪdʒəbl/,Stephen was regarded as an eligible bachelor.,斯蒂芬被认为是一个钻石王老五。
en:permanent:adjective:1,permanent,adjective,永久的,adj 永久的,/'pɝmənənt/,/ˈpɜ:mənənt/,He gave up a permanent job in order to freelance.,他放弃了固定工作，为的是当一名自由职业者。
en:memorize:verb:1,memorize,verb,熟记,v 熟记,/'mɛmə'raɪz/,/ˈmeməraɪz/,"He studied his map, trying to memorize the way to Rose's street.",他研究了地图，努力记住去罗丝家那条街的路。
en:evaluation:noun:1,evaluation,noun,评价,n 评价,"/ɪ,væljʊ'eʃən/",/ɪˌvæljʊ'eɪʃn/,We need to carry out a proper evaluation of the new system.,我们要对新系统进行合理的评估。
en:literacy:noun:1,literacy,noun,教育；文化,n 教育；文化,/'lɪtərəsi/,/ˈlɪtərəsi/,literacy education,文化教育；读写教育
en:enviable:adjective:1,enviable,adjective,值得羡慕的,adj 值得羡慕的,/'ɛnvɪəbl/,/ˈenviəbl/,Now he was in the enviable position of not having to work for a living.,现在他已不必为生计而工作，着实令人羡慕。
en:bipartisan:adjective:1,bipartisan,adjective,两党的,adj 两党的,"/,baɪ'pɑrtɪzn/",/ˌbaɪpɑ:tɪˈzæn/,a bipartisan committee,一个由两党代表组成的委员会
en:amend:verb:1,amend,verb,修订,v 修订,/ə'mɛnd/,/əˈmend/,The law was amended to include women.,该法律经修改把女性也包括在内。
en:interpret:verb:1,interpret,verb,解释；口译,v 解释；口译,/ɪn'tɝprɪt/,/ɪnˈtɜ:prɪt/,"They spoke good Spanish, and promised to interpret for me.",他们西班牙语说得很好，答应替我翻译。
en:access:verb:1,access,verb,取得，获取,v 取得，获取,/'æksɛs/,/ˈækses/,Users can access their voice mail remotely.,用户可以远程获取语音邮件。
en:champion:verb:1,champion,verb,支持，拥护,v 支持，拥护,/'tʃæmpɪən/,/ˈtʃæmpiən/,He passionately championed the poor.,他曾热情地捍卫穷人。
en:navigate:verb:1,navigate,verb,航行，驾驶,v 航行，驾驶,/'nævə'get/,/ˈnævɪgeɪt/,The river is too dangerous to navigate.,这河道太危险，不适宜航行。
en:intertwine:verb:1,intertwine,verb,交织，纠缠,v 交织，纠缠,"/,ɪntɚ'twaɪn/",/ˌɪntəˈtwaɪn/,Their destinies are intertwined.,他们的命运交织在一起。
en:collaborate:verb:1,collaborate,verb,合作,v 合作,/kə'læbəret/,/kəˈlæbəreɪt/,Much later he collaborated with his son Michael on the English translation of a text on food production.,后来他和儿子迈克尔合作，把一个有关食品生产的文本翻译成英语。
en:evaluate:verb:1,evaluate,verb,评价,v 评价,/ɪ'væljʊ'et/,/ɪˈvæljueɪt/,You should be able to evaluate your own work.,你应该能够评估自己的工作。
en:domain:noun:1,domain,noun,领域,n 领域,/do'men/,/dəˈmeɪn/,Looking after the house was viewed as a woman’s domain.,料理家务被认为是女性的份内之事。
en:accumulate:verb:1,accumulate,verb,积累,v 积累,/ə'kjumjəlet/,/əˈkju:mjəleɪt/,It is unjust that a privileged few should continue to accumulate wealth.,少数特权阶级继续积聚财富，这是不公平的。
en:persistent:adjective:1,persistent,adjective,坚持不懈的，持续的,adj 坚持不懈的，持续的,/pə'zɪstənt/,/pəˈsɪstənt/,persistent rumours,持续流传的谣言
en:boast:verb:1,boast,verb,自夸,v 自夸,/bost/,/bəʊst/,"‘I wouldn’t be afraid,’ she boasted.",“我才不怕呢。”她吹嘘道。
en:assume:verb:1,assume,verb,假定，认为,v 假定，认为,/ə'sum/,/əˈsju:m/,I think we can safely assume (= it is almost certain ) that interest rates will go up again soon.,我想我们几乎可以肯定，利率很快会再次上调。
en:forthcoming:adjective:1,forthcoming,adjective,即将来临的,adj 即将来临的,"/,fɔrθ'kʌmɪŋ/",/ˌfɔ:θˈkʌmɪŋ/,the forthcoming elections,即将到来的选举
en:mysteriously:adverb:1,mysteriously,adverb,神秘地,adv 神秘地,/mɪs'tɪrɪəsli/,/mɪ'stɪərɪəslɪ/,"So what can we do to get more of this marvelous, mysteriously restorative sleep stage?",那么，我们能做些什么才能恢复这个奇妙而神秘的恢复性睡眠阶段？
en:spoil:verb:1,spoil,verb,溺爱,v 溺爱,/spɔɪl/,/spɔɪl/,"She’s an only child, but they didn’t really spoil her.",她是独生女，不过他们也没有娇惯她。
en:complement:noun:1,complement,noun,补充,n 补充,/ˈkɑːmplɪment/,/ˈkɒmplɪment/,The green wallpaper is the perfect complement to the old pine of the dresser.,绿色墙纸是旧松木梳妆台的完美衬托。
en:immersive:adjective:1,immersive,adjective,沉浸的，身临其境的,adj 沉浸的，身临其境的,,/ɪˈmɜ:sɪv/,,
en:cognitive:adjective:1,cognitive,adjective,认知的,adj 认知的,/'kɑɡnətɪv/,/ˈkɒgnətɪv/,cognitive psychology,认知心理学
en:rhetorical:adjective:1,rhetorical,adjective,修辞的,adj 修辞的,/rɪ'tɔrɪkl/,/rɪˈtɒrɪkl/,a speech full of rhetorical phrases,充满华丽辞藻的演讲
en:impair:verb:1,impair,verb,损害,v 损害,/ɪm'pɛr/,/ɪmˈpeə(r)/,The illness had impaired his ability to think and concentrate.,这种疾病损害了他的思维能力和注意力。
en:competent:adjective:1,competent,adjective,能胜任的，有能力的,adj 能胜任的，有能力的,/'kɑmpɪtənt/,/ˈkɒmpɪtənt/,A competent mechanic should be able to fix the problem.,一名合格的机修工应该能够解决这个问题。
en:undermine:verb:1,undermine,verb,暗中削弱,v 暗中削弱,/'ʌndɚ'maɪn/,/ˌʌndəˈmaɪn/,economic policies that threaten to undermine the health care system,可能会损害医疗保健制度的经济政策
en:incompatibility:noun:1,incompatibility,noun,不兼容,n 不兼容,"/'ɪnkəm,pætə'bɪləti/",/ˌɪnkəmˌpætə'bɪlətɪ/,A standardized programming model should be introduced to avoid technology incompatibility problems.,应该引入标准化编程模型来避免技术不兼容性问题。
en:superficial:adjective:1,superficial,adjective,表面的,adj 表面的,"/,supɚ'fɪʃl/",/ˌsu:pəˈfɪʃl/,Beneath his refined manners and superficial elegance lay something treacherous.,在他温文尔雅、貌似高贵的举止下隐藏着某种奸诈。
en:endanger:verb:1,endanger,verb,使……危险,v 使……危险,/ɪn'dendʒɚ/,/ɪnˈdeɪndʒə(r)/,Smoking during pregnancy endangers your baby’s life.,孕期吸烟会危及胎儿生命。
en:practice:noun:1,practice,noun,做法,n 做法,/'præktɪs/,/ˈpræktɪs/,religious beliefs and practices,宗教信仰和习俗
en:decode:verb:1,decode,verb,解码,v 解码,,/ˌdi:ˈkəʊd/,The software decodes the information embedded in the satellite broadcasts.,这种软件能够解读衞星广播中的信息。
en:immigration:noun:1,immigration,noun,移民,n 移民,"/,ɪmɪ'ɡreʃən/",/ˌɪmɪˈgreɪʃn/,He called for a common European policy on immigration.,他要求欧洲国家实施共同的移民政策。
en:inescapable:adjective:1,inescapable,adjective,不可避免的,adj 不可避免的,/'ɪnə'skepəbl/,/ˌɪnɪˈskeɪpəbl/,She didn’t want to confront the inescapable fact that she would have to sell the house.,她不想面对必须卖掉房子这一无法逃避的事实。
en:utterly:adverb:1,utterly,adverb,完全地，彻底地,adv 完全地，彻底地,/'ʌtɚli/,/'ʌtəli:/,You look utterly miserable.,你看起来很痛苦。
en:inanimate:adjective:1,inanimate,adjective,无生命的,adj 无生命的,/ɪn'ænɪmət/,/ɪnˈænɪmət/,an inanimate object,无生命的物体
en:irreversible:adjective:1,irreversible,adjective,不可逆的；不可取消的,adj 不可逆的；不可取消的,"/,ɪrɪ'vɝsəbl/",/ˌɪrɪˈvɜ:səbl/,Fossil fuels have caused irreversible damage to the environment.,矿物燃料已对环境造成了不可挽回的破坏。
en:incalculable:adjective:1,incalculable,adjective,不可估量的，无法计算的,adj 不可估量的，无法计算的,/ɪn'kælkjələbl/,/ɪnˈkælkjələbl/,Her contribution to our work is incalculable.,她对我们工作的贡献极大。
en:bump:verb:1,bump,verb,颠簸,v 颠簸,/bʌmp/,/bʌmp/,A police car bumped down the track.,一辆警车颠簸着行驶在小路上。
en:demonstration:noun:1,demonstration,noun,展示；游行,n 展示；游行,"/,dɛmən'streʃən/",/ˌdemənˈstreɪʃn/,Supporters staged a demonstration outside the US embassy.,支持者在美国大使馆外举行了示威游行。
en:desert:verb:1,desert,verb,放弃，抛弃,v 放弃，抛弃,/(for v.) dɪˈzɝ​t; (for n.) 'dɛzɚt/,/dɪˈzɜːt/,Helen was deserted by her husband.,海伦被丈夫遗弃了。
en:jail:noun:1,jail,noun,监狱,n 监狱,/dʒel/,/dʒeɪl/,He’s been in jail for three months already.,他已经入狱三个月。
en:cozy:adjective:1,cozy,adjective,舒适的,adj 舒适的,/'kozi/,/ˈkəʊzi/,Come over to the fire and cozy up a bit.,到火炉这边来会感到舒适一点。
en:lounge:noun:1,lounge,noun,休息室,n 休息室,/laʊndʒ/,/laʊndʒ/,the television lounge,电视放映室
en:worship:verb:1,worship,verb,崇拜，喜爱,v 崇拜，喜爱,/'wɝʃɪp/,/ˈwɜːʃɪp/,He absolutely worships her.,他太崇拜她了。
en:seasick:adjective:1,seasick,adjective,晕船的,adj 晕船的,/'sisɪk/,/ˈsiːsɪk/,"It was quite rough at times, and she was seasick.",海上有时波涛汹涌，她就晕船。
en:interfere:adjective:1,interfere,adjective,干涉，妨碍,adj 干涉，妨碍,"/,ɪntɚ'fɪr/",/ˌɪntəˈfɪə(r)/,Don't interfere in other's private concerns.,不要干涉别人的私事。
en:tension:noun:1,tension,noun,紧张,n 紧张,/'tɛnʃən/,/ˈtenʃn/,"The tension was becoming unbearable, and I wanted to scream.",这种紧张变得难以忍受，我真想大声尖叫。
en:transition:noun:1,transition,noun,过渡,n 过渡,/træn'zɪʃən/,/trænˈzɪʃn/,Making the transition from youth to adulthood can be very painful.,从青少年过渡到成年有时是一个非常痛苦的过程。
en:accidentally:adverb:1,accidentally,adverb,偶然地，意外地,adv 偶然地，意外地,"/,æksə'dɛntli/",/ˌæksɪˈdentəli/,She accidentally erased the tape.,她意外地抹去了录了音的磁带。
en:exertion:noun:1,exertion,noun,运用,n 运用,/ɪɡ'zɝʃən/,/ɪɡˈzɜːʃn/,The afternoon’s exertions had left us feeling exhausted.,下午太劳累了，我们感到精疲力竭。
en:impart:verb:1,impart,verb,传授，教授,v 传授，教授,/ɪm'pɑrt/,/ɪmˈpɑːt/,She had information that she couldn’t wait to impart.,她得到了消息，迫不及待地想告诉别人。
en:provoke:verb:1,provoke,verb,激怒,v 激怒,/prə'vok/,/prəˈvəʊk/,The novel has provoked fierce debate in the US.,那部小说在美国引发了激烈的争论。
en:assumption:noun:1,assumption,noun,假设,n 假设,/ə'sʌmpʃən/,/əˈsʌmpʃn/,You would be making an assumption that's not based on any fact that you could report.,你会做出不以你能报道的任何事实为依据的一种假设。
en:formula:noun:1,formula,noun,公式,n 公式,/'fɔrmjələ/,/'fɔːmjʊlə/,the formula for calculating distance,计算距离的公式
en:overlap:verb:1,overlap,verb,重叠,v 重叠,/'ovəlæp/,/ˌəʊvəˈlæp/,"When the bag is folded, the bottom overlaps one side.",把包折叠起来时，其底部与一边就重合了。
en:thrive:verb:1,thrive,verb,繁荣，兴旺,v 繁荣，兴旺,/θraɪv/,/θraɪv/,plants that thrive in tropical rain forests,在热带雨林蓬勃生长的植物
en:chronic:adjective:1,chronic,adjective,长期的；慢性的,adj 长期的；慢性的,/'krɑnɪk/,/ˈkrɒnɪk/,chronic arthritis,慢性关节炎
en:adversity:noun:1,adversity,noun,逆境,n 逆境,/əd'vɝsəti/,/ədˈvɜːsəti/,his courage in the face of adversity,他面对逆境的勇气
en:endure:verb:1,endure,verb,忍受,v 忍受,/ɪn'dʊr/,/ɪnˈdjʊə(r)/,It seemed impossible that anyone could endure such pain.,似乎谁都不可能忍受这样的疼痛。
en:assert:verb:1,assert,verb,主张，断言,v 主张，断言,/ə'sɝt/,/əˈsɜːt/,"French cooking, she asserted, is the best in the world.",她坚称法国菜是世界上最好的。
en:chew:verb:1,chew,verb,咀嚼；深思,v 咀嚼；深思,/tʃʊ/,/tʃuː/,This meat’s so tough I can hardly chew it!,这肉太老了，我几乎嚼不动！
en:tradeoff:noun:1,tradeoff,noun,权衡，交易,n 权衡，交易,"/'tred,ɔf/",/ˈtreɪdˌɒf/,"However, these elements of risk can be mitigated by spending more effort developing the queries; as with many development options, there is a tradeoff between query complexity and query stability.",但是，可以多花些精力来开发查询，从而减轻这些风险元素；正如许多开发选择一样，在查询的复杂性与查询的稳定性之间会有一个权衡。
en:commentator:noun:1,commentator,noun,评论员,n 评论员,/'kɑmən'tetɚ/,/ˈkɒmənteɪtə(r)/,political commentators,政治评论员
en:vice:noun:1,vice,noun,恶意，恶习,n 恶意，恶习,/vaɪs/,/vaɪs/,Smoking is my only vice.,吸烟是我唯一的恶习。
en:attribute:verb:1,attribute,verb,归因于,v 归因于,/ə'trɪbjut/,/əˈtrɪbjuːt/,Women tend to attribute their success to external causes such as luck.,女性往往把她们的成功归因于外因，如运气。
en:vivid:adjective:1,vivid,adjective,生动的,adj 生动的,/'vɪvɪd/,/ˈvɪvɪd/,I’ve got vivid memories of that summer.,我对那年夏天记忆犹新。
en:upgrade:verb:1,upgrade,verb,升级,v 升级,"/,ʌp'ɡred/",/ˈʌpɡreɪd/,Helicopters have been upgraded and modernized.,直升机已经升级并且装上现代化设备。
en:prospective:adjective:1,prospective,adjective,未来的，预期的,adj 未来的，预期的,/prə'spɛktɪv/,/prəˈspektɪv/,The story should act as a warning to other prospective buyers.,这篇报道应该可以对其他可能的购买者起到警告作用。
en:regime:noun:1,regime,noun,制度，管理体制,n 制度，管理体制,/re'ʒim/,/reɪˈʒiːm/,The authorities moved him to the less rigid regime of an open prison.,当局把他移送到管理相对宽松的不设防监狱。
en:appeal:noun:1,appeal,noun,"请求，呼吁, 上诉","n 请求，呼吁, 上诉",/ə'pil/,/əˈpiːl/,The girl’s family have made a public appeal for help to try and catch her killer.,那名遇害女孩的家人吁请公众协助捉拿凶手。
en:weave:verb:1,weave,verb,织布，编织,v 织布，编织,/wiv/,/wiːv/,hand-woven scarves,手织围巾
en:sew:verb:1,sew,verb,缝上，缝纫,v 缝上，缝纫,/so/,/səʊ/,I learned to sew at school.,我在学校学会了缝纫。
en:nap:noun:1,nap,noun,小睡,n 小睡,/næp/,/næp/,an afternoon nap,午睡
en:row:verb:1,row,verb,划船,v 划船,/ro/,/rəʊ/,Jenny used to row at college (= as a sport ) .,珍妮以前在大学里经常参加划船运动。
en:helicopter:noun:1,helicopter,noun,直升飞机,n 直升飞机,/'hɛlɪkɑptɚ/,/ˈhelɪkɒptə(r)/,You can helicopter to the island.,你可以乘坐直升机去那个岛。
en:conquer:verb:1,conquer,verb,征服,v 征服,/'kɑŋkɚ/,/ˈkɒŋkə(r)/,The Normans conquered England in 1066.,诺曼人于 1066 年征服英格兰。
en:memorandum:noun:1,memorandum,noun,备忘录,n 备忘录,"/,mɛmə'rændəm/",/ˌmeməˈrændəm/,...a memorandum from the Department of Defense on its role.,…一份来自国防部的有关其角色的备忘录。
en:clarity:noun:1,clarity,noun,清晰，清楚,n 清晰，清楚,/'klærəti/,/ˈklærəti/,Letters may be edited for length and clarity.,信件可能要加以修改以求篇幅合适，意思明了。
en:carpenter:noun:1,carpenter,noun,木匠,n 木匠,/ˈkɑːrpəntər/,/ˈkɑːpəntə(r)/,He is a carpenter by profession.,他以木工为业。
en:drummer:noun:1,drummer,noun,鼓手,n 鼓手,/'drʌmɚ/,/ˈdrʌmə(r)/,He was a drummer in a rock band.,他是一支摇滚乐队的鼓手。
en:discrimination:noun:1,discrimination,noun,歧视,n 歧视,"/dɪ,skrɪmɪ'neʃən/",/dɪˌskrɪmɪˈneɪʃn/,laws to prevent discrimination,防止歧视的法律
en:uninformed:adjective:1,uninformed,adjective,无知的，未受过教育的,adj 无知的，未受过教育的,"/,ʌnɪn'fɔrmd/",/ˌʌnɪnˈfɔːmd/,"Parents were left anxious, uninformed, and isolated.",家长们忧心忡忡，不知道情况到底如何，感到孤立无援。
en:entitle:verb:1,entitle,verb,使具有资格,v 使具有资格,/ɪn'taɪtl/,/ɪnˈtaɪtl/,"If the warranty is limited, the terms may entitle you to a replacement or refund.",如果保修单有限制，这些条款可让你有权换货或退款。
en:imitate:verb:1,imitate,verb,模仿,v 模仿,/'ɪmɪtet/,/ˈɪmɪteɪt/,She was a splendid mimic and loved to imitate Winston Churchill.,她是个出色的模仿者，喜欢模仿温斯顿·丘吉尔。
en:subordinate:adjective:1,subordinate,adjective,次要的，从属的,adj 次要的，从属的,/səˈbɔːdɪnɪt (for n. &adj.) ; səˈbɔːdɪˌnet (for v.)/,/səˈbɔːdɪnət/,a subordinate officer,下级官员
en:suppress:verb:1,suppress,verb,镇压，压制,v 镇压，压制,/sə'prɛs/,/səˈpres/,The uprising was ruthlessly suppressed.,起义受到了残酷的镇压。
en:throne:noun:1,throne,noun,王位,n 王位,/θron/,/θrəʊn/,He is next in line to the throne (= will become king when the present ruler dies ) .,他是第一王位继承人。
en:athletics:noun:1,athletics,noun,体育运动,n 体育运动,/æθ'lɛtɪks/,/æθˈletɪks/,...students who play intercollegiate athletics.,…参加大学校际体育运动的学生们。
en:coach:noun:1,coach,noun,教练,n 教练,/kotʃ/,/kəʊtʃ/,a tennis coach,网球教练
en:biodiversity:noun:1,biodiversity,noun,生物多样性,n 生物多样性,"/,baɪodaɪ'vɝsəti/",/ˌbaɪəʊdaɪˈvɜːsəti/,the biodiversity of the rainforest,热带雨林中的生物多样性
en:accommodate:verb:1,accommodate,verb,适应，容纳,v 适应，容纳,/ə'kɑmədet/,/əˈkɒmədeɪt/,He bought a huge house to accommodate his library.,他买了一座大房子来放他的藏书。
en:ultimate:adjective:1,ultimate,adjective,最终的,adj 最终的,/'ʌltəmət/,/ˈʌltɪmət/,The ultimate outcome of the experiment cannot be predicted.,试验的最后结果无法预测。
en:invasive:adjective:1,invasive,adjective,入侵的,adj 入侵的,/ɪn'vesɪv/,/ɪnˈveɪsɪv/,invasive bladder cancers,扩散性膀胱癌
en:underscore:verb:1,underscore,verb,强调,v 强调,"/,ʌndɚ'skɔr/",/ˌʌndəˈskɔː(r)/,The Labour Department figures underscore the shaky state of the economic recovery.,劳工部的数字突出显示了经济复苏的不稳定。
en:ongoing:adjective:1,ongoing,adjective,持续的，不间断的,adj 持续的，不间断的,/'ɑnɡoɪŋ/,/ˈɒnɡəʊɪŋ/,their ongoing search for a new director,他们仍在寻找一个新主任
en:greedy:adjective:1,greedy,adjective,贪婪的,adj 贪婪的,/'gridi/,/ˈɡriːdi/,a greedy and selfish society,一个贪婪自私的社会
en:lessen:verb:1,lessen,verb,减少,v 减少,/'lɛsn/,/ˈlesn/,Gradually her anxiety lessened.,她的焦虑慢慢减轻了。
en:incur:verb:1,incur,verb,引起，导致,v 引起，导致,/ɪn'kɝ/,/ɪnˈkɜː(r)/,And operational downtime caused by reliability or performance problems can incur opportunity costs if customers are unable to access your system or the business is unable to do its work.,并且如果顾客不能访问你的系统或业务不能进行工作，那么由可靠性或性能问题引起的运作停工就会招致机会成本。
en:integral:adjective:1,integral,adjective,完整的,adj 完整的,/'ɪntɪɡrəl/,/ˈɪntɪɡrəl/,"Rituals, celebrations, and festivals form an integral part of every human society.",仪式、庆典和节日是每个人类社会不可缺少的组成部分。
en:merge:verb:1,merge,verb,合并,v 合并,/mɝdʒ/,/mɜːdʒ/,The company plans to merge its subsidiaries in the US.,该公司计划合并其在美国的几家子公司。
en:unintentionally:adverb:1,unintentionally,adverb,无意地,adv 无意地,/ˌʌnɪn'tenʃənəli/,/ˌʌnɪnˈtenʃənəli/,I brushed up against him unintentionally.,我无意中碰了他一下。
en:grave:adjective:1,grave,adjective,严重的,adj 严重的,/ɡrev/,/ɡreɪv/,Matthew’s life is in grave danger .,马修的生命危在旦夕。
en:intimate:adjective:1,intimate,adjective,亲密的,adj 亲密的,/ˈɪntəmɪt/,/ˈɪntɪmət/,an intimate friend of Picasso’s,毕加索的一个密友
en:alleviate:verb:1,alleviate,verb,减轻，缓解,v 减轻，缓解,/ə'livɪ'et/,/əˈliːvieɪt/,measures to alleviate poverty,扶贫措施
en:conspicuous:adjective:1,conspicuous,adjective,显著的,adj 显著的,/kən'spɪkjʊəs/,/kənˈspɪkjuəs/,The notice must be displayed in a conspicuous place.,通告一定要贴在显眼的地方。
en:territory:noun:1,territory,noun,领域，领土,n 领域，领土,/'tɛrətɔri/,/ˈterətri/,Hong Kong is a Chinese territory.,香港是中国的领土。
en:displace:verb:1,displace,verb,取代,v 取代,/dɪs'ples/,/dɪsˈpleɪs/,Coal has been displaced by natural gas as a major source of energy.,作为一种主要能源，煤的地位已为天然气所取代。
en:regardless:adjective:1,regardless,adjective,不管，不顾,adj 不管，不顾,/rɪ'ɡɑrdləs/,/rɪˈɡɑːdləs/,The fields give high and stable yields regardless of climatic circumstances.,不管天气条件如何， 这块地总是保持稳产高产。
en:duplication:noun:1,duplication,noun,复制品,n 复制品,"/,djʊplɪ'keʃən/",/ˌdjuːplɪˈkeɪʃn/,There could be a serious loss of efficiency through unnecessary duplication of resources.,不必要的资源重复会导致严重的效率损耗。
en:overturn:verb:1,overturn,verb,推翻,v 推翻,/'ovətɝn/,/ˌəʊvəˈtɜːn/,"Leslie jumped to her feet, overturning her chair.",莱斯莉一跃而起，碰倒了椅子。
en:identical:adjective:1,identical,adjective,相同的,adj 相同的,/aɪ'dɛntɪkl/,/aɪˈdentɪkl/,four identical houses,四幢一模一样的房子
en:miniature:adjective:1,miniature,adjective,微型的,adj 微型的,/ˈmɪniətʃɚ; ˈmɪnɪtʃɚ/,/ˈmɪnətʃə(r)/,miniature roses,微型玫瑰
en:tempting:adjective:1,tempting,adjective,吸引人的,adj 吸引人的,/'tɛmptɪŋ/,/ˈtemptɪŋ/,a tempting job offer,一个诱人的工作机会
en:segregation:noun:1,segregation,noun,隔离,n 隔离,/'sɛgrɪ'geʃən/,/ˌseɡrɪˈɡeɪʃn/,The Supreme Court unanimously ruled that racial segregation in schools was unconstitutional.,最高法院一致裁定学校实施的种族隔离措施违反宪法。
en:variance:noun:1,variance,noun,不同,n 不同,/'vɛrɪəns/,/ˈveəriəns/,a price variance of 5%,5%的价格差异
en:inaction:noun:1,inaction,noun,不作为,n 不作为,/ɪn'ækʃən/,/ɪnˈækʃn/,He is bitter about the inaction of the other political parties.,他为其他政党的不作为感到愤愤不平。
en:conserve:verb:1,conserve,verb,保留，保护,v 保留，保护,/kən'sɝv/,/kənˈsɜːv/,We must conserve our woodlands for future generations.,我们必须为子孙后代保护林地。
en:renewable:adjective:1,renewable,adjective,可再生的,adj 可再生的,/rɪ'nuəbl/,/rɪˈnjuːəbl/,It’s a six-month lease but it’s renewable.,租期六个月，但是可以续签。
en:embrace:verb:1,embrace,verb,采纳，接受,v 采纳，接受,/ɪm'bres/,/ɪmˈbreɪs/,We hope these regions will embrace democratic reforms.,我们希望这些地区会乐意接受民主改革。
en:counterpart:noun:1,counterpart,noun,对等物,n 对等物,/'kaʊntɚpɑrt/,/ˈkaʊntəpɑːt/,"As soon as he heard what was afoot, he telephoned his German and Italian counterparts to protest.",他一听到在进行中的事，马上就给德国和意大利相应人员打电话抗议。
en:rival:noun:1,rival,noun,对手,n 对手,/'raɪvl/,/ˈraɪvl/,This gives the company a competitive advantage over its rivals.,这使该公司与其对手相比具有一项竞争优势。
en:intense:adjective:1,intense,adjective,激烈的，强烈的,adj 激烈的，强烈的,/ɪn'tɛns/,/ɪnˈtens/,Young people today are under intense pressure to succeed.,如今的年轻人面临要出人头地的巨大压力。
en:aspirational:adjective:1,aspirational,adjective,渴望的,adj 渴望的,"/,æspə'reʃənl/",/ˌæspəˈreɪʃənl/,aspirational young women,有抱负的年轻女性
en:transform:verb:1,transform,verb,转变,v 转变,/træns'fɔrm/,/trænsˈfɔːm/,Increased population has transformed the landscape.,人口的增加使景观发生了变化。
en:grip:noun:1,grip,noun,抓住,n 抓住,/ɡrɪp/,/ɡrɪp/,Hold the microphone in a firm grip and keep it still.,紧紧握住麦克风不要让它动。
en:unfold:verb:1,unfold,verb,展开,v 展开,/ʌn'fold/,/ʌnˈfəʊld/,"As the story unfolds, we learn more about Max’s childhood.",随着故事的展开，我们对马克斯的童年有了更多的了解。
en:ideological:adjective:1,ideological,adjective,意识形态的,adj 意识形态的,"/,aɪdɪə'lɑdʒɪkl/",/ˌaɪdiəˈlɒdʒɪkl/,The party is split by ideological differences.,意识形态上的差异造成该政党分裂。
en:filter:verb:1,filter,verb,过滤,v 过滤,/'fɪltɚ/,/ˈfɪltə(r)/,The water in the tank is constantly filtered.,鱼缸里的水在不停地被过滤。
en:pronoun:noun:1,pronoun,noun,代词,n 代词,/'pronaʊn/,/ˈprəʊnaʊn/,Now if we could only figure out the pronoun problem.,现在我们可以解决这个代词问题了。
en:philosophy:noun:1,philosophy,noun,哲学,n 哲学,/fə'lɑsəfi/,/fəˈlɒsəfi/,Emma studies philosophy at university.,埃玛在大学攻读哲学。
en:illuminate:verb:1,illuminate,verb,阐释，阐明,v 阐释，阐明,/ɪ'lumɪnet/,/ɪˈluːmɪneɪt/,The report illuminated the difficult issues at the heart of science policy.,报告阐明了科学方针核心部分的难点。
en:odds:noun:1,odds,noun,可能性,n 可能性,/ɑdz/,/ɒdz/,(= it is likely ) that he will commit the same crime again.,他可能还会犯同样的罪行。
en:confess:verb:1,confess,verb,承认,v 承认,/kən'fɛs/,/kənˈfes/,Occasionally people confess to crimes they haven’t committed just to get attention.,偶尔人们会承认自己并未犯过的罪行，那只是为了引人注意。
en:manipulate:verb:1,manipulate,verb,操纵,v 操纵,/mə'nɪpjulet/,/məˈnɪpjuleɪt/,He was one of those men who manipulated people.,他是那种要摆布别人的人。
en:rhythm:noun:1,rhythm,noun,节奏,n 节奏,/'rɪðəm/,/ˈrɪðəm/,Drums are basic to African rhythm.,非洲音乐节奏少不了鼓。
en:hijack:verb:1,hijack,verb,劫持,v 劫持,/'haɪdʒæk/,/ˈhaɪˌdʒæk/,The airliner was hijacked by a group of terrorists.,该航班被一帮恐怖分子劫持。
en:sweep:verb:1,sweep,verb,扫除，清除,v 扫除，清除,/swip/,/swi:p/,Bert swept the path in front of the house.,伯特清扫了屋前的小路。
en:withdraw:verb:1,withdraw,verb,撤销，撤退,v 撤销，撤退,/wɪð'drɔ/,/wɪð'drɔ/,calls for Britain to withdraw from the European Union,要求英国退出欧盟的呼声
en:flame:noun:1,flame,noun,火焰,n 火焰,/flem/,/fleim/,Flames poured out of the windows of the building.,火焰从大楼窗口冒出来。
en:spark:noun:1,spark,noun,火花,n 火花,/spɑrk/,/spɑrk/,sparks from the fire,火里飞出的火星
en:feasibility:noun:1,feasibility,noun,可行,n 可行,"/,fizə'bɪləti/","/,fizə'bɪləti/",But this is only at an early stage of feasibility study.,但是这仅仅处于可行性研究的初期阶段。
en:fascinate:verb:1,fascinate,verb,使着迷,v 使着迷,/'fæsə'net/,/'fæsɪneɪt/,Politics fascinated Franklin's father.,政治让富兰克林的父亲着迷。
en:crew:noun:1,crew,noun,机组人员,n 机组人员,/krʊ/,/krʊ/,"The plane crashed, killing two of the crew and four passengers.",飞机坠毁，造成两名机组人员和四名乘客死亡。
en:cumulative:adjective:1,cumulative,adjective,积累的,adj 积累的,/'kjumjəletɪv/,/'kjumjəletɪv/,Learning is a cumulative process.,学习是个逐渐积累的过程。
en:awkward:adjective:1,awkward,adjective,尴尬的，棘手的，笨拙的,adj 尴尬的，棘手的，笨拙的,/'ɔkwɚd/,/'ɔːkwəd/,I hoped he would stop asking awkward questions .,我希望他不要再问令人难堪的问题。
en:obscurity:noun:1,obscurity,noun,默默无闻,n 默默无闻,/əb'skjʊrəti/,/əb'skjʊrəti/,"Now, on the eve of the bicentenary of the independence movements, he sets out to rescue San Martín from his relative obscurity.",今天，在那场独立运动二百周年纪念前夕，他再度出手以挽救相对默默无闻的圣·马丁。
en:badge:noun:1,badge,noun,"标记, 徽章","n 标记, 徽章",/bædʒ/,/bædʒ/,We were each handed a badge with our name on it.,我们每个人都拿到一个徽章，上面有我们的名字。
en:distinction:noun:1,distinction,noun,区分,n 区分,/dɪ'stɪŋkʃən/,/dɪ'stɪŋkʃən/,There are obvious distinctions between the two wine-making areas.,这两个酿酒区之间有明显的不同。
en:formulate:verb:1,formulate,verb,制定，规划,v 制定，规划,/'fɔrmjə'let/,/'fɔːmjʊleɪt/,"By visualizing where you want to be, you start helping your mind formulate ways to achieve that next goal in your life.",通过把你想达到的程度形象化，你就开始帮助自己的头脑制定目标——为了达到你生活中的下一个目标。
en:monetary:adjective:1,monetary,adjective,货币的,adj 货币的,/'mʌnɪtɛri/,/'mʌnɪt(ə)rɪ/,the government’s tight monetary policy,政府从紧的货币政策
en:portray:verb:1,portray,verb,描述,v 描述,/pɔr'tre/,/pɔr'trei/,Romantic artists portrayed nature as wild and powerful.,浪漫主义艺术家描绘的大自然是狂野而强大的。
en:hostility:noun:1,hostility,noun,敌意,n 敌意,/hɑ'stɪləti/,/hɒ'stɪlɪtɪ/,The last decade has witnessed a serious rise in the levels of racism and hostility to black and ethnic groups.,过去的10年里，种族主义及对黑人和少数民族的敌意变得更加严重了。
en:robust:adjective:1,robust,adjective,强健的,adj 强健的,/ro'bʌst/,/rə(ʊ)'bʌst/,a robust man of six feet four,一个身高六英尺四英寸的壮汉
en:appropriation:noun:1,appropriation,noun,挪用,n 挪用,"/ə,proprɪ'eʃən/","/ə,prəʊprɪ'eɪʃ(ə)n/",Other charges include fraud and illegal appropriation of land.,其他指控包括诈骗和非法占用土地。
en:deforestation:noun:1,deforestation,noun,砍伐森林,n 砍伐森林,,"/,di,fɔrɪ'steʃən/",the deforestation of the tropics,热带森林的毁坏
en:puzzle:verb:1,puzzle,verb,迷惑,v 迷惑,/'pʌzl/,/'pʌz(ə)l/,a question that continues to puzzle scientists,一直困扰科学家的问题
en:migration:noun:1,migration,noun,迁徙，移居,n 迁徙，移居,/maɪ'ɡreʃən/,/maɪ'greɪʃ(ə)n/,What does this migration not do?,这种迁移不能做什么？
en:constrain:verb:1,constrain,verb,限制,v 限制,/kən'stren/,/kən'streɪn/,Poor soil has constrained the level of crop production.,贫瘠的土地限制了农作物的产量。
en:sneak:verb:1,sneak,verb,溜走,v 溜走,/snik/,/sni:k/,Sometimes he would sneak out of his house late at night to be with me.,有时候他会在深夜偷偷溜出他的家来陪伴我。
en:margin:noun:1,margin,noun,利润,n 利润,/'mɑrdʒən/,/'mɑːdʒɪn/,Margins are low and many companies are struggling.,利润很少，很多公司都在苦苦挣扎。
en:division:noun:1,division,noun,分歧,n 分歧,/də'vɪʒən/,/dɪ'vɪʒ(ə)n/,the traditional division of labour (= the way that particular tasks are shared ) between husband and wife,夫妻之间传统的分工
en:privilege:noun:1,privilege,noun,特权,n 特权,/ˈprɪvəlɪdʒ/,/ˈprɪvəlɪdʒ/,He had no special privileges and was treated just like every other prisoner.,他不享受特权，待遇和任何其他犯人一样。
en:imperial:adjective:1,imperial,adjective,帝国的,adj 帝国的,/ɪm'pɪrɪəl/,/ɪm'pɪərɪəl/,Britain’s imperial expansion in the 19th century,19世纪英帝国的扩张
en:justice:noun:1,justice,noun,公平,n 公平,/'dʒʌstɪs/,/'dʒʌstɪs/,Children have a strong sense of justice.,儿童有很强的正义感。
en:opponent:noun:1,opponent,noun,反对者,n 反对者,/ə'ponənt/,/ə'pəʊnənt/,Norris twice knocked down his opponent in the early rounds of the fight.,诺里斯在拳击赛的头几个回合中，曾两度击倒他的对手。
en:crush:verb:1,crush,verb,压碎，压榨,v 压碎，压榨,/krʌʃ/,/krʌʃ/,His leg was crushed in the accident.,他的腿在事故中被压断。
en:harness:verb:1,harness,verb,管理，控制,v 管理，控制,/'hɑrnɪs/,/'hɑːnɪs/,We can harness the power of the wind to generate electricity.,我们可以利用风力发电。
en:monopolize:verb:1,monopolize,verb,垄断,v 垄断,/mə'nɑpə'laɪz/,/mə'nɑpə'laɪz/,The company has monopolized the soft drinks market.,该公司垄断了软饮料市场。
en:tremendous:adjective:1,tremendous,adjective,巨大的,adj 巨大的,/trə'mɛndəs/,/tri'mendəs/,"Suddenly, there was a tremendous bang, and the whole station shook.",突然一声巨响，整个车站都晃动了。
en:vital:adjective:1,vital,adjective,重要的,adj 重要的,/'vaɪtl/,/'vaitəl/,The work she does is absolutely vital.,她所做的工作至关重要。
en:imperative:adjective:1,imperative,adjective,"必须的,必要的","adj 必须的,必要的",/ɪm'pɛrətɪv/,/ɪm'perətɪv/,It is imperative that politicians should be good communicators.,政治家应该是很好的沟通者，这很重要。
en:initial:adjective:1,initial,adjective,初步的，最初的,adj 初步的，最初的,/ɪ'nɪʃəl/,/ɪ'nɪʃəl/,"an initial investment of £5,000","5,000英镑的初始投资"
en:distract:verb:1,distract,verb,分心，分散注意,v 分心，分散注意,/dɪ'strækt/,/dɪ'strækt/,Try not to distract the other students.,尽量不要让其他学生分心。
en:convincing:adjective:1,convincing,adjective,令人信服的,adj 令人信服的,/kən'vɪnsɪŋ/,/kən'vɪnsɪŋ/,convincing evidence of his guilt,证明他有罪的有力证据
en:consult:verb:1,consult,verb,咨询,v 咨询,/kən'sʌlt/,/kən'sʌlt/,"If symptoms persist, consult a doctor without delay.",如果症状持续的话，马上咨询医生。
en:agony:noun:1,agony,noun,痛苦,n 痛苦,/'æɡəni/,/'ægənɪ/,the agony of arthritis,关节炎的剧烈疼痛
en:refrain:verb:1,refrain,verb,抑制，避免,v 抑制，避免,/rɪ'fren/,/rɪ'freɪn/,"Although I advise that you refrain from decoding XML documents with ad hoc routines, I have no qualms about writing.",虽然我建议您避免使用特殊的例程解码 XML 文档，但是对于写入 XML 没有这样的疑虑。
en:thrilling:adjective:1,thrilling,adjective,令人兴奋的,adj 令人兴奋的,/'θrɪlɪŋ/,/'θrɪlɪŋ/,a thrilling 3-2 victory,比分为3比2的激动人心的胜利
en:prematurely:adverb:1,prematurely,adverb,早熟地，过早地,adv 早熟地，过早地,"/,primə'tjʊrli/",/'premətʃəlɪ/,"That causes your test to terminate prematurely, too, of course.",当然，那也将导致你的测试过早地终止。
en:conscientious:adjective:1,conscientious,adjective,有良心的，认真负责的,adj 有良心的，认真负责的,/'kɑnʃɪ'ɛnʃəs/,"/,kɒnʃɪ'enʃəs/",A conscientious teacher may feel inclined to take work home.,一个认真负责的教师可能会想着把工作带回家去做。
en:entail:verb:1,entail,verb,使需要，使必须,v 使需要，使必须,/ɪn'tel/,/in'teil/,A new computer system entails a lot of re-training.,使用新的计算机系统需要大量的再培训。
en:forge:verb:1,forge,verb,铸造；伪造,v 铸造；伪造,/fɔrdʒ/,/fɔːdʒ/,Someone stole my credit card and forged my signature.,有人偷了我的信用卡，并假冒我的签名。
en:overstate:verb:1,overstate,verb,夸张,v 夸张,"/,ovɚ'stet/",/əʊvə'steɪt/,To say that all motorists speed in residential areas is overstating the case.,说所有驾驶员都在住宅区内超速行驶是言过其实了。
en:accountable:adjective:1,accountable,adjective,应负责的，有责任的,adj 应负责的，有责任的,/ə'kaʊntəbl/,/ə'kauntəbl/,The hospital should be held accountable for the quality of care it gives.,医院应当对医护质量负责。
en:pessimistic:adjective:1,pessimistic,adjective,悲观的,adj 悲观的,"/,pɛsɪ'mɪstɪk/","/,pesɪ'mɪstɪk/",a pessimistic view of life,对人生的悲观看法
en:subsequently:adverb:1,subsequently,adverb,随后,adv 随后,/'sʌbsɪkwəntli/,/'sʌbsɪkwəntlɪ/,The book was subsequently translated into 15 languages.,该书后来被译成 15 种语言。
en:hack:verb:1,hack,verb,黑客攻击,v 黑客攻击,/hæk/,/hæk/,hack into,侵入，潜入（他人电脑）；私自存取或篡改（他人电脑资料）
en:liability:noun:1,liability,noun,责任；债务,n 责任；债务,/'laɪə'bɪləti/,/laɪə'bɪlɪtɪ/,The company had assets of $138 million and liabilities of $120.5 million.,该公司有1.38亿美元资产和1.205亿美元的负债。
en:conversion:noun:1,conversion,noun,转变,n 转变,/kən'vɝʒn/,/kən'vɜːʃ(ə)n/,...the conversion of disused rail lines into cycle routes.,…把废弃的铁路改变成自行车道。
en:needle:noun:1,needle,noun,指针，针,n 指针，针,/'nidl/,/'ni:dl/,She carried hypodermic needles and syringes in her bag.,她包里带着皮下注射针和针筒。
en:deterioration:noun:1,deterioration,noun,恶化，退化,n 恶化，退化,"/dɪ,tɪrɪə'reʃən/","/dɪ,tɪərɪə'reɪʃn/","A reading over 50 indicates an expansion of activity in the manufacturing sector, while one below 50 suggests a deterioration.",这一指数高于50表明制造业处于扩张状态，低于50时则反映制造业状况在恶化。
en:fault:noun:1,fault,noun,过失,n 过失,/fɔlt/,/fɔlt/,I’m really sorry - it’s all my fault.,我真的很抱歉——都是我的错。
en:relay:verb:1,relay,verb,接替，转播,v 接替，转播,/rɪ'le/,/'riːleɪ/,The broadcasts were relayed by satellite.,这些电视节目通过卫星进行转播。
en:shrank:verb:1,shrank,verb,收缩(shrink过去式),v 收缩(shrink过去式),/ʃræŋk/,/ʃræŋk/,"But it contained one very interesting piece of data: in 2008, for the first time in sixteen years, the finance and insurance industry shrank.",但是，这份报告里有一项非常耐人寻味的数据：在2008年，金融保险业出现近十六年来的首次萎缩。
en:transmit:verb:1,transmit,verb,传播，传导,v 传播，传导,/trænzˈmɪt/,/træns'mɪt/,The US Open will be transmitted live via satellite.,美国公开赛将通过卫星现场直播。
en:incidentally:adverb:1,incidentally,adverb,顺便地，附带,adv 顺便地，附带,"/,ɪnsɪ'dɛntli/",/ɪnsɪ'dent(ə)lɪ/,"""I didn't ask you to come. Incidentally, why have you come?""",“我没有叫你来。顺便问一下，你为什么来呢？”
en:notably:adverb:1,notably,adverb,显著地，尤其,adv 显著地，尤其,/'notəbli/,/'nəʊtəblɪ/,Emigration has notably increased over the past five years.,在过去五年中，移居国外的人明显增加。
en:worldwide:adverb:1,worldwide,adverb,世界范围地，全世界,adv 世界范围地，全世界,/'wɝldwaɪd/,/'wɜːl(d)waɪd/,His books have sold more than 20 million copies worldwide.,他的书在全世界卖出了两千多万本。
en:rigor:noun:1,rigor,noun,严格,n 严格,/'rɪgɚ/,/'riɡə/,"We are not so much testing as proposal-thinning, and we can add rigor such as traceability and other documentation as the leading architectural candidates emerge.",我们不像细化提议那样做太多测试，随着最主要的架构候选的出现，我们可以添加严密，如可溯性和其他文档。
en:readjust:verb:1,readjust,verb,重新调整，再调整,v 重新调整，再调整,"/,riə'dʒʌst/",/riːə'dʒʌst/,It takes time to readjust after a divorce.,离婚后需要时间重新适应。
en:prolong:verb:1,prolong,verb,延长,v 延长,/prəˈlɑːŋ/,/prə'lɒŋ/,I was trying to think of some way to prolong the conversation.,我在想方设法拖长这次谈话。
en:redefine:verb:1,redefine,verb,重新定义,v 重新定义,"/,ridɪ'faɪn/",/riːdɪ'faɪn/,Feminists have redefined the role of women.,女权主义者们已重新定义了女性角色。
en:controversial:adjective:1,controversial,adjective,受到争议的,adj 受到争议的,"/,kɑntrə'vɝʃl/",/kɒntrə'vɜːʃ(ə)l/,the controversial issue of welfare reform,福利改革这一有争议的话题
en:degeneration:noun:1,degeneration,noun,退化，变质,n 退化，变质,"/dɪ,dʒɛnə'reʃən/","/dɪ,dʒɛnə'reʃən/","Instead, if you do not use your mental faculties, you accelerate the degeneration of cells and the loss of your cognitive abilities.",相反，要是你不经常使用你的精神能力，你就会加速这些细胞的退化甚至会导致你的认知能力的丧失。
en:malicious:adjective:1,malicious,adjective,恶毒的,adj 恶毒的,/mə'lɪʃəs/,/mə'lɪʃəs/,a malicious girl,恶毒的女孩
en:widen:verb:1,widen,verb,拓宽，变宽,v 拓宽，变宽,/'waɪdn/,/'waɪdn/,They’re widening the road.,他们正在拓宽马路。
en:density:noun:1,density,noun,密度,n 密度,/'dɛnsəti/,/'densɪtɪ/,areas of high population density,人口密度高的地区
en:metropolitan:adjective:1,metropolitan,adjective,大都市的,adj 大都市的,"/,mɛtrə'pɑlɪtən/",/metrə'pɒlɪt(ə)n/,a metropolitan area of South Australia,南澳大利亚的一个都市区
en:prominent:adjective:1,prominent,adjective,卓越的，突出的,adj 卓越的，突出的,/'prɑmɪnənt/,/'prɒmɪnənt/,a prominent Russian scientist,杰出的俄罗斯科学家
en:prevalence:noun:1,prevalence,noun,流行，普遍,n 流行，普遍,/'prɛvələns/,/'prɛvələns/,"However, no study on the prevalence of infertility has been conducted in this area.",但是，在这个地区不曾进行过任何关于不孕症流行情况的研究。
en:compact:adjective:1,compact,adjective,紧密的，紧凑的,adj 紧密的，紧凑的,/'kɑmpækt/,/kəm'pækt/,The bushes grew in a compact mass.,灌木长成茂密的一片。
en:correlation:noun:1,correlation,noun,相关，关联,n 相关，关联,"/,kɔrə'leʃən/","/,kɔrə'leʃən/",...the correlation between smoking and disease.,…吸烟和疾病之间的关联。
en:simulate:verb:1,simulate,verb,模拟，模仿,v 模拟，模仿,/'sɪmjulet/,/'sɪmjʊleɪt/,a machine that simulates conditions in space,一台模拟太空环境的机器
en:momentum:noun:1,momentum,noun,动力，势头,n 动力，势头,/mo'mɛntəm/,/mə'mentəm/,incentives to maintain the momentum of European integration,保持欧洲一体化发展势头的激励措施
en:fixture:noun:1,fixture,noun,固定装置,n 固定装置,/'fɪkstʃɚ/,/'fɪkstʃə/,light fixtures,照明设备
en:proposition:noun:1,proposition,noun,提议，主题,n 提议，主题,"/,prɑpə'zɪʃən/","/,prɑpə'zɪʃən/",He telephoned Stuart with a proposition.,他打电话给斯图尔特提了个建议。
en:dynamics:noun:1,dynamics,noun,动力学,n 动力学,/daɪ'næmɪks/,/daɪ'næmɪks/,"And our goal is to find out the time, the dynamics of this problem.",我们的目的是找出时间，找出这个问题的动力学。
en:descent:noun:1,descent,noun,"血统, 后裔","n 血统, 后裔",/dɪ'sɛnt/,/dɪ'sent/,The authors show how this was triggered by his belief in the common descent of all humans.,作者表明，这张图是如何由他的信仰引发出来的，达尔文相信全人类属于共同的血统。
en:affiliation:noun:1,affiliation,noun,隶属关系，单位团体,n 隶属关系，单位团体,"/ə,fɪlɪ'eʃən/","/ə,fɪlɪ'eʃən/",political affiliation,政治背景；政治立场；政治面貌
en:perception:noun:1,perception,noun,看法；意识,n 看法；意识,/pɚ'sɛpʃən/,/pə'sepʃ(ə)n/,He is interested in how our perceptions of death affect the way we live.,他对我们的死亡观如何影响我们的生活方式感兴趣。
en:permeate:verb:1,permeate,verb,渗透,v 渗透,/'pɝmɪet/,/'pɜːmɪeɪt/,The smell of diesel oil permeated the air.,空气里充斥着柴油的气味。
en:recruiter:noun:1,recruiter,noun,招聘者,n 招聘者,/rɪ'krʊtɚ/,/rɪ'kruːtə/,"If that doesn't work, do a Web search on the term ""recruiter"" or ""HR director"" along with the name of your employer of choice.",如果这招无效的话，那就在网站上输入你可选择的雇主名单加上“招聘人员”或“人力资源部经理”一起搜索。
en:dilute:verb:1,dilute,verb,稀释，冲淡,v 稀释，冲淡,/daɪ'l(j)ut/,/daɪ'l(j)ut/,diluted fruit juice,稀释的果汁
en:prioritize:verb:1,prioritize,verb,优先,v 优先,/praɪ'ɔrətaɪz/,/praɪ'ɔrətaɪz/,You need to prioritize your tasks.,你需要按照轻重缓急安排自己的工作。
en:privileged:adjective:1,privileged,adjective,有特权的,adj 有特权的,/'prɪvəlɪdʒd/,/'prɪvəlɪdʒd/,Kylie feels fortunate to be in such a privileged position because of her successful TV career.,凯莉觉得由于成功的电视生涯而使自己处于这样优越的地位真是幸运。
en:landmark:adjective:1,landmark,adjective,有重大意义或影响的,adj 有重大意义或影响的,/'lændmɑrk/,/'lændmɑrk/,,
en:extracurricular:adjective:1,extracurricular,adjective,课外的,adj 课外的,"/,ɛkstrəkə'rɪkjəlɚ/",/ekstrəkə'rɪkjʊlə/,Each child had participated in extracurricular activities at school.,每个孩子都参加了学校的课外活动。
en:deprivation:noun:1,deprivation,noun,剥夺，匮乏,n 剥夺，匮乏,"/,dɛprɪ'veʃən/",/deprɪ'veɪʃ(ə)n/,Sleep deprivation can result in mental disorders.,缺乏睡眠会引起精神紊乱。
en:cater:verb:1,cater,verb,迎合,v 迎合,/'ketɚ/,/'keɪtə/,We cater to an exclusive clientele.,我们满足一个特殊客户群的需求。
en:pierce:verb:1,pierce,verb,刺穿,v 刺穿,/pɪrs/,/pɪəs/,Steam the corn until it can easily be pierced with a fork.,把玉米蒸到用叉子可以轻易扎透。
en:surpass:verb:1,surpass,verb,超过,v 超过,/sə'pæs/,/sə'pɑːs/,He had surpassed all our expectations .,他超越了我们所有的预期。
en:target:verb:1,target,verb,目标；把…作为目标,v / n 目标；把…作为目标,/'tɑrɡɪt/,/'tɑrɡɪt/,There is no target date for completion of the new project.,这个新的项目何时完工没有预定日期。
en:ready:adjective:1,ready,adjective,乐意的，愿意的,adj 乐意的，愿意的,/'rɛdi/,/'redɪ/,She was ready and willing to work hard.,她工作积极肯干。
en:alternatively:adverb:1,alternatively,adverb,二选一地；非此即彼,adv 二选一地；非此即彼,/ɔl'tɝnətɪvli/,/ɔːl'tɜːnətɪvlɪ/,,
en:chronically:adverb:1,chronically,adverb,慢性地；持久地,adv 慢性地；持久地,/'krɑnɪkli/,/'krɑnɪkli/,,
en:frame:verb:1,frame,verb,设计，建造,v 设计，建造,/frem/,/frem/,Newman played a central role in framing the new law.,纽曼在拟定新法的过程中发挥了主要作用。
en:mournful:adjective:1,mournful,adjective,悲哀的；令人惋惜的,adj 悲哀的；令人惋惜的,/'mɔrnfl/,/'mɔrnfl/,"He looked mournful, even near to tears.",他看上去很悲伤，几乎要掉泪了。
en:cultivate:verb:1,cultivate,verb,培养,v 培养,/'kʌltɪvet/,/'kʌltɪvet/,We cultivated maize and watermelons.,我们种植玉米和西瓜。
en:cornerstone:noun:1,cornerstone,noun,基石,n 基石,/'kɔrnɚston/,/'kɔrnɚston/,Research is the cornerstone of the profession.,研究是该职业的基石。
en:legalize:verb:1,legalize,verb,合法化,v 合法化,/'liɡəlaɪz/,/'liɡəlaɪz/,Divorce was legalized in 1981.,离婚在1981年被合法化了。
en:rigid:adjective:1,rigid,adjective,严格的,adj 严格的,/'rɪdʒɪd/,/'rɪdʒɪd/,rigid and authoritarian methods of education,死板、专断的教育方法
en:certify:verb:1,certify,verb,保证，证明,v 保证，证明,/'sɝtə'fai/,/'sɜːtɪfaɪ/,The accounts were certified by an auditor.,这些账目经审计员核实过。
en:orbit:noun:1,orbit,noun,轨道,n 轨道,/'ɔrbɪt/,/'ɔrbɪt/,Mars and Earth have orbits which change with time.,火星和地球的轨道随着时间而发生改变。
en:astronomical:adjective:1,astronomical,adjective,天文数字的,adj 天文数字的,"/,æstrə'nɑmɪkl/","/,æstrə'nɑmɪkl/",Houses in the subdivision are going for astronomical prices.,该小区里的房子在以天价出售。
en:automatically:adverb:1,Automatically,adverb,自动地；不经思考地,adv 自动地；不经思考地,,/ɔːtə'mætɪklɪ/,,
en:existence:noun:1,existence,noun,存在，生存,n 存在，生存,/ɪɡ'zɪstəns/,/ɪɡ'zɪstəns/,Scientists have many theories about how the universe first came into existence (= started to exist ).,关于宇宙的起源，科学家有多种理论。
en:intolerant:adjective:1,intolerant,adjective,无法容忍的,adj 无法容忍的,/ɪn'tɑlərənt/,/ɪn'tɒl(ə)r(ə)nt/,...intolerant attitudes toward non-Catholics.,…对非天主教徒的不宽容态度。
en:occupation:noun:1,occupation,noun,职业,n 职业,"/,ɑkju'peʃən/",/ɒkjʊ'peɪʃ(ə)n/,"Please state your name, address and occupation.",请写明你的姓名、地址和职业。
en:slightly:adverb:1,slightly,adverb,轻微地,adv 轻微地,/'slaɪtli/,/'slaɪtlɪ/,His family then moved to a slightly larger house.,他的家后来搬到了一间稍微大一点儿的房子。
en:exploit:verb:1,exploit,verb,开发，开采,v 开发，开采,/ɪk'splɔɪt/,/ɪk'splɔɪt/,the urgent need to exploit the resources of the Irish Sea,开发爱尔兰海资源的迫切需要
en:regarding:preposition:1,regarding,preposition,关于,prep 关于,/rɪ'ɡɑrdɪŋ/,/rɪ'gɑːdɪŋ/,"Regarding your recent inquiry, I have enclosed a copy of our new brochure.",关于你最近的咨询，我随信附上一本我们最新的手册。
en:ecosystem:noun:1,ecosystem,noun,生态系统,n 生态系统,"/'ɛko,sɪstəm/",/'iːkəʊsɪstəm/,...the forest ecosystem.,…森林生态系统。
en:noted:adjective:1,noted,adjective,著名的,adj 著名的,/'notɪd/,/'nəʊtɪd/,a noted author,著名作家
en:incorporate:verb:1,incorporate,verb,合并；体现,v 合并；体现,,/ɪn'kɔːpəreɪt/,It allows you to harness existing technologies and incorporate them into one application.,它允许您利用现有的技术并将它们合并到同一个应用程序中。
en:interactive:adjective:1,interactive,adjective,互相作用的，互相影响的,adj 互相作用的，互相影响的,"/,ɪntɚ'æktɪv/",/ɪntər'æktɪv/,interactive computer systems,交互式电脑系统
en:novel:adjective:1,novel,adjective,新颖的,adj 新颖的,/ˈnɑːvl/,/'nɒv(ə)l/,Protesters found a novel way of demonstrating against steeply rising oil prices.,抗议者们找到一种新奇的示威方式来反对石油价格的飙升。
en:mismanagement:noun:1,mismanagement,noun,管理不当,n 管理不当,/mɪs'mænɪdʒmənt/,/mɪs'mænɪdʒmənt/,His gross mismanagement left the company desperately in need of restructuring.,他处理事务的严重不当使得公司急需重组。
en:irrational:adjective:1,irrational,adjective,不合理的，不理性的,adj 不合理的，不理性的,/ɪ'ræʃənl/,/ɪ'ræʃ(ə)n(ə)l/,an irrational fear of flying,对飞行非理性的恐惧
en:groundless:adjective:1,groundless,adjective,无理由的，无根据的,adj 无理由的，无根据的,/'ɡraʊndləs/,/'graʊn(d)lɪs/,Fortunately my suspicions proved groundless .,幸好我的猜疑后来证明是没有根据的。
en:restructure:verb:1,restructure,verb,调整，重建,v 调整，重建,/ri'strʌktʃɚ/,/riː'strʌktʃə/,proposals to radically restructure Britain’s electronics industry,彻底整顿英国电子行业的提议
en:stimulus:noun:1,stimulus,noun,刺激,n 刺激,/'stɪmjələs/,/'stɪmjʊləs/,Tax cuts provided the stimulus which the slow economy needed.,减税为不景气的经济带来了其所需的刺激。
en:feasible:adjective:1,feasible,adjective,可行的,adj 可行的,/'fizəbl/,/'fiːzɪb(ə)l/,a feasible solution,可行的解决方法
en:adaptation:noun:1,adaptation,noun,适应；改编,n 适应；改编,"/,ædæp'teʃən/",/ædəp'teɪʃ(ə)n/,Branagh won two awards for his screen adaptation of Shakespeare's Henry the Fifth.,布拉纳因他对莎士比亚的《亨利五世》的荧幕改编而获了两次奖。
en:institute:noun:1,institute,noun,研究所，学会，学院,n 研究所，学会，学院,/'ɪnstɪtut/,/'ɪnstɪtjuːt/,research institutes,研究所
en:biochemistry:noun:1,biochemistry,noun,生物化学,n 生物化学,/'baɪo'kɛmɪstri/,/baɪə(ʊ)'kemɪstrɪ/,...the effects of air pollutants on the biochemistry of plants or animals.,…大气污染物对植物或动物生化过程的影响。
en:entrepreneur:noun:1,entrepreneur,noun,企业家,n 企业家,/ˌɑntrəprəˈnɝ​/,/ˌɒntrəprəˈnɜː(r)/,"“You have to be an optimist to be an inventor or entrepreneur, ” he concludes.",要成为一位发明家或企业家，你必须得是个乐天派。
en:arise:verb:1,arise,verb,出现,v 出现,/ə'raɪz/,/ə'raɪz/,A crisis has arisen in the Foreign Office.,外交部出现了危机。
en:ascend:verb:1,ascend,verb,上升,v 上升,/ə'sɛnd/,/ə'send/,The plane ascended rapidly.,飞机迅速爬升。
en:combination:noun:1,combination,noun,组合，结合,n 组合，结合,"/,kɑmbɪ'neʃən/",/kɒmbɪ'neɪʃ(ə)n/,a combination nightclub and café,夜总会兼咖啡馆
en:definite:adjective:1,definite,adjective,一定的，确切的,adj 一定的，确切的,/'dɛfɪnət/,/'defɪnɪt/,It’s impossible for me to give you a definite answer.,我不可能给你明确的答复。
en:preserve:verb:1,preserve,verb,保存，保护,v 保存，保护,/prɪ'zɝv/,/prɪ'zɜːv/,We must encourage the planting of new trees and preserve our existing woodlands.,我们必须鼓励栽种新树木，同时也要保护现有的林地。
en:program:verb:1,program,verb,计划，安排,v 计划，安排,/'proɡræm/,/'prəʊɡræm/,computer program,计算机程序
en:proximately:adverb:1,proximately,adverb,近似，接近,adv 近似，接近,,/'prɔksimitli/,,
en:lobbyist:noun:1,lobbyist,noun,游说者,n 游说者,/'lɑbɪɪst/,/'lɒbɪɪst/,"He only pursues writing-only careers like novelist, journalist or copyrighter, when instead, he could have looked into being a minister, public relations assistant, editor or government lobbyist.",他只追求纯写作的职业，比如小说家、记者或剧作家，而实际上，他也可以找代理人、公共关系助手、编辑或政府说客之类的工作。
en:redundant:adjective:1,redundant,adjective,过剩的；失业的，被解雇的,adj 过剩的；失业的，被解雇的,/rɪ'dʌndənt/,/rɪ'dʌnd(ə)nt/,Seventy factory workers were made redundant in the resulting cuts.,在继而发生的裁员中，70名工厂工人被解雇。
en:insurer:noun:1,insurer,noun,保险公司；承保人,n 保险公司；承保人,/ɪn'ʃʊrɚ/,/ɪn'ʃʊərə/,"This alternative would have to operate as any other insurer, on the basis of the premiums it collects.",这个选项如同其他的保险公司一样，依靠它收取的保费生存。
en:overestimate:verb:1,overestimate,verb,高估,v 高估,"/,ovər'ɛstɪmət/",/əʊvər'estɪmeɪt/,He tends to overestimate his own abilities.,他往往高估自己的能力。
en:cropland:noun:1,cropland,noun,农田,n 农田,"/'krɑp,lænd/","/'krɒp,lænd/","In addition to property damage, the floods have affected some of the nation's most fertile cropland, and are expected to have an impact on already rising food prices, especially for crops like corn.",除了财产损失之外，洪水还影响了美国一部分最肥沃的耕地，并预计对已经不断增加的粮食价格有所影响，尤其是像玉米这样的农作物。
en:irrigation:noun:1,irrigation,noun,灌溉,n 灌溉,/ˌɪrɪˈɡeʃn/,/ˌɪrɪˈɡeʃn/,Rivers and lakes provide us with water transport and irrigation.,江河湖泽给我们以舟楫和灌溉之利。
en:contaminate:verb:1,contaminate,verb,污染，弄脏,v 污染，弄脏,/kən'tæmɪnet/,/kən'tæmɪneɪt/,Drinking water supplies are believed to have been contaminated.,据信饮用水已受到污染。
en:untreated:adjective:1,untreated,adjective,未经处理的,adj 未经处理的,"/,ʌn'tritɪd/","/,ʌn'tritɪd/",untreated sewage,未经处理过的污水
en:sanitation:noun:1,sanitation,noun,卫生环境，卫生设备,n 卫生环境，卫生设备,"/,sænɪ'teʃən/",/sænɪ'teɪʃ(ə)n/,Overcrowding and poor sanitation are common problems in prisons.,过度拥挤和卫生状况差是监狱里的普遍问题。
en:echo:verb:1,echo,verb,随声附和，发出回声,v 随声附和，发出回声,/'ɛko/,/'ekəʊ/,The sound of an engine echoed back from the thick forest.,从茂密的森林里传来引擎的回声。
en:duplicate:noun:1,duplicate,noun,副本，复制品,n 副本，复制品,/'duplɪket/,/ˈdjuːplɪkeɪt/,She kept both the duplicate and the original.,她把复制本和原本都保留着。
en:elevate:verb:1,elevate,verb,提升，举起；使高兴,v 提升，举起；使高兴,/'ɛlɪvet/,/'elɪveɪt/,Language has elevated humans above the other animals.,语言使人类高于其他动物。
en:illustrate:verb:1,illustrate,verb,阐明，说明,v 阐明，说明,/'ɪləstret/,/'ɪləstreɪt/,Let me give an example to illustrate the point.,让我举个例子来说明这一点。
en:inquire:verb:1,inquire,verb,询问,v 询问,/ɪn'kwaɪr/,/ɪn'kwaɪə/,‘Why are you doing that?’ the boy inquired.,“你为什么这么做？”男孩问道。
en:prevail:verb:1,prevail,verb,流行，普遍,v 流行，普遍,/pri'vel/,/prɪ'veɪl/,A similar situation prevails in Canada.,同样的情况在加拿大也普遍存在。
en:strap:verb:1,strap,verb,用带帮助,v 用带帮助,/stræp/,/stræp/,soldiers with grenades strapped to their belts,腰带上绑着手榴弹的士兵
en:turbulent:adjective:1,turbulent,adjective,动荡的，骚乱的,adj 动荡的，骚乱的,/'tɝbjələnt/,/'tɜːbjʊl(ə)nt/,the turbulent times of the French Revolution,法国大革命的动荡时期
en:rebellion:noun:1,rebellion,noun,叛逆,n 叛逆,/rɪ'bɛljən/,/rɪ'beljən/,an armed rebellion,武装叛乱
en:lofty:adjective:1,lofty,adjective,崇高的,adj 崇高的,/'lɔfti/,/'lɒftɪ/,"He stayed at the Four Seasons Hotel, from whose lofty heights he could see across New York.",他住在四季酒店，从酒店高处可以看到纽约的全景。
en:render:verb:1,render,verb,给予,v 给予,/'rɛndɚ/,/'rendə/,an obligation to render assistance to those in need,为有困难的人提供援助的义务
en:recyclable:adjective:1,recyclable,adjective,可回收利用的,adj 可回收利用的,"/,ri'saɪkləbl/",/riː'saɪkləbl/,recyclable cardboard packaging,可回收利用的纸板包装材料
en:trick:noun:1,trick,noun,骗局，诡计,n 骗局，诡计,/trɪk/,/trɪk/,Pretending he doesn’t remember is an old trick of his.,假装不记得是他的老花招了。
en:certification:noun:1,certification,noun,证明，保证,n 证明，保证,"/,sɝtɪfɪ'keʃən/","/,sɜːtɪfɪ'keɪʃən/",We successfully completed the certification for open water diving.,我们成功地拿到了开放水域潜水证书。
en:prevailing:adjective:1,prevailing,adjective,流行的,adj 流行的,/pri'velɪŋ/,/prɪ'veɪlɪŋ/,The prevailing mood of public opinion remained hostile.,公众仍普遍持敌对情绪。
en:misled:unknown:1,misled,unknown,(mislead过去式)误导,(mislead过去式)误导,/mis'led/,"/,mɪs'led/","He noted that a Scientologist hearing this would feel, with some justification, that he had misled his auditors about his progress.",他指出，山达基信徒听到这些之后，会有一些理由，感觉他在关于进展方面误导了听析师。
en:elimination:noun:1,elimination,noun,消除，淘汰,n 消除，淘汰,"/ɪ,lɪmə'neʃən/","/ɪ,lɪmɪ'neɪʃən/",If you need to remove an agent you will have to do it by a process of elimination.,如果您需要删除代理，将必须通过消除进程的方式进行此工作。
en:unqualified:adjective:1,unqualified,adjective,不合格的，不胜任的,adj 不合格的，不胜任的,"/,ʌn'kwɑlɪfaɪd/",/ʌn'kwɒlɪfaɪd/,unqualified staff,不合格的员工
en:subconscious:adjective:1,subconscious,adjective,下意识的，潜意识的,adj 下意识的，潜意识的,"/,sʌb'kɑnʃəs/",/sʌb'kɒnʃəs/,a subconscious fear of failure,对失败下意识的恐惧
en:incompetent:adjective:1,incompetent,adjective,无能力的，不胜任的,adj 无能力的，不胜任的,/ɪn'kɑmpɪtənt/,/ɪn'kɒmpɪt(ə)nt/,an incompetent manager,不称职的经理
en:discriminate:verb:1,discriminate,verb,歧视；区别,v 歧视；区别,/dɪ'skrɪmɪnet/,/dɪ'skrɪmɪneɪt/,He is incapable of discriminating between a good idea and a terrible one.,他没能力在一个好主意和一个坏主意之间进行区分。
en:elegant:adjective:1,elegant,adjective,高雅的，雅致的,adj 高雅的，雅致的,/'ɛləgənt/,/'elɪg(ə)nt/,"a tall, elegant young woman",身材高挑、举止优雅的年轻女子
en:gown:noun:1,gown,noun,长袍,n 长袍,/ɡaʊn/,/gaʊn/,The new ball gown was a great success.,那件新款长礼服非常成功。
en:bride:noun:1,bride,noun,新娘,n 新娘,/braɪd/,/braɪd/,Guests toasted the bride and groom with champagne.,客人们以香槟为新娘新郎敬酒。
en:costume:noun:1,costume,noun,服装,n 服装,/'kɑstum/,/'kɒstjuːm/,the film’s lavish costumes and spectacular sets,影片中奢华的戏装和壮观的场景
en:trade:verb:1,trade,verb,做买卖；交换,v 做买卖；交换,/tred/,/treɪd/,They had to travel into town to trade the produce from their farm.,他们不得不到镇上去出售他们农场的产品。
en:deal:verb:1,deal,verb,买卖毒品,v 买卖毒品,/dil/,/diːl/,Many users end up dealing to support their habit.,许多吸毒者最后都是靠做毒品买卖来供自己吸毒。
en:hike:verb:1,hike,verb,作长途徒步旅行,v 作长途徒步旅行,/haɪk/,/haɪk/,He wants to hike round the world.,他打算徒步旅行环游世界一周。
en:action:noun:1,action,noun,行动,n 行动,/'ækʃən/,/'ækʃ(ə)n/,The government must take action (=do something) now to stop the rise in violent crime.,政府现在必须采取行动遏止暴力犯罪的上升。
en:resultant:adjective:1,resultant,adjective,作为结果而发生的,adj 作为结果而发生的,,,She is still trying to get over the attack and the resultant injuries.,她仍在努力从袭击以及由此造成的伤害中恢复过来。
en:consequent:adjective:1,consequent,adjective,作为结果的；必然的,adj 作为结果的；必然的,/'kɑnsəkwənt/,/'kɒnsɪkw(ə)nt/,the rise in inflation and consequent fall in demand,通货膨胀的加剧和随之而来的需求下降
en:composer:noun:1,composer,noun,作曲家,n 作曲家,/kəm'pozɚ/,/kəm'pəʊzə/,"...music by Strauss, Mozart, Beethoven, and other great composers.",…施特劳斯、莫扎特、贝多芬及其他伟大作曲家创作的音乐。
en:slave:verb:1,slave,verb,作苦工；奴役,v 作苦工；奴役,/sleɪv/,/sleɪv/,When you're busy all day the last thing you want to do is spend hours slaving over a hot stove.,当你忙碌了一整天后，你最不愿意做的事就是花好几个钟头在灼热的火炉边辛苦地劳作。
en:grunt:verb:1,grunt,verb,作呼噜声；咕哝,v 作呼噜声；咕哝,/ɡrʌnt/,/grʌnt/,"Grunting with effort, she lifted me up.",她哼哧着费力地把我抱起来。
en:abide:verb:1,abide,verb,忍受；遵守,v 忍受；遵守,/ə'baɪd/,/ə'baɪd/,I can't abide people with no sense of humour.,我讨厌和没有幽默感的人打交道。
en:value:verb:1,value,verb,尊重，重视；估价,v 尊重，重视；估价,/'vælju/,/'væljuː/,Shelley valued her privacy.,谢利很重视自己的隐私。
en:dignity:noun:1,dignity,noun,庄重；尊严；体面,n 庄重；尊严；体面,/'dɪɡnəti/,/'dɪgnɪtɪ/,We do this because we believe in the dignity and value of every person.,我们这样做是因为我们相信每个人的尊严和价值。
en:outermost:adjective:1,outermost,adjective,最外面的，最远的,adj 最外面的，最远的,/'aʊtɚ'most/,/'aʊtəməʊst/,the outermost stars,最远的恒星
en:optimum:adjective:1,optimum,adjective,最优的，最适宜的,adj 最优的，最适宜的,/'ɑptəməm/,/'ɒptɪməm/,optimum conditions for growth,最适宜生长的条件
en:initially:adverb:1,initially,adverb,最初，开始,adv 最初，开始,/ɪ'nɪʃəli/,/ɪ'nɪʃ(ə)lɪ/,Stan initially wanted to go to medical school.,斯坦最初想进医学院。
en:makeup:noun:1,makeup,noun,化妆品；性格；构造；组成,n 化妆品；性格；构造；组成,"/'mek,ʌp/",/meɪkʌp/,"Normally she wore little makeup, but this evening was clearly an exception.",通常她很少化妆，可今晚显然是个例外。
en:integral:adjective:2,integral,adjective,作为组成部分的；内置的,adj 作为组成部分的；内置的,/'ɪntɪɡrəl/,/ˈɪntɪɡrəl/,a TV and integral video recorder,内置录像机的电视
en:composition:noun:2,composition,noun,组成，构成，结构,n 组成，构成，结构,"/,kɑmpə'zɪʃən/",/kɒmpə'zɪʃ(ə)n/,Some minerals have complex chemical compositions.,有些矿物的化学构成很复杂。
en:block:noun:1,block,noun,阻塞；障碍物,n 阻塞；障碍物,/blɑk/,/blɒk/,a major block to progress,进步的重大阻碍
en:damn:verb:1,damn,verb,谴责,v 谴责,/dæm/,/dæm/,...a sensational book in which she damns the ultraright party.,…她谴责极右党派的一本耸人听闻的书。
en:ample:adjective:1,ample,adjective,足够的；宽敞的,adj 足够的；宽敞的,/'æmpl/,/'æmp(ə)l/,"There'll be ample opportunity to relax, swim and soak up some sun.",将会有充足的机会来放松、游泳和接受一些阳光。
en:suffice:verb:1,suffice,verb,足够,v 足够,/sə'faɪs/,/sə'faɪs/,A light lunch will suffice.,简单的午餐就够了。
en:lease:noun:1,lease,noun,租约，契约，租契,n 租约，契约，租契,/lis/,/liːs/,The landlord refused to renew his lease.,房东拒绝和他续签租约。
en:charter:verb:1,charter,verb,包租（飞机、船等）,v 包租（飞机、船等）,/'tʃɑrtɚ/,/'tʃɑːtə/,We chartered a boat to take us to some of the smaller islands.,我们包了一条船带我们到一些较小的岛上去。
en:headquarters:noun:1,headquarters,noun,总部,n 总部,/'hɛdkwɔrtɚz/,/hed'kwɔːtəz/,the headquarters of the United Nations,联合国总部
en:executive:noun:2,executive,noun,（机构或公司的）主管，经理,n （机构或公司的）主管，经理,/ɪɡ'zɛkjətɪv/,/ɪg'zekjʊtɪv; eg-/,a marketing executive,营销主管
en:main:noun:1,main,noun,总管道，干线,n 总管道，干线,,/meɪn/,The report found that many of Yorkshire’s water mains needed replacing.,报告中说约克郡的很多自来水总管道需要更换。
en:overall:adjective:1,overall,adjective,总的,adj 总的,"/,ovə'rɔl/",/'əʊvərɔːl/,...the overall rise in unemployment.,…失业人数的总体上升。
en:conceit:noun:1,conceit,noun,自负，自高自大,n 自负，自高自大,/kən'sit/,/kən'siːt/,The conceit of the woman!,这个自负的女人！
en:ultraviolet:adjective:1,ultraviolet,adjective,紫外（线）的,adj 紫外（线）的,"/,ʌltrə'vaɪələt/",/ʌltrə'vaɪələt/,The sun's ultraviolet rays are responsible for both tanning and burning.,太阳的紫外线是皮肤晒黑和晒伤的原因。
en:descendant:noun:2,descendant,noun,子孙，后裔,n 子孙，后裔,/dɪ'sɛndənt/,/dɪ'send(ə)nt/,He was a direct descendant of Napoleon Bonaparte.,他是拿破仑·波拿巴的嫡系后裔。
en:endow:verb:1,endow,verb,资助；赋予,v 资助；赋予,/ɪn'daʊ/,/ɪn'daʊ; en-/,The ambassador has endowed a $1 million public-service fellowships programme.,大使资助了一个100万美元的公共服务奖学金项目。
en:datum:noun:1,datum,noun,资料；数据；已知数,n 资料；数据；已知数,/ˈdetəm ; ˈdætəm ; (also) ˈdɑtəm/,/ˈdeɪtəm ; ˈdɑːtəm/,datum plane,n. 基准面
en:qualification:noun:2,qualification,noun,资格；学历,n 资格；学历,"/,kwɑlɪfɪ'keʃən/","/,kwɒlɪfɪ'keɪʃ(ə)n/",He left school without any qualifications.,他离校时没有拿到任何文凭。
en:bourgeois:adjective:1,bourgeois,adjective,中产阶级的；庸俗的；资产阶级的,adj 中产阶级的；庸俗的；资产阶级的,"/,bʊr'ʒwɑ/",/'bʊəʒwɑː/,She came from a bourgeois family.,她来自一个中产阶级家庭。
en:woodpecker:noun:1,woodpecker,noun,啄木鸟,n 啄木鸟,/'wʊdpɛkɚ/,/'wʊdpekə/,A woodcutter and a woodpecker lived in the forest.,森林里居住着一个樵夫和一个啄木鸟。
en:bump:verb:2,bump,verb,撞上,v 撞上,/bʌmp/,/bʌmp/,They stopped walking and he almost bumped into them.,他们停下了脚步，这下他几乎撞到他们。
en:crash:verb:1,crash,verb,（发出巨响的） 猛撞,v （发出巨响的） 猛撞,/kræʃ/,/kræʃ/,The door swung inwards to crash against a chest of drawers behind it.,门摆向里面，砰的一声猛力撞上了门后的五斗橱。
en:way:noun:1,way,noun,（特定的）状态，状况,n （特定的）状态，状况,/we/,/weɪ/,My family was in a bad way financially.,我家当时经济窘迫。
en:superb:adjective:1,superb,adjective,壮丽的；超等的,adj 壮丽的；超等的,/suːˈpɜːrb/,/suː'pɜːb; sjuː-/,The food was superb.,食物好吃极了。
en:ornament:noun:1,ornament,noun,装饰物,n 装饰物,/'ɔrnəmənt/,/'ɔːnəm(ə)nt/,a shelf covered with books and ornaments,摆满书籍和装饰品的架子
en:decorative:adjective:1,decorative,adjective,装饰的；可作装饰的,adj 装饰的；可作装饰的,/'dɛkəretɪv/,/'dek(ə)rətɪv/,a decorative panel above the door,门楣上的饰板
en:ornamental:adjective:1,ornamental,adjective,装饰的,adj 装饰的,"/,ɔrnə'mɛntl/",/ɔːnə'ment(ə)l/,...an ornamental fountain.,…一个装饰性喷泉。
en:mount:verb:2,mount,verb,装配,v 装配,/maʊnt/,/maʊnt/,Her husband mounts the work on velour paper and makes the frame.,她丈夫把作品装裱到丝绒纸上，又做了框架。
en:shipment:noun:1,shipment,noun,装载的货物；装货,n 装载的货物；装货,/'ʃɪpmənt/,/'ʃɪpm(ə)nt/,The goods are ready for shipment.,货物已经准备好装运。
en:can:verb:1,can,verb,装罐头,v 装罐头,/kæn/,/kæn/,"...fruits and vegetables that will be canned, skinned, diced, or otherwise processed.",…将要经过装罐、去皮、切块或其他加工程序的水果和蔬菜。
en:array:verb:1,array,verb,（美观地）排列,v （美观地）排列；n 陈列,/ə're/,/ə'reɪ/,make-up arrayed on the bathroom counter,盥洗台上摆放整齐的化妆品
en:diversion:noun:2,diversion,noun,转移；改道；娱乐,n 转移；改道；娱乐,/dəˈvɝʒən; dəˈvɝʃən; daɪˈvɝʒən; daɪˈvɝʃən/,/daɪ'vɜːʃ(ə)n; dɪ-/,A slight diversion in the road is causing major headaches for businesses along El Camino Real.,马路上的一小段绕行道让国王大道沿街的商家十分头疼。
en:convert:verb:2,convert,verb,转变，改变，变换,v 转变，改变，变换,/kən'vɝt/,/kən'vɜːt/,a 19th-century converted barn,由19世纪谷仓改建的房子
en:transition:noun:2,transition,noun,转变，变迁；过渡,n 转变，变迁；过渡,/træn'zɪʃən/,/træn'zɪʃ(ə)n; trɑːn-; -'sɪʃ-/,Making the transition from youth to adulthood can be very painful.,从青少年过渡到成年有时是一个非常痛苦的过程。
en:torque:noun:1,torque,noun,转（力）矩，扭（力）矩,n 转（力）矩，扭（力）矩,/tɔrk/,/tɔːk/,"In rotation, force becomes torque, mass becomes moment of inertia, and acceleration becomes angular acceleration.",在旋转时，力变成力矩，质量变成转动惯量，加速度变成角加速度。
en:box:noun:1,box,noun,（法庭的）专席,n （法庭的）专席,/bɑks/,/bɒks/,the jury box,陪审团席
en:workshop:noun:1,workshop,noun,专题讨论会,n 专题讨论会,/'wɝkʃɑp/,/'wɜːkʃɒp/,Trumpeter Marcus Belgrave ran a jazz workshop for young artists.,鼓手马库斯马贝尔格瑞夫为年轻艺术家们举办了一场爵士乐研讨会。
en:patent:adjective:1,patent,adjective,专利的,adj 专利的；n 专利,/'pætnt/,/'pæt(ə)nt; 'peɪt(ə)nt/,a patent lock,专利锁
en:clutch:verb:1,clutch,verb,抓住，掌握，攫,v 抓住，掌握，攫,/klʌtʃ/,/klʌtʃ/,She was clutching a bottle of champagne.,她手里紧紧抓着一瓶香槟酒。
en:nest:verb:1,nest,verb,筑巢，为…筑巢,v 筑巢，为…筑巢,/nɛst/,/nest/,They say eagles used to nest in those rocks.,他们说以前常有老鹰在那些岩石中筑巢。
en:coin:verb:1,coin,verb,铸造（硬币）,v 铸造（硬币）,/kɔɪn/,/kɒɪn/,gold coin,金币；小钱
en:noted:adjective:2,noted,adjective,著名的，知名的,adj 著名的，知名的,/'notɪd/,/'nəʊtɪd/,a noted author,著名作家
en:watchful:adjective:1,watchful,adjective,注意的，警惕的,adj 注意的，警惕的,,,The entrances are guarded by watchful security staff.,入口处由警惕的保安人员把守。
en:inject:verb:1,inject,verb,注射；注满；喷射,v 注射；注满；喷射,/ɪn'dʒɛkt/,/ɪn'dʒekt/,His son was injected with strong drugs.,他的儿子被注射了强效的药。
en:storage:noun:1,storage,noun,贮藏；保管,n 贮藏；保管,/'stɔrɪdʒ/,/'stɔːrɪdʒ/,the storage of highly radioactive material,高放射性材料的存放
en:position:noun:1,position,noun,形势；主张，立场,n 形势；主张，立场,/pə'zɪʃən/,/pə'zɪʃ(ə)n/,I’m not sure what I would do if I were in your position .,我不知道如果我身在你的处境会怎么办。
en:metropolitan:adjective:2,metropolitan,adjective,主要都市的,adj 主要都市的；n （东正教和天主教的）大主教,"/,mɛtrə'pɑlɪtən/",/metrə'pɒlɪt(ə)n/,a metropolitan area of South Australia,南澳大利亚的一个都市区
en:principally:adverb:1,principally,adverb,主要，大抵,adv 主要，大抵,/'prɪnsəpli/,/'prɪnsɪp(ə)lɪ/,The money is principally invested in stocks and shares.,这笔钱主要投资于股票。
en:stalk:noun:1,stalk,noun,主茎，叶柄,n 主茎，叶柄,/stɔk/,/stɔːk/,celery stalks,芹菜茎
en:preside:verb:1,preside,verb,主持；主奏,v 主持；主奏,/prɪ'zaɪd/,/prɪ'zaɪd/,I shall be pleased to preside at your meetings.,我很高兴主持你们的会议。
en:eject:verb:1,eject,verb,逐出，排斥；喷射,v 逐出，排斥；喷射,/ɪ'dʒɛkt/,/ɪ'dʒekt/,The demonstrators were ejected from the hall.,示威者被赶出大厅。
en:bamboo:noun:1,bamboo,noun,竹；竹杆，竹棍,n 竹；竹杆，竹棍,"/,bæm'bu/",/bæm'buː/,...huts with walls of bamboo.,…竹墙小屋。
en:jewellery:noun:1,jewellery,noun,珠宝，珠宝饰物,n 珠宝，珠宝饰物,/'dʒu:əlri/,/'dʒuːəlrɪ/,She wears a lot of gold jewelry.,她戴了许多金首饰。
en:wrinkle:noun:1,wrinkle,noun,皱纹,n 皱纹；vt 使起皱纹,/'rɪŋkl/,/'rɪŋkl/,Her face was a mass of wrinkles.,她的脸上布满皱纹。
en:axial:adjective:1,axial,adjective,轴的；轴向的,adj 轴的；轴向的,/'æksɪəl/,/'æksɪəl/,Angular momentum is an axial vector quantity.,角动量是一种轴矢量。
en:axis:noun:1,axis,noun,轴，轴线,n 轴，轴线,/'æksɪs/,/'æksɪs/,The Earth rotates on an axis between the north and south poles.,地球绕着南北两极之间的地轴自转。
en:ambient:adjective:1,ambient,adjective,周围的，包围着的,adj 周围的，包围着的,/'æmbɪənt/,/'æmbɪənt/,...ambient sounds of children in the background.,...背景处环绕着孩子们的声音。
en:periodic:adjective:1,periodic,adjective,周期的；一定时期的,adj 周期的；一定时期的,"/,pɪrɪ'ɑdɪk/","/,pɪərɪ'ɒdɪk/",periodic home visits by nurses,护士的定期上门探访
en:anniversary:noun:1,anniversary,noun,周年纪念日,n 周年纪念日,"/,ænɪ'vɝsəri/",/ænɪ'vɜːs(ə)rɪ/,Jack and Kim celebrated their twentieth wedding anniversary in January.,1月，杰克和金庆祝了他们的结婚20周年纪念日。
en:peripheral:adjective:1,peripheral,adjective,外围的的；末梢的,adj 外围的的；末梢的,/pə'rɪfərəl/,/pə'rɪf(ə)r(ə)l/,the city’s peripheral suburbs,这座城市的市郊
en:perimeter:noun:1,perimeter,noun,周（边）；周长,n 周（边）；周长,/pə'rɪmɪtɚ/,/pə'rɪmɪtə/,...the perimeter of the airport.,…机场周边。
en:anybody:noun:1,anybody,noun,重要人物,n 重要人物,,,She wasn't anybody before she got that job.,她在获得那个职位之前不过是个无名之辈。
en:responsible:adjective:1,responsible,adjective,可靠的；责任重大的,adj 可靠的；责任重大的,/rɪ'spɑnsəbl/,/rɪ'spɒnsɪb(ə)l/,You can leave the children with Billy – he’s very responsible.,你可以把孩子交给比利，他非常可靠。
en:consequence:noun:1,consequence,noun,重要（性），重大意义,n 重要（性），重大意义,/'kɑnsəkwɛns/,/'kɒnsɪkw(ə)ns/,I don’t suppose it is of any consequence now.,现在我觉得这事一点都无所谓了。
en:category:noun:2,category,noun,种类，类目；范畴,n 种类，类目；范畴,/'kætəɡɔri/,/'kætɪg(ə)rɪ/,people in the over-45 age category,属45岁以上年龄组的人
en:species:noun:2,species,noun,种，物种；种类,n 种，物种；种类,/'spiʃiz/,/'spiːʃiːz; -ʃɪz; 'spiːs-/,Seven species of birds of prey have been observed.,已有七种猛禽被观察到。
en:hearty:adjective:1,hearty,adjective,热情友好的；丰盛的,adj 热情友好的；丰盛的,/'hɑrti/,/'hɑːtɪ/,a hearty laugh,开怀大笑
en:neutron:noun:1,neutron,noun,中子,n 中子,/'nʊtrɑn/,/'njuːtrɒn/,Each atomic cluster is made up of neutrons and protons.,每个原子团簇是由中子和质子组成的。
en:intermediate:noun:1,intermediate,noun,中间体；调解人,n 中间体；调解人,"/,ɪntɚ'midɪət/","/,ɪntə'miːdɪət/",intermediate frequency,中频
en:proton:noun:1,proton,noun,质子，氕核,n 质子，氕核,/'protɑn/,/'prəʊtɒn/,"When a neutron inside an atom decays, it produces a proton, an electron, and a neutrino.",原子内的一个中子衰变后会产生一个质子、一个电子和一个中微子。
en:qualitative:adjective:1,qualitative,adjective,质的；定性的,adj 质的；定性的,/'kwɑlətetɪv/,/'kwɒlɪtətɪv/,There are qualitative differences in the way children of different ages and adults think.,不同年龄的儿童和成人在思维方式上有着质的差异。
en:fabricate:verb:1,fabricate,verb,捏造；制作,v 捏造；制作,/'fæbrɪket/,/'fæbrɪkeɪt/,The police were accused of fabricating evidence.,警方被控捏造证据。
en:fabrication:noun:1,fabrication,noun,捏造；制作,n 捏造；制作,"/,fæbrɪ'keʃən/",/fæbrɪ'keɪʃ(ə)n/,Her story was a complete fabrication from start to finish.,她的叙述从头到尾都是编造出来的。
en:volunteer:noun:1,volunteer,noun,志愿者,n 志愿者；v 志愿,"/,vɑlən'tɪr/","/,vɒlən'tɪə/",Most of the relief work was done by volunteers.,大部分救援工作都由志愿人员完成。
en:rebuke:verb:1,rebuke,verb,指责，非难，斥责,v 指责，非难，斥责,/rɪ'bjʊk/,/rɪ'bjuːk/,The president rebuked the House and Senate for not passing those bills within 100 days.,总统谴责参众两院未在100天内通过那些法案。
en:indicative:adjective:2,indicative,adjective,指示的；陈述的,adj 指示的；陈述的,/ɪn'dɪkətɪv/,/ɪn'dɪkətɪv/,"This behaviour is indicative of her whole attitude, I’m afraid.",这一行为恐怕已表明了她的总体态度。
en:denote:verb:1,denote,verb,指示，意味着,v 指示，意味着,/dɪ'not/,/dɪ'nəʊt/,What does the word ‘curriculum’ denote that ‘course’ does not?,curriculum一词的哪些含义是course没有的？
en:instructor:noun:1,instructor,noun,指导者，教员,n 指导者，教员,/ɪn'strʌktɚ/,/ɪn'strʌktə/,a driving instructor,驾驶教练
en:designate:verb:2,designate,verb,指定；指示；指明,v 指定；指示；指明,/'dɛzɪɡnet/,/'dezɪgneɪt/,This floor has been designated a no-smoking area.,这楼层已定为无烟区。
en:colonial:adjective:1,colonial,adjective,殖民地的，殖民的,adj 殖民地的，殖民的,/kə'lonɪəl/,/kə'ləʊnɪəl/,the struggle against colonial rule,反抗殖民统治的斗争
en:vocation:noun:1,vocation,noun,职业，行业,n 职业，行业,/vo'keʃən/,/və(ʊ)'keɪʃ(ə)n/,At 17 she found her true vocation as a writer.,17岁时她找到了自己真正的使命——当一名作家。
en:notable:adjective:1,notable,adjective,值得注意的；著名的,adj 值得注意的；著名的,/'notəbl/,/'nəʊtəb(ə)l/,The town is notable for its busy open-air market.,该城镇因其热闹的露天市场而出名。
en:merit:verb:2,merit,verb,值得；应受赏（罚）,v 值得；应受赏（罚）,/'mɛrɪt/,/'merɪt/,The results have been encouraging enough to merit further investigation.,结果令人振奋，值得进一步调查研究。
en:weaver:noun:1,weaver,noun,织布工，编织者,n 织布工，编织者,/'wivɚ/,/'wiːvə/,basket weavers,编篮子的人
en:brace:noun:1,brace,noun,支柱,n 支柱；v 拉紧，撑牢,,,She had to wear a brace after the accident.,出事以后她只得使用支架。
en:check:noun:1,check,noun,支票；帐单,n 支票；帐单,/tʃɛk/,/tʃek/,Can I pay by check?,我可以用支票付款吗？
en:second:verb:1,second,verb,支持,v 支持,/'sɛkənd/,/'sek(ə)nd/,Any proposal must be seconded by two other members of the committee.,任何提案须有委员会其他两位委员附议。
en:bearing:noun:1,bearing,noun,方位；（机器的）承座；轴承；忍受,n 方位；（机器的）承座；轴承；忍受,/'bɛrɪŋ/,/'beərɪŋ/,learning to take a compass bearing,学习用罗盘辨别方向
en:symptom:noun:2,symptom,noun,症状；征兆，征候,n 症状；征兆，征候,,,One of the most common symptoms of schizophrenia is hearing imaginary voices.,精神分裂症最常见的症状之一是幻听。
en:regime:noun:2,regime,noun,政权，政体；制度,n 政权，政体；制度,/re'ʒim/,/reɪ'ʒiːm/,The regime got rid of most of its opponents.,该政权清除了大多数反对者。
en:politics:noun:1,politics,noun,政纲，政见，策略,n 政纲，政见，策略,/'pɑlətɪks/,/'pɒlɪtɪks/,I assume her politics must be fairly conservative.,我猜她的政治观点一定相当保守。
en:platform:noun:1,platform,noun,政纲，党纲，宣言,n 政纲，党纲，宣言,/'plæt'fɔrm/,/'plætfɔːm/,a strong women’s rights platform,强硬的妇女权利政纲
en:confirmation:noun:1,confirmation,noun,证实，确定；确认,n 证实，确定；确认,"/,kɑnfɚ'meʃən/",/kɒnfə'meɪʃ(ə)n/,There has still been no official confirmation of the report.,这则报道仍未得到官方证实。
en:testify:verb:2,testify,verb,作证；证明，证实,v 作证；证明，证实,/'tɛstɪfaɪ/,/'testɪfaɪ/,Mr Molto has agreed to testify at the trial.,莫尔托先生已经同意出庭作证。
en:audience:noun:1,audience,noun,正式会见；拜会,n 正式会见；拜会,/'ɔdɪəns/,/'ɔːdɪəns/,He was granted an audience with the Pope.,他获准觐见教皇。
en:correctly:adverb:1,correctly,adverb,正确地，恰当地,adv 正确地，恰当地,/kə'rɛktli/,/kə'rek(t)lɪ/,The writer expresses himself correctly in English.,作家用英语正确地表达自己的意思。
en:positive:adjective:1,positive,adjective,正的，阳性的；正的，正极的，阳性的；正的，正数的,adj 正的，阳性的；正的，正极的，阳性的；正的，正数的,/'pɑzətɪv/,/'pɒzɪtɪv/,The test results came back positive.,化验结果呈阳性。
en:normalization:noun:1,normalization,noun,正常化，标准化,n 正常化，标准化,/nɔrmləˈzeʃən/,"/,nɔːməlaɪ'zeɪʃən/",the normalization of relations,关系的正常化
en:sign:noun:1,sign,noun,征兆，迹象，病症,n 征兆，迹象，病症,/saɪn/,/saɪn/,A paw print in the dust was a sign that a tiger was close.,沙土里的一个爪印表明附近有老虎。
en:conqueror:noun:1,conqueror,noun,征服者，胜利者,n 征服者，胜利者,/'kɑŋkərɚ/,/'kɒŋk(ə)rə(r)/,The people of an oppressed country obey their conquerors because they want to go on living.,一个被压迫国家的人民顺从他们的征服者，是因为他们想活下去。
en:controversy:noun:2,controversy,noun,争论，辩论，争吵,n 争论，辩论，争吵,/ˈkɑːntrəvɜːrsi/,/'kɒntrəvɜːsɪ; kən'trɒvəsɪ/,a political controversy,政治争议
en:suppress:verb:2,suppress,verb,镇压；抑制；禁止发表；封锁；查禁,v 镇压；抑制；禁止发表；封锁；查禁,/sə'prɛs/,/sə'pres/,The uprising was ruthlessly suppressed.,起义受到了残酷的镇压。
en:gust:noun:1,gust,noun,阵风，一阵狂风,n 阵风，一阵狂风,/ɡʌst/,/gʌst/,A gust of wind drove down the valley.,一阵狂风掠过山谷。
en:clinic:noun:1,clinic,noun,诊所，医务室；会诊；会诊时间；门诊时间,n 诊所，医务室；会诊；会诊时间；门诊时间,/'klɪnɪk/,/'klɪnɪk/,an appointment at an outpatient clinic,门诊预约
en:diagnose:verb:2,diagnose,verb,诊断（疾病）,v 诊断（疾病）,"/,daɪəɡ'nos/",/'daɪəgnəʊz; -'nəʊz/,The soldiers were diagnosed as having flu.,这些士兵被诊断为患了流感。
en:sincerity:noun:1,sincerity,noun,真诚，诚意；真实,n 真诚，诚意；真实,/sɪn'sɪərəti/,/sɪn'serətɪ/,"I don’t doubt her sincerity, but I think she’s got her facts wrong.",我不怀疑她的诚意，但我认为她没弄清楚事实。
en:cherish:verb:1,cherish,verb,珍爱；怀有（感情）,v 珍爱；怀有（感情）,/'tʃɛrɪʃ/,/'tʃerɪʃ/,"In marriage, a man promises to cherish his wife.",在婚姻中，男人承诺要爱护妻子。
en:detective:noun:2,detective,noun,侦探，警探；私人侦探，私家侦探,n 侦探，警探；私人侦探，私家侦探,/dɪ'tɛktɪv/,/dɪ'tektɪv/,Now detectives are appealing for witnesses who may have seen anything suspicious last night.,现在侦探们正在呼吁昨晚可能看到任何可疑情况的人出来作证。
en:underline:verb:1,underline,verb,着重；强调,v 着重；强调；n 预告,/'ʌndəlaɪn/,/ʌndə'laɪn/,This tragic incident underlines the need for immediate action.,这一悲剧事件突显了立即采取行动的必要性。
en:grind:verb:1,grind,verb,磨碎，碾碎，把...磨成粉,v 磨碎，碾碎，把...磨成粉,/ɡraɪnd/,/graɪnd/,Store the peppercorns in an airtight container and grind the pepper as you need it.,将胡椒子储藏在密封容器里，当你需要的时候把它磨成粉。
en:discount:noun:1,discount,noun,折扣,n 折扣；v 打折扣卖,/dɪs'kaʊnt/,/'dɪskaʊnt/,They are often available at a discount.,它们经常可以以折扣价买到。
en:literally:adverb:1,literally,adverb,照字义，逐字地,adv 照字义，逐字地,/'lɪtərəli/,/'lɪt(ə)rəlɪ/,"The name of the cheese is Dolcelatte, literally meaning ‘sweet milk’.",这种奶酪名叫Dolcelatte，字面意思是 “甜牛奶” 。
en:illuminate:verb:2,illuminate,verb,照明，照亮；阐明,v 照明，照亮；阐明,/ɪ'lumɪnet/,/ɪ'l(j)uːmɪneɪt/,A single candle illuminated his face.,一支蜡烛照亮了他的脸。
en:summon:verb:1,summon,verb,召唤；鼓起（勇气）,v 召唤；鼓起（勇气）,/'sʌmən/,/'sʌmən/,Robert summoned the waiter for the bill.,罗伯特召唤服务员结账。
en:marsh:noun:1,marsh,noun,沼泽地，湿地,n 沼泽地，湿地,/mɑrʃ/,/mɑːʃ/,Cows were grazing on the marshes.,牛群在湿地上吃草。
en:entertainment:noun:1,entertainment,noun,招待，招待会,n 招待，招待会,/'ɛntɚ'tenmənt/,/entə'teɪnm(ə)nt/,the entertainment of friends,招待朋友
en:hindrance:noun:1,hindrance,noun,障碍，妨碍,n 障碍，妨碍,/'hɪndrəns/,/'hɪndr(ə)ns/,A degree is more of a hindrance than a help in British industry.,在英国工业界，学位反倒是个累赘。
en:hose:noun:1,hose,noun,软管；袜类（包括连裤袜、长筒袜、短袜）,n 软管；袜类（包括连裤袜、长筒袜、短袜）,/hoz/,/həʊz/,You've left the garden hose on.,你没有关花园的水管。
en:sofa:noun:1,sofa,noun,长沙发，沙发,n 长沙发，沙发,/'sofə/,/'səʊfə/,sofa bed,沙发床，坐卧两用的长沙发
en:tensile:adjective:1,tensile,adjective,张力的；能伸长的,adj 张力的；能伸长的,/'tɛnsl/,/'tensaɪl/,tensile rubber,有伸缩性的橡胶
en:warfare:noun:1,warfare,noun,战争，战争状态,n 战争，战争状态,/'wɔrfɛr/,/'wɔːfeə/,the realities of modern warfare,现代战争的真实面貌
en:battle:verb:1,battle,verb,战斗，与…作战,v 战斗，与…作战,/'bætl/,/'bæt(ə)l/,...the notorious Montonero guerrilla group who did battle with the army during the dirty war...,曾在那场肮脏的战争中与这支部队交战的臭名昭著的蒙特内罗游击队
en:predominant:adjective:1,predominant,adjective,占优势的；主要的,adj 占优势的；主要的,/prɪ'dɑmənənt/,/prɪ'dɒmɪnənt/,the predominant group in society,社会中的主导群体
en:unfold:verb:2,unfold,verb,展开；展现，呈现,v 展开；展现，呈现,/ʌn'fold/,/ʌn'fəʊld/,She unfolded her arms.,她张开双臂。
en:cling:verb:1,cling,verb,粘住；依附；坚持,v 粘住；依附；坚持,/klɪŋ/,/klɪŋ/,His wet shirt clung to his body.,他的湿衬衫紧紧地贴在身上。
en:viscous:adjective:1,viscous,adjective,粘滞的，粘性的,adj 粘滞的，粘性的,/'vɪskəs/,/'vɪskəs/,"As the liquid cools, it becomes viscous.",这液体冷却后会变黏稠。
en:coherent:adjective:1,coherent,adjective,（文章、观点等）连贯的，有条理的，一致的,adj （文章、观点等）连贯的，有条理的，一致的,/ko'hɪrənt/,/kə(ʊ)'hɪər(ə)nt/,The three years of the course are planned as a coherent whole.,这三年的课程是作为连贯的整体来安排的。
en:album:noun:1,album,noun,（收存照片或邮票的） 册子,n （收存照片或邮票的） 册子,/'ælbəm/,/'ælbəm/,a photograph album,相册
en:glue:verb:1,glue,verb,粘牢,v 粘牢,/ɡlu/,/gluː/,Glue the fabric around the window.,用胶把这布粘在窗户四周。
en:cement:verb:1,cement,verb,粘结,v 粘结,/sə'mɛnt/,/sɪ'ment/,Most artificial joints are cemented into place.,绝大部分人造关节是被黏结复位的。
en:adhere:verb:1,adhere,verb,粘附；追随；坚持,v 粘附；追随；坚持,/əd'hɪr/,/əd'hɪə/,Small particles adhere to the seed.,微小的粒子紧贴着种子。
en:strip:noun:2,strip,noun,窄条，长带,n 窄条，长带,/strɪp/,/strɪp/,a strip of paper,一张纸条
en:grasshopper:noun:1,grasshopper,noun,蚱蜢，蝗虫，蚂蚱,n 蚱蜢，蝗虫，蚂蚱,/'ɡræshɑpɚ/,/'grɑːshɒpə/,One day a grasshopper came upon an ant at work in a garden.,一天， 蚱蜢碰到了一只正在花园里干活的蚂蚁。
en:wink:verb:1,wink,verb,眨眼；使眼色,v 眨眼；使眼色,/wɪŋk/,/wɪŋk/,He winked an eye at his companion.,他朝同伴眨眨眼。
en:further:verb:1,further,verb,增进,v 增进,/'fɝðɚ/,/'fɜːðə/,Education needn't only be about furthering your career.,教育不必只是与推进你的事业有关。
en:multiplication:noun:1,multiplication,noun,乘法；增加,n 乘法；增加,/'mʌltəplə'keʃən/,"/,mʌltɪplɪ'keɪʃ(ə)n/","There will be simple tests in addition, subtraction, multiplication, and division.",将会有加减乘除的简单测试。
en:liability:noun:2,liability,noun,责任；债务,n 责任；债务,/'laɪə'bɪləti/,/laɪə'bɪlɪtɪ/,Tenants have legal liability for any damage they cause.,承租人造成任何损坏都要负法律责任。
en:shipbuilding:noun:1,shipbuilding,noun,造船（业），造船学,n 造船（业），造船学,"/'ʃɪp,bɪldɪŋ/",,a shipbuilding yard,造船厂
en:mint:noun:1,mint,noun,造币厂；巨额钱财,n 造币厂；巨额钱财,/mɪnt/,/mɪnt/,coins issued by the Royal Mint,皇家铸币局发行的硬币
en:hollow:verb:1,hollow,verb,凿空，挖空,v 凿空，挖空,/'hɑlo/,/'hɒləʊ/,Hollow out the cake and fill it with cream.,在蛋糕上挖个洞，填入奶油。
en:hymn:noun:1,hymn,noun,赞美诗，圣歌；赞歌,n 赞美诗，圣歌；赞歌,/hɪm/,/hɪm/,He liked to sing hymns as he worked.,他工作时喜欢唱赞美诗。
en:glorify:verb:1,glorify,verb,赞美；颂扬（上帝）,v 赞美；颂扬（上帝）,/'ɡlɔrɪfaɪ/,/'glɔːrɪfaɪ/,This magazine in no way glorifies gangs.,本杂志决不美化各种犯罪团伙。
en:fore:adverb:1,fore,adverb,在（或向）船头；在（或向）飞行器头部,adv 在（或向）船头；在（或向）飞行器头部,/fɔr/,/fɔː/,Our yacht was well equipped with two double cabins fore and aft.,我们的游艇设施完备，首尾有两个双人舱。
en:therein:adverb:1,therein,adverb,在那里,adv 在那里,"/,ðɛr'ɪn/",/ðeər'ɪn/,"See Thompson, 1983, and the references cited therein.",见汤普森（1983）以及书中引用的参考资料。
en:overseas:adverb:1,overseas,adverb,在海外，（向）国外,adv 在海外，（向）国外,"/,ovɚ'siz/",/əʊvə'siːz/,Chris is going to work overseas.,克里斯要去国外工作。
en:ashore:adverb:1,ashore,adverb,在岸上，上岸,adv 在岸上，上岸,/ə'ʃɔr/,/ə'ʃɔː/,Several dead birds had been washed ashore.,几只死鸟被冲上了岸。
en:outside:preposition:1,outside,preposition,在…外，向…外,prep 在…外，向…外,"/,aʊt'saɪd/",/aʊt'saɪd; 'aʊtsaɪd/,You can park your car outside our house.,你可以把汽车停在我们家屋外。
en:brand:verb:1,brand,verb,在…上打烙印,v 在…上打烙印,/brænd/,/brænd/,The owner couldn't be bothered to brand the cattle.,主人懒得给这牛打上烙印。
en:alongside:preposition:1,alongside,preposition,在…旁边,prep 在…旁边,/ə'lɔŋ'saɪd/,/əlɒŋ'saɪd/,He crossed the street and walked alongside Central Park.,他过了马路，然后在中央公园旁边走着。
en:roam:verb:1,roam,verb,在…漫步，漫游,v 在…漫步，漫游,/rom/,/rəʊm/,Chickens and geese roam freely in the back yard.,鸡和鹅在后院随意溜达。
en:over:preposition:1,over,preposition,在（做）…时,prep 在（做）…时,/'ovɚ/,/'əʊvə/,Will you be home over the summer vacation?,暑假期间你在家吗？
en:reproduction:noun:2,reproduction,noun,再生（产）；繁殖,n 再生（产）；繁殖,"/,riprə'dʌkʃən/",/riːprə'dʌkʃ(ə)n/,"Scientists studied the reproduction, diet, and health of the dolphins.",科学家研究了海豚的繁殖情况、进食规律和健康状况。
en:specification:noun:2,specification,noun,规格；明确说明，详述,n 规格；明确说明，详述,/'spɛsəfə'keʃən/,"/,spesɪfɪ'keɪʃ(ə)n/",The bolts met all the engineering specifications.,这些螺栓符合所有的工程设计规格。
en:disastrous:adjective:1,disastrous,adjective,灾难性的；悲惨的,adj 灾难性的；悲惨的,/dɪ'zæstrəs/,/dɪ'zɑːstrəs/,a disastrous first marriage,以失败告终的第一次婚姻
en:operation:noun:1,operation,noun,运算,n 运算,"/,ɑpə'reʃən/",/ɒpə'reɪʃ(ə)n/,The whole operation is performed in less than three seconds.,全部运算在三秒内完成。
en:freight:noun:1,freight,noun,货运；运费,n 货运；运费,/fret/,/freɪt/,freight services,货运公司
en:locomotive:adjective:1,locomotive,adjective,运动的；机动,adj 运动的；机动,"/,lokə'motɪv/",/ləʊkə'məʊtɪv/,an increase in locomotive power,运动力的增加
en:lunar:adjective:1,lunar,adjective,月亮的,adj 月亮的,/'lunɚ/,/'luːnə/,studies of the lunar surface,对月球表面的研究
en:undertake:verb:2,undertake,verb,从事；承诺,v 从事；承诺,"/,ʌndɚ'tek/",/ʌndə'teɪk/,She undertook the task of monitoring the elections.,她承担了监督选举的任务。
en:primitive:adjective:2,primitive,adjective,远古的，未开化的,adj 远古的，未开化的,/'prɪmətɪv/,/'prɪmɪtɪv/,a primitive society,原始社会
en:dome:noun:1,dome,noun,圆屋顶，拱顶,n 圆屋顶，拱顶,/dom/,/dəʊm/,...the dome of the Capitol.,…国会大厦的穹顶。
en:cylinder:noun:1,cylinder,noun,圆筒；柱（面）；汽缸,n 圆筒；柱（面）；汽缸,/'sɪlɪndɚ/,/'sɪlɪndə/,The gases are stored in cylinders.,气体储存在圆筒内。
en:satisfactorily:adverb:1,satisfactorily,adverb,圆满地,adv 圆满地,/ˌsætɪs'fæktərɪlɪ/,"/,sætɪs'fæktərəlɪ/",Her disappearance has never been satisfactorily explained.,她的失踪一直没有得到令人信服的解释。
en:nucleus:noun:1,nucleus,noun,原子核，细胞核,n 原子核，细胞核,/'nuklɪəs/,/'njuːklɪəs/,Neutrons and protons are bound together in the nucleus of an atom.,在一个原子的核内，中子和质子聚合在一起。
en:prototype:noun:1,prototype,noun,原型；典型，范例,n 原型；典型，范例,/'protə'taɪp/,/'prəʊtətaɪp/,the prototype of the modern bicycle,现代自行车的雏形
en:vowel:noun:1,vowel,noun,元音；元音字母,n 元音；元音字母,/'vaʊəl/,/'vaʊəl/,Each language has a different vowel system.,每种语言都有不同的元音系统。
en:marshal:noun:1,marshal,noun,元帅；陆军元帅,n 元帅；陆军元帅,/'mɑrʃəl/,/'mɑːʃ(ə)l/,Marshal Zhukov,朱可夫元帅
en:subscription:noun:1,subscription,noun,订阅（费）；用户费（的缴纳）,n 订阅（费）；用户费（的缴纳）,/səb'skrɪpʃən/,/səb'skrɪpʃ(ə)n/,You may cancel your subscription at any time.,你随时可以取消订阅。
en:prophet:noun:1,prophet,noun,预言家，先知,n 预言家，先知,/'prɑfɪt/,/'prɒfɪt/,the prophet Elijah,先知以利亚
en:prophecy:noun:1,prophecy,noun,预言；预言能力,n 预言；预言能力,/'prɑfəsi/,/'prɒfɪsɪ/,the prophecy of Isaiah,以赛亚的预言
en:prediction:noun:1,prediction,noun,预言，预告；预报,n 预言，预告；预报,/prɪ'dɪkʃən/,/prɪ'dɪkʃ(ə)n/,The data can be used to make useful economic predictions .,这些数据可用于进行有用的经济预测。
en:preset:verb:1,preset,verb,预先装置,v 预先装置,"/,pri'sɛt/",/priː'set/,...a computerized timer that can be preset.,...一个可以预调的电脑定时器。
en:beforehand:adverb:1,beforehand,adverb,预先；提前地,adv 预先；提前地,/bɪ'fɔrhænd/,/bɪ'fɔːhænd/,The police need to be briefed beforehand on how to deal with this sort of situation.,需要事先告诉警察这种情况怎样处理。
en:budget:noun:1,budget,noun,预算；〔政府的〕,n 预算；〔政府的〕,/'bʌdʒɪt/,/'bʌdʒɪt/,We had a really tight budget.,我们的预算很紧。
en:foresee:verb:1,foresee,verb,预见，预知，看穿,v 预见，预知，看穿,/fɔr'si/,/fɔː'siː/,I’ve put your name on the list and I don’t foresee any problems.,我把你的名字写在名单上了，估计不会有什么问题。
en:prevention:noun:1,prevention,noun,预防，阻止，妨碍,n 预防，阻止，妨碍,/pri'vɛnʃən/,/prɪ'venʃn/,a fire prevention officer,消防官员
en:tulip:noun:1,tulip,noun,郁金香,n 郁金香,/'tʊlɪp/,/'tjuːlɪp/,In a vase on the table stood a tulip.,桌上的花瓶里插着一束郁金香。
en:intonation:noun:1,intonation,noun,语调，声调；发声,n 语调，声调；发声,"/,ɪntə'neʃən/",/ɪntə'neɪʃ(ə)n/,intonation patterns,语调类型
en:cosmic:adjective:1,cosmic,adjective,宇宙的；广大无边的，极大的,adj 宇宙的；广大无边的，极大的,/'kɑzmɪk/,/'kɒzmɪk/,the cosmic laws governing our world,主宰我们世界的宇宙法则
en:cosmos:noun:1,cosmos,noun,宇宙,n 宇宙,/'kɑzmos/,/'kɒzmɒs/,...the natural laws of the cosmos.,…宇宙的自然法则。
en:overlap:verb:2,overlap,verb,与…交搭，重叠,v 与…交搭，重叠,/'ovəlæp/,/əʊvə'læp/,"When the bag is folded, the bottom overlaps one side.",把包折叠起来时，其底部与一边就重合了。
en:excuse:verb:1,excuse,verb,为…辩解；使免除,v 为…辩解；使免除,/ɪk'skjʊs/,/ɪk'skjuːz; ek-/,He excused himself by saying he was 'forced to rob to maintain my wife and cat.',他辩解说自己是“为了供养妻子和猫儿被迫去抢劫的”。
en:senseless:adjective:1,senseless,adjective,愚蠢的，无意义的,adj 愚蠢的，无意义的,/'sɛnsləs/,/'senslɪs/,Her death seemed such a senseless waste of life.,她的死真是无谓地浪费生命。
en:amusement:noun:1,amusement,noun,乐趣；娱乐，消遣,n 乐趣；娱乐，消遣,/ə'mjuzmənt/,/ə'mjuːzm(ə)nt/,Steve couldn’t hide his amusement.,史蒂夫忍俊不禁。
en:torpedo:noun:1,torpedo,noun,鱼雷，水雷,n 鱼雷，水雷,/tɔr'pido/,/tɔː'piːdəʊ/,His ship was blown up by a torpedo.,他的船被一枚鱼雷炸毁了。
en:margin:noun:2,margin,noun,余地；（获胜者在时间或票数上领先的）幅度，差额；利润；赚头,n 余地；（获胜者在时间或票数上领先的）幅度，差额；利润；赚头,/'mɑrdʒən/,/'mɑːdʒɪn/,"It’ll take about 30 minutes to dry but I’d allow a safety margin of, say, another 10 minutes.",要30分钟左右才能干，不过保险一点，再多10分钟吧。
en:roundabout:adjective:1,roundabout,adjective,转弯抹角的；迂回的,adj 转弯抹角的；迂回的,/'raʊndəbaʊt/,/'raʊndəbaʊt/,"He told us, in a very roundabout way, that he was thinking of leaving.",他拐弯抹角地对我们说他想走了。
en:kidnap:verb:2,kidnap,verb,诱拐，绑架,v 诱拐，绑架,/'kɪdnæp/,/'kɪdnæp/,Police appealed for witnesses after a woman was kidnapped at gunpoint.,一名妇女遭到持枪绑架，警方呼吁目击者挺身而出。
en:guilt:noun:1,guilt,noun,内疚；有罪，犯罪,n 内疚；有罪，犯罪,/ɡɪlt/,/gɪlt/,"He used to buy them expensive presents, out of guilt.",出于内疚，他以前总是给他们买昂贵的礼物。
en:shadowy:adjective:1,shadowy,adjective,有影的；幽暗的,adj 有影的；幽暗的,/'ʃædoi/,/'ʃædəʊɪ/,a shadowy room,幽暗的房间
en:avail:verb:1,avail,verb,有益于，有用,v 有益于，有用；n 效用,/ə'vel/,/ə'veɪl/,Guests should feel at liberty to avail themselves of your facilities.,客人们应可以随意使用你们的设施。
en:ambitious:adjective:1,ambitious,adjective,有雄心的；热望的,adj 有雄心的；热望的,/æm'bɪʃəs/,/æm'bɪʃəs/,"Alfred was intensely ambitious, obsessed with the idea of becoming rich.",艾尔弗雷德雄心勃勃，一心想着发财。
en:significant:adjective:2,significant,adjective,重要的，重大的，影响深远的,adj 重要的，重大的，影响深远的,/sɪɡ'nɪfɪkənt/,/sɪg'nɪfɪk(ə)nt/,His most significant political achievement was the abolition of the death penalty.,他政治上最重大的成就是废除了死刑。
en:validity:noun:2,validity,noun,（法律上的）有效；符合逻辑，正确,n （法律上的）有效；符合逻辑，正确,/və'lɪdəti/,/və'lɪdɪtɪ/,The period of validity of the agreement has expired.,本协议的有效期已过。
en:availability:noun:1,availability,noun,有效（性）；可得性,n 有效（性）；可得性,"/ə,velə'bɪləti/","/ə,veɪlə'bɪlətɪ/",the availability of cheap flights,有廉价机票出售
en:finite:adjective:1,finite,adjective,有限的；有尽的,adj 有限的；有尽的,,,the earth’s finite resources,地球有限的资源
en:magnet:noun:1,magnet,noun,有吸引力的人（或物）,n 有吸引力的人（或物）,/'mægnɪt/,/ˈmæɡnɪt/,"Prospect Park, with its vast lake, is a magnet for all health freaks.",拥有大片湖区的展望公园是所有健身迷的向往之地。
en:profitable:adjective:2,profitable,adjective,有利的；有益的,adj 有利的；有益的,/'prɑfɪtəbl/,/'prɒfɪtəb(ə)l/,The advertising campaign proved very profitable.,事实证明，这次广告宣传活动卓有成效。
en:advantageous:adjective:1,advantageous,adjective,有利的，有助的,adj 有利的，有助的,/'ædvən'tedʒəs/,/ædvən'teɪdʒəs/,He was now in a more advantageous position.,他现在的位置更有利。
en:courteous:adjective:1,courteous,adjective,有礼貌的，谦恭的,adj 有礼貌的，谦恭的,/'kɝtɪəs/,/'kɜːtjəs/,The staff are always courteous and helpful.,员工们总是彬彬有礼、乐于帮助。
en:bead:noun:1,bead,noun,有孔小珠；水珠；露珠,n 有孔小珠；水珠；露珠,/bid/,/biːd/,She wore a string of green glass beads around her neck.,她脖子上戴着一串绿色的玻璃珠子。
en:commonsense:adjective:1,commonsense,adjective,有常识的,adj 有常识的,,,The judge's ruling was based on the simple commonsense tenet that no man is above the law.,法官的判决基于一个常识性原则，即谁也不能凌驾于法律之上。
en:conservative:adjective:2,conservative,adjective,保守的，守旧的,adj 保守的，守旧的,/kən'sɝvətɪv/,/kən'sɜːvətɪv/,a very conservative attitude to education,对待教育非常守旧的态度
en:liable:adjective:1,liable,adjective,有（法律）责任的,adj 有（法律）责任的,/'laɪəbl/,/'laɪəb(ə)l/,The airline's insurer is liable for damages to the victims' families.,航空公司投保的保险公司为遇难者家庭的损失负法律责任。
en:yacht:noun:1,yacht,noun,游艇，快艇,n 游艇，快艇,/jɑt/,/jɒt/,His 36 ft yacht sank suddenly last summer.,他的36英尺游艇去年夏天突然沉没了。
en:uranium:noun:1,uranium,noun,铀,n 铀,/jʊ'renɪəm/,/jʊ'reɪnɪəm/,The fuel was enriched with uranium 235 for the nuclear reactor.,核反应堆的燃料被铀235浓缩。
en:tanker:noun:1,tanker,noun,油船；空中加油飞机,n 油船；空中加油飞机,/'tæŋkɚ/,/'tæŋkə/,A Greek oil tanker has run aground.,一艘希腊油轮已经搁浅了。
en:postal:adjective:1,postal,adjective,邮政的，邮局的,adj 邮政的，邮局的,/'postl/,/'pəʊst(ə)l/,the U.S. postal service,美国邮政
en:superiority:noun:1,superiority,noun,优越（性），优势,n 优越（性），优势,"/su,pɪrɪ'ɔrəti/","/suː,pɪərɪ'ɒrɪtɪ; sjuː-/",the intellectual superiority of humans over other animals,人类相比其他动物所具有的智力优势
en:elbow:verb:1,elbow,verb,用肘挤，挤进,v 用肘挤，挤进,/'ɛlbo/,/'elbəʊ/,"She pushed through the crowd, elbowing people out of the way.",她用手肘把人们推开，从人群中挤了出来。
en:paper:verb:1,paper,verb,贴壁纸,v 贴壁纸,/'pepɚ/,/'peɪpə/,The previous owners had obviously papered over any damp patches.,原先的房主显然是用壁纸把潮斑都盖起来了。
en:cutter:noun:1,cutter,noun,用于切割的器械,n 用于切割的器械,/'kʌtɚ/,/'kʌtə/,wire cutters,钢丝钳，铁丝剪
en:net:verb:1,net,verb,用网捕；用网覆盖,v 用网捕；用网覆盖,/nɛt/,/net/,We netted three fish in under an hour.,不到一小时我们就网住了三条鱼。
en:head:verb:1,head,verb,用头顶（球）；朝...行进,v 用头顶（球）；朝...行进,/hɛd/,/hed/,He headed the ball across the face of the goal.,他一个头球，球从球门前横飞而过。
en:tug:verb:1,tug,verb,用力拖,v 用力拖；n 猛拉，拖,/tʌɡ/,/tʌg/,The woman gently tugged his arm.,那女人轻轻拽了拽他的胳膊。
en:hook:verb:1,hook,verb,（使）钩住，挂住,v （使）钩住，挂住,/hʊk/,/hʊk/,We hooked the trailer to the back of the car.,我们把拖车挂在汽车尾部。
en:formulate:verb:2,formulate,verb,规划；制定；准备,v 规划；制定；准备,/'fɔrmjə'let/,/'fɔːmjʊleɪt/,He formulated Labour Party education policy in 1922.,1922年，他制定了工党教育政策。
en:sniff:verb:1,sniff,verb,用鼻子吸，嗅,v 用鼻子吸，嗅,/snɪf/,/snɪf/,He opened the milk and sniffed it.,他打开牛奶闻了闻。
en:courageous:adjective:1,courageous,adjective,勇敢的，无畏的,adj 勇敢的，无畏的,/kə'redʒəs/,/kə'reɪdʒəs/,"He was wrong, and courageous enough to admit it.",他是错了，而且有勇气承认自己错了。
en:emigrate:verb:1,emigrate,verb,永久移居国外,v 永久移居国外,/'ɛmɪɡret/,/'emɪgreɪt/,He emigrated to Belgium.,他移民去了比利时。
en:perpetual:adjective:2,perpetual,adjective,永久的；四季开花的,adj 永久的；四季开花的,/pɚ'pɛtʃuəl/,/pə'petʃʊəl; -tjʊəl/,the perpetual snows of the mountaintops,山顶的终年积雪
en:everlasting:adjective:1,everlasting,adjective,永久的；持久的,adj 永久的；持久的,"/,ɛvɚ'læstɪŋ/",/evə'lɑːstɪŋ/,everlasting fame,永久的名声
en:eternal:adjective:1,eternal,adjective,永久的；不朽的,adj 永久的；不朽的,/ɪ'tɝnl/,/ɪ'tɜːn(ə)l; iː-/,the Christian promise of eternal life,基督教承诺的永生
en:stiffness:noun:1,stiffness,noun,硬度,n 硬度,/'stɪfnɪs/,/'stɪfnɪs/,"If you eat soon after your workout, you can minimize muscle stiffness and soreness.",如果在训练不久之后进食，就可以减缓肌肉僵硬和疼痛。
en:comply:verb:1,comply,verb,应允，遵照，照做,v 应允，遵照，照做,/kəm'plaɪ/,/kəm'plaɪ/,The commander said that the army would comply with the ceasefire.,指挥官说过部队会遵从停火协议。
en:bound:adjective:1,bound,adjective,应当的；必定的,adj 应当的；必定的,/baʊnd/,/baʊnd/,Don’t lie to her. She’s bound to find out.,别骗她，她肯定会发现的。
en:salute:verb:1,salute,verb,（向…）行军礼，（向…）致敬,v （向…）行军礼，（向…）致敬,/sə'lut/,/sə'l(j)uːt/,The two soldiers saluted Lieutenant Cecil.,那两名士兵向塞西尔中尉行了礼。
en:cater:verb:2,cater,verb,迎合，投合,v 迎合，投合,/'ketɚ/,/'keɪtə/,We cater to an exclusive clientele.,我们满足一个特殊客户群的需求。
en:press:noun:1,press,noun,出版社；印刷所；印刷机,n 出版社；印刷所；印刷机,/prɛs/,/pres/,Oxford University Press,牛津大学出版社
en:printer:noun:1,printer,noun,印刷工；印花工,n 印刷工；印花工,/'prɪntɚ/,/'prɪntə/,laser printer,激光印刷机
en:harbour:verb:1,harbour,verb,怀着（不好的想法、恐惧或希望）；包含，藏有；窝藏,v 怀着（不好的想法、恐惧或希望）；包含，藏有；窝藏,/hɑrbɚ/,/ˈhɑ:bə(r)/,I think he’s harbouring some sort of grudge against me.,我觉得他对我有点怀恨在心。
en:diet:noun:1,diet,noun,日常饮食，日常食物,n 日常饮食，日常食物,/'daɪət/,/'daɪət/,She doesn’t eat a very healthy diet.,她的饮食不是很健康。
en:tempt:verb:1,tempt,verb,引诱，诱惑，劝诱,v 引诱，诱惑，劝诱,/tɛmpt/,/tem(p)t/,If you leave valuables in your car it will tempt thieves.,如果把贵重物品留在车上，会招来小偷的。
en:cite:verb:1,cite,verb,引证；引用；〔法院〕传召，传讯,v 引证；引用；〔法院〕传召，传讯,/saɪt/,/saɪt/,The judge cited a 1956 Supreme Court ruling in her decision.,法官在她的判决中引用了1956年最高法院的一项裁决。
en:ignite:verb:1,ignite,verb,引燃，着火,v 引燃，着火,/ɪɡ'naɪt/,/ɪg'naɪt/,The bombs ignited a fire which destroyed some 60 houses.,炸弹引起了一场火灾，烧毁了大约六十间房屋。
en:derivation:noun:1,derivation,noun,引出；起源；衍生,n 引出；起源；衍生,/'dɛrə'veʃən/,/derɪ'veɪʃ(ə)n/,The derivation of its name is obscure.,它名字的根源起源鲜为人知。
en:banker:noun:1,banker,noun,银行家,n 银行家,/'bæŋkɚ/,/'bæŋkə/,...an investment banker.,…一位投资银行家。
en:obscure:adjective:1,obscure,adjective,无名的；鲜为人知的,adj 无名的；鲜为人知的,/əb'skjʊr/,/əb'skjʊə/,an obscure poet,名不见经传的诗人
en:inasmuch:adverb:1,inasmuch,adverb,因为，由于,adv 因为，由于,"/,ɪnəz'mʌtʃ/",/ɪnəz'mʌtʃ/,Forgive them inasmuch as they are young.,原谅他们吧，因为他们还年轻。
en:through:preposition:1,through,preposition,因为，由于,prep 因为，由于,/θru/,/θruː/,How many working days were lost through sickness last year?,去年因为员工生病损失了多少个工作日？
en:consciousness:noun:1,consciousness,noun,意识；知觉,n 意识；知觉,/'kɑnʃəsnəs/,/'kɒnʃəsnɪs/,The painful memories eventually faded from her consciousness.,那些痛苦的回忆最终从她的意识中淡去了。
en:observation:noun:1,observation,noun,意见，短评，按语,n 意见，短评，按语,"/,ɑbzɚ'veʃən/",/ɒbzə'veɪʃ(ə)n/,Darwin’s observations on the habits of certain birds,达尔文对某些鸟类习性的论述
en:cross:adjective:1,cross,adjective,恼怒的,adj 恼怒的,/krɔs/,/krɒs/,She gets cross when he goes out drinking.,他出去喝酒她就不高兴。
en:refrain:verb:2,refrain,verb,抑制，制止，忍住,v 抑制，制止，忍住,/rɪ'fren/,/rɪ'freɪn/,Mrs. Hardie refrained from making any comment.,哈迪太太忍住了没做任何评论。
en:restrain:verb:1,restrain,verb,制止；抑制,v 制止；抑制,/rɪ'stren/,/rɪ'streɪn/,I had to restrain her from running out into the street.,我只得阻止她跑到街上去。
en:singular:adjective:1,singular,adjective,异常的，奇异的,adj 异常的，奇异的,/'sɪŋɡjəlɚ/,/'sɪŋgjʊlə/,I wondered why she was behaving in so singular a fashion.,我真奇怪她为什么会有如此异常的行为。
en:house:noun:1,house,noun,议院，会议厅,n 议院，会议厅,/haʊs/,/haʊs/,The president will address both houses of Congress.,总统将向参众两院发表讲话。
en:obligation:noun:1,obligation,noun,义务，职责，责任,n 义务，职责，责任,"/,ɑblɪ'ɡeʃən/",/ɒblɪ'geɪʃ(ə)n/,Employers have an obligation to treat all employees equally.,雇主有责任对所有员工一视同仁。
en:formerly:adverb:1,formerly,adverb,以前，从前,adv 以前，从前,/'fɔrmɚli/,/'fɔːməlɪ/,"Kiribati, formerly known as the Gilbert Islands",基里巴斯，旧称吉尔伯特群岛
en:veil:verb:1,veil,verb,以面纱遮掩；遮盖,v 以面纱遮掩；遮盖,/vel/,/veɪl/,A black kerchief modestly veiled her hair.,一条黑色头巾端庄地裹着她的头发。
en:desert:verb:2,desert,verb,遗弃；擅离（职守）,v 遗弃；擅离（职守）,/(for v.) dɪˈzɝ​t; (for n.) 'dɛzɚt/,/(for v.) dɪ'zɜːt; (for n.) 'dezət/,Helen was deserted by her husband.,海伦被丈夫遗弃了。
en:forsake:verb:1,forsake,verb,遗弃，抛弃；摒绝，摒弃,v 遗弃，抛弃；摒绝，摒弃,"/fɔrˈsek, fə-/",/fə'seɪk/,children forsaken by their parents,被父母遗弃的孩子
en:transmission:noun:1,transmission,noun,传播，传染,n 传播，传染,/træns'mɪʃən/,/trænz'mɪʃ(ə)n; trɑːnz-; -ns-/,the transmission of disease,疾病的传播
en:displace:verb:2,displace,verb,移置；取代；置换,v 移置；取代；置换,/dɪs'ples/,/dɪs'pleɪs/,Coal has been displaced by natural gas as a major source of energy.,作为一种主要能源，煤的地位已为天然气所取代。
en:displacement:noun:1,displacement,noun,移置；免职；置换,n 移置；免职；置换,/dɪs'plesmənt/,/dɪs'pleɪsm(ə)nt/,the displacement of traditional agriculture by industrial crops,经济作物对传统农业的替代
en:colonist:noun:1,colonist,noun,移民；殖民地居民,n 移民；殖民地居民,/'kɑlənɪst/,/'kɒlənɪst/,The colonists struggled through their first winter.,这些殖民地居民艰难地度过了第一个冬天。
en:instrumental:adjective:1,instrumental,adjective,器乐的；有帮助的,adj 器乐的；有帮助的,"/,ɪnstrə'mɛntl/",/ɪnstrʊ'ment(ə)l/,...a CD of vocal and instrumental music.,…一张声乐和器乐光盘。
en:wardrobe:noun:1,wardrobe,noun,衣柜，衣橱，藏衣室,n 衣柜，衣橱，藏衣室,/'wɔr'drob/,/'wɔːdrəʊb/,"Can you hang these in the wardrobe, please?",请你把这些衣服挂到衣橱里去好吗？
en:garment:noun:1,garment,noun,衣服；服装，衣着,n 衣服；服装，衣着,/'gɑrmənt/,/'gɑːm(ə)nt/,She pulled the garment on and zipped it up.,她穿上衣服并拉好拉链。
en:islam:noun:1,Islam,noun,伊斯兰教，回教,n 伊斯兰教，回教,,,He converted to Islam at the age of 16.,他在16岁时皈依了伊斯兰教。
en:evenly:adverb:1,evenly,adverb,一致地；平静地,adv 一致地；平静地,/'ivnli/,/'i:vənlɪ/,The profits will be split evenly between the three of us.,利润将由我们三人平分。
en:compatible:adjective:1,compatible,adjective,兼容的,adj 兼容的,/kəm'pætəbl/,/kəm'pætɪb(ə)l/,The new software is IBM compatible (= can be used with IBM computers ) .,这个新软件与IBM的计算机兼容。
en:stitch:noun:1,stitch,noun,一针，缝线,n 一针，缝线；v 缝,/stɪtʃ/,/stɪtʃ/,Her mother counted the stitches on her knitting needles.,她的母亲数了数编织针上的针数。
en:troop:noun:1,troop,noun,一群，一队，大量,n 一群，一队，大量,/trʊp/,/truːp/,a troop of monkeys,一群猴子
en:concert:noun:1,concert,noun,一齐，一致，协作,n 一齐，一致，协作,/'kɑnsɚt/,/'kɒnsət/,Britain has to pursue policies in concert with other EU members.,英国必须和其他欧盟成员国一起贯彻各项政策。
en:chop:noun:1,chop,noun,一块排骨，肉块,n 一块排骨，肉块,/tʃɑp/,/tʃɒp/,a grilled pork/lamb chop,烤猪排/羊排
en:baby:noun:1,baby,noun,一家中年龄最小的人,n 一家中年龄最小的人,/bebɪ/,/'beɪbɪ/,Clare is the baby of the family.,克莱尔是家里最小的孩子。
en:episode:noun:1,episode,noun,（人生的）一段经历；（小说的）片段，插曲,n （人生的）一段经历；（小说的）片段，插曲,/'ɛpɪsod/,/'epɪsəʊd/,I'd like to try and forget the whole episode.,我倒想尽量把那段经历全部忘掉。
en:cluster:noun:1,cluster,noun,串，束，簇；群，组,n 串，束，簇；群，组；v 群聚；聚集,/'klʌstɚ/,/'klʌstə/,a diamond cluster ring,群镶钻戒
en:generalization:noun:1,generalization,noun,一般化；概括，综合,n 一般化；概括，综合,"/,dʒɛnrələ'zeʃən/","/,dʒenrələ'zeɪʃən/",You can’t make generalizations about what men and women are like.,男人什么样，女人什么样，不能一概而论。
en:burglar:noun:1,burglar,noun,夜盗，窃贼,n 夜盗，窃贼,/'bɝɡlɚ/,/'bɜːglə/,Burglars broke into their home.,窃贼闯进了他们家。
en:amateur:adjective:1,amateur,adjective,业余的,adj 业余的；n 业余爱好者,/ˈæmətər/,"/'æmətə; -tʃə; -tjʊə; ,æmə'tɜː/",...professional athletes and amateur runners.,…专业运动员和业余赛跑运动员。
en:metallurgy:noun:1,metallurgy,noun,冶金学，冶金术,n 冶金学，冶金术,/'mɛtəlɝdʒi/,"/mɪ'tælədʒɪ; 'met(ə),lɜːdʒɪ/","He studied metallurgy as a mature student, having spent ten years working in a foundry.","在一家铸造厂工作了10年以后,他成为成人学生学习冶金专业。"
en:jesus:noun:1,Jesus,noun,耶稣,n 耶稣,/'dʒizəs/,/'dʒiːzəs/,"As a scientist,he disbelieves in Jesus.",作为一名科学家，他不信耶稣。
en:fort:noun:1,fort,noun,要塞，堡垒,n 要塞，堡垒,/fɔrt/,/fɔːt/,The men in the fort capitulated.,堡垒中的守军投降了。
en:postulate:verb:1,postulate,verb,假定，假设,v 假定，假设,/'pɑstʃəlet/,/'pɒstjʊleɪt/,He dismissed arguments postulating differing standards for human rights in different cultures and regions.,他无法接受的是假定人权标准在不同文化和地区有所不同。
en:prescription:noun:1,prescription,noun,药方，处方；处方药,n 药方，处方；处方药,/prɪ'skrɪpʃən/,/prɪ'skrɪpʃ(ə)n/,The new drug will not require a physician's prescription.,这种新药不需要医生的处方。
en:cradle:noun:1,cradle,noun,摇篮；发源地,n 摇篮；发源地,/'kredl/,/'kreɪd(ə)l/,She rocked the cradle to quieten the child.,她摇动摇篮，让宝宝安静下来。
en:waver:verb:1,waver,verb,犹豫不决；摇摆,v 犹豫不决；摇摆,/'wevɚ/,/'weɪvə/,Shareholders who were wavering met the directors.,举棋不定的股东们会见了董事。
en:wag:verb:1,wag,verb,（狗） 摇摆 （尾巴）；摇晃 （手指）,v （狗） 摇摆 （尾巴）；摇晃 （手指）,/wæɡ/,/wæg/,"The dog was biting, growling and wagging its tail.",那条狗咬着叫着，还摇着尾巴。
en:oxide:noun:1,oxide,noun,氧化物,n 氧化物,/'ɑksaɪd/,/'ɒksaɪd/,iron oxide,氧化铁
en:oxidize:verb:1,oxidize,verb,氧化，使生锈,v 氧化，使生锈,/'ɑksə'daɪz/,/'ɒksɪdaɪz/,"If the organic material decays or is oxidized, it will not form petroleum.",如果有机物腐烂或氧化，它不会形成石油。
en:domestic:adjective:2,domestic,adjective,家养的,adj 家养的,/də'mɛstɪk/,/də'mestɪk/,a domestic cat,一只家猫
en:foster:verb:2,foster,verb,培养；抚育，代养,v 培养；抚育，代养,/'fɔstɚ/,/'fɒstə/,The bishop helped foster the sense of a community embracing all classes.,主教鼓励一种包容各个阶层的社区精神。
en:balcony:noun:1,balcony,noun,阳台；楼厅，楼座,n 阳台；楼厅，楼座,/'bælkəni/,/'bælkənɪ/,Has your flat got a balcony?,你的公寓有阳台吗？
en:anode:noun:1,anode,noun,阳极，正极，板极,n 阳极，正极，板极,/'ænod/,/'ænəʊd/,A red wire is often attached to the anode.,红色电线通常与阳极相联。
en:proverb:noun:1,proverb,noun,谚语，格言，箴言,n 谚语，格言，箴言,/'prɑvɝb/,/'prɒvɜːb/,"An old Arab proverb says, ""The enemy of my enemy is my friend.""",有一句古老的阿拉伯谚语说：“我敌人的敌人是我的朋友。”
en:banquet:noun:1,banquet,noun,宴会，盛会，酒席,n 宴会，盛会，酒席,/'bæŋkwɪt/,/'bæŋkwɪt/,a state banquet (= one attended by heads of government and other important people ),国宴
en:scope:noun:1,scope,noun,（学科、活动、书籍等的）范围；（发挥能力的）机会，施展余地；眼界,n （学科、活动、书籍等的）范围；（发挥能力的）机会，施展余地；眼界,/skop/,/skəʊp/,measures to limit the scope of criminals’ activities,限制罪犯活动范围的措施
en:cloak:verb:1,cloak,verb,掩盖，掩饰；覆盖，笼罩,v 掩盖，掩饰；覆盖，笼罩,/klok/,/kləʊk/,The talks have been cloaked in secrecy.,会谈是秘密进行的。
en:sharply:adverb:1,sharply,adverb,严厉地，苛刻地,adv 严厉地，苛刻地,/'ʃɑrpli/,/'ʃɑ:plɪ/,The report was sharply critical of the police.,报道猛烈地抨击了警方。
en:prolong:verb:2,prolong,verb,延长，拉长，拖延,v 延长，拉长，拖延,/prəˈlɑːŋ/,/prə'lɒŋ/,I was trying to think of some way to prolong the conversation.,我在想方设法拖长这次谈话。
en:retard:verb:1,retard,verb,阻碍；减缓；放慢,v 阻碍；减缓；放慢,/'rɪtɑrd/,/'rɪtɑːd/,Cold weather retards the growth of many plants.,寒冷的天气使许多植物生长滞缓。
en:pickle:noun:1,pickle,noun,腌制食品，泡菜,n 腌制食品，泡菜,/'pɪkl/,/'pɪk(ə)l/,cheese and pickle sandwiches,干酪腌菜三明治
en:dentist:noun:1,dentist,noun,牙科医生,n 牙科医生,/'dɛntɪst/,/'dentɪst/,Visit your dentist twice a year for a checkup.,每年看两次牙医做检查。
en:opium:noun:1,opium,noun,鸦片；麻醉剂,n 鸦片；麻醉剂,/'opɪəm/,/'əʊpɪəm/,an opium addict,吸鸦片成瘾者
en:deposit:noun:1,deposit,noun,押金,n 押金,/dɪ'pɑzɪt/,/dɪ'pɒzɪt/,"We ask for one month’s rent in advance, plus a deposit of 500.",我们要求预付一个月的租金，再加500美元的押金。
en:squeeze:verb:1,squeeze,verb,压榨；榨取,v 压榨；榨取,/skwiz/,/skwiːz/,Squeeze the oranges.,把橙子榨一榨。
en:compression:noun:1,compression,noun,压缩，压紧，浓缩,n 压缩，压紧，浓缩,/kəm'prɛʃən/,/kəm'preʃ(ə)n/,the compression of air,空气的压缩
en:squash:verb:1,squash,verb,压碎,v 压碎；n 果汁饮料,/skwɔʃ/,/skwɒʃ/,The cake got a bit squashed on the way here.,蛋糕在送来这里的路上有点压坏了。
en:overwhelming:adjective:2,overwhelming,adjective,压倒的，势不可挡的,adj 压倒的，势不可挡的,"/,ovɚ'wɛlmɪŋ/",,You may find it somewhat overwhelming at first.,起初你可能觉得它有些无法抗拒。
en:overwhelm:verb:2,overwhelm,verb,使（某人）感到不能自持，使不知所措；压倒，击败,v 使（某人）感到不能自持，使不知所措；压倒，击败,"/,ovɚ'wɛlm/",/əʊvə'welm/,Grief overwhelmed me.,我悲痛不已。
en:velocity:noun:1,velocity,noun,迅速，快速,n 迅速，快速,/vəˈlɑsəti/,/vəˈlɒsəti/,Martinez had good velocity on his fastball.,马丁内斯的快球速度极快。
en:circulation:noun:2,circulation,noun,血液循环；（资料、货币等）流通,n 血液循环；（资料、货币等）流通,"/,sɝkjə'leʃən/",/sɜːkjʊ'leɪʃ(ə)n/,Exercise improves the circulation.,运动能促进血液循环。
en:patrol:noun:1,patrol,noun,巡逻，巡查,n 巡逻，巡查,/pə'trol/,/pə'trəʊl/,The security forces increased their patrols in the area.,安全部队加强了对该地区的巡逻。
en:cruise:verb:1,cruise,verb,巡航，巡航于…,v 巡航，巡航于…,/krʊz/,/kruːz/,She wants to cruise the canals of France in a barge.,她想坐驳船游览法国的运河。
en:quest:verb:1,quest,verb,寻找，追求,v 寻找，追求,/kwɛst/,/kwest/,He had been questing for religious belief from an early age.,他从早年开始就一直在寻求宗教信仰。
en:cigar:noun:1,cigar,noun,雪茄烟，叶卷烟,n 雪茄烟，叶卷烟,/sɪ'ɡɑr/,/sɪ'gɑː/,He was smoking a big cigar.,他在抽一只大雪茄。
en:scholarship:noun:1,scholarship,noun,奖学金；学问，学识,n 奖学金；学问，学识,/'skɑlɚʃɪp/,/'skɒləʃɪp/,She won a scholarship to Iowa State University.,她获得了艾奥瓦州立大学的奖学金。
en:radiant:adjective:1,radiant,adjective,容光焕发的；灿烂的,adj 容光焕发的；灿烂的,/'redɪənt/,/'reɪdɪənt/,She looked radiant in a white silk dress.,她身穿白色真丝礼服，看上去光彩照人。
en:gorgeous:adjective:1,gorgeous,adjective,极其漂亮的，极其吸引人的；绚丽的，华丽的,adj 极其漂亮的，极其吸引人的；绚丽的，华丽的,/'ɡɔrdʒəs/,/'gɔːdʒəs/,‘What do you think of my new flatmate?’ ‘He’s absolutely gorgeous !’,“你觉得我的新室友怎么样？”“他帅极了！”
en:option:noun:1,option,noun,选择，取舍,n 选择，取舍,/'ɑpʃən/,/'ɒpʃ(ə)n/,There are a number of options available.,有多种选择。
en:cock:noun:1,cock,noun,公鸡,n 公鸡,/kɑk/,/kɒk/,A cock crowed in the distance.,远处有只公鸡在打鸣。
en:melody:noun:1,melody,noun,旋律，曲调；歌曲,n 旋律，曲调；歌曲,/'mɛlədi/,/'melədɪ/,They played some lovely melodies.,他们演奏了一些动听的曲子。
en:overhang:verb:1,overhang,verb,悬于…之上，悬垂,v 悬于…之上，悬垂,"/,ovɚ'hæŋ/",/əʊvə'hæŋ/,Part of the rock wall overhung the path at one point.,部分岩壁悬在了小径一处的上方。
en:console:noun:1,console,noun,悬臂，肘托；控制台,n 悬臂，肘托；控制台,/'kɑnsol/,/kən'səʊl/,Several nurses sat before a console of flickering lights and bleeping monitors.,几名护士坐在灯光闪烁、监听器嘟嘟作响的控制台前。
en:propaganda:noun:1,propaganda,noun,宣传,n 宣传,/'prɑpə'gændə/,/prɒpə'gændə/,the spreading of political propaganda,政治宣传的开展
en:declaration:noun:1,declaration,noun,宣布，宣言,n 宣布，宣言,"/,dɛklə'reʃən/",/deklə'reɪʃ(ə)n/,to issue/sign a declaration,发布 / 签署公告
en:narration:noun:1,narration,noun,叙述；故事；叙述法,n 叙述；故事；叙述法,/nə'reʃən/,/nə'reɪʃ(ə)n/,,
en:sequence:noun:1,sequence,noun,序列，顺序,n 序列，顺序,/'sikwəns/,/'siːkw(ə)ns/,Be careful to perform the actions in the correct sequence.,注意要按正确的顺序来完成动作。
en:warrant:noun:1,warrant,noun,（法院授权警方采取行动的）令状；许可证,n （法院授权警方采取行动的）令状；许可证,/'wɔrənt/,/'wɒr(ə)nt/,The magistrate issued a warrant for his arrest.,地方法官发出了对他的逮捕令。
en:requisite:adjective:1,requisite,adjective,需要的，必要的,adj 需要的，必要的；n 必需品,/'rɛkwəzɪt/,/'rekwɪzɪt/,He lacks the requisite qualifications.,他缺少必要的资历。
en:embroidery:noun:1,embroidery,noun,绣花，刺绣；绣制品,n 绣花，刺绣；绣制品,/ɪm'brɔɪdəri/,/ɪm'brɒɪd(ə)rɪ; em-/,The shorts had blue embroidery over the pockets.,这条短裤口袋上有蓝色的刺绣。
en:nun:noun:1,nun,noun,修女，尼姑,n 修女，尼姑,/nʌn/,/nʌn/,Mr. Thomas was taught by the Catholic nuns whose school he attended to work and study hard.,托马斯先生受教于天主教修女。在修女开办的学校里他专心工作，刻苦学习。
en:eloquence:noun:1,eloquence,noun,雄辩；口才，修辞,n 雄辩；口才，修辞,/'ɛləkwəns/,/'eləkwəns/,a speech of passionate eloquence,激情洋溢的演讲
en:wind:noun:1,wind,noun,风,n 风,/wɪnd; (for v.) waɪnd/,/wɪnd; (for v.) waɪnd/,The wind blew from the northeast.,风从东北方向吹来。
en:directory:noun:1,directory,noun,姓名地址录,n 姓名地址录,/dəˈrɛktəri; (also) daɪˈrɛktəri/,/dɪ'rekt(ə)rɪ; daɪ-/,I couldn’t find your number in the telephone directory.,我在电话簿上找不到你的电话号码。
en:pacific:adjective:1,pacific,adjective,性情温和的,adj 性情温和的,/pə'sɪfɪk/,/pə'sɪfɪk/,Gorbachev was less pacific than people thought.,戈尔巴乔夫不像人们想得那样温和。
en:survival:noun:1,survival,noun,幸存；残存；幸存者,n 幸存；残存；幸存者,/sɚ'vaɪvl/,/sə'vaɪv(ə)l/,The doctors gave him a one in ten chance of survival .,医生说他有十分之一的生存希望。
en:flush:noun:1,flush,noun,脸红；一阵强烈情感；（流露出的）一阵激情,n 脸红；一阵强烈情感；（流露出的）一阵激情,/flʌʃ/,/flʌʃ/,His words brought a warm flush to her face.,他那番话讲得她脸红发烫。
en:formal:adjective:1,formal,adjective,正规的；庄重的,adj 正规的；庄重的,/'fɔrml/,/'fɔːm(ə)l/,He kept the tone of the letter formal and businesslike.,他使这封信保持正式公文的语气。
en:constituent:adjective:1,constituent,adjective,构成的,adj 构成的；n 选民,/kən'stɪtʃuənt/,/kən'stɪtjʊənt/,the EU and its constituent members,欧盟及其成员国
en:scarlet:noun:1,scarlet,noun,猩红色,n 猩红色；adj 猩红的,/'skɑrlɪt/,/'skɑːlət/,scarlet berries,鲜红的浆果
en:religion:noun:1,religion,noun,宗教,n 宗教,/rɪ'lɪdʒən/,/rɪ'lɪdʒ(ə)n/,people of different religions,宗教信仰不同的人
en:novelty:noun:1,novelty,noun,新颖；新奇的事物,n 新颖；新奇的事物,/'nɑvlti/,/'nɒv(ə)ltɪ/,Many toys have no attraction beyond their novelty value.,许多玩具除了有些新奇感之外，别无吸引力。
en:regenerative:adjective:1,regenerative,adjective,回授的；再生的,adj 回授的；再生的,/rə'dʒɛnəretɪv/,/rɪ'dʒen(ə)rətɪv/,...the regenerative power of nature.,...大自然的再生力。
en:bridegroom:noun:1,bridegroom,noun,新郎,n 新郎,/'braɪdɡrum/,/'braɪdgruːm/,The bridegroom asked the guests to stand and then toasted the bridesmaids.,新郎请客人起立为女傧相干杯.
en:novel:adjective:2,novel,adjective,新的，异常的,adj 新的，异常的,/ˈnɑːvl/,/'nɒv(ə)l/,What a novel idea!,多么新奇的想法呀！
en:zinc:noun:1,zinc,noun,锌,n 锌；v 在…上镀锌,/zɪŋk/,/zɪŋk/,Brass is an alloy of copper and zinc.,黄铜是铜锌合金。
en:appreciation:noun:1,appreciation,noun,欣赏；感激,n 欣赏；感激,"/ə,priʃɪ'eʃən/",/əpriːʃɪ'eɪʃ(ə)n; -sɪ-/,It helps children to develop an appreciation of poetry and literature.,这有助于培养小孩子对诗歌和文学作品的欣赏力。
en:psychology:noun:1,psychology,noun,心理学；心理,n 心理学；心理,,,experts in the field of developmental psychology,发展心理学领域的专家
en:crab:noun:1,crab,noun,蟹；蟹肉,n 蟹；蟹肉；v 捕蟹,/kræb/,/kræb/,crab meat,蟹肉
en:subscript:adjective:1,subscript,adjective,写在下方的,adj 写在下方的；n 下标,/'sʌbskrɪpt/,/'sʌbskrɪpt/,The subscript operator must be defined as a class member function.,下标操作符必须定义为类成员函数。
en:sideways:adverb:1,sideways,adverb,斜向一边地,adv 斜向一边地,/'saɪdwez/,/'saɪdweɪz/,A strong gust of wind blew the car sideways into the ditch.,一阵狂风把汽车横着掀进了沟里。
en:jean:noun:1,jean,noun,斜纹布；牛仔裤,n 斜纹布；牛仔裤,/dʒɪn/,/dʒiːn/,a young man in jeans and a worn T-shirt,一个穿着牛仔裤和破旧T恤衫的年轻人
en:gradient:noun:1,gradient,noun,斜坡,n 斜坡,/'ɡredɪənt/,/'greɪdɪənt/,a steep gradient,陡坡
en:vicious:adjective:1,vicious,adjective,邪恶的；恶性的,adj 邪恶的；恶性的,/'vɪʃəs/,/'vɪʃəs/,Sarah can be quite vicious at times.,萨拉有时相当狠毒。
en:evil:noun:1,evil,noun,邪恶，罪恶；祸害,n 邪恶，罪恶；祸害,/'ivl/,/'iːv(ə)l; -vɪl/,She wanted to protect her children from the evils of the outside world.,她想保护她的孩子不受外界的不良影响。
en:collaborate:verb:2,collaborate,verb,协作，合作；协调,v 协作，合作；协调,/kə'læbəret/,/kə'læbəreɪt/,The two nations are collaborating on several satellite projects.,两国在几个人造衞星项目上展开合作。
en:team:verb:1,team,verb,协作，合作,v 协作，合作,/tim/,/tiːm/,black trousers teamed with a bright shirt,配亮色衬衫的黑裤子
en:coefficient:noun:1,coefficient,noun,协同因素；系数，率,n 协同因素；系数，率,"/,koɪ'fɪʃnt/","/,kəʊɪ'fɪʃ(ə)nt/","In 8pq, the coefficient of pq is 8.",在8pq中pq的系数为8。
en:wedge:noun:1,wedge,noun,楔,n 楔；v 楔入；挤入,/wɛdʒ/,/wedʒ/,He hammered the wedge into the crack in the stone.,他用锤子把楔子砸入石缝里。
en:calibration:noun:1,calibration,noun,校准；标定，刻度,n 校准；标定，刻度,"/,kælɪ'breʃən/",/kælɪ'breɪʃ(ə)n/,a calibration error,校准误差
en:paragraph:noun:1,paragraph,noun,（文章的）段，段落,n （文章的）段，段落,/'pærəɡræf/,/'pærəgrɑːf/,the opening paragraphs of the novel,小说开篇的几个段落
en:cautious:adjective:2,cautious,adjective,小心的，谨慎的,adj 小心的，谨慎的,/'kɔʃəs/,/'kɔːʃəs/,a cautious driver,一位谨慎的司机
en:caution:noun:1,caution,noun,小心,n 小心；v 告诫，警告,/'kɔʃən/,/'kɔːʃ(ə)n/,The physician must exercise caution when prescribing antidepressants.,医师在开抗抑郁药处方时必须谨慎。
en:suitcase:noun:1,suitcase,noun,手提箱，衣箱,n 手提箱，衣箱,/'sutkes/,/'suːtkeɪs/,It did not take Andrew long to pack a suitcase.,安德鲁没有用多长时间就整理好了手提箱。
en:decimal:adjective:1,decimal,adjective,小数的，十进制的,adj 小数的，十进制的,/'dɛsɪml/,/'desɪm(ə)l/,changing to a decimal system,改为十进制
en:footpath:noun:1,footpath,noun,小路，人行道,n 小路，人行道,/'fʊtpæθ/,/'fʊtpɑːθ/,He said he had just picked up the druken man from the footpath and did not know him from Adam.,他说他只是把这个倒在人行道上的醉汉扶了起来，他根本不认识他。
en:puppy:noun:1,puppy,noun,小狗；幼小的动物,n 小狗；幼小的动物,/'pʌpi/,/'pʌpɪ/,a six-month-old puppy,一只六个月大的小狗
en:closet:noun:1,closet,noun,小房间；壁碗橱,n 小房间；壁碗橱,/'klɑzət/,/'klɒzɪt/,a closet full of beautiful clothes,满是漂亮衣服的壁橱
en:pamphlet:noun:1,pamphlet,noun,小册子,n 小册子,/ˈpæmflɪt/,,a political pamphlet,政治宣传册
en:slack:adjective:2,slack,adjective,萧条的；懈怠的,adj 萧条的；懈怠的,/slæk/,/slæk/,Business remained slack throughout the day.,一整天生意都很冷清。
en:disappearance:noun:1,disappearance,noun,消失，消散；失踪,n 消失，消散；失踪,"/,dɪsə'pɪrəns/",/dɪsə'pɪərəns/,Police are investigating the woman’s disappearance.,警方正在调查这名女子的失踪。
en:recreation:noun:1,recreation,noun,消遣，娱乐活动,n 消遣，娱乐活动,"/,rɛkrɪ'eʃən/","/,rekrɪ'eɪʃ(ə)n/",His only recreations are drinking beer and watching football.,他唯一的消遣就是喝啤酒和看足球比赛。
en:consumer:noun:1,consumer,noun,消费者，用户,n 消费者，用户,/kən'sumɚ/,/kən'sjuːmə/,Consumers will soon be paying higher airfares.,不久消费者就要支付更高的机票价了。
en:consumption:noun:2,consumption,noun,消费（量）,n 消费（量）,/kən'sʌmpʃən/,/kən'sʌm(p)ʃ(ə)n/,Vigorous exercise increases oxygen consumption.,剧烈运动增加氧的消耗。
en:depression:noun:1,depression,noun,消沉；不景气萧条期,n 消沉；不景气萧条期,/dɪ'prɛʃən/,/dɪ'preʃ(ə)n/,Lucy’s mood was one of deep depression.,露西的情绪极度消沉。
en:token:noun:1,token,noun,辅币；象征,n 辅币；象征,/'tokən/,/'təʊk(ə)n/,slot-machine tokens,自动贩卖机使用的代用币
en:ivory:noun:1,ivory,noun,象牙（质）；乳白色,n 象牙（质）；乳白色,/'aɪvəri/,/'aɪv(ə)rɪ/,an ivory chess set,一副象牙国际象棋
en:forward:adverb:1,forward,adverb,向前；向将来,adv 向前；向将来；v 转递,/'fɔrwɚd/,/'fɔːwəd/,"He leaned forward , his elbows resting on the table.",他身体前倾，胳膊肘撑在桌子上。
en:southwards:adverb:1,southwards,adverb,向南方,adv 向南方,/'saʊθwɚdz/,/'saʊθwədz/,We followed the coast southwards.,我们沿海岸向南走。
en:orientation:noun:1,orientation,noun,定位；方向,n 定位；方向,/orɪɛn'teʃən/,"/,ɔːrɪən'teɪʃ(ə)n; ,ɒr-/",The company needs to develop a stronger orientation towards marketing its products.,公司需要针对其产品的营销设定一个更为明确的目标。
en:defy:verb:2,defy,verb,向…挑战；蔑视,v 向…挑战；蔑视,/'difaɪ/,/dɪ'faɪ/,people who openly defy the law,公然抗拒法律的人
en:hail:verb:1,hail,verb,向…欢呼，招呼,v 向…欢呼，招呼,/hel/,/heɪl/,She leaned out of the window and hailed a passerby.,她探出窗户向一个路人大喊。
en:yearn:verb:1,yearn,verb,渴望，向往,v 渴望，向往,/jɝn/,/jɜːn/,Hannah yearned for a child.,汉娜渴望有个孩子。
en:spice:noun:1,spice,noun,香料，调味品,n 香料，调味品,/spaɪs/,/spaɪs/,herbs and spices,香草和香料
en:pilgrim:noun:1,pilgrim,noun,香客，朝圣者,n 香客，朝圣者,/'pɪlɡrɪm/,/'pɪlgrɪm/,pilgrims visiting a holy shrine,祭拜圣庙的朝圣者
en:fragrant:adjective:1,fragrant,adjective,香的，芬芳的,adj 香的，芬芳的,/'fregrənt/,/'freɪgr(ə)nt/,fragrant flowers,芳香的花朵
en:incense:noun:1,incense,noun,香，熏香；香气,n 香，熏香；香气,/'ɪnsɛns/,/'ɪnsens/,a church filled with the smell of incense,充满焚香气味的教堂
en:uniformly:adverb:1,uniformly,adverb,相同地；一贯,adv 相同地；一贯,/jʊnə'fɔrmli/,/'ju:nɪfɔ:mlɪ/,The principles were applied uniformly across all the departments.,这些原则统一适用于所有部门。
en:resemblance:noun:1,resemblance,noun,相似，相似性,n 相似，相似性,/rɪ'zɛmbləns/,/rɪ'zembl(ə)ns/,The resemblance between Susan and her sister was remarkable.,苏珊和她的姐姐十分相像。
en:analogy:noun:1,analogy,noun,相似，类似；比拟,n 相似，类似；比拟,/ə'nælədʒi/,/ə'nælədʒɪ/,analogies between human and animal behaviour,人类行为与动物行为的类同
en:interact:verb:2,interact,verb,相互作用,v 相互作用,"/,ɪntɚ'ækt/",/ɪntər'ækt/,The immune system interacts with both the nervous system and the hormones.,免疫系统与神经系统及激素相互影响。
en:correlation:noun:2,correlation,noun,相互关系,n 相互关系,"/,kɔrə'leʃən/","/,kɒrə'leɪʃ(ə)n; -rɪ-/",a strong correlation between urban deprivation and poor health,都市贫困和健康状况差之间的密切关系
en:reciprocal:adjective:1,reciprocal,adjective,相互的；互利的,adj 相互的；互利的,/rɪ'sɪprəkl/,/rɪ'sɪprək(ə)l/,He spoke of the necessity for a reciprocal relationship that would be useful for all sides.,他谈及需要建立对各方都有益的互惠关系。
en:coincide:verb:1,coincide,verb,相巧合；相符合,v 相巧合；相符合,"/,koɪn'saɪd/","/,kəʊɪn'saɪd/","When our vacations coincided, we often holidayed together.",我们的假期要是凑巧赶在一起，我们常常会一同去度假。
en:inversely:adverb:1,inversely,adverb,相反地,adv 相反地,/ɪn'vɝslɪ/,/'ɪnvɜːslɪ/,We regard health as inversely related to social class.,我们认为健康状况与社会地位成相反关系。
en:devotion:noun:1,devotion,noun,献身，热诚，专心,n 献身，热诚，专心,/dɪ'voʃən/,/dɪ'vəʊʃ(ə)n/,her devotion to duty,她对职责的忠诚
en:linear:adjective:1,linear,adjective,线的；长度的,adj 线的；长度的,/'lɪnɪɚ/,/'lɪnɪə/,a linear diagram,线形图
en:qualify:verb:2,qualify,verb,限制，限定，修饰,v 限制，限定，修饰,/ˈkwɑləˌfaɪ/,/'kwɒlɪfaɪ/,"In ‘the open door ’, ‘open ’ is an adjective qualifying ‘door ’.",在the open door中，open是修饰door的形容词。
en:realistic:adjective:1,realistic,adjective,现实的；现实主义的,adj 现实的；现实主义的,"/,riə'lɪstɪk/",/rɪə'lɪstɪk/,It’s just not realistic to expect a promotion so soon.,这么快就想升职根本不现实。
en:striking:adjective:1,striking,adjective,显著的，惊人的,adj 显著的，惊人的,/'straɪkɪŋ/,/'straɪkɪŋ/,a striking contrast between wealth and poverty,显著的贫富差异
en:microscopic:adjective:1,microscopic,adjective,显微镜的；微观的，极小的,adj 显微镜的；微观的，极小的,"/,maɪkrə'skɑpɪk/",/maɪkrə'skɒpɪk/,The cells were identified through microscopic analysis.,那些细胞通过显微镜分析被识别出来。
en:apparent:adjective:1,apparent,adjective,显然的,adj 显然的,/ə'pærənt/,/ə'pær(ə)nt/,The difference in quality was immediately apparent .,质量的差异显而易见。
en:distinctly:adverb:1,distinctly,adverb,显然，清楚地,adv 显然，清楚地,/dɪ'stɪŋktli/,/dɪ'stɪŋ(k)tlɪ/,Speak clearly and distinctly.,说话要清楚明白。
en:bacon:noun:1,bacon,noun,咸猪肉，熏猪肉,n 咸猪肉，熏猪肉,/'bekən/,/'beɪk(ə)n/,bacon and eggs,咸猪肉煎蛋
en:gossip:noun:1,gossip,noun,闲谈；碎嘴子；漫笔,n 闲谈；碎嘴子；漫笔,/'ɡɑsɪp/,/'gɒsɪp/,What’s the latest gossip ?,最近有些什么传闻？
en:ramble:verb:1,ramble,verb,闲逛，漫步；漫谈，闲聊,v 闲逛，漫步；漫谈，闲聊,/'ræmbl/,/'ræmb(ə)l/,There’s plenty to discover as you ramble around this little island.,漫步这个小岛，你会有很多新发现。
en:precede:verb:1,precede,verb,先于…，领先,v 先于…，领先,/prɪ'sid/,/prɪ'siːd/,a type of cloud that precedes rain,下雨前出现的一种云
en:priority:noun:1,priority,noun,先，前；优先，重点,n 先，前；优先，重点,/praɪ'ɔrəti/,/praɪ'ɒrɪtɪ/,The club’s priority is to win the League.,该俱乐部首先考虑的是要赢得联赛。
en:shower:verb:1,shower,verb,下阵雨，使湿透,v 下阵雨，使湿透,/'ʃaʊɚ/,/'ʃaʊə/,shower room,浴室
en:decline:verb:2,decline,verb,下倾；偏斜；衰退,v 下倾；偏斜；衰退,/dɪ'klaɪn/,/dɪ'klaɪn/,the economic decline faced by many cities,许多城市面临的经济衰退
en:descent:noun:2,descent,noun,下降；出身；斜坡,n 下降；出身；斜坡,/dɪ'sɛnt/,/dɪ'sent/,Passengers must fasten their seat belts prior to descent.,乘客在飞机降落之前必须系好安全带。
en:subordinate:adjective:2,subordinate,adjective,下级的，辅助的,adj 下级的，辅助的,/səˈbɔːdɪnɪt (for n. &adj.) ; səˈbɔːdɪˌnet (for v.)/,/sə'bɔːdɪnət/,a subordinate officer,下级官员
en:inferior:noun:1,inferior,noun,下级；晚辈；次品,n 下级；晚辈；次品,/ɪn'fɪrɪɚ/,/ɪn'fɪərɪə/,"It was a gentleman's duty always to be civil, even to his inferiors.",一个绅士的责任是一直保持彬彬有礼，即使是对比自己地位低的人。
en:slim:adjective:2,slim,adjective,细长的；微小的,adj 细长的；微小的,/slɪm/,/slɪm/,a slim young woman,身材苗条的年轻女子
en:taper:noun:1,taper,noun,细小的蜡烛；微光,n 细小的蜡烛；微光,/'tepɚ/,/'teɪpə/,small boys holding lighted tapers,拿着点燃的细蜡烛的小男孩
en:petty:adjective:1,petty,adjective,细小的；器量小的,adj 细小的；器量小的,/'pɛti/,/'petɪ/,petty squabbles,小口角
en:nice:adjective:1,nice,adjective,细微的，微妙的,adj 细微的，微妙的,/naɪs/,/naɪs/,a nice point of law,法律上的微妙难断之处
en:filament:noun:1,filament,noun,细丝；长丝；灯丝,n 细丝；长丝；灯丝,/'fɪləmənt/,/'fɪləm(ə)nt/,an electric filament,灯丝
en:bacterium:noun:1,bacterium,noun,细菌,n 细菌,/bæk'tɪrɪəm/,/bæk'tɪərɪəm/,"The bacterium Streptococcus pneumoniae causes about a third of some 3,000 annual meningitis cases.",在每年约3000起脑膜炎病例中，1/3左右是由一种叫“肺炎链球菌”的细菌引起的。
en:germ:noun:1,germ,noun,细菌，病原菌；幼芽,n 细菌，病原菌；幼芽,/dʒɝm/,/dʒɜːm/,Put disinfectant down the toilet to kill any germs.,在抽水马桶里投放消毒剂杀菌。
en:systematically:adverb:1,systematically,adverb,系统地，有规则地,adv 系统地，有规则地,"/,sɪstə'mætɪkl/","/,sɪstə'mætɪklɪ/",The search was carried out systematically.,搜查已按照部署执行。
en:spectrum:noun:1,spectrum,noun,系列，范围；波谱,n 系列，范围；波谱,/'spɛktrəm/,/'spektrəm/,The two articles here represent opposite ends of the spectrum.,这里的两篇文章代表了两个极端的观点。
en:lace:verb:1,lace,verb,系带，用带子束紧,v 系带，用带子束紧,/les/,/leɪs/,Lace up your shoes or you’ll trip over.,把鞋带系好，否则你会绊倒的。
en:tape:verb:1,tape,verb,系，捆,v 系，捆,/tep/,/teɪp/,adhesive tape,胶布
en:drama:noun:1,drama,noun,戏剧性事件；戏剧性,n 戏剧性事件；戏剧性,,,Maggie’s life is always full of drama.,玛吉的生活总是充满了戏剧性。
en:theatre:noun:1,theatre,noun,剧场，戏院,n 剧场，戏院,/ˈθiətər/,/'θɪətə/,an open-air theatre (= a theatre that is outside ),露天剧场
en:comedy:noun:1,comedy,noun,喜剧；喜剧场面,n 喜剧；喜剧场面,/'kɑmədi/,/'kɒmɪdɪ/,a career in stand-up comedy,单口喜剧表演职业
en:assault:verb:1,assault,verb,袭击,v 袭击；n 攻击,/ə'sɔlt/,/ə'sɔːlt; ə'sɒlt/,Two men assaulted him after he left the bar.,他离开酒吧之后遭到两名男子的袭击。
en:usage:noun:1,usage,noun,习惯用法,n 习惯用法,/'jusɪdʒ/,/'juːsɪdʒ/,a book on modern English usage,关于现代英语用法的书
en:quench:verb:1,quench,verb,熄灭，扑灭；压制,v 熄灭，扑灭；压制,/kwɛntʃ/,/kwen(t)ʃ/,a desperate bid to quench the raging flames,为扑灭熊熊大火而不顾一切的努力
en:extinguish:verb:2,extinguish,verb,熄灭，扑灭；消灭,v 熄灭，扑灭；消灭,/ɪk'stɪŋɡwɪʃ/,/ɪk'stɪŋgwɪʃ; ek-/,Please extinguish all cigarettes.,请把香烟都熄灭了。
en:absorption:noun:1,absorption,noun,吸收；专注,n 吸收；专注,"/əbˈsɔrpʃən, -ˈzɔrp-/",/əb'zɔːpʃ(ə)n; -'sɔːp-/,the body’s absorption of iron,身体对铁质的吸收
en:intake:noun:1,intake,noun,吸入；输入能量,n 吸入；输入能量,/'ɪn'tek/,/'ɪnteɪk/,Try to reduce your intake of fat.,尽量减少脂肪的摄入量。
en:physically:adverb:1,physically,adverb,身体上；体格上,adv 身体上；体格上,/'fɪzɪkli/,/'fɪzɪkəllɪ/,She is young and physically fit.,她年轻而且身体健康。
en:substantial:adjective:1,substantial,adjective,大而坚固的,adj 大而坚固的,/səbˈstænʃəl/,/səb'stænʃ(ə)l/,a substantial piece of furniture,一件又大又结实的家具
en:body:noun:1,body,noun,物体,n 物体,/'bɑdi/,/'bɒdɪ/,Keep the caps on the bottles to prevent foreign bodies entering them (= objects that should not be there ),瓶子要盖好，以免异物进入。
en:luncheon:noun:1,luncheon,noun,午宴，午餐，便宴,n 午宴，午餐，便宴,/'lʌntʃən/,/'lʌn(t)ʃ(ə)n/,"Earlier this month, a luncheon for former U.N. staff was held in Vienna.",本月早些时候在维也纳为前联合国工作人员举行了午宴。
en:ignorance:noun:1,ignorance,noun,无知，无学，愚昧,n 无知，无学，愚昧,/'ɪɡnərəns/,/'ɪgn(ə)r(ə)ns/,"Excuse my ignorance, but how does it actually work?",请原谅我的无知，它究竟是如何运作的？
en:insignificant:adjective:1,insignificant,adjective,无意义的；低微的,adj 无意义的；低微的,"/,ɪnsɪɡ'nɪfɪkənt/",/ɪnsɪg'nɪfɪk(ə)nt/,You realize that your problems are insignificant in comparison.,要知道，你的问题相对来说微不足道。
en:doubtless:adverb:1,doubtless,adverb,无疑地；很可能,adv 无疑地；很可能,/'daʊtləs/,/'daʊtlɪs/,Doubtless there would be lots of rumours.,无疑会谣言四起。
en:indefinite:adjective:1,indefinite,adjective,无限期的,adj 无限期的,/ɪn'dɛfɪnət/,/ɪn'defɪnɪt/,The next day the union voted to begin an indefinite strike.,第二天工会投票表决决定开始无限期罢工。
en:infinitely:adverb:1,infinitely,adverb,无限地，无边地,adv 无限地，无边地,/'ɪnfɪnətli/,/'ɪnfɪnɪtlɪ/,Human beings are infinitely adaptable.,人类的适应力是无限的。
en:unlimited:adjective:1,unlimited,adjective,无限的；不定的,adj 无限的；不定的,/ʌn'lɪmɪtɪd/,/ʌn'lɪmɪtɪd/,The system can support an unlimited number of users.,该系统可以支持无限多的用户。
en:infinite:noun:1,infinite,noun,无限；无穷（大）,n 无限；无穷（大）,/'ɪnfɪnət/,/'ɪnfɪnət/,infinite loop,无限循环
en:fearless:adjective:1,fearless,adjective,无畏的，大胆的,adj 无畏的，大胆的,/'fɪrləs/,/'fɪəlɪs/,These dogs are absolutely fearless.,这些狗什么都不怕。
en:innumerable:adjective:1,innumerable,adjective,无数的，数不清的,adj 无数的，数不清的,/ɪ'nʊmərəbl/,/ɪ'njuːm(ə)rəb(ə)l/,She’s served on innumerable committees.,她在多个委员会担任委员。
en:inorganic:adjective:1,inorganic,adjective,无生物的；无机的,adj 无生物的；无机的,/'ɪnɔr'gænɪk/,/ɪnɔː'gænɪk/,inorganic matter,无机物
en:ruthless:adjective:1,ruthless,adjective,无情的，冷酷的,adj 无情的，冷酷的,/'rʊθləs/,/'ruːθlɪs/,a ruthless dictator,无情的独裁者
en:incapable:adjective:1,incapable,adjective,无能力的；无资格的,adj 无能力的；无资格的,/ɪn'kepəbl/,/ɪn'keɪpəb(ə)l/,He seemed incapable of understanding how she felt.,他似乎不能理解她的感受。
en:unique:adjective:1,unique,adjective,无可匹敌的；极好的,adj 无可匹敌的；极好的,/jʊ'nik/,/juː'niːk/,a unique opportunity to study these rare creatures,研究这些珍稀动物的难得机会
en:faultless:adjective:1,faultless,adjective,无过失的；无缺点的,adj 无过失的；无缺点的,/'fɔltləs/,/'fɔːltlɪs; 'fɒlt-/,a faultless performance,完美的表现
en:foreign:adjective:1,foreign,adjective,外国的，国外的,adj 外国的，国外的,/'fɔrən/,/'fɒrɪn/,foreign students,外国学生
en:nought:noun:1,nought,noun,无，零,n 无，零,/nɔt/,/nɔːt/,A billion is 1 with 9 noughts after it.,十亿是1后面加9个零。
en:filth:noun:1,filth,noun,污秽，污物；淫猥；淫猥,n 污秽，污物；淫猥；淫猥,/fɪlθ/,/fɪlθ/,a mound of filth and rubbish,一堆脏东西和垃圾
en:snail:noun:1,snail,noun,蜗牛；行动缓慢的人,n 蜗牛；行动缓慢的人,/snel/,/sneɪl/,Traffic was moving at a snail’s pace.,车辆移动的速度慢得像蜗牛。
en:hum:noun:1,hum,noun,嗡嗡声,n 嗡嗡声；v 哼曲子,/hʌm/,/hʌm/,the distant hum of traffic,远处嘈杂的车流声
en:compliment:noun:1,compliment,noun,致意，问候,n 致意，问候；v 赞美，祝贺,/ˈkɑːmplɪmənt/,/'kɒmplɪm(ə)nt/,Compliments of the season! (= for Christmas or the New Year),谨致节日的祝贺！（圣诞节或新年时的贺词）
en:question:verb:1,question,verb,问，询问，讯问,v 问，询问，讯问,/'kwɛstʃən/,/'kwestʃ(ə)n/,Two men have been arrested and questioned.,已有两名男子被捕并受到盘问。
en:literal:adjective:2,literal,adjective,文字（上）的；字面的,adj 文字（上）的；字面的,/'lɪtərəl/,/'lɪt(ə)r(ə)l/,A trade war is not a war in the literal sense.,贸易战不是字面意义上的战争。
en:illiterate:adjective:1,illiterate,adjective,文盲的,adj 文盲的；n 文盲,/ɪ'lɪtərət/,/ɪ'lɪt(ə)rət/,A large percentage of the population is illiterate.,文盲人口占有相当高的比例。
en:stationery:noun:1,stationery,noun,信笺，信纸；文具,n 信笺，信纸；文具,/'steʃənɛri/,/'steɪʃ(ə)n(ə)rɪ/,a letter on hotel stationery,用酒店信纸写的信
en:plague:noun:1,plague,noun,瘟疫；鼠疫（尤指腺鼠疫）,n 瘟疫；鼠疫（尤指腺鼠疫）,/pleɡ/,/pleɪg/,drops in population levels due to plagues and famines,瘟疫和饥荒造成的人口水平下降
en:softness:noun:1,softness,noun,温和，柔和；软弱,n 温和，柔和；软弱,/'sɔftnɪs/,,deceitful softness,虚伪的温柔
en:graze:verb:1,graze,verb,喂草；放牧（牲畜）,v 喂草；放牧（牲畜）,/ɡrez/,/greɪz/,fields where they used to graze their sheep,他们过去放羊的田野
en:locality:noun:1,locality,noun,位置，地点，发生地,n 位置，地点，发生地,/lo'kæləti/,/lə(ʊ)'kælɪtɪ/,weather reports from several different localities,来自几个不同地区的天气报告
en:situated:adjective:1,situated,adjective,位于…的,adj 位于…的,/'sɪtʃuetɪd/,/'sɪtjʊeɪtɪd/,The house is situated near the college.,这幢房子位于学院附近。
en:bachelor:noun:1,bachelor,noun,未婚男子；学士,n 未婚男子；学士,/'bætʃəlɚ/,/'bætʃələ/,"Gerald was 38, and a confirmed bachelor (= a man who has decided that he will never marry ) .",杰拉德38岁，抱定主意独身。
en:unpaid:adjective:1,unpaid,adjective,未付的；无偿的,adj 未付的；无偿的,"/,ʌn'ped/",/ʌn'peɪd/,unpaid bills,未付的账单
en:stern:noun:1,stern,noun,艉，船尾；臀部,n 艉，船尾；臀部,/stɝn/,/stɜːn/,stern tube,轴管
en:commission:noun:1,commission,noun,委托，委任；委托状,n 委托，委任；委托状,/kə'mɪʃən/,/kə'mɪʃ(ə)n/,a commission from the Academy for a new sculpture,学院要求制作一尊新雕塑的委托
en:latitude:noun:1,latitude,noun,纬度；黄纬,n 纬度；黄纬,/'lætɪtud/,/'lætɪtjuːd/,The birds breed in northern latitudes.,这些鸟在北纬地区繁殖。
en:vitamin:noun:2,vitamin,noun,维生素，维他命,n 维生素，维他命,/'vaɪtəmɪn/,/'vɪtəmɪn; 'vaɪt-/,Try to eat foods that are rich in vitamins and minerals.,尽量吃富含维生素和矿物质的食物。
en:venus:noun:1,Venus,noun,维纳斯；美人,n 维纳斯；美人,/'vinəs/,/'viːnəs/,,
en:idealism:noun:1,idealism,noun,唯心主义；理想主义,n 唯心主义；理想主义,/'aɪ'diə'lɪzəm/,/aɪ'dɪəlɪz(ə)m; -'diːə-/,the idealism of the younger generation,年轻一代的理想主义
en:mast:noun:1,mast,noun,桅杆,n 桅杆,/mæst/,/mɑːst/,mast cell,肥大细胞；柱状细胞
en:enclosure:noun:1,enclosure,noun,围场，围栏；围绕,n 围场，围栏；围绕,/ɪn'kloʒɚ/,/ɪn'kləʊʒə; en-/,the bear enclosure at the zoo,动物园中的熊园
en:violation:noun:2,violation,noun,违犯；侵犯，妨碍,n 违犯；侵犯，妨碍,"/,vaɪə'leʃən/",/vaɪə'leɪʃn/,human rights violations,违反人权
en:violate:verb:1,violate,verb,违犯，违背；侵犯,v 违犯，违背；侵犯,/'vaɪəlet/,/'vaɪəleɪt/,34 protesters were arrested for violating criminal law.,34名抗议者因违反刑法而被逮捕。
en:towards:preposition:1,towards,preposition,用于，有助于,prep 用于，有助于,/tɔrdz/,/tə'wɔːdz; twɔːdz; 'tɔːdz/,The money collected will be put towards repairing the church roof.,募集到的钱款将用于修缮教堂屋顶。
en:plead:verb:1,plead,verb,为…辩护，抗辩,v 为…辩护，抗辩,/plid/,/pliːd/,He appeared before the committee to plead his case.,他出现在委员会上为他的案子辩护。
en:catalogue:verb:1,catalogue,verb,为…编目录,v 为…编目录,/'kætəlɔɡ/,/'kæt(ə)lɒg/,The manuscripts have never been systematically catalogued.,一直没有系统地为这些手稿编过目录。
en:microprocessor:noun:1,microprocessor,noun,微信息处理机,n 微信息处理机,"/,maɪkro'prosɛsɚ/",/maɪkrə(ʊ)'prəʊsesə/,I've got a typerwriter with a microprocessor.,我有一台装有微处理机的打字机。
en:subtle:adjective:2,subtle,adjective,微妙的；精巧的,adj 微妙的；精巧的,/'sʌtl/,/'sʌt(ə)l/,"The pictures are similar, but there are subtle differences between them.",这些图片很相似，但它们之间有细微的差别。
en:atom:noun:1,atom,noun,原子,n 原子,/'ætəm/,/'ætəm/,carbon atoms,碳原子
en:calculus:noun:1,calculus,noun,微积分；结石,n 微积分；结石,/'kælkjələs/,/'kælkjʊləs/,We have to factor that into the calculus.,我们要在微积分学中考虑这些因素。
en:gleam:noun:1,gleam,noun,微光,n 微光；v 发微光,/ɡlim/,/gliːm/,They saw a sudden gleam of light.,他们看到一道微光一闪而过。
en:negligible:adjective:1,negligible,adjective,微不足道的,adj 微不足道的,/'nɛɡlɪdʒəbl/,/'neglɪdʒɪb(ə)l/,The damage done to his property was negligible.,对他财产造成的损失微不足道。
en:microwave:noun:1,microwave,noun,微波,n 微波,/'maɪkrə'wev/,/'maɪkrə(ʊ)weɪv/,Its molecules can be agitated by microwave energy.,微波能量可以使其分子随之运动。
en:awful:adjective:1,awful,adjective,威严的；令人崇敬的,adj 威严的；令人崇敬的,/'ɔfl/,/'ɔːfʊl/,an awful lot,◎经常
en:majesty:noun:1,majesty,noun,雄伟，威严，庄严；陛下,n 雄伟，威严，庄严；陛下,/'mædʒəsti/,/'mædʒɪstɪ/,the sheer majesty of St Peter's in Rome,罗马圣彼得大教堂的雄伟庄严
en:prestige:noun:2,prestige,noun,威望，威信，声望,n 威望，威信，声望,/prɛ'stidʒ/,/pre'stiː(d)ʒ/,The king wanted to enhance his prestige through war.,国王想通过战争来提高自己的威信。
en:endanger:verb:2,endanger,verb,危及，危害,v 危及，危害,/ɪn'dendʒɚ/,/ɪn'deɪn(d)ʒə; en-/,Smoking during pregnancy endangers your baby’s life.,孕期吸烟会危及胎儿生命。
en:crisis:noun:1,crisis,noun,危机；转折点,n 危机；转折点,/'kraɪsɪs/,/'kraɪsɪs/,The country now faces an economic crisis .,该国目前正面临一场经济危机。
en:peril:noun:1,peril,noun,危机；危险的事物,n 危机；危险的事物,/'pɛrəl/,/'perɪl; -r(ə)l/,a voyage that was fraught with peril,历尽艰险的旅程
en:dismiss:verb:2,dismiss,verb,解雇，开除,v 解雇，开除,/dɪs'mɪs/,/dɪs'mɪs/,Bryant was unfairly dismissed from his post.,布赖恩特被无理免职了。
en:fro:adverb:1,fro,adverb,往，去，回，向后,adv 往，去，回，向后,/fro/,/frəʊ/,She rocked the baby to and fro.,她来回摇动着婴儿。
en:mesh:noun:1,mesh,noun,网眼，筛孔，网络,n 网眼，筛孔，网络,/mɛʃ/,/meʃ/,The windows were covered in wire mesh to keep out flies.,窗户上装了铁丝纱网，防止苍蝇飞入。
en:network:noun:1,network,noun,网络；广播网,n 网络；广播网,/'nɛtwɝk/,/'netwɜːk/,a high-speed European rail network,欧洲的高速铁路网
en:web:noun:1,web,noun,网，网状物,n 网，网状物,/wɛb/,/web/,a web of streets,纵横交错的街道
en:stubborn:adjective:1,stubborn,adjective,顽固的；顽强的,adj 顽固的；顽强的,/'stʌbɚn/,/'stʌbən/,Why are you so stubborn?,你怎么这么固执？
en:trifle:verb:1,trifle,verb,玩忽；闲混；嬉耍,v 玩忽；闲混；嬉耍,/'traɪfl/,/'traɪf(ə)l/,He’s not a man to be trifled with.,他这个人怠慢不得。
en:completion:noun:1,completion,noun,完成，结束，完满,n 完成，结束，完满,/kəm'pliʃən/,/kəm'pliːʃn/,The house is nearing completion (= almost finished ) .,房子即将完工。
en:crooked:adjective:1,crooked,adjective,弯的，歪的；畸形的,adj 弯的，歪的；畸形的,/'krʊkɪd/,/'krʊkɪd/,Your tie’s crooked.,你的领带歪了。
en:hull:noun:1,hull,noun,外壳，豆荚；薄膜,n 外壳，豆荚；薄膜,,/hʌl/,ship hull,船体
en:diplomatic:adjective:1,diplomatic,adjective,外交的；有策略的,adj 外交的；有策略的,"/,dɪplə'mætɪk/",/dɪplə'mætɪk/,Diplomatic efforts to end the fighting began on October 25.,停战的外交努力于10月25日开始。
en:alien:adjective:2,alien,adjective,外国的,adj 外国的；n 外国人,"/ˈeliən,ˈeljən/",/'eɪlɪən/,alien cultures,异域文化
en:strange:adjective:1,strange,adjective,陌生的，不熟悉的,adj 陌生的，不熟悉的,/strendʒ/,/streɪn(d)ʒ/,"As a child, she’d been taught never to speak to strange men.",她从小就受到教育绝对不要和陌生男人说话。
en:distort:verb:2,distort,verb,歪曲，曲解；扭曲,v 歪曲，曲解；扭曲,/dɪ'stɔrt/,/dɪ'stɔːt/,His account was badly distorted by the press.,他的话被报界严重歪曲。
en:twist:verb:2,twist,verb,歪曲，曲解,v 歪曲，曲解,/twɪst/,/twɪst/,He’s always trying to twist my words and make me look bad.,他总是要曲解我的话，丑化我的形象。
en:tile:noun:1,tile,noun,瓷砖；贴砖；瓦片,n 瓷砖；贴砖；瓦片,/taɪl/,/taɪl/,bathroom tiles,浴室瓷砖
en:watt:noun:1,watt,noun,瓦（特）,n 瓦（特）,/wɑt/,/wɒt/,a 100-watt bulb,100瓦的灯泡
en:elliptical:adjective:1,elliptical,adjective,椭圆的；省略的,adj 椭圆的；省略的,/ɪ'lɪptɪkl/,/ɪ'lɪptɪk(ə)l/,Kepler published his discovery of the elliptical orbits of planets in 1609. 1609,年开普勒公布他的发现，认为行星轨道为椭圆形。
en:haul:verb:1,haul,verb,拖曳；拖运,v 拖曳；拖运,/hɔl/,/hɔːl/,the steam locomotive which hauled the train,拖动火车的蒸汽机车
en:hip:noun:1,hip,noun,臀部，髋,n 臀部，髋,/hɪp/,/hɪp/,She stood there with her hands on her hips glaring at him.,她站在那里，双手叉腰瞪着他。
en:devour:verb:1,devour,verb,吞食；吞灭，毁灭,v 吞食；吞灭，毁灭,/dɪ'vaʊɚ/,/dɪ'vaʊə/,The boys devoured their pancakes.,男孩子们狼吞虎咽地把薄煎饼吃了。
en:retirement:noun:1,retirement,noun,退休，引退；退隐,n 退休，引退；退隐,/rɪ'taɪɚmənt/,/rɪ'taɪəm(ə)nt/,She took early retirement (= retired at an earlier age than usual ) last year.,她去年提前退休了。
en:drawback:noun:1,drawback,noun,妨碍；弊端,n 妨碍；弊端,/'drɔbæk/,/'drɔːbæk/,It’s a great city – the only drawback is the weather.,这是座很不错的城市，唯一的不足就是天气。
en:inference:noun:1,inference,noun,推论；推断的结果,n 推论；推断的结果,/'ɪnfərəns/,/'ɪnf(ə)r(ə)ns/,There were two inferences to be drawn from her letter.,从她的来信可以得到两种推论。
en:rational:adjective:1,rational,adjective,合理的；适度的,adj 合理的；适度的,/'ræʃnəl/,/'ræʃ(ə)n(ə)l/,Parents need to be fully informed so they can make a rational decision.,父母需要充分了解情况，这样才可以作出合理的决定。
en:propulsion:noun:1,propulsion,noun,推进，推进力,n 推进，推进力,/prə'pʌlʃən/,/prə'pʌlʃ(ə)n/,research into liquid hydrogen as a means of propulsion,对液态氢作为一种动力方式进行的研究
en:propel:verb:1,propel,verb,推进，推动,v 推进，推动,/prə'pɛl/,/prə'pel/,a boat propelled by a small motor,由小马达驱动的小船
en:recommendation:noun:1,recommendation,noun,推荐，介绍；建议,n 推荐，介绍；建议,"/,rɛkəmɛn'deʃən/","/,rekəmen'deɪʃ(ə)n/",We chose the hotel on their recommendation (= because they recommended it).,我们根据他们的推荐选了这家酒店。
en:overthrow:verb:1,overthrow,verb,推翻,v 推翻；n 推翻，瓦解,"/,ovɚ'θro/",/əʊvə'θrəʊ/,Rebels were already making plans to overthrow the government.,反叛者已在密谋颠覆政府。
en:impulse:noun:1,impulse,noun,冲动；推动,n 冲动；推动,/'ɪmpʌls/,/'ɪmpʌls/,a sudden impulse to laugh,突然想笑的冲动
en:presumably:adverb:1,presumably,adverb,推测起来，大概,adv 推测起来，大概,/prɪ'zuməbli/,/prɪ'zjuːməblɪ/,"It’s raining, which presumably means that your football match will be cancelled.",下雨了，这可能意味着你们的足球比赛要取消。
en:gather:verb:1,gather,verb,推测，推断,v 推测，推断,/'ɡæðɚ/,/'gæðə/,"You two know each other, I gather.",我想你们俩认识。
en:shove:verb:1,shove,verb,推，（使劲）推,v 推，（使劲）推,/ʃʌv/,/ʃʌv/,He shoved her towards the car.,他推着她走向汽车。
en:solidarity:noun:1,solidarity,noun,团结；休戚相关,n 团结；休戚相关,"/,sɑlɪ'dærəti/","/,sɒlɪ'dærɪtɪ/",a gesture of solidarity,团结的表示
en:regiment:noun:1,regiment,noun,团，军团；一大群,n 团，军团；一大群,/'rɛdʒɪmənt/,/'redʒɪm(ə)nt/,They deserted from their regiment.,他们从团里开了小差。
en:bandit:noun:1,bandit,noun,土匪，盗匪，歹徒,n 土匪，盗匪，歹徒,/'bændɪt/,/'bændɪt/,They travelled 30 miles through bandit country.,他们走了30英里，穿过强盗横行的乡间。
en:lever:noun:1,lever,noun,途径，工具，手段,n 途径，工具，手段,/'lɛvɚ/,/'liːvə/,Rich countries use foreign aid as a lever to achieve political aims.,富国利用对外援助作为达到政治目的的手段。
en:overtake:verb:1,overtake,verb,突然发生；压倒,v 突然发生；压倒,"/,ovɚ'tek/",/əʊvə'teɪk/,"Tragedy was shortly to overtake him, however.",然而，不幸将很快降临到他的头上。
en:nose:noun:1,nose,noun,突出部分（如船头等）,n 突出部分（如船头等）,/noz/,/nəʊz/,They went over to the aeroplane and stood near its nose.,他们朝飞机走了过去并站在靠近机头的地方。
en:bald:adjective:1,bald,adjective,秃头的；无毛的,adj 秃头的；无毛的,/bɔld/,/bɔːld/,a bald man,一名秃顶男子
en:projector:noun:1,projector,noun,投影仪；探照灯,n 投影仪；探照灯,/prə'dʒɛktɚ/,/prə'dʒektə/,...a slide projector.,…幻灯机。
en:poll:noun:2,poll,noun,投票,n 投票；v 对…进行民意测验（调查）,/pol/,/pəʊl/,Ten million voters went to the polls.,"1,000 万选民参加了投票。"
en:dizzy:adjective:1,dizzy,adjective,头晕眼花的，眩晕的,adj 头晕眼花的，眩晕的,/'dɪzi/,/'dɪzɪ/,The heat and the champagne made him feel dizzy .,高温和香槟酒使他感到眩晕。
en:steal:verb:1,steal,verb,偷偷地做，窃取,v 偷偷地做，窃取,/stil/,/stiːl/,Boys broke into a shop and stole £45 in cash.,男孩们闯进一家商店，盗走了45英镑现金。
en:misery:noun:1,misery,noun,痛苦，悲惨，不幸,n 痛苦，悲惨，不幸,/'mɪzəri/,/'mɪz(ə)rɪ/,What we are witnessing here is human misery on a vast scale.,我们在这里所目睹的情景是许许多多的人都生活困苦。
en:torment:noun:1,torment,noun,痛苦,n 痛苦；v 折磨,/'tɔrmɛnt/,/'tɔːment/,She lay awake all night in torment.,她一晚上都醒着，在痛苦中煎熬。
en:thrash:verb:1,thrash,verb,痛打，鞭打，打,v 痛打，鞭打，打,/θræʃ/,/θræʃ/,My poor brother used to get thrashed for all kinds of minor offences.,我那可怜的哥哥过去常常因为各种各样的小错而挨打。
en:dominant:adjective:1,dominant,adjective,统治的,adj 统治的；n 主因,/'dɑmɪnənt/,/'dɒmɪnənt/,The firm has achieved a dominant position in the world market.,这家公司在国际市场上占有举足轻重的地位。
en:dominate:verb:2,dominate,verb,统治，支配，控制,v 统治，支配，控制,/'dɑmɪnet/,/'dɒmɪneɪt/,The industry is dominated by five multinational companies.,这个行业受五家跨国公司控制。
en:statistics:noun:1,statistics,noun,统计，统计数字,n 统计，统计数字,/stə'tɪstɪks/,/stə'tɪstɪks/,"crime/unemployment, etc. statistics",犯罪、失业等统计资料
en:even:adjective:1,even,adjective,平稳的，均匀的,adj 平稳的，均匀的,/'ivən/,/'iːv(ə)n/,The room is kept at an even temperature.,这个房间保持恒温状态。
en:identical:adjective:2,identical,adjective,同一的；恒等的,adj 同一的；恒等的,/aɪ'dɛntɪkl/,/aɪ'dentɪk(ə)l/,four identical houses,四幢一模一样的房子
en:likeness:noun:1,likeness,noun,同样；类似，相似,n 同样；类似，相似,/'laɪknəs/,/'laɪknɪs/,I can see the family likeness.,我看出这一家人都长得很像。
en:simultaneous:adjective:2,simultaneous,adjective,同时的，同时存在的,adj 同时的，同时存在的,"/,saɪml'tenɪəs/","/,sɪm(ə)l'teɪnɪəs/",They grabbed each other’s hands in simultaneous panic.,他们俩同时惊慌起来，相互抓住对方的手。
en:accessory:noun:1,accessory,noun,同谋，帮凶,n 同谋，帮凶；adj 附属的,/ək'sɛsəri/,/ək'ses(ə)rɪ/,an accessory to murder,谋杀案的帮凶
en:homogeneous:adjective:1,homogeneous,adjective,同类的,adj 同类的,"/,homə'dʒinɪəs/","/,hɒmə(ʊ)'dʒiːnɪəs; -'dʒen-/",a homogeneous society,同种族人组成的社会
en:coordinate:adjective:1,coordinate,adjective,同等的,adj 同等的,/ko'ɔrdɪnet/,/kəʊ'ɔ:dɪneɪt/,coordinate clauses joined by ‘and’,用 and 连接的并列分句
en:whilst:conjunction:1,whilst,conjunction,同时；然而,conj 同时；然而,/hwailst/,/waɪlst/,,
en:notify:verb:1,notify,verb,通知，告知；报告,v 通知，告知；报告,/'notə'fai/,/'nəʊtɪfaɪ/,You will be notified of any changes in the system.,系统中有任何变化都会通知你。
en:advertise:verb:1,advertise,verb,登广告,v 登广告,/'ædvɚtaɪz/,/'ædvətaɪz/,They no longer advertise alcohol or cigarettes at sporting events.,他们不再在体育赛事上做烟酒广告了。
en:correspondence:noun:1,correspondence,noun,通信；相关；相似,n 通信；相关；相似,"/,kɔrə'spɑndəns/",/kɒrɪ'spɒnd(ə)ns/,The magazine is unable to enter into any correspondence on medical matters.,本杂志无法答复有关医学方面的来信。
en:popularity:noun:1,popularity,noun,通俗性；普及，流行,n 通俗性；普及，流行,"/,pɑpju'lærəti/",/pɒpjʊ'lærətɪ/,The president’s popularity has declined considerably.,总统的支持率大大下降了。
en:inflation:noun:2,inflation,noun,通货膨胀，物价飞涨,n 通货膨胀，物价飞涨,/ɪn'fleʃən/,/ɪn'fleɪʃ(ə)n/,Inflation is now at over 16%.,通货膨胀率现已超过16%。
en:currency:noun:2,currency,noun,通货；货币,n 通货；货币,/ˈkɜrənsi/,/'kʌr(ə)nsɪ/,The bank can supply you with foreign currency .,这家银行能为你提供外币。
en:entry:noun:1,entry,noun,入口，通道；条目,n 入口，通道；条目,/'ɛntri/,/ˈɒntreɪ/,You can leave your umbrella in the entry.,你可以把伞放在入口处。
en:customary:adjective:1,customary,adjective,通常的；照惯例的,adj 通常的；照惯例的,/'kʌstə'mɛri/,/'kʌstəm(ə)rɪ/,In some cultures it is customary for the bride to wear white.,在一些文化中，新娘按风俗要穿白色。
en:ordinarily:adverb:1,ordinarily,adverb,通常，大概,adv 通常，大概,"/,ɔrdn'ɛrəli/","/'ɔːd(ə),n(ə)rɪlɪ; ,ɔːdɪ'nerɪlɪ/","Ordinarily, he didn’t like to go to the movies.",一般来说他不喜欢去看电影。
en:hydrocarbon:noun:1,hydrocarbon,noun,烃，碳氢化合物,n 烃，碳氢化合物,"/,haɪdrə'kɑrbən/","/,haɪdrə(ʊ)'kɑːb(ə)n/",hydrocarbon emissions,碳氢化合物的排放
en:resignation:noun:1,resignation,noun,听从，屈从，顺从,n 听从，屈从，顺从,"/,rɛzɪɡ'neʃən/",/rezɪg'neɪʃ(ə)n/,She gave a sigh of resignation.,她无奈地叹了一口气。
en:blacksmith:noun:1,blacksmith,noun,铁匠，锻工,n 铁匠，锻工,/'blæksmɪθ/,/'blæksmɪθ/,In my youth my father bound me to a blacksmith.,在我年轻时我父亲立契让我给一名铁匠当学徒。
en:ferrous:adjective:1,ferrous,adjective,铁的；亚铁的,adj 铁的；亚铁的,/'fɛrəs/,/'ferəs/,ferrous metals,含铁[黑色]金属
en:adjoin:verb:1,adjoin,verb,贴近，毗连；靠近,v 贴近，毗连；靠近,/ə'dʒɔɪn/,/ə'dʒɒɪn/,A vacant plot of land adjoins his house.,有一块空地紧挨着他家。
en:hop:verb:1,hop,verb,（人）单足跳,v （人）单足跳,/hɑp/,/hɒp/,a little girl hopping and skipping,一个蹦蹦跳跳的小女孩
en:skip:verb:2,skip,verb,蹦跳着走；跳绳；略过,v 蹦跳着走；跳绳；略过,/skɪp/,/skɪp/,"He turned and skipped away, singing happily to himself.",他转身蹦蹦跳跳地跑了，嘴里高兴地哼着歌。
en:overlook:verb:1,overlook,verb,眺望；看漏；宽容,v 眺望；看漏；宽容,"/,ovɚ'lʊk/",/əʊvə'lʊk/,Our room overlooks the ocean.,我们的房间可以俯视大海。
en:regulate:verb:1,regulate,verb,调整，调节，校准,v 调整，调节，校准,/'rɛɡjulet/,/'regjʊleɪt/,People sweat to regulate their body heat.,人出汗以调节体温。
en:modulate:verb:1,modulate,verb,调整，调节（声音）,v 调整，调节（声音）,/'mɑdʒəlet/,/'mɒdjʊleɪt/,He carefully modulated his voice.,他仔细地调节了自己的声音。
en:settlement:noun:1,settlement,noun,调停；（尤指拓荒者居住的）定居点，村落,n 调停；（尤指拓荒者居住的）定居点，村落,/'sɛtlmənt/,/'set(ə)lm(ə)nt/,the search for a peaceful settlement of the Northern Ireland conflict,寻找和平解决北爱尔兰冲突的办法
en:mischief:noun:1,mischief,noun,调皮，捣蛋，胡闹,n 调皮，捣蛋，胡闹,/'mɪstʃɪf/,/'mɪstʃɪf/,"Now run along, and don’t get into mischief .",好了，走开，不要捣乱。
en:accord:noun:1,accord,noun,符合；协议,n 符合；协议,/ə'kɔrd/,/ə'kɔːd/,These results are in accord with earlier research.,这些结果和先前的研究一致。
en:questionnaire:noun:1,questionnaire,noun,调查表，征求意见表,n 调查表，征求意见表,/ˌkwɛstʃənˈɛr/,/ˌkwestʃəˈneə(r)/,Teachers will be asked to fill in a questionnaire.,教师们将被要求填写一份调查问卷。
en:sweetness:noun:1,sweetness,noun,甜蜜，芬芳；愉悦，美好,n 甜蜜，芬芳；愉悦，美好,/'switnəs/,,the sweetness of the wild rose,野玫瑰的芬芳
en:dessert:noun:1,dessert,noun,甜点心,n 甜点心,/dɪ'zɝt/,/dɪ'zɜːt/,She had homemade ice cream for dessert.,她吃了些自制冰淇淋当餐后甜点。
en:catholic:adjective:1,Catholic,adjective,天主教的,adj 天主教的；n 天主教徒,/kæθəlɪk/,,...the Catholic Church.,…天主教会。
en:astronomy:noun:1,astronomy,noun,天文学,n 天文学,/ə'strɑnəmi/,/ə'strɒnəmɪ/,Do you know anything about astronomy?,你懂天文学吗?
en:embody:verb:2,embody,verb,体现；包含，收录,v 体现；包含，收录,/ɪm'bɑdi/,/ɪm'bɒdɪ; em-/,She embodies everything I admire in a teacher.,她具备了我所钦佩的教师该具备的一切素质。
en:theme:noun:1,theme,noun,题目；主题；主旋律；（句子的）主位；词干,n 题目；主题；主旋律；（句子的）主位；词干,/θim/,/θiːm/,The book’s theme is the conflict between love and duty.,本书的主题是爱与责任之间的冲突。
en:nominate:verb:2,nominate,verb,提名，推荐；任命,v 提名，推荐；任命,/'nɑmɪnet/,/'nɒmɪneɪt/,Ferraro was the first woman to be nominated for the job of vice president.,费拉罗是第一位获得副总统职位提名的女性。
en:finance:verb:1,finance,verb,提供资金,v 提供资金,/'faɪnæns/,/faɪ'næns; fɪ-; 'faɪnæns/,The concerts are financed by the Arts Council.,音乐会由艺术协会出资举办。
en:nourish:verb:1,nourish,verb,提供养分，养育,v 提供养分，养育,/'nɜrɪʃ/,/'nʌrɪʃ/,The cream contains vitamin A to nourish the skin.,这种护肤霜含有滋养肌肤的维生素A。
en:enhance:verb:1,enhance,verb,提高，增加；改进,v 提高，增加；改进,/ɪn'hæns/,/ɪn'hɑːns; -hæns; en-/,Good lighting will enhance any room.,良好的照明能给房间增色不少。
en:elevate:verb:2,elevate,verb,提拔；抬高,v 提拔；抬高,/'ɛlɪvet/,/'elɪveɪt/,Language has elevated humans above the other animals.,语言使人类高于其他动物。
en:purify:verb:1,purify,verb,提纯，精炼（金属）,v 提纯，精炼（金属）,/'pjʊrɪfaɪ/,/'pjʊərɪfaɪ/,,
en:raise:verb:1,raise,verb,提出，发起，发出,v 提出，发起，发出,/rez/,/reɪz/,He did not raise the subject again.,他再也没有提起这个话题。
en:introduce:verb:1,introduce,verb,提出（议案等）,v 提出（议案等）,/ˌɪntrə'dus/,/ɪntrə'djuːs/,Several senators introduced legislation aimed at sexual harassment.,几位参议员提交了针对性骚扰的立法议案。
en:peculiarity:noun:1,peculiarity,noun,特性，独特性；怪癖,n 特性，独特性；怪癖,/pɪ'kjʊlɪ'ærəti/,"/pɪ,kjuːlɪ'ærɪtɪ/",The lack of a written constitution is a peculiarity of the British political system.,没有一部成文宪法是英国政治制度的一大特点。
en:individual:adjective:1,individual,adjective,特殊的,adj 特殊的,"/,ɪndɪ'vɪdʒuəl/",/ɪndɪ'vɪdjʊ(ə)l/,a tennis player with a highly individual style,风格非常独特的网球选手
en:essential:adjective:2,essential,adjective,极其重要的；必不可少的,adj 极其重要的；必不可少的,/ɪ'sɛnʃl/,/ɪ'senʃ(ə)l/,Window locks are fairly cheap and absolutely essential.,窗锁相当便宜，绝对有必要安装。
en:bore:noun:1,bore,noun,讨厌的人；麻烦事,n 讨厌的人；麻烦事,/bɔr/,/bɔː/,He turned out to be a crashing bore (= used to emphasize that someone is very boring ).,他这人原来无聊透顶。
en:earthenware:noun:1,earthenware,noun,陶器,n 陶器,/'ɝθnwɛr/,/'ɜːθ(ə)nweə/,...colourful Italian china and earthenware.,...五颜六色的意大利瓷器和陶器。
en:flee:verb:2,flee,verb,逃走，逃避,v 逃走，逃避,/fli/,/fliː/,His attackers turned and fled.,袭击他的人转身逃走了。
en:outlaw:noun:1,outlaw,noun,逃犯，歹徒,n 逃犯，歹徒,/'aʊtlɔ/,/'aʊtlɔː/,"Jesse was an outlaw, a bandit, a criminal.",杰西曾是个逃犯、土匪、罪犯。
en:wade:verb:1,wade,verb,趟（河），跋涉,v 趟（河），跋涉,/wed/,/weɪd/,He waded into the water to push the boat out.,他蹚进水里把船推出来。
en:probe:noun:1,probe,noun,探针,n 探针；v 用探针探查,/prob/,/prəʊb/,a fibre-optic probe,一根光纤探针
en:expedition:noun:2,expedition,noun,探险；探险队,n 探险；探险队,"/,ɛkspə'dɪʃən/",/ekspɪ'dɪʃ(ə)n/,an expedition to the North Pole,北极探险
en:charcoal:noun:1,charcoal,noun,炭，木炭；生物炭,n 炭，木炭；生物炭,/'tʃɑrkol/,/'tʃɑːkəʊl/,cooking over a charcoal fire,在炭火上做饭
en:plain:adjective:1,plain,adjective,坦白的；普通的,adj 坦白的；普通的,/plen/,/pleɪn/,"Let’s have some plain, truthful answers.",让我们听听坦率而真实的回答吧。
en:negotiate:verb:1,negotiate,verb,谈判，交涉，议定,v 谈判，交涉，议定,/nɪ'ɡoʃɪet/,/nɪ'gəʊʃɪeɪt/,His first aim is to get the warring parties back to the negotiating table (= discussing something ).,他的首要目标就是把交战各方拉回到谈判桌上。
en:greed:noun:1,greed,noun,贪心，贪婪,n 贪心，贪婪,/ɡrid/,/griːd/,people motivated by jealousy and greed,受妒忌和贪婪驱使的人们
en:moss:noun:1,moss,noun,苔藓，地衣,n 苔藓，地衣,/mɔs/,/mɒs/,...ground covered over with moss.,…长满青苔的地面。
en:pedal:noun:1,pedal,noun,（自行车的）踏脚，踏板，脚蹬；（汽车或机器的）踏板,n （自行车的）踏脚，踏板，脚蹬；（汽车或机器的）踏板,/'pɛdl/,/'ped(ə)l/,I couldn't reach the pedals on her bike.,我骑她的车够不到脚蹬子。
en:thereof:adverb:1,thereof,adverb,它的，其；由此,adv 它的，其；由此,"/,ðɛr'ʌv/",/ðeər'ɒv/,States differ in standards for products and the labelling thereof.,各州的产品标准不同，标签的标注也不同。
en:trivial:adjective:1,trivial,adjective,琐碎的；平常的,adj 琐碎的；平常的,/'trɪvɪəl/,/'trɪvɪəl/,a trivial detail,细枝末节
en:detail:noun:1,detail,noun,琐碎，小事,n 琐碎，小事,/'ditel/,/'diːteɪl/,She told me every detail of her trip.,她把旅行的所有细节都告诉了我。
en:concern:noun:1,concern,noun,所关切的事；商行,n 所关切的事；商行,/kən'sɝn/,/kən'sɜːn/,One of the concerns that people have is the side effects of treatment.,人们担心的问题之一是治疗的副作用。
en:what:adjective:1,what,adjective,所…的,adj 所…的,/hwʌt; hwɑt; wʌt; wɑt/,/wɒt/,Show me what you bought.,给我看看你买的东西。
en:miniature:noun:1,miniature,noun,缩影,n 缩影；adj 缩小的,/ˈmɪniətʃɚ; ˈmɪnɪtʃɚ/,/'mɪnɪtʃə/,She’s her mother in miniature.,她是她母亲的缩影。
en:hurt:noun:1,hurt,noun,（对感情造成的）伤害，创伤,n （对感情造成的）伤害，创伤,/hɝ​t/,/hɜːt/,She saw the hurt in his eyes.,她看到了他眼中的伤痛。
en:deform:verb:1,deform,verb,损坏…的形状,v 损坏…的形状,/dɪ'fɔrm/,/dɪ'fɔːm/,Wearing badly-fitting shoes can deform your feet.,穿不合脚的鞋会使脚变形。
en:deformation:noun:1,deformation,noun,损坏；变形；畸形,n 损坏；变形；畸形,/'difɔr'meʃən/,"/,diːfɔː'meɪʃ(ə)n/",a deformation of the spine,脊柱的畸变
en:fringe:noun:1,fringe,noun,穗，毛边；边缘,n 穗，毛边；边缘,/frɪndʒ/,/frɪn(d)ʒ/,The jacket had leather fringes.,这件夹克有皮穗。
en:scrap:noun:1,scrap,noun,碎片；废料,n 碎片；废料；v 废弃,/skræp/,/skræp/,a rug made out of old scraps of material,用旧零碎材料拼做的一块小地毯
en:random:noun:1,random,noun,随机,n 随机；adj 随机的,/'rændəm/,/'rændəm/,The gang picked their victims at random.,这帮犯罪分子随意选择对象下手。
en:garlic:noun:1,garlic,noun,蒜，大蒜,n 蒜，大蒜,/'ɡɑrlɪk/,/'gɑːlɪk/,Add a crushed clove of garlic (= single section of it ).,加一瓣压碎的大蒜。
en:plastic:adjective:1,plastic,adjective,塑料的；塑性的,adj 塑料的；塑性的,/'plæstɪk/,/'plæstɪk/,a plastic spoon,塑料汤匙
en:shorthand:noun:1,shorthand,noun,速记，速记法,n 速记，速记法,/'ʃɔrthænd/,/'ʃɔːthænd/,a secretary who takes shorthand (= writes in shorthand ),会速记的秘书
en:scout:verb:1,scout,verb,搜索，侦察,v 搜索，侦察,/skaʊt/,/skaʊt/,They scouted the area for somewhere to stay the night.,他们四处查看，想找个过夜的地方。
en:laundry:noun:1,laundry,noun,送洗衣店去洗的东西,n 送洗衣店去洗的东西,/'lɔndri/,/'lɔːndrɪ/,She did the laundry (= washed the clothes etc ) and hung it out to dry.,她洗了衣服，然后挂出去晾干。
en:replace:verb:1,replace,verb,把...放回原处,v 把...放回原处,/rɪ'ples/,/rɪ'pleɪs/,He replaced the book on the shelf.,他把书放回架子上。
en:loosely:adverb:1,loosely,adverb,松松地，松散地,adv 松松地，松散地,/'lusli/,/'lu:slɪ/,She fastened the belt loosely around her waist.,她把皮带松松地系在腰上。
en:rear:verb:1,rear,verb,饲养，培植；抚养,v 饲养，培植；抚养,/rɪr/,/rɪə/,It’s a good place to rear young children.,这地方非常适合抚养小孩子成长。
en:perish:verb:2,perish,verb,死亡，夭折；枯萎,v 死亡，夭折；枯萎,/'pɛrɪʃ/,/'perɪʃ/,Hundreds perished when the ship went down.,轮船沉没，数百人罹难。
en:hiss:noun:1,hiss,noun,嘶嘶声,n 嘶嘶声；v 嘶嘶作声,/hɪs/,/hɪs/,the snake's hiss,蛇发出的嘶嘶声
en:rip:verb:1,rip,verb,撕，扯破，划破,v 撕，扯破，划破,/rɪp/,/rɪp/,Her clothes had all been ripped.,她的衣服都被撕破了。
en:speculate:verb:1,speculate,verb,猜测，推测；投机,v 猜测，推测；投机,/'spɛkjə'let/,/'spekjʊleɪt/,Jones refused to speculate about what might happen.,琼斯拒绝猜测可能会发生什么事情。
en:smuggle:verb:2,smuggle,verb,私运，走私,v 私运，走私,/'smʌgl/,/'smʌg(ə)l/,The guns were smuggled across the border.,这些枪被偷运过境。
en:confidence:noun:1,confidence,noun,私房话，秘密，机密,n 私房话，秘密，机密,/'kɑnfɪdəns/,/'kɒnfɪd(ə)ns/,I have never betrayed a confidence.,我从未泄露过别人的秘密。
en:velvet:adjective:1,velvet,adjective,丝绒制的；柔软光滑的,adj 丝绒制的；柔软光滑的,/'vɛlvɪt/,/ˈvɛlvɪt/,velvet curtains/cushions,天鹅绒窗帘/坐垫
en:treasurer:noun:1,treasurer,noun,司库，财务主管,n 司库，财务主管,/'trɛʒərɚ/,/'treʒ(ə)rə/,,
en:exposition:noun:1,exposition,noun,说明，解释；展览会，博览会,n 说明，解释；展览会，博览会,"/,ɛkspə'zɪʃən/",/ekspə'zɪʃ(ə)n/,a lucid exposition of educational theories,对教育理论的清晰阐述
en:preach:verb:1,preach,verb,说教，布道；鼓吹,v 说教，布道；鼓吹,/pritʃ/,/priːtʃ/,Christ began preaching to large crowds.,基督开始向众人布道。
en:observe:verb:1,observe,verb,说，评述，评论,v 说，评述，评论,/əb'zɝv/,/əb'zɜːv/,"‘Sid looks ill,’ Doherty observed.",“锡德看上去病了。”多尔蒂说道。
en:momentary:adjective:1,momentary,adjective,瞬息间的，片刻的,adj 瞬息间的，片刻的,/'moməntɛri/,/'məʊm(ə)nt(ə)rɪ/,There was a momentary pause.,停顿了片刻。
en:instantaneous:adjective:2,instantaneous,adjective,瞬间的，即刻的,adj 瞬间的，即刻的,"/,ɪnstən'tenɪəs/","/,ɪnst(ə)n'teɪnɪəs/",modern methods of instantaneous communication,现代的即时通信方法
en:couch:noun:1,couch,noun,睡椅，长沙发椅,n 睡椅，长沙发椅,/kaʊtʃ/,/kaʊtʃ/,Tom offered to sleep on the couch.,汤姆说他来睡沙发。
en:slumber:noun:1,slumber,noun,睡眠；沉睡状态,n 睡眠；沉睡状态,/'slʌmbɚ/,/'slʌmbə/,He passed into a deep slumber.,他酣然入梦。
en:buffalo:noun:1,buffalo,noun,水牛；水陆坦克,n 水牛；水陆坦克,/'bʌfəlo/,/'bʌfələʊ/,water buffalo,水牛
en:hydraulic:adjective:1,hydraulic,adjective,水力的；水力学的,adj 水力的；水力学的,/haɪ'drɔlɪk/,/haɪ'drɔːlɪk; haɪ'drɒlɪk/,a hydraulic pump,水压泵，液压泵
en:watery:adjective:1,watery,adjective,充满水的；与水有关的；湿的；（食物、饮料等）味淡的,adj 充满水的；与水有关的；湿的；（食物、饮料等）味淡的,/'wɑtəri/,/'wɔːt(ə)rɪ/,Her eyes were red and watery from crying.,她的眼睛哭得红红的，眼里含满泪水。
en:rinse:verb:1,rinse,verb,冲洗；嗽（口）,v 冲洗；嗽（口）,/rɪns/,/rɪns/,Let me just rinse my hands.,让我冲个手。
en:wrestle:noun:1,wrestle,noun,摔交；斗争，搏斗,n 摔交；斗争，搏斗,/'rɛsl/,/'res(ə)l/,wrestle with,全力对付；努力克服
en:numerical:adjective:1,numerical,adjective,数字的，数值的,adj 数字的，数值的,/nʊ'mɛrɪkl/,/njuː'merɪk(ə)l/,a numerical code,数字密码
en:reckon:verb:2,reckon,verb,计算；认为,v 计算；认为,/'rɛkən/,/'rek(ə)n/,The expression ‘full moon’ means the fourteenth day of the moon reckoned from its first appearance.,所谓“满月”是指从新月初现算起的第14天。
en:harp:noun:1,harp,noun,竖琴；天琴座,n 竖琴；天琴座,/hɑrp/,/hɑːp/,She swept her fingers over the strings of the harp.,她用手指划过竖琴的琴弦。
en:erect:adjective:1,erect,adjective,直立的,adj 直立的,/ɪ'rɛkt/,/ɪ'rekt/,Martin stood erect on the platform.,马丁在讲台上笔直地站着。
en:terminology:noun:1,terminology,noun,术语学，术语,n 术语学，术语,"/,tɝmə'nɑlədʒi/","/,tɜːmɪ'nɒlədʒɪ/",computer terminology,计算机术语
en:proficient:adjective:1,proficient,adjective,熟练的，精通的,adj 熟练的，精通的,/prə'fɪʃnt/,/prə'fɪʃ(ə)nt/,a proficient typist,熟练的打字员
en:proficiency:noun:1,proficiency,noun,熟练，精通,n 熟练，精通,/prə'fɪʃənsi/,/prə'fɪʃ(ə)nsɪ/,a high level of proficiency in English,精通英语
en:input:verb:1,input,verb,输入,v 输入；n 输入,/'ɪn'pʊt/,/'ɪnpʊt/,to input text/data/figures,把文本 / 数据 / 数字输入计算机
en:grant:noun:1,grant,noun,拨款,n 拨款,/ɡrænt/,/grɑːnt/,The university gets a government grant.,这所大学获得政府拨款。
en:dependant:noun:1,dependant,noun,受赡养者,n 受赡养者,/di'pendənt/,/dɪ'pend(ə)nt/,Companies with 200 or more workers must offer health benefits to employees and their dependants.,员工数为200或更多的公司必须为其员工和员工的受扶养人提供健康福利。
en:miser:noun:1,miser,noun,守财奴，吝啬鬼,n 守财奴，吝啬鬼,/'maɪzɚ/,/'maɪzə/,I'm married to a miser.,我嫁了个守财奴。
en:trolley:noun:1,trolley,noun,手推车；有轨电车,n 手推车；有轨电车,/'trɑli/,/'trɒlɪ/,a supermarket trolley,超市购物手推车
en:manuscript:noun:2,manuscript,noun,手稿，底稿，原稿,n 手稿，底稿，原稿,/'mænjuskrɪpt/,/'mænjʊskrɪpt/,"Unfortunately, parts of the original manuscript have been lost.",遗憾的是，部分原始手稿丢失了。
en:handbook:noun:1,handbook,noun,手册，便览，指南,n 手册，便览，指南,/'hændbʊk/,/'hæn(d)bʊk/,the Fiction Writer’s Handbook,《小说写作手册》
en:adoption:noun:1,adoption,noun,收养；采纳，采取,n 收养；采纳，采取,/ə'dɑpʃən/,/ə'dɒpʃ(ə)n/,She decided to put the baby up for adoption.,她决定让人收养那个婴儿。
en:revenue:noun:2,revenue,noun,收入；收入数目,n 收入；收入数目,/'rɛvənu/,/'revənjuː/,advertising revenue,广告收入
en:oath:noun:1,oath,noun,誓言，誓约，宣誓,n 誓言，誓约，宣誓,/oθ/,/əʊθ/,The president took the oath of office (= made the official public promises that every president makes when starting their job ) .,总统宣誓就职。
en:vow:noun:1,vow,noun,誓言，誓约，许愿,n 誓言，誓约，许愿,/vaʊ/,/vaʊ/,Jim made a vow that he would find his wife’s killer.,吉姆发誓要找到杀害他妻子的凶手。
en:pledge:noun:1,pledge,noun,誓言,n 誓言；v 使发誓,/plɛdʒ/,/pledʒ/,a pledge of support for the plan,支持该计划的誓约
en:indoor:adjective:1,indoor,adjective,室内的；室内进行的,adj 室内的；室内进行的,/'ɪndɔr/,/'ɪndɔː/,an indoor swimming pool,室内游泳池
en:wholesome:adjective:1,wholesome,adjective,对健康有益的,adj 对健康有益的,/'holsəm/,/'həʊls(ə)m/,well-balanced wholesome meals,营养均衡的健康餐
en:moderately:adverb:1,moderately,adverb,适度地，适中,adv 适度地，适中,/'mɑdərətli/,/'mɒd(ə)rətlɪ/,He drinks moderately.,他喝酒有节制。
en:fitting:adjective:1,fitting,adjective,适当的,adj 适当的；n 配件,/'fɪtɪŋ/,/'fɪtɪŋ/,I thought the memorial was a fitting tribute to the President.,我认为这座纪念碑恰如其分地表达了对总统的敬意。
en:fitness:noun:1,fitness,noun,适当，恰当；健康,n 适当，恰当；健康,/ˈfɪtnɪs/,/'fɪtnəs/,He questioned McNeil’s fitness for high office.,他质疑麦克尼尔是否适合身居高位。
en:vision:noun:1,vision,noun,视力；眼力，想象力,n 视力；眼力，想象力,/'vɪʒən/,/'vɪʒ(ə)n/,She suffered temporary loss of vision after being struck on the head.,她头部受撞击以后出现暂时性失明。
en:attendant:noun:2,attendant,noun,侍者；（要人的）侍从；（病人的）护理人员,n 侍者；（要人的）侍从；（病人的）护理人员,/ə'tɛndənt/,/ə'tend(ə)nt/,a cloakroom/parking/museum attendant,衣帽间 / 停车服务员；博物馆接待员
en:occurrence:noun:1,occurrence,noun,发生的事,n 发生的事,/ə'kʌrəns/,/ə'kʌr(ə)ns/,Laughter was a rare occurrence in his classroom.,他的课堂上难得有笑声。
en:snob:noun:1,snob,noun,势利小人,n 势利小人,/snɑb/,/snɒb/,Stop being such a snob.,别这么势利眼。
en:snobbish:adjective:1,snobbish,adjective,势利的，谄上欺下的,adj 势利的，谄上欺下的,/'snɑbɪʃ/,/'snɒbɪʃ/,Her family seems snobbish.,她家里人好像挺势利的。
en:influence:noun:1,influence,noun,势力，权势,n 势力，权势,/'ɪnfluəns/,/'ɪnflʊəns/,He used his influence to get his son into medical school.,他利用权势把儿子弄进了医学院。
en:municipal:adjective:2,municipal,adjective,市的，市立的,adj 市的，市立的,/mju'nɪsɪpl/,/mjʊ'nɪsɪp(ə)l/,the municipal waste dump,城市垃圾场
en:conform:verb:1,conform,verb,使遵守；一致,v 使遵守；一致,/kən'fɔrm/,/kən'fɔːm/,The building does not conform with safety regulations.,例句：这座建筑物不符合安全条例。
en:automate:verb:1,automate,verb,使自动化,v 使自动化,/'ɔtəmet/,/'ɔːtəmeɪt/,Cash machines automate two basic functions of a bank – deposits and withdrawals.,柜员机使银行的两个基本功能——存款和取款自动化了。
en:divert:verb:2,divert,verb,使转向；转移,v 使转向；转移,/dɪˈvɚt/,/daɪ'vɜːt; dɪ-/,Northbound traffic will have to be diverted onto minor roads.,北行车辆将不得不绕次要道路行驶。
en:specialize:verb:2,specialize,verb,使专门化，专业化,v 使专门化，专业化,/'spɛʃəlaɪz/,/'speʃəlaiz/,Simmons specialized in contract law.,西蒙斯专攻合同法。
en:hazard:verb:1,hazard,verb,使遭危险,v 使遭危险；n 危险,/'hæzɚd/,/'hæzəd/,Careless drivers hazard other people's lives as well as their own.,粗心大意的驾驶者拿他人和自己的生命冒险。
en:standardize:verb:2,standardize,verb,使与标准比较,v 使与标准比较,/'stændɚdaɪz/,/'stændədaɪz/,Attempts to standardize English spelling have never been successful.,统一英语拼写的尝试从未成功过。
en:lengthen:verb:1,lengthen,verb,使延长，变长,v 使延长，变长,/'lɛŋθən/,/'leŋθ(ə)n; -ŋkθ-/,Can you lengthen this skirt for me?,你能不能帮我把这条裙子改长？
en:shame:verb:1,shame,verb,使羞愧；玷辱,v 使羞愧；玷辱,/ʃem/,/ʃeɪm/,"It shames me to say it, but I lied.",说出来真难为情，我撒谎了。
en:freshen:verb:1,freshen,verb,使显得新鲜,v 使显得新鲜,/'frɛʃən/,/'freʃ(ə)n/,Using a mouthwash freshens the breath.,使用漱口液可以使口气清新。
en:distinguish:verb:1,distinguish,verb,使显出特色，使杰出,v 使显出特色，使杰出,/dɪ'stɪŋɡwɪʃ/,/dɪ'stɪŋgwɪʃ/,The factor that distinguishes this company from the competition is customer service.,使这家公司在竞争中脱颖而出的是其客户服务。
en:evaporate:verb:1,evaporate,verb,使脱水，发散蒸气,v 使脱水，发散蒸气,/ɪ'væpəret/,/ɪ'væpəreɪt/,Most of the water had evaporated.,大部分的水都蒸发了。
en:ventilate:verb:2,ventilate,verb,使通风，使换气,v 使通风，使换气,/'vɛntɪlet/,/'ventɪleɪt/,Ventilate the room properly when stripping paint.,在刮漆的时候要适当地使房间通风。
en:moor:verb:1,moor,verb,使停泊；使固定,v 使停泊；使固定,,/mɔː; mʊə/,Two or three fishing boats were moored alongside the pier.,有两三艘渔船停泊在码头边。
en:resign:verb:2,resign,verb,使顺从，使听任于,v 使顺从，使听任于,/rɪ'zaɪn/,/rɪ'zaɪn/,Josh resigned himself to the long walk home.,乔希只好走很长的路回家。
en:perfect:verb:1,perfect,verb,使熟练，使改善,v 使熟练，使改善,/ˈpɝfɪkt; (for v.) pɝˈfɛkt/,/ˈpəːfɪkt; (for v.) pəˈfekt/,Mock trials help students perfect their legal skills.,模拟庭审有助于学生们完善自己的法律技能。
en:infect:verb:2,infect,verb,使受影响,v 使受影响,/ɪn'fɛkt/,/ɪn'fekt/,Lucy’s enthusiasm soon infected the rest of the class.,露西的热情很快就感染了班里的其他人。
en:lubricate:verb:1,lubricate,verb,使润滑，加润滑油,v 使润滑，加润滑油,/'lubrɪket/,/'luːbrɪkeɪt/,Lubricate all moving parts with grease.,给所有活动部件加润滑油。
en:soften:verb:1,soften,verb,使软化，变温和,v 使软化，变温和,/'sɔfn/,/'sɒf(ə)n/,The government has softened its stance on public spending.,政府对公共开支问题的态度软化了。
en:facilitate:verb:2,facilitate,verb,使容易；助长,v 使容易；助长,/fə'sɪlə'tet/,/fə'sɪlɪteɪt/,The new trade agreement should facilitate more rapid economic growth.,新贸易协定应当会加快经济发展。
en:acquaint:verb:1,acquaint,verb,使认识，使了解,v 使认识，使了解,/ə'kwent/,/ə'kweɪnt/,Have steps been taken to acquaint breeders with their right to apply for licenses?,已经采取措施让饲养动物者了解他们申请执照的权利了吗？
en:tiresome:adjective:1,tiresome,adjective,使人厌倦的，讨厌的,adj 使人厌倦的，讨厌的,/'taɪɚsəm/,/'taɪəs(ə)m/,the whole tiresome business of filling out the forms,填写表格这套烦人事
en:sorrowful:adjective:1,sorrowful,adjective,使人伤心的；悲伤的,adj 使人伤心的；悲伤的,/'sɑrofl/,/'sɒrə(ʊ)fʊl; -f(ə)l/,a sorrowful expression,悲伤的表情
en:blaze:verb:1,blaze,verb,使燃烧，燃烧,v 使燃烧，燃烧,/blez/,/bleɪz/,"The room was warm, with a fire blazing in the hearth.",房间里暖融融的，壁炉里的火熊熊燃烧。
en:subdue:verb:1,subdue,verb,使屈服，征服,v 使屈服，征服,/səb'du/,/səb'djuː/,Senior government officials admit they have not been able to subdue the rebels.,高级政府官员们承认他们还没能制服反叛者们。
en:bend:verb:1,bend,verb,使屈从，屈从,v 使屈从，屈从,/bɛnd/,/bend/,bend in,把…往里弯
en:suit:verb:1,suit,verb,使配合，彼此协调,v 使配合，彼此协调,/sut/,/sju:t; su:t/,"Whatever your reason for borrowing, we have the loan that suits your needs.",不管您因何贷款，我们都会有满足您需要的贷款。
en:confront:verb:1,confront,verb,使面对；使对证,v 使面对；使对证,/kən'frʌnt/,/kən'frʌnt/,The problems confronting the new government were enormous.,新政府面临的难题是巨大的。
en:paralyse:verb:1,paralyse,verb,使麻痹，使瘫痪,v 使麻痹，使瘫痪,/'pærəlaiz/,/'pærəlaɪz/,Her legs were partly paralysed in the crash.,在撞车事故中她的双腿部分瘫痪。
en:deafen:verb:1,deafen,verb,使聋,v 使聋,/'dɛfən/,/'def(ə)n/,He was deafened by the noise from the gun.,枪声把他震聋了。
en:subject:verb:1,subject,verb,使隶属,v 使隶属,/ˈsʌbdʒekt/,/ˈsʌbdʒɪkt/,The Roman Empire subjected most of Europe to its rule.,罗马帝国把欧洲多数地区置于自己的统治之下。
en:terrify:verb:1,terrify,verb,使恐怖，使惊吓,v 使恐怖，使惊吓,/ˈtɛrəˌfaɪ/,/'terɪfaɪ/,Her husband’s violence terrified her.,丈夫的暴力行为让她感到害怕。
en:insulate:verb:1,insulate,verb,使绝缘，使绝热,v 使绝缘，使绝热,/ˈɪnsəˌleɪt ; ˈɪnsjʊˌleɪt/,/'ɪnsjʊleɪt/,an insulated attic,隔热[隔音]的阁楼
en:integrate:verb:1,integrate,verb,使结合，使并入,v 使结合，使并入,/'ɪntɪɡret/,/'ɪntɪgreɪt/,These programs can be integrated with your existing software.,这些程序能和你的已有的软件整合成一体。
en:alternate:verb:1,alternate,verb,使交替,v 使交替；adj 交替的,/'ɔltɚnət/,/'ɔːltəneɪt; 'ɒl-/,Alternate cubes of meat and slices of red pepper.,交替放置肉丁和红辣椒片。
en:degrade:verb:1,degrade,verb,使降低；使堕落,v 使降低；使堕落,/dɪ'ɡred/,/dɪ'greɪd/,a movie that degrades women,贬损女性的影片
en:minimize:verb:1,minimize,verb,使减到最小,v 使减到最小,/'mɪnɪmaɪz/,/ˈmɪnɪˌmaɪz/,Every effort is being made to minimize civilian casualties.,正在尽最大努力减少平民伤亡。
en:mingle:verb:1,mingle,verb,使混合，混合起来,vt 使混合，混合起来,,,The sounds of laughter and singing mingled in the evening air.,笑声和歌声交织在夜空中。
en:interconnect:verb:1,interconnect,verb,使互相联系,v 使互相联系,"/,ɪntɚkə'nɛkt/",/ɪntəkə'nekt/,a series of interconnected lakes,一连串相互连接的湖泊
en:reconcile:verb:2,reconcile,verb,使和好；调停,v 使和好；调停,/'rɛkənsaɪl/,/'rek(ə)nsaɪl/,The pair were reconciled after Jackson made a public apology.,杰克逊公开道歉之后，这两个人又言归于好了。
en:oblige:verb:2,oblige,verb,使感激；施恩惠于,v 使感激；施恩惠于,/ə'blaɪdʒ/,/ə'blaɪdʒ/,"If you ever need help with the babysitting, I'd be glad to oblige...",如果你什么时候需要找人照看孩子，我很乐意帮忙。
en:enrich:verb:2,enrich,verb,使富裕；使丰富,v 使富裕；使丰富,/ɪn'rɪtʃ/,/ɪn'rɪtʃ; en-/,a nation enriched by oil revenues,靠石油收入富裕起来的国家
en:embarrass:verb:1,embarrass,verb,使…陷入困境,v 使…陷入困境,/ɪm'bærəs/,/ɪm'bærəs; em-/,The speech was deliberately designed to embarrass the prime minister.,这个发言是故意为难首相。
en:decay:verb:1,decay,verb,使腐朽，使腐烂,v 使腐朽，使腐烂,/dɪ'ke/,/dɪ'keɪ/,Her body was already starting to decay.,她的尸体已经开始腐烂。
en:contrast:verb:1,contrast,verb,使对比；形成对比,v 使对比；形成对比,/'kɑntræst/,/'kɒntrɑːst/,an essay comparing and contrasting (= showing how two things are similar and different ) Verdi and Wagner and their operas,把威尔第和瓦格纳以及他们的歌剧进行比较和对照的一篇文章
en:baffle:verb:2,baffle,verb,使挫折,v 使挫折；n 迷惑,/'bæfl/,/'bæf(ə)l/,The question baffled me completely.,这个问题把我彻底难倒了。
en:mature:verb:1,mature,verb,使成熟，成熟,v 使成熟，成熟,/mə'tʃʊr/,/mə'tʃʊə/,"As the fish matures, its colours and patternings change.",随着发育成熟，这种鱼的颜色和斑纹都会改变。
en:ice:verb:1,ice,verb,使成冰，结冰,v 使成冰，结冰,/aɪs/,/aɪs/,ice cream,冰淇淋
en:overload:verb:1,overload,verb,使超载,v 使超载,"/,ovɚ'lod/",/əʊvə'ləʊd/,Be careful not to overload the washing machine.,注意别让洗衣机负荷过重。
en:tangle:verb:1,tangle,verb,使缠结，使纠缠,v 使缠结，使纠缠,/'tæŋɡl/,/'tæŋg(ə)l/,My hair tangles easily.,我的头发很容易打结。
en:sweeten:verb:1,sweeten,verb,使变甜，变甜,v 使变甜，变甜,/'switn/,/'swiːt(ə)n/,Sweeten the mixture with a little honey.,往混合料里加点蜂蜜。
en:thicken:verb:1,thicken,verb,使变厚（或粗、密）,v 使变厚（或粗、密）,/'θɪkən/,/'θɪk(ə)n/,The fog was beginning to thicken.,雾气渐浓。
en:establish:verb:1,establish,verb,使…被接受,v 使…被接受,/ɪˈstæblɪʃ/,/ɪ'stæblɪʃ; e-/,He’d already begun to establish quite a reputation as a journalist.,身为记者，他已经声名鹊起。
en:develop:verb:1,develop,verb,使（底片）显影,v 使（底片）显影,/dɪ'vɛləp/,/dɪ'veləp/,Did you ever get the pictures developed ?,你到底有没有把照片冲洗出来？
en:jog:verb:1,jog,verb,慢跑（尤作为锻炼）,v 慢跑（尤作为锻炼）,/dʒɑɡ/,/dʒɒg/,I go jogging every morning.,我每天早晨都去慢跑。
en:engage:verb:2,engage,verb,使（齿轮等）啮合,v 使（齿轮等）啮合,/ɪn'ɡedʒ/,/ɪn'geɪdʒ; en-/,She engaged the clutch and the car moved.,她踩下离合器，汽车便开动了。
en:vector:noun:1,vector,noun,矢量；飞机航线,n 矢量；飞机航线,/'vɛktɚ/,/'vektə/,Acceleration and velocity are both vectors.,加速度和速度都是矢量。
en:nourishment:noun:1,nourishment,noun,食物；营养（情况）,n 食物；营养（情况）,/'nɝɪʃmənt/,/'nʌrɪʃm(ə)nt/,lack of proper nourishment,缺乏适当的营养
en:pantry:noun:1,pantry,noun,食品柜，餐具室,n 食品柜，餐具室,/'pæntri/,/'pæntrɪ/,,
en:experimentally:adverb:1,experimentally,adverb,实验上，实验性地,adv 实验上，实验性地,,,data obtained experimentally,实验获得的数据
en:experimentation:noun:1,experimentation,noun,实验；试验,n 实验；试验,"/ɪk,spɛrɪmɛn'teʃən/","/ɪk,sperɪmen'teɪʃən/",The issue of animal experimentation is an emotive subject.,动物实验问题是个敏感的话题。
en:virtual:adjective:2,virtual,adjective,实际上的，实质上的,adj 实际上的，实质上的,/[ˈvɜ:rtʃuəl]/,/ˈvɜ:tʃuəl/,The country was sliding into a state of virtual civil war.,这个国家实际上正逐渐进入内战状态。
en:execution:noun:1,execution,noun,实行，执行；处死刑,n 实行，执行；处死刑,"/,ɛksɪ'kjuʃən/","/,eksɪ'kjuːʃ(ə)n/",the formulation and execution of urban policy,城市政策的制定与实施
en:quartz:noun:1,quartz,noun,石英,n 石英,/kwɔrts/,/kwɔːts/,quartz crystals,石英晶体
en:graphite:noun:1,graphite,noun,石墨，石墨电极,n 石墨，石墨电极,/ˈɡræfˌaɪt/,/'græfaɪt/,graphite electrode,石墨电极
en:whitewash:noun:1,whitewash,noun,石灰水,n 石灰水；v 粉饰,/'waɪtwɑʃ/,/'waɪtwɒʃ/,Investigators are accused of whitewashing the governor’s record.,调查者被指责粉饰州长的政绩。
en:limestone:noun:1,limestone,noun,石灰石,n 石灰石,/'laɪmston/,/'laɪmstəʊn/,...high limestone cliffs.,…高耸的石灰岩峭壁。
en:humidity:noun:1,humidity,noun,湿气；湿度,n 湿气；湿度,/hju'mɪdəti/,/hjʊ'mɪdɪtɪ/,The room is kept at 72 degrees and 50% relative humidity.,房间的温度保持在72度，相对湿度50%。
en:handout:noun:1,handout,noun,施舍物，救济品,n 施舍物，救济品,/'hænd'aʊt/,/'hændaʊt/,people who have to live on handouts from the state,必须依赖国家发放的救济金生活的人们
en:verse:noun:1,verse,noun,诗，韵文；诗节,n 诗，韵文；诗节,/vɝs/,/vɜːs/,a book of comic verse,一本滑稽诗集
en:unemployment:noun:1,unemployment,noun,失业；失业人数,n 失业；失业人数,"/,ʌnɪm'plɔɪmənt/",/ʌnɪm'plɒɪm(ə)nt; -em-/,Closure of the plant means 80 workers are facing unemployment.,这家工厂的关闭意味着 80 个工人面临失业。
en:disgrace:noun:1,disgrace,noun,失宠，耻辱，丢脸,n 失宠，耻辱，丢脸,/dɪs'ɡres/,/dɪs'greɪs/,Smith faced total public disgrace after the incident.,事情发生之后，史密斯声名狼藉。
en:residual:adjective:1,residual,adjective,剩余的；残余的,adj 剩余的；残余的,/rɪ'zɪdʒuəl/,/rɪ'zɪdjʊəl/,the residual effects of drug treatment,药物治疗的残留作用
en:remainder:noun:1,remainder,noun,剩余（物）；余数,n 剩余（物）；余数,/rɪ'mendɚ/,/rɪ'meɪndə/,The remainder must be paid by the end of June.,剩余款项必须在6月底之前支付。
en:excel:verb:1,excel,verb,胜过，杰出,v 胜过，杰出,/ɪk'sɛl/,/ɪk'sel; ek-/,Rick has always excelled at foreign languages.,里克一向擅长外语。
en:stiff:adjective:1,stiff,adjective,生硬的,adj 生硬的,/stɪf/,/stɪf/,Their goodbyes were stiff and formal.,他们的道别生硬刻板。
en:ecology:noun:1,ecology,noun,生态学；个体生态学,n 生态学；个体生态学,/ɪ'kɑlədʒi/,/ɪ'kɒlədʒɪ; e-/,the natural ecology of the Earth,地球的自然生态
en:hide:noun:1,hide,noun,生皮，兽皮，皮革,n 生皮，兽皮，皮革,/haɪd/,/haɪd/,ox hide gloves,牛皮手套
en:vital:adjective:2,vital,adjective,生命的，生机的,adj 生命的，生机的,/'vaɪtl/,/'vaɪt(ə)l/,Rodgers and Hart’s music sounds as fresh and vital as the day it was written.,罗杰斯与哈特的音乐现在听来还有刚写成时的那份清新和活力。
en:producer:noun:1,producer,noun,生产者；舞台监督,n 生产者；舞台监督,/prə'dʊsɚ/,/prə'djuːsə/,"...Saudi Arabia, the world's leading oil producer.",…沙特阿拉伯，世界上最重要的石油生产国。
en:productivity:noun:2,productivity,noun,生产率；多产,n 生产率；多产,"/,prodʌk'tɪvəti/",/prɒdʌk'tɪvɪtɪ/,high productivity levels in manufacturing,制造业中的高生产率
en:productive:adjective:1,productive,adjective,生产的；出产…的,adj 生产的；出产…的,/prə'dʌktɪv/,/prə'dʌktɪv/,the economy’s productive capacity,该经济体的生产能力
en:hoist:verb:1,hoist,verb,升起，扯起来,v 升起，扯起来,/hɔɪst/,/hɒɪst/,The crew hurried to hoist the flag.,船员们急忙把旗子升起来。
en:kidney:noun:1,kidney,noun,肾，腰子,n 肾，腰子,/'kɪdni/,/'kɪdnɪ/,a kidney transplant,肾脏移植
en:deliberately:adverb:1,deliberately,adverb,故意地；审慎地,adv 故意地；审慎地,/dɪ'lɪbərətli/,,He deliberately upset her.,他故意惹她不开心。
en:censor:verb:1,censor,verb,审查，检查,v 审查，检查,/'sɛnsɚ/,/'sensə/,The information given to the press was carefully censored by the Ministry of Defence.,发布给报界的信息经过了国防部的仔细审查。
en:mystery:noun:1,mystery,noun,神秘小说，侦探小说,n 神秘小说，侦探小说,/ˈmɪstri/,/ˈmɪstri/,an Agatha Christie mystery,一部阿加莎•克里斯蒂的悬疑小说
en:shrine:noun:1,shrine,noun,神殿，神龛，圣祠,n 神殿，神龛，圣祠,/ʃraɪn/,/ʃraɪn/,his pilgrimage to the shrine of St John,他去敬奉圣约翰的圣地朝圣
en:divine:adjective:1,divine,adjective,神的；敬神的,adj 神的；敬神的,/dɪ'vaɪn/,/dɪ'vaɪn/,divine power,神的力量
en:deliberate:adjective:2,deliberate,adjective,深思熟虑的；审慎的,adj 深思熟虑的；审慎的,/dɪ'lɪbərət/,/dɪ'lɪb(ə)rət/,"He approached her with slow, deliberate steps.",他迈着缓慢、从容的步子向她走去。
en:profound:adjective:2,profound,adjective,见解深刻的；渊博的,adj 见解深刻的；渊博的,/prə'faʊnd/,/prə'faʊnd/,a profound question,深刻的问题
en:trench:noun:1,trench,noun,深沟；壕沟，战壕,n 深沟；壕沟，战壕,/trɛntʃ/,/tren(t)ʃ/,Workers dug a trench for gas lines.,工人们挖了一条沟来铺设煤气管道。
en:photography:noun:1,photography,noun,摄影术,n 摄影术,/fə'tɑɡrəfi/,/fə'tɒgrəfɪ/,He did fashion photography for ‘Vogue’ magazine.,他为《时尚》杂志拍过时装照片。
en:editorial:noun:1,editorial,noun,社论，期刊的社论,n 社论，期刊的社论,"/,ɛdɪ'tɔrɪəl/",/edɪ'tɔːrɪəl/,"In an editorial, The New York Times suggests the victory could turn nasty.",在一篇社论中，《纽约时报》认为该胜利会转成恶梦。
en:sociology:noun:1,sociology,noun,社会学,n 社会学,"/,sosɪ'ɑlədʒi/",/səʊsɪ'ɒlədʒɪ; səʊʃɪ-/,She has a degree in sociology and politics.,她拥有社会学和政治学学位。
en:conceive:verb:1,conceive,verb,设想，以为；怀孕,v 设想，以为；怀孕,/kən'siv/,/kən'siːv/,He conceived the idea of transforming the old power station into an arts centre.,他想出了一个把旧发电站改造为艺术中心的主意。
en:reject:verb:1,reject,verb,舍弃，抛弃；排斥,v 舍弃，抛弃；排斥,/rɪ'dʒɛkt/,/rɪ'dʒekt/,"If inspectors find a defective can, the batch is rejected.",如果质检员发现一个罐头有瑕疵，那么这一批货就会被废弃。
en:serpent:noun:1,serpent,noun,蛇（尤指大蛇或毒蛇）,n 蛇（尤指大蛇或毒蛇）,/'sɝpənt/,/'sɜːp(ə)nt/,...the serpent in the Garden of Eden.,…伊甸园里的那条蛇。
en:extravagant:adjective:1,extravagant,adjective,奢侈的；过度的,adj 奢侈的；过度的,/ɪk'strævəgənt/,/ɪk'strævəg(ə)nt; ek-/,Would it be too extravagant to buy both?,把两个都买下会不会太奢侈了？
en:maid:noun:1,maid,noun,少女；处女,n 少女；处女,/med/,/meɪd/,old maid,老处女；谨小慎微的人
en:maiden:noun:1,maiden,noun,少女，未婚女子,n 少女，未婚女子,/'medn/,/'meɪd(ə)n/,...stories of noble princes and their brave deeds on behalf of beautiful maidens.,…高贵的王子以及他们英雄救美的故事。
en:scorch:verb:1,scorch,verb,烧焦；枯萎,v 烧焦；枯萎,/skɔrtʃ/,/skɔːtʃ/,I scorched my dress when I was ironing it.,我把自己的连衣裙熨焦了。
en:context:noun:1,context,noun,上下文；来龙去脉,n 上下文；来龙去脉,/'kɑntɛkst/,/'kɒntekst/,The meaning of ‘mad’ depends on its context.,mad一词的意义要视上下文而定。
en:heaven:noun:1,Heaven,noun,上帝，神,n 上帝，神,/'hɛvn/,/'hev(ə)n/,in heaven,究竟；已死
en:counsel:noun:1,counsel,noun,商议；忠告；律师,n 商议；忠告；律师,/'kaʊnsl/,/'kaʊns(ə)l/,Listen to the counsel of your elders.,要听从长辈的忠告。
en:tradesman:noun:1,tradesman,noun,商人，店主；手艺人,n 商人，店主；手艺人,/'tredzmən/,/'treɪdzmən/,Local tradesmen are objecting to plans for a big new out-of-town shopping centre.,当地的店主们反对在城郊新建大型购物中心的计划。
en:trader:noun:1,trader,noun,商人,n 商人,/'tredɚ/,/'treɪdə/,a small trader who sells hats in Oxford,在牛津卖帽子的小贩
en:dealer:noun:1,dealer,noun,商人；毒品贩；发牌者,n 商人；毒品贩；发牌者,/'dilɚ/,/'diːlə/,...an antique dealer.,…一位古董商。
en:ware:noun:1,ware,noun,物品；商品，货物,n 物品；商品，货物,/wer/,/weə(r)/,ceramic ware,陶瓷制品
en:merchandise:noun:1,merchandise,noun,商品，货物,n 商品，货物,/'mɝtʃəndaɪs/,/'mɜːtʃ(ə)ndaɪs; -z/,A range of official Disney merchandise was on sale.,一系列正版的迪士尼商品在出售。
en:blue:adjective:1,blue,adjective,伤心的；下流的,adj 伤心的；下流的,/blu/,/bluː/,I’ve been feeling kind of blue.,我心情不大好。
en:goodness:noun:1,goodness,noun,善良，善行，美德,n 善良，善行，美德,/'ɡʊdnəs/,/'gʊdnɪs/,the desire to see goodness and justice in the world,对善良和正义的向往
en:underwear:noun:1,underwear,noun,衫衣，内衣，贴身衣,n 衫衣，内衣，贴身衣,/'ʌndɚwɛr/,/'ʌndəweə/,You just need to take a change of underwear.,你只需带一套换洗的内衣。
en:cancel:verb:2,cancel,verb,取消,v 取消,/'kænsl/,/'kæns(ə)l/,Our flight was cancelled.,我们的航班取消了。
en:gap:noun:2,gap,noun,差距；山口，山峡,n 差距；山口，山峡,/ɡæp/,/gæp/,the widening gap between the rich and the poor,越来越大的贫富差距
en:sift:verb:1,sift,verb,筛，过滤,v 筛，过滤,/sɪft/,/sɪft/,Sift the flour and baking powder into a medium-sized mixing bowl.,把面粉和发酵粉筛到一个中号搅拌碗中。
en:shark:noun:1,shark,noun,鲨鱼；诈骗钱财者,n 鲨鱼；诈骗钱财者,/ʃɑrk/,/ʃɑːk/,Sharks were circling around our boat.,鲨鱼在我们的小船周围游弋。
en:gravel:noun:1,gravel,noun,砂跞；砂砾层；结石,n 砂跞；砂砾层；结石,/'ɡrævl/,/'græv(ə)l/,a gravel path,石子小道
en:sardine:noun:1,sardine,noun,沙丁鱼,n 沙丁鱼,"/,sɑr'din/",/sɑː'diːn/,commuters packed like sardines on the evening train,晚班火车上挤得像沙丁鱼一样的通勤乘客
en:tone:noun:1,tone,noun,色调，光度,n 色调，光度,/ton/,/təʊn/,Perhaps a darker tone would be better.,可能再深一点的色调更好。
en:scan:noun:1,scan,noun,扫描,n 扫描,/skæn/,/skæn/,The scan showed that she was expecting twins.,扫描显示她怀了双胞胎。
en:uproar:noun:1,uproar,noun,骚动，扰乱；喧嚣,n 骚动，扰乱；喧嚣,/'ʌprɔr/,/'ʌprɔː/,The announcement caused uproar in the crowd.,公告在人群中引起了一阵骚动。
en:prose:noun:1,prose,noun,散文,n 散文,/proz/,/prəʊz/,Shute's prose is stark and chillingly unsentimental.,舒特的散文刻板而冷峻。
en:emission:noun:1,emission,noun,散发；传播；发出物,n 散发；传播；发出物,/ɪ'mɪʃən/,/ɪ'mɪʃ(ə)n/,the emission of carbon dioxide into the atmosphere,向大气排放二氧化碳
en:stroll:noun:1,stroll,noun,散步，溜达，闲逛,n 散步，溜达，闲逛,/strol/,/strəʊl/,"After dinner, I took a stroll round the city.",晚饭后，我绕着城溜达了一圈。
en:triangular:adjective:1,triangular,adjective,三角的；三者间的,adj 三角的；三者间的,/traɪ'æŋgjəlɚ/,/traɪ'æŋgjʊlə/,a triangular roof,一个三角形的屋顶
en:mute:noun:1,mute,noun,弱音器,n 弱音器,/mjut/,/mjuːt/,He was playing his trumpet with a mute.,他正在吹装了弱音器的小号。
en:choice:noun:1,choice,noun,入选者,n 入选者；adj 优等的,/tʃɔɪs/,/tʃɒɪs/,I think London was a good choice as a venue.,我觉得伦敦是个很好的选址。
en:tolerant:adjective:1,tolerant,adjective,容忍的；有耐力的,adj 容忍的；有耐力的,/'tɑlərənt/,/'tɒl(ə)r(ə)nt/,a tolerant society,宽容的社会
en:commodity:noun:2,commodity,noun,日用品，商品，物品,n 日用品，商品，物品,/kə'mɑdəti/,/kə'mɒdɪtɪ/,agricultural commodities,农业商品
en:routine:adjective:1,routine,adjective,日常的,adj 日常的；n 常规,/rʊ'tin/,/ruː'tiːn/,You mustn’t worry. These are just routine enquiries.,你不必担心，这只是例行的询问。
en:undertaking:noun:2,undertaking,noun,任务，事业；承诺,n 任务，事业；承诺,/'ʌndɚ'tekɪŋ/,/ʌndə'teɪkɪŋ/,Starting a new business can be a risky undertaking.,创办新企业有时是一件有风险的事情。
en:deem:verb:2,deem,verb,认为，相信，想,v 认为，相信，想,/dim/,/diːm/,French and German were deemed essential.,法语和德语被认为是必需的。
en:awake:verb:1,awake,verb,认识到,v 认识到,/ə'wek/,/ə'weɪk/,Artists finally awoke to the aesthetic possibilities of photography.,艺术家终于意识到了摄影的美学潜质。
en:recognition:noun:1,recognition,noun,认出，识别,n 认出，识别,"/,rɛkəɡ'nɪʃən/",/rekəg'nɪʃ(ə)n/,"He stared at her, but there was no sign of recognition .",他盯着她看，但似乎没认出她来。
en:identification:noun:1,identification,noun,身份证；认出，鉴定,n 身份证；认出，鉴定,/aɪˌdentɪfɪ'keʃn/,"/aɪ,dentɪfɪ'keɪʃ(ə)n/",Do you have any identification?,你有什么身份证明文件吗？
en:merciful:adjective:1,merciful,adjective,仁慈的，宽大的,adj 仁慈的，宽大的,/'mɝsɪfl/,/'mɜːsɪfʊl; -f(ə)l/,"Merciful God, save us.",仁慈的上帝，救救我们吧。
en:hostage:noun:1,hostage,noun,人质,n 人质,/'hɑstɪdʒ/,/'hɒstɪdʒ/,The group are holding two tourists hostage (= keeping them as hostages ) .,这伙人挟持了两名游客作为人质。
en:pitch:noun:1,pitch,noun,沥青,n 沥青,/pɪtʃ/,/pɪtʃ/,The timbers of similar houses were painted with pitch.,类似房屋所用的栋木刷了沥青。
en:personnel:noun:1,personnel,noun,人事部门,n 人事部门,"/,pɝsə'nɛl/",/pɜːsə'nel/,A copy should then be sent to Personnel for our files.,然后必须送一份到人事部供我们存档。
en:humanity:noun:1,humanity,noun,人类；人性，人情,n 人类；人性，人情,/hjʊ'mænəti/,/hjʊ'mænɪtɪ/,We want a clean healthy environment for all humanity .,我们希望全人类拥有一个干净健康的生存环境。
en:personality:noun:1,personality,noun,人格，个性；名人,n 人格，个性；名人,"/,pɝsə'næləti/",/pɜːsə'nælɪtɪ/,"Despite their different personalities, they became the best of friends.",尽管个性不同，他们还是成了最好的朋友。
en:thermal:adjective:1,thermal,adjective,热的；温热的,adj 热的；温热的,/'θɝml/,/'θɜːm(ə)l/,thermal energy,热能
en:tropic:noun:1,tropic,noun,回归线；热带地区,n 回归线；热带地区,/'trɑpɪk/,/'trɒpɪk/,the Tropic of Capricorn/the Tropic of Cancer,南/北回归线
en:tropical:adjective:2,tropical,adjective,热带的；（天气）湿热的,adj 热带的；（天气）湿热的,/'trɑpɪkl/,/'trɒpɪk(ə)l/,the tropical rain forests,热带雨林
en:concession:noun:2,concession,noun,让步，迁就,n 让步，迁就,/kən'sɛʃən/,/kən'seʃ(ə)n/,The British were not prepared to make any concessions .,英国人没有打算作出让步。
en:combustion:noun:1,combustion,noun,燃烧,n 燃烧,/kəm'bʌstʃən/,/kəm'bʌstʃ(ə)n/,The energy is released by combustion on the application of a match.,能量通过点火柴燃烧释放出来。
en:whisker:noun:1,whisker,noun,髯，连鬓胡子,n 髯，连鬓胡子,/'wɪskɚ/,/'wɪskə/,"...wild, savage-looking fellows, with large whiskers and dirty faces.",…一些狂野、面相凶恶的家伙，留着满脸的络腮胡子，蓬头垢面。
en:flock:verb:1,flock,verb,群集，聚集,v 群集，聚集,/flɑk/,/flɒk/,People have been flocking to the exhibition.,看展览的人络绎不绝。
en:conviction:noun:1,conviction,noun,确信，信服，深信,n 确信，信服，深信,/kən'vɪkʃən/,/kən'vɪkʃ(ə)n/,"It was a reasonable explanation, but his voice lacked conviction .",这解释合情合理，只是他的语气不坚定。
en:certainty:noun:1,certainty,noun,确实性，确信，确实,n 确实性，确信，确实,/'sɝtnti/,/'sɜːt(ə)ntɪ; -tɪn-/,the certainty of being caught,被抓的必然
en:positively:adverb:1,positively,adverb,确定的，断然,adv 确定的，断然,/'pɑzətɪvli/,/'pɒzətɪvlɪ/,Some holiday destinations are positively dangerous .,有些度假地真的很危险。
en:quantify:verb:1,quantify,verb,确定…的数量,v 确定…的数量,/'kwɑntɪfaɪ/,/'kwɒntɪfaɪ/,an attempt to quantify the region’s social and economic decline,对该地区社会和经济衰退进行量化的尝试
en:deficient:adjective:2,deficient,adjective,缺乏的；欠缺的,adj 缺乏的；欠缺的,/dɪ'fɪʃnt/,/dɪ'fɪʃ(ə)nt/,Women who are dieting can become iron deficient.,节食的女性有可能缺铁。
en:deficiency:noun:1,deficiency,noun,缺乏；不足,n 缺乏；不足,/dɪ'fɪʃənsi/,/dɪ'fɪʃ(ə)nsɪ/,a deficiency of safe play areas for children,儿童安全游戏场地的缺乏
en:scarcity:noun:2,scarcity,noun,缺乏，不足,n 缺乏，不足,,,the scarcity of employment opportunities,就业机会的短缺
en:flaw:noun:2,flaw,noun,缺点，瑕疵,n 缺点，瑕疵,/flɔ/,/flɔː/,A design flaw (= a mistake or weakness in the way something was made ) caused the engine to explode.,一个设计缺陷导致了引擎爆炸。
en:induce:verb:1,induce,verb,劝诱；引起,v 劝诱；引起,/ɪn'dus/,/ɪn'djuːs/,Nothing would induce me to vote for him again.,没有什么能诱使我再投他的票了。
en:persuasion:noun:1,persuasion,noun,劝说，说服,n 劝说，说服,/pɚ'sweʒn/,/pə'sweɪʒ(ə)n/,"After a little gentle persuasion , Debbie agreed to let us in.",好言劝说了几句后，黛比就同意让我们进去了。
en:claim:noun:1,claim,noun,权利，所有权,n 权利，所有权,/klem/,/kleɪm/,The Maldives pressed its claim to hold the summit.,马尔代夫一再要求主办这场峰会。
en:late:adjective:1,late,adjective,去世不久的,adj 去世不久的,/let/,/leɪt/,"Billy Hicks, late of this parish",不久前故去的本教区的比利·希克斯
en:extract:verb:1,extract,verb,取出；提取,v 取出；提取；n 摘录,/'ɛkstrækt/,/ˈekstrækt/,You’ll have to have that tooth extracted.,你得把那颗牙拔掉。
en:crank:noun:1,crank,noun,曲柄,n 曲柄；v 用曲柄转动,/kræŋk/,/kræŋk/,He was idly turning a crank on a strange mechanism strapped to his chest.,他漫不经心地转着绑在他胸前的一个古怪装置上面的曲柄。
en:expel:verb:2,expel,verb,开除；驱逐；排出,v 开除；驱逐；排出,/ɪk'spɛl/,/ɪk'spel; ek-/,Two girls were expelled from school for taking drugs.,两名女生因吸毒而被学校开除。
en:dissipate:verb:1,dissipate,verb,驱散；消散；浪费,v 驱散；消散；浪费,/'dɪsɪpet/,/'dɪsɪpeɪt/,"As he thought it over, his anger gradually dissipated.",他想明白后，怒气就渐渐消了。
en:spherical:adjective:1,spherical,adjective,球形的，球面的,adj 球形的，球面的,/'sfɪrɪkəl/,/'sferɪk(ə)l/,...purple and gold spherical earrings.,...紫色和金色的球形耳环。
en:global:adjective:1,global,adjective,全球的,adj 全球的,/'ɡlobl/,/'gləʊb(ə)l/,global climate change,全球气候变化
en:jupiter:noun:1,Jupiter,noun,木星；丘庇特,n 木星；丘庇特,/'dʒʊpətɚ/,/'dʒuːpɪtə/,a space probe on its way to Jupiter,飞向木星的一个太空探测器
en:plea:noun:1,plea,noun,请愿，请求，恳求,n 请愿，请求，恳求,/pli/,/pliː/,Caldwell made a plea for donations.,考德威尔恳求捐款。
en:petition:noun:1,petition,noun,请愿,n 请愿；v 向…请愿,/pə'tɪʃən/,/pɪ'tɪʃ(ə)n/,Local residents have drawn up a petition to protest the hospital closure.,当地居民已草拟了一份请愿书，抗议关闭医院。
en:sight:noun:1,sight,noun,景象；名胜，风景,n 景象；名胜，风景,/saɪt/,/saɪt/,the sights and sounds of the forest,森林的景致与声音
en:mistress:noun:1,mistress,noun,情妇，情人,n 情妇，情人,/'mɪstrəs/,/'mɪstrɪs/,The Prince had shocked society by living openly with his mistress.,王子和他的情妇公开同居，让社会大为震惊。
en:mosque:noun:1,mosque,noun,清真寺,n 清真寺,/mɑsk/,/mɒsk/,Would you go to church or the synagogue or the mosque?,你会去教堂，犹太教会，或者清真寺吗？
en:cleanliness:noun:1,cleanliness,noun,清洁,n 清洁,/'klɛnlɪnəs/,/'klenlɪnəs/,a high standard of cleanliness,很高的卫生标准
en:inclination:noun:1,inclination,noun,倾斜，点头；斜坡,n 倾斜，点头；斜坡,/'ɪnklə'neʃən/,/ɪnklɪ'neɪʃ(ə)n/,She greeted Maggie with an inclination of the head.,她向玛吉点头打招呼。
en:rap:noun:1,rap,noun,轻敲击声,n 轻敲击声；v 敲击,/ræp/,/ræp/,She was woken by a sharp rap on the door.,她被一阵急促的敲门声惊醒。
en:rash:adjective:1,rash,adjective,轻率的；鲁莽的,adj 轻率的；鲁莽的,/ræʃ/,/ræʃ/,"Please Jessie, don’t do anything rash.",求你了，杰西，不要草率行事。
en:bronze:noun:1,bronze,noun,青铜色,n 青铜色,/brɑnz/,/brɒnz/,Her hair shone bronze and gold.,她的头发闪耀着青铜色和金黄色的光彩。
en:industrious:adjective:2,industrious,adjective,勤劳的，勤奋的,adj 勤劳的，勤奋的,/ɪn'dʌstrɪəs/,/ɪn'dʌstrɪəs/,She was an industrious and willing worker.,她是个勤劳肯干的工人。
en:admiration:noun:1,admiration,noun,钦佩；赞美，羡慕,n 钦佩；赞美，羡慕,"/,ædmə'reʃən/",/ædmə'reɪʃ(ə)n/,Daniel gazed at her in admiration .,丹尼尔用爱慕的眼神注视着她。
en:agreeable:adjective:1,agreeable,adjective,惬意的；同意的,adj 惬意的；同意的,/ə'ɡriəbl/,/ə'griːəb(ə)l/,We spent a most agreeable couple of hours.,我们非常愉快地度过了几个小时。
en:section:noun:1,section,noun,部分,n 部分,/'sɛkʃən/,/'sekʃ(ə)n/,The plane’s tail section was found in a cornfield.,飞机的尾部在玉米田里找到了。
en:segment:noun:1,segment,noun,切片，部分；段，节,n 切片，部分；段，节,/'sɛɡmənt/,/'segm(ə)nt/,segments of the population,人口中的若干组成部分
en:slit:verb:1,slit,verb,切开,v 切开；n 狭长的切口,/slɪt/,/slɪt/,They say somebody slit her throat.,他们说有人割断了她的喉咙。
en:hardy:adjective:1,hardy,adjective,强壮的，耐劳的,adj 强壮的，耐劳的,,/'hɑːdɪ/,hardy mountain goats,能适应恶劣环境的石山羊
en:compulsory:adjective:1,compulsory,adjective,强迫的，义务的,adj 强迫的，义务的,/kəm'pʌlsəri/,/kəm'pʌls(ə)rɪ/,the threat of compulsory redundancies,强制性裁员的威胁
en:constraint:noun:1,constraint,noun,限制，束缚，约束,n 限制，束缚，约束,/kən'strent/,/kən'streɪnt/,the constraints of family life,家庭生活的约束
en:mighty:adjective:1,mighty,adjective,强大的；巨大的,adj 强大的；巨大的,/'maɪti/,/'maɪtɪ/,the mighty Mississippi river,浩荡的密西西比河
en:thoughtless:adjective:1,thoughtless,adjective,欠考虑的；自私的,adj 欠考虑的；自私的,/'θɔtləs/,/'θɔːtlɪs/,a selfish and thoughtless man,自私而不顾他人的人
en:denounce:verb:1,denounce,verb,谴责，声讨；告发,v 谴责，声讨；告发,/dɪ'naʊns/,/dɪ'naʊns/,The group denounced the failure by the authorities to take action.,该团体谴责当局没有采取行动。
en:pious:adjective:1,pious,adjective,虔诚的；虔奉宗教的,adj 虔诚的；虔奉宗教的,/'paɪəs/,/'paɪəs/,"He was a quiet, pious man.",他是个文静、虔诚的人。
en:lobby:noun:2,lobby,noun,前厅，（剧院的）门廊,n 前厅，（剧院的）门廊,/'lɑbi/,/'lɒbɪ/,a hotel lobby,宾馆大堂
en:consistent:adjective:2,consistent,adjective,前后一致的，连贯的,adj 前后一致的，连贯的,/kən'sɪstənt/,/kən'sɪst(ə)nt/,a well-thought-out and consistent argument,经过深思熟虑的、相互连贯的论点
en:predecessor:noun:1,predecessor,noun,前辈，前任者,n 前辈，前任者,/'prɛdəsɛsɚ/,/'priːdɪsesə/,Kennedy’s predecessor as President was the war hero Dwight Eisenhower.,肯尼迪总统的前任是战争英雄德怀特·艾森豪威尔。
en:visa:noun:1,visa,noun,签证,n 签证,/'vizə/,/'viːzə/,"I was still in New York, trying to get a visa to visit Russia.",我仍在纽约，正在办理去俄罗斯的签证。
en:modesty:noun:1,modesty,noun,谦逊；端庄,n 谦逊；端庄,/'mɑdəsti/,/'mɒdɪstɪ/,"‘Anyone else would have done the same thing,’ he said with typical modesty.",换了谁都会这么做的。”他带着一贯的谦虚说道。
en:gracious:adjective:1,gracious,adjective,谦和的,adj 谦和的,/'ɡreʃəs/,/'greɪʃəs/,"Sibyl was the most gracious, helpful, and generous person to work with.",西比尔非常和蔼，乐于助人，而且为人慷慨，和她共事最愉快。
en:migrate:verb:2,migrate,verb,迁移，移居,v 迁移，移居,/'maɪɡret/,/maɪ'greɪt; 'maɪgreɪt/,People migrate to cities like Jakarta in search of work.,人们移居到雅加达这样的城市找工作。
en:kilowatt:noun:1,kilowatt,noun,千瓦（特）,n 千瓦（特）,/'kɪlə'wɑt/,/'kɪləwɒt/,a prototype system which produces 25 kilowatts of power,一个生产25千瓦电量的样机
en:pertinent:adjective:1,pertinent,adjective,恰当的；有关的,adj 恰当的；有关的,/'pɝtnənt/,/'pɜːtɪnənt/,He asked me a lot of very pertinent questions.,他问了我许多直接相关的问题。
en:apt:adjective:1,apt,adjective,恰当的；聪明的,adj 恰当的；聪明的,/æpt/,/æpt/,‘Love at first sight’ is a very apt description of how he felt when he saw her.,用“一见钟情”来形容他见到她时的感觉再恰当不过。
en:utensil:noun:1,utensil,noun,器皿，用具,n 器皿，用具,/jʊ'tɛnsl/,/juː'tens(ə)l/,kitchen utensils,厨房用具
en:maple:noun:1,maple,noun,槭树，枫树,n 槭树，枫树,/'mepl/,/'meɪp(ə)l/,a maple leaf,枫叶
en:follower:noun:1,follower,noun,信徒，追随者,n 信徒，追随者,/'fɑloɚ/,/'fɒləʊə/,Marx and his followers were convinced that capitalism would destroy itself.,马克思及其支持者确信资本主义将自我毁灭。
en:siren:noun:1,siren,noun,汽笛，警报器,n 汽笛，警报器,,,the wail of the ambulance sirens,救护车汽笛的尖啸
en:motel:noun:2,motel,noun,汽车游客旅馆,n 汽车游客旅馆,/mo'tɛl/,/məʊ'tel/,The gas station just neighbours to the motel.,加油站就在汽车旅馆的附近。
en:garage:noun:2,garage,noun,汽车修理站,n 汽车修理站,/gəˈrɑʒ; gəˈrɑdʒ/,/'gærɑː(d)ʒ; -ɪdʒ; gə'rɑːʒ/,My car’s at the garage.,我的车正放在汽修厂修理。
en:motorway:noun:1,motorway,noun,汽车道，快车路,n 汽车道，快车路,/'motɚwe/,/'məʊtəweɪ/,busy/congested motorways,繁忙的 / 拥挤的高速公路
en:hitherto:adverb:1,hitherto,adverb,迄今，到目前为止,adv 迄今，到目前为止,"/,hɪðɚ'tu/",/hɪðə'tuː; 'hɪðətuː/,a species of fish hitherto unknown in the West,迄今在西方还不为人知的一种鱼
en:barometer:noun:1,barometer,noun,气压计，睛雨表,n 气压计，睛雨表,/bə'rɑmɪtɚ/,/bə'rɒmɪtə/,The barometer is falling (= showing that it will probably rain).,气压在下降（表示可能要下雨）。
en:pant:verb:1,pant,verb,气喘,v 气喘,/pænt/,/pænt/,He came in panting after running up the steps.,他跑上台阶，气喘吁吁地走了进来。
en:jack:noun:1,jack,noun,起重器；传动装置,n 起重器；传动装置,/dʒæk/,/dʒæk/,a hydraulic jack,液压千斤顶
en:scratch:noun:1,scratch,noun,（某人皮肤上的）划痕，划伤,n （某人皮肤上的）划痕，划伤,/skrætʃ/,/skrætʃ/,There were deep scratches all over her face.,她脸上全是深深的伤痕。
en:count:noun:1,count,noun,起拆理由，罪状,n 起拆理由，罪状,/kaʊnt/,/kaʊnt/,Davis was found not guilty on all counts .,戴维斯受到指控的各项罪名均不成立。
en:message:noun:1,message,noun,启示，要旨，教训,n 启示，要旨，教训,/'mɛsɪdʒ/,/'mesɪdʒ/,The message of the film is that good always triumphs over evil.,这部电影的主题思想是善良终必战胜邪恶。
en:enlighten:verb:1,enlighten,verb,启发，开导；启蒙,v 启发，开导；启蒙,/ɪn'laɪtn/,/ɪn'laɪt(ə)n; en-/,Baldwin enlightened her as to the nature of the experiment.,鲍德温给她讲解了这个实验的性质。
en:implore:verb:1,implore,verb,乞求，恳求，哀求,v 乞求，恳求，哀求,/ɪm'plɔr/,/ɪm'plɔː/,"‘Don’t go,’ I implored her.",“不要走。”我哀求她。
en:knight:noun:1,knight,noun,骑士，武士；爵士,n 骑士，武士；爵士,/naɪt/,/naɪt/,knights in armour,身披盔甲的骑士
en:marvel:noun:1,marvel,noun,奇迹；惊奇,n 奇迹；惊奇；v 惊奇,/'mɑrvl/,/'mɑːv(ə)l/,the marvels of nature/technology,大自然的 / 技术的奇迹
en:subsequently:adverb:2,subsequently,adverb,其后，其次，接着,adv 其后，其次，接着,/'sʌbsɪkwəntli/,/'sʌbsɪkwəntlɪ/,The book was subsequently translated into 15 languages.,该书后来被译成 15 种语言。
en:cheat:noun:1,cheat,noun,欺诈；骗取,n 欺诈；骗取,/tʃit/,/tʃiːt/,"It's really a cheat, but you can use ready-made pastry if you want.",这东西真是骗人，但如果你愿意的话，可以用现成的油酥面团。
en:periodical:noun:1,periodical,noun,期刊，杂志,n 期刊，杂志,"/,pɪrɪ'ɑdɪkl/",/pɪərɪ'ɒdɪk(ə)l/,The walls would be lined with books and periodicals.,沿这几面墙将排放书籍和期刊。
en:currently:adverb:1,currently,adverb,当前,adv 当前,/'kɝrəntlɪ/,/'kʌrəntlɪ/,the products that are currently available,目前供应的产品
en:universally:adverb:1,universally,adverb,普遍地，一般地,adv 普遍地，一般地,"/,junɪ'vɝsəli/",/juːnɪ'vɜːsəlɪ/,...a universally accepted point of view.,…一个被普遍接受的观点。
en:bushel:noun:1,bushel,noun,蒲式耳（容量单位）,n 蒲式耳（容量单位）,/'bʊʃəl/,/'bʊʃ(ə)l/,Grains are sold by the bushel.,谷物论蒲式耳出售。
en:raisin:noun:1,raisin,noun,葡萄干,n 葡萄干,/'rezn/,/'reɪz(ə)n/,...homemade oatmeal with brown sugar and raisins.,…自家煮的放有红糖和葡萄干的麦片粥。
en:fracture:noun:1,fracture,noun,破裂；裂痕,n 破裂；裂痕；v 破裂,/'fræktʃɚ/,/'fræktʃə/,a fracture of the leg/skull,腿骨 / 颅骨骨折
en:destructive:adjective:2,destructive,adjective,破坏（性）的，危害的,adj 破坏（性）的，危害的,/dɪ'strʌktɪv/,/dɪ'strʌktɪv/,the destructive power of modern weapons,现代武器的破坏力
en:bankrupt:adjective:1,bankrupt,adjective,破产的,adj 破产的；v 使破产,/'bæŋkrʌpt/,/'bæŋkrʌpt/,The firm went bankrupt before the building work was completed.,建筑工程尚未竣工，公司就破产了。
en:persecute:verb:1,persecute,verb,迫害，残害,v 迫害，残害,/'pɝsɪkjut/,/'pɜːsɪkjuːt/,The Puritans left England to escape being persecuted.,清教徒离开了英国以躲避迫害。
en:incline:noun:1,incline,noun,坡度,n 坡度,/ɪn'klaɪn/,/ɪn'klaɪn/,a steep incline,陡坡
en:flask:noun:1,flask,noun,瓶,n 瓶,/flæsk/,/flɑːsk/,He took out a metal flask from a canvas bag.,他从帆布袋里拿出了一个金属水瓶。
en:tack:noun:1,tack,noun,平头钉,n 平头钉；v 钉住,/tæk/,/tæk/,...a box of carpet tacks.,…一盒地毯钉。
en:terrace:noun:1,terrace,noun,平台，阳台，露台,n 平台，阳台，露台,/ˈterəs/,/'terəs/,Some guests recline in deck chairs on the sea-facing terrace.,有些客人斜躺在朝海露台的躺椅上。
en:civilian:noun:1,civilian,noun,平民,n 平民；adj 平民的,/sə'vɪlɪən/,/sɪ'vɪlj(ə)n/,Many innocent civilians were killed during the war.,许多无辜的平民在战争中丧生。
en:tranquil:adjective:1,tranquil,adjective,平静的；稳定的,adj 平静的；稳定的,/ˈtræŋkwəl/,/'træŋkwɪl/,a small tranquil village,宁静的小村庄
en:equation:noun:1,equation,noun,平衡；反应式,n 平衡；反应式,/ɪ'kweʒn/,/ɪ'kweɪʒ(ə)n/,"When children enter the equation , further tensions may arise within a marriage.",有了孩子以后，婚姻中可能出现新的矛盾。
en:equilibrium:noun:1,equilibrium,noun,平衡，均衡；均衡论,n 平衡，均衡；均衡论,"/,ikwɪ'lɪbrɪəm/","/,iːkwɪ'lɪbrɪəm; ,ekwɪ-/",The government is anxious not to upset the economic equilibrium.,政府急切希望不要打乱经济平衡。
en:commonplace:adjective:1,commonplace,adjective,平凡的,adj 平凡的；n 平常话,/'kɑmən'ples/,/'kɒmənpleɪs/,Car thefts are commonplace in this part of town.,镇上的这个地段盗车案屡见不鲜。
en:frequency:noun:1,frequency,noun,频繁，屡次；频率,n 频繁，屡次；频率,/'frikwənsi/,/'friːkw(ə)nsɪ/,Businesses come and go with alarming frequency.,商家开张停业惊人地频繁。
en:barren:adjective:1,barren,adjective,贫瘠的；不孕的,adj 贫瘠的；不孕的,/'bærən/,/'bær(ə)n/,Thousands of years ago the surface was barren desert.,很久很久以前，地面还是一片荒漠。
en:float:noun:1,float,noun,漂浮物；浮标，木筏,n 漂浮物；浮标，木筏,/flot/,/fləʊt/,Fishing nets are often held in position by floats.,渔网常常用浮子固定。
en:bleach:verb:1,bleach,verb,漂白，变白,v 漂白，变白,/blitʃ/,/bliːtʃ/,She bleached her hair blonde.,她把头发漂成了金黄色。
en:flake:noun:1,flake,noun,片，薄片,n 片，薄片,/flek/,/fleɪk/,chocolate flakes,巧克力薄片
en:deflection:noun:1,deflection,noun,偏斜，歪斜；偏差,n 偏斜，歪斜；偏差,/dɪ'flɛkʃən/,/dɪ'flekʃ(ə)n/,the deflection of the missile away from its target,使导弹偏离目标
en:prejudice:noun:2,prejudice,noun,偏见，成见；损害,n 偏见，成见；损害,/'prɛdʒədɪs/,/'predʒʊdɪs/,Women still face prejudice in the workplace.,女性在职场中仍然面临歧视。
en:adjacent:adjective:1,adjacent,adjective,毗连的；紧接着的,adj 毗连的；紧接着的,/ə'dʒesnt/,/ə'dʒeɪs(ə)nt/,We stayed in adjacent rooms.,我们住在毗连的房间里。
en:cape:noun:1,cape,noun,披肩，斗篷；海角,n 披肩，斗篷；海角,/kep/,/keɪp/,...a woollen cape.,…一件羊毛披肩。
en:clash:noun:1,clash,noun,冲突，抵触；碰撞声,n 冲突，抵触；碰撞声,/klæʃ/,/klæʃ/,personality/culture clash (=a situation in which two people or groups do not like each other),个性/文化冲突
en:collide:verb:2,collide,verb,碰撞；冲突，抵触,v 碰撞；冲突，抵触,/kə'laɪd/,/kə'laɪd/,A car and a van collided on the motorway.,一辆汽车和一辆小型货车在高速公路上相撞了。
en:ingredient:noun:1,ingredient,noun,配料，成分,n 配料，成分,/ɪn'ɡridɪənt/,/ɪn'griːdɪənt/,Combine all the ingredients in a large bowl.,把所有食材都放在一个大碗里。
en:shell:noun:1,shell,noun,炮弹，猎枪子弹,n 炮弹，猎枪子弹,/ʃɛl/,/ʃel/,We ran for cover as shells dropped all around us.,周围炮弹四处飞落，我们奔跑着寻找地方躲避。
en:battery:noun:2,battery,noun,炮组，排炮,n 炮组，排炮,/'bæt(ə)rɪ/,/'bætri/,an anti-aircraft battery,防空炮
en:foam:noun:1,foam,noun,泡沫塑料；泡沫,n 泡沫塑料；泡沫,/fom/,/fəʊm/,a foam mattress,海绵橡胶床垫
en:bypass:noun:1,bypass,noun,旁通管,n 旁通管；v 绕过,/'baɪpæs/,/'baɪpɑːs/,a triple bypass operation,接三通管的手术
en:limp:verb:1,limp,verb,蹒跚，跛行,v 蹒跚，跛行；n 跛行,/lɪmp/,/lɪmp/,Moreno limped off the field with a foot injury.,莫雷诺脚上受了伤，一瘸一拐地走出球场。
en:stagger:verb:1,stagger,verb,蹒跚，使摇晃,v 蹒跚，使摇晃,/'stægɚ/,/'stægə/,He managed to stagger home.,他好不容易才蹒跚着走回家。
en:ascend:verb:2,ascend,verb,攀登，登高,v 攀登，登高,/ə'sɛnd/,/ə'send/,"Without a word, he began to ascend the stairs.",他没说一句话就上楼梯了。
en:dispatch:verb:2,dispatch,verb,派遣；调度,v 派遣；调度；n 急件,/dɪ'spætʃ/,/dɪˈspætʃ/,Goods are normally dispatched within 24 hours.,货物一般在24小时内派送。
en:faction:noun:1,faction,noun,派别，宗派，小集团,n 派别，宗派，小集团,/'fækʃən/,/'fækʃ(ə)n/,struggles between the different factions within the party,党内的派系斗争
en:hover:verb:1,hover,verb,徘徊；傍徨；翱翔；盘旋,v 徘徊；傍徨；翱翔；盘旋,/'hʌvɚ/,/'hɒvə/,Her younger brother hovered in the background watching us.,她的弟弟在后面走来走去，观察着我们。
en:drainage:noun:1,drainage,noun,排水；下水道,n 排水；下水道,/'drenɪdʒ/,/'dreɪnɪdʒ/,A handful of pebbles in the bottom of a flowerpot will help drainage.,在花盆底下放一把鹅卵石能够帮助排水。
en:range:verb:1,range,verb,排列,v 排列,/rendʒ/,/reɪn(d)ʒ/,"In the dining room, team photographs were ranged along the wall.",餐厅里，球队的照片排列在墙上。
en:clap:noun:1,clap,noun,拍手喝采声；霹雳声,n 拍手喝采声；霹雳声,/klæp/,/klæp/,"Come on everyone, let’s give Tommy a clap.",来吧各位，我们为汤米鼓鼓掌吧。
en:reptile:noun:1,reptile,noun,爬行动物,n 爬行动物,,,"This small reptile, which measures just 10 centimeters long, can swim through the sand dunes at up to 15 centimeters per second.",这种身长只有10厘米小型爬行动物，可以在沙子中以最快每秒15厘米的速度游动。
en:overhear:verb:1,overhear,verb,偶然听到；偷听,v 偶然听到；偷听,"/,ovɚ'hɪr/",/əʊvə'hɪə/,I overheard part of their conversation.,我碰巧听到了他们谈话的部分内容。
en:ohm:noun:1,ohm,noun,欧姆,n 欧姆,/om/,/əʊm/,,
en:hostess:noun:1,hostess,noun,女主人；旅馆女老板,n 女主人；旅馆女老板,/'hostəs/,/'həʊstɪs; -es; həʊ'stes/,Mary was always the perfect hostess.,玛丽总是最殷勤的女主人。
en:feminine:adjective:1,feminine,adjective,女性的；女子气的,adj 女性的；女子气的,/'fɛmənɪn/,/'femɪnɪn/,traditional feminine roles,传统的女性角色
en:waitress:noun:1,waitress,noun,女侍者，女服务员,n 女侍者，女服务员,/ˈwetrɪs/,/ˈweɪtrəs/,,
en:goddess:noun:1,goddess,noun,女神,n 女神,/ɡɑdɪs/,/ˈgɒdɪs/,"Aphrodite, goddess of love",爱神阿佛洛狄忒
en:blouse:noun:2,blouse,noun,女衬衫；罩衫,n 女衬衫；罩衫,/blaʊs/,/'blaʊz/,a silk blouse,丝质女衬衫
en:coward:adjective:1,coward,adjective,懦怯的，胆小的,adj 懦怯的，胆小的,/'kaʊɚd/,/'kaʊəd/,,
en:radiator:noun:1,radiator,noun,暖气片；散热器,n 暖气片；散热器,/'redɪ'etɚ/,/'reɪdɪeɪtə/,a central heating system with a radiator in each room,每个房间都配有一个散热器的中央供暖系统
en:strive:verb:1,strive,verb,努力，奋斗，力求,v 努力，奋斗，力求,/straɪv/,/straɪv/,I was still striving to be successful.,我仍在努力争取成功。
en:mess:verb:1,mess,verb,弄脏，弄乱，搞糟,v 弄脏，弄乱，搞糟,/mɛs/,/mes/,He scratched his head and messed his hair even more.,他挠挠头，把头发弄得更乱了。
en:distortion:noun:1,distortion,noun,歪曲；畸变,n 歪曲；畸变,/dɪs'tɔrʃən/,/dɪ'stɔːʃ(ə)n/,a distortion of the facts,对事实的歪曲
en:shorten:verb:1,shorten,verb,弄短，缩小，减少,v 弄短，缩小，减少,/'ʃɔrtn/,/'ʃɔːt(ə)n/,The days are shortening.,白天变得越来越短了。
en:saturn:noun:1,Saturn,noun,土星,n 土星,,,Saturn is the second biggest planet in the solar system.,土星是太阳系中的第二大行星。
en:milky:adjective:1,milky,adjective,牛奶的；乳白色的,adj 牛奶的；乳白色的,/'mɪlki/,/'mɪlkɪ/,a cup of milky coffee,一杯牛奶咖啡
en:wrench:verb:1,wrench,verb,拧，扭伤,v 拧，扭伤；n 拧,/rɛntʃ/,/ren(t)ʃ/,I wrenched the packet from his grasp.,我用力夺过他攥在手里的纸袋。
en:wring:verb:1,wring,verb,拧，挤，扭，榨,v 拧，挤，扭，榨,/rɪŋ/,/rɪŋ/,This jacket’s wringing wet!,这件上衣湿得都能拧出水来！
en:peer:verb:1,peer,verb,凝视,v 凝视,/pɪr/,/pɪə/,He was peering through the wet windscreen at the cars ahead.,他正费力地透过淋湿的风挡盯视着前方的汽车。
en:nickel:noun:1,nickel,noun,镍；镍币,n 镍；镍币,/'nɪkl/,/'nɪk(ə)l/,a nickel alloy,镍合金
en:junior:noun:1,junior,noun,年少者；晚辈,n 年少者；晚辈,/'dʒunɪɚ/,/'dʒuːnɪə/,"She now lives with actor Denis Lawson, 10 years her junior.",她现在和比她小10岁的演员丹尼斯·劳森同居。
en:annually:adverb:1,annually,adverb,年年，每年,adv 年年，每年,/'ænjuəli/,/'ænjʊəlɪ; 'ænjʊlɪ/,The exhibition is held annually.,这个展览每年举行一次。
en:practicable:adjective:1,practicable,adjective,能实行的；适用的,adj 能实行的；适用的,/'præktɪkəbl/,/'præktɪkəb(ə)l/,The only practicable course of action is to sell the company.,唯一可行的做法是把公司卖掉。
en:capability:noun:1,capability,noun,能力，才能,n 能力，才能,/ˌkeɪpəˈbɪləti/,/ˌkeɪpəˈbɪləti/,the country’s manufacturing capability,该国的生产能力
en:basin:noun:1,basin,noun,内海；盆地；流域,n 内海；盆地；流域,/'besn/,/'beɪs(ə)n/,a yacht basin,停放游艇的内港
en:interior:noun:1,interior,noun,内部,n 内部；adj 内部的,/ɪn'tɪrɪɚ/,/ɪn'tɪɜːrɪə/,The interior of the church was dark.,教堂里很暗。
en:tickle:verb:1,tickle,verb,挠，胳肢；逗乐,v 挠，胳肢；逗乐,/'tɪkl/,/'tɪk(ə)l/,Stop tickling me!,别挠我痒痒！
en:incredible:adjective:1,incredible,adjective,难以置信的，惊人的,adj 难以置信的，惊人的,/ɪn'krɛdəbl/,/ɪn'kredɪb(ə)l/,It’s incredible that he survived the fall.,他跌下去竟然能够生还，真不可思议。
en:difficult:adjective:1,difficult,adjective,难以满足的,adj 难以满足的,/'dɪfɪkəlt/,/'dɪfɪk(ə)lt/,Don’t be so difficult!,别这么挑剔！
en:refugee:noun:1,refugee,noun,难民，流亡者,n 难民，流亡者,/'rɛfjʊdʒi/,/refjʊ'dʒiː/,Refugees were streaming across the border.,难民正涌过边境。
en:pumpkin:noun:1,pumpkin,noun,南瓜,n 南瓜,/'pʌmpkɪn/,/'pʌm(p)kɪn/,pumpkin pie,南瓜饼
en:polar:adjective:1,polar,adjective,南（北）极的；极性的,adj 南（北）极的；极性的,/'polɚ/,/'pəʊlə/,"As our climate warms up, the polar ice caps will begin to melt.",随着地球气候逐渐变暖，极地的冰冠将开始融化。
en:masculine:adjective:1,masculine,adjective,男性的,adj 男性的,/'mæskjəlɪn/,/'mæskjʊlɪn/,"They’re nice curtains, but I’d prefer something a little more masculine.",这些窗帘很好，但我更喜欢男性化一点的。
en:baron:noun:1,baron,noun,男爵；贵族；巨商,n 男爵；贵族；巨商,/'bærən/,/'bær(ə)n/,"...their stepfather, Baron Michael Distemple.",…他们的继父迈克尔• 迪斯坦普尔男爵
en:endurance:noun:1,endurance,noun,耐久力，持久力,n 耐久力，持久力,/ɪn'dʊrəns/,/ɪn'djʊər(ə)ns; en-/,She was pushed beyond her powers of endurance.,她被逼得忍无可忍。
en:sodium:noun:1,sodium,noun,钠,n 钠,/'sodɪəm/,/'səʊdɪəm/,...one level teaspoon of sodium bicarbonate powder.,一平茶匙碳酸氢钠粉末
en:pasture:noun:2,pasture,noun,牧场,n 牧场,/'pæstʃɚ/,/'pɑːstʃə/,large areas of rough upland pasture,大片起伏的山地牧场
en:intent:adjective:1,intent,adjective,目不转睛的，热切的,adj 目不转睛的，热切的,/ɪn'tɛnt/,/ɪn'tent/,an intent gaze/look,专注的目光 / 神情
en:end:noun:1,end,noun,目标，目的,n 目标，目的,/ɛnd/,/end/,She’ll do anything to achieve her own ends.,她为了实现自己的目标，什么都会去做。
en:oyster:noun:1,oyster,noun,牡蛎,n 牡蛎,/'ɔɪstɚ/,/'ɒɪstə/,He had two dozen oysters and enjoyed every one of them.,他吃了两打牡蛎，每一个都吃得津津有味。
en:magician:noun:1,magician,noun,魔法师；变戏法的人,n 魔法师；变戏法的人,/mə'dʒɪʃən/,/mə'dʒɪʃ(ə)n/,There'll be a magician at the kids' Christmas party.,孩子们的圣诞聚会上会有一位魔术师。
en:skyscraper:noun:2,skyscraper,noun,摩天楼,n 摩天楼,/'skaɪ'skrepɚ/,/'skaɪskreɪpə/,The skyscraper towers into the clouds.,那幢摩天大楼高耸入云。
en:module:noun:1,module,noun,模块；组件,n 模块；组件,/'mɑdʒul/,/'mɒdjuːl/,control module,控制模块；控制部件
en:ambiguous:adjective:1,ambiguous,adjective,模棱两可的；分歧的,adj 模棱两可的；分歧的,/æm'bɪɡjuəs/,/æm'bɪgjʊəs/,The language in the Minister’s statement is highly ambiguous.,部长的声明措辞很含糊。
en:feel:verb:1,feel,verb,摸起来,v 摸起来,/fiːl/,/fiːl/,It’s nice fabric - it feels like velvet.,面料不错——摸上去像丝绒。
en:destiny:noun:1,destiny,noun,命运，天数,n 命运，天数,/'dɛstəni/,/'destɪnɪ/,Nancy wondered whether it was her destiny to live in England and marry Melvyn.,南希想知道她生活在英格兰又嫁给梅尔文是不是命运的安排。
en:doom:noun:1,doom,noun,厄运，毁灭,n 厄运，毁灭；v 注定,/dʊm/,/duːm/,A sense of impending doom (= coming very soon ) gripped her.,她心头被一种大难临头的感觉所笼罩。
en:proposition:noun:2,proposition,noun,命题，主题；提议,n 命题，主题；提议,"/,prɑpə'zɪʃən/",/prɒpə'zɪʃ(ə)n/,"They were debating the proposition that ""All people are created equal"".",他们正就“人人生而平等”这一命题展开辩论。
en:bid:verb:1,bid,verb,报价；命令,v 报价；命令,/bɪd/,/bɪd/,She bid £100 for a Victorian chair.,她出价100英镑买一把维多利亚时代的椅子。
en:destine:verb:1,destine,verb,命定，注定；预定,v 命定，注定；预定,/'dɛstɪn/,/'destɪn/,,
en:sensible:adjective:2,sensible,adjective,明显的，感觉得到的,adj 明显的，感觉得到的,/'sɛnsəbl/,/'sensɪb(ə)l/,a sensible increase in temperature,温度的明显上升
en:explicit:adjective:1,explicit,adjective,明晰的；直率的,adj 明晰的；直率的,/ɪk'splɪsɪt/,/ɪk'splɪsɪt; ek-/,The contrast could not have been made more explicit.,这个对比再清楚不过了。
en:decidedly:adverb:1,decidedly,adverb,明确地，坚决地,adv 明确地，坚决地,/dɪ'saɪdɪdli/,/dɪ'saɪdɪdlɪ/,"‘I’m not going to do it,’ said Margaret decidedly.",“这件事我不做。” 玛格丽特坚决地说。
en:formulation:noun:1,formulation,noun,表述方式,n 表述方式,"/,fɔrmjə'leʃən/",/fɔːmjʊ'leɪʃn/,This is a far weaker formulation than is in the draft resolution which is being proposed.,这是相对于正在被提议的草拟决议要弱得多的一种表述方式。
en:brightness:noun:1,brightness,noun,明亮，辉煌，聪明,n 明亮，辉煌，聪明,/'braɪtnɪs/,/'braɪtnɪs/,high brightness,n. 高亮度
en:classic:noun:1,classic,noun,名著,n 名著；adj 不朽的,/'klæsɪk/,/'klæsɪk/,‘La Grande Illusion’ is one of the classics of French cinema.,《大幻影》是法国电影中的经典作品之一。
en:promptly:adverb:1,promptly,adverb,敏捷地，迅速地,adv 敏捷地，迅速地,/'prɑmptli/,/'prɒm(p)tlɪ/,A reply came very promptly.,马上就有了答复。
en:sensitivity:noun:1,sensitivity,noun,敏感（性）；灵敏性,n 敏感（性）；灵敏性,,,It’s a matter of great political sensitivity.,这件事在政治上非常敏感。
en:representation:noun:1,representation,noun,描写；陈述；代表,n 描写；陈述；代表,/'rɛprɪzɛn'teʃən/,"/,reprɪzen'teɪʃ(ə)n/",The clock in the painting is a symbolic representation of the passage of time.,画上的时钟象征着光阴的流逝。
en:nursery:noun:1,nursery,noun,苗圃,n 苗圃,/'nɝsəri/,/'nɜːs(ə)rɪ/,"The garden, developed over the past 35 years, includes a nursery.",这个有35年历史的园子里有一个苗圃。
en:deposition:noun:1,deposition,noun,免职，罢免,n 免职，罢免,"/,dɛpə'zɪʃən/","/,depə'zɪʃ(ə)n; diː-/",the deposition of the King,废黜国王
en:confidential:adjective:2,confidential,adjective,秘密的；亲信的,adj 秘密的；亲信的,"/,kɑnfɪ'dɛnʃl/",/kɒnfɪ'denʃ(ə)l/,a confidential government report,一份机密的政府报告
en:enchant:verb:1,enchant,verb,迷住；用魔法迷惑,v 迷住；用魔法迷惑,/ɪn'tʃænt/,/ɪn'tʃɑːnt; en-/,I was enchanted by the way she smiled.,她微笑时的样子让我着迷。
en:fascinate:verb:2,fascinate,verb,迷住，迷人,v 迷住，迷人,/'fæsə'net/,/'fæsɪneɪt/,The idea of travelling through time fascinates me.,穿越时光的想法深深吸引着我。
en:superstition:noun:1,superstition,noun,迷信，迷信行为,n 迷信，迷信行为,"/,supɚ'stɪʃən/","/,suːpə'stɪʃ(ə)n; ,sjuː-/",the old superstition that walking under a ladder is unlucky,认为从梯子下面穿过不吉利的古老迷信
en:stray:verb:1,stray,verb,迷路,v 迷路；adj 迷路的,/stre/,/streɪ/,Three of the soldiers strayed into enemy territory.,三名士兵误入敌军阵地。
en:perplex:verb:1,perplex,verb,迷惑，困惑，难住,v 迷惑，困惑，难住,/pɚ'plɛks/,/pə'pleks/,Shea’s symptoms perplexed the doctors.,谢伊的症状令医生们困惑。
en:bewilder:verb:1,bewilder,verb,迷惑，把…弄糊涂,v 迷惑，把…弄糊涂,/bɪ'wɪldɚ/,/bɪ'wɪldə/,He was bewildered by his daughter’s reaction.,他被女儿的反应弄糊涂了。
en:snap:verb:1,snap,verb,猛咬；突然折断,v 猛咬；突然折断,/snæp/,/snæp/,The dog started snapping at my heels.,这条狗开始咬我的鞋跟。
en:hurl:verb:2,hurl,verb,猛投；猛冲,v 猛投；猛冲,/hɝl/,/hɜːl/,Demonstrators were hurling bricks through the windows.,示威者在向窗里掷砖块。
en:jerk:verb:1,jerk,verb,猛地一拉，急拉,v 猛地一拉，急拉,/dʒɝk/,/dʒɜːk/,She jerked open the car door and got out.,她猛地打开车门下了车。
en:ally:noun:1,ally,noun,盟国；同盟者，伙伴,n 盟国；同盟者，伙伴,/'ælaɪ/,/'ælaɪ/,a meeting of the European allies,欧洲盟国会议
en:threshold:noun:2,threshold,noun,门槛；入门，开端,n 门槛；入门，开端,/'θrɛʃhold/,"/'θreʃəʊld; 'θreʃ,həʊld/",She opened the door and stepped across the threshold.,她打开门，跨过门槛。
en:charm:noun:1,charm,noun,魅力；妩媚,n 魅力；妩媚；v 迷人,,,She turned on the charm (= used her charm ) to all the men.,她对所有那些男人都施展魅力。
en:fair:adjective:1,fair,adjective,美丽的,adj 美丽的,/fɛr/,/feə/,a fair maiden,美丽的少女
en:offensive:adjective:1,offensive,adjective,冒犯的；进攻的,adj 冒犯的；进攻的,/ə'fɛnsɪv/,/ə'fensɪv/,I found her remarks deeply offensive.,我觉得她的话令人非常恼火。
en:pore:noun:1,pore,noun,毛孔，气孔，细孔,n 毛孔，气孔，细孔,/pɔr/,/pɔː/,The size of your pores is determined by the amount of oil they produce.,毛孔的大小取决于毛孔分泌油脂的多少。
en:fuss:noun:2,fuss,noun,大惊小怪,n 大惊小怪；v 忙乱,/fʌs/,/fʌs/,James said he’d better be getting back or there’d be a fuss.,詹姆斯说他最好回来，否则就会有人小题大做了。
en:cartoon:noun:1,cartoon,noun,动画片；漫画,n 动画片；漫画,/kɑr'tun/,/kɑː'tuːn/,a Walt Disney cartoon,迪斯尼动画片
en:vine:noun:1,vine,noun,蔓，藤，藤本植物,n 蔓，藤，藤本植物,/vaɪn/,/vaɪn/,Ivy is a type of vine.,常青藤是一种藤本植物。
en:expire:verb:1,expire,verb,满期，到期；断气,v 满期，到期；断气,/ɪk'spaɪɚ/,/ɪk'spaɪə; ek-/,My passport expires next week.,我的护照下周就到期了。
en:bull:noun:1,bull,noun,买空的证券投机商,n 买空的证券投机商,,/bʊl/,The bulls argue stock prices are low and there are bargains to be had.,那些买空者认为股价很低，有些便宜股可以买进。
en:wharf:noun:1,wharf,noun,码头，停泊所,n 码头，停泊所,/wɔrf/,/wɔːf/,The ship lies alongside the wharf.,那艘船停靠在码头边。
en:circus:noun:1,circus,noun,马戏；马戏团,n 马戏；马戏团,/'sɝkəs/,/'sɜːkəs/,circus act (=a trick performed in a circus),马戏表演
en:filter:verb:2,filter,verb,滤过,v 滤过,/'fɪltɚ/,/'fɪltə/,The water in the tank is constantly filtered.,鱼缸里的水在不停地被过滤。
en:ass:noun:1,ass,noun,傻瓜，蠢笨的人；驴,n 傻瓜，蠢笨的人；驴,/æs/,/æs/,He’s a pompous ass.,他是头自负的蠢驴。
en:propeller:noun:1,propeller,noun,螺旋桨，推进器,n 螺旋桨，推进器,/prə'pɛlɚ/,/prə'pelə/,...a fixed three-bladed propeller.,…一个固定的三叶螺旋桨。
en:spiral:adjective:1,spiral,adjective,螺旋（形）的，盘旋的,adj 螺旋（形）的，盘旋的,/'spaɪrəl/,/'spaɪr(ə)l/,A snail's shell is spiral in form.,蜗牛壳呈螺旋形。
en:nut:noun:1,nut,noun,螺帽，螺母,n 螺帽，螺母,/nʌt/,/nʌt/,Use a wrench to loosen the nut.,用活动扳手将螺帽拧松。
en:roman:noun:1,Roman,noun,古罗马人；罗马人,n 古罗马人；罗马人,/'romən/,/'rəʊmən/,"When they conquered Britain, the Romans brought this custom with them.",当古罗马人征服不列颠时，他们把这一习俗也带了过去。
en:thesis:noun:1,thesis,noun,论文；论题，论点,n 论文；论题，论点,/'θisɪs/,/'θiːsɪs/,Cynthia’s still working on her thesis.,辛西娅还在写论文。
en:forum:noun:1,forum,noun,论坛，讨论会,n 论坛，讨论会,/'fɔrəm/,/'fɔːrəm/,the new national forum on the environment,新的全国性环境论坛
en:oval:adjective:1,oval,adjective,卵形的,adj 卵形的；n 卵形,/'ovl/,/'əʊv(ə)l/,an oval face,鹅蛋脸
en:video:adjective:1,video,adjective,录像的,adj 录像的,/'vɪdɪo/,/'vɪdɪəʊ/,video production,录像制作
en:reed:noun:1,reed,noun,芦笛，牧笛,n 芦笛，牧笛,/rid/,/riːd/,reed valve,簧片阀
en:leakage:noun:1,leakage,noun,漏，泄漏；漏出物,n 漏，泄漏；漏出物,/'likɪdʒ/,/'liːkɪdʒ/,a leakage of toxic waste into the sea,有毒废物的泄漏入海
en:hug:verb:1,hug,verb,搂,v 搂；n 紧紧拥抱,/hʌɡ/,/hʌg/,We stood there crying and hugging each other.,我们站在那里哭着互相拥抱。
en:stairway:noun:1,stairway,noun,楼梯,n 楼梯,/'stɛr'we/,/'steəweɪ/,...the stairway leading to the top floor.,…通往顶层的楼梯。
en:monopoly:noun:2,monopoly,noun,垄断；独占，专利,n 垄断；独占，专利,/mə'nɑpəli/,/mə'nɒp(ə)lɪ/,In the past central government had a monopoly on television broadcasting.,过去，中央政府对电视节目播放实行垄断。
en:bridle:noun:1,bridle,noun,马笼头；马勒,n 马笼头；马勒；v 束缚；抑制,/'braɪdl/,/'braɪd(ə)l/,put a bridle on,约束，控制
en:willow:noun:1,willow,noun,柳树，柳木,n 柳树，柳木,/'wɪlo/,/'wɪləʊ/,The baskets are woven from strips of willow.,这些篮子是用柳条编的。
en:streamline:noun:1,streamline,noun,流线；流线型,n 流线；流线型,/'strimlaɪn/,/'striːmlaɪn/,"Start with a good streamline, toes turned in and ankles slightly separated.","开始时保持好身体的流线, 脚尖向内,脚踝向外轻微分开。"
en:rascal:noun:1,rascal,noun,流氓，恶棍，无赖,n 流氓，恶棍，无赖,/'ræskl/,/'rɑːsk(ə)l/,What's that old rascal been telling you?,那个老家伙对你都一直说些什么？
en:prevalent:adjective:1,prevalent,adjective,流行的；盛行的,adj 流行的；盛行的,/'prɛvələnt/,/'prev(ə)l(ə)nt/,the prevalent belief in astrology,对占星术的普遍相信
en:exile:verb:1,exile,verb,流放,v 流放；n 被流放者,/'ɛksaɪl/,/'eksaɪl; 'egz-/,the exiled former president,流亡国外的前总统
en:flux:noun:1,flux,noun,流；涨潮；流量,n 流；涨潮；流量,/flʌks/,/flʌks/,heat flux,热流，热通量
en:track:verb:2,track,verb,留下足迹,v 留下足迹,/træk/,/træk/,Which of you boys tracked mud all over the kitchen floor?,你们这些男孩，是谁把厨房地上踩得到处都是泥巴？
en:gramophone:noun:1,gramophone,noun,留声机,n 留声机,/'ɡræməfon/,/'græməfəʊn/,...a wind-up gramophone with a big horn.,...一台带大喇叭的发条式留声机。
en:otherwise:adverb:1,otherwise,adverb,另外；在其他方面,adv 另外；在其他方面,/'ʌðɚwaɪz/,/'ʌðəwaɪz/,He was tired but otherwise in good health.,他除了累身体很好。
en:province:noun:1,province,noun,领域，范围，职权,n 领域，范围，职权,/'prɑvɪns/,/'prɒvɪns/,Computers were once the exclusive province of scientists and mathematicians.,计算机一度为科学家和数学家专用。
en:consul:noun:1,consul,noun,领事,n 领事,/'kɑnsl/,/'kɒns(ə)l/,the British Consul in Paris,英国驻巴黎领事
en:retail:noun:1,retail,noun,零售,n 零售,/'ritel/,/'riːteɪl/,a retail price of £8.99,8.99英镑的零售价
en:flexible:adjective:2,flexible,adjective,灵活的，可变通的,adj 灵活的，可变通的,/'flɛksəbl/,/'fleksɪb(ə)l/,We can be flexible about your starting date.,你具体从哪天开始，我们可以灵活一点。
en:inspiration:noun:1,inspiration,noun,灵感；妙想；鼓舞,n 灵感；妙想；鼓舞,/ˌɪnspəˈreʃən/,/ˌɪnspəˈreɪʃn/,Dreams can be a rich source of inspiration for an artist.,梦境可以成为艺术家灵感的丰富源泉。
en:grove:noun:1,grove,noun,林子，小树林，园林,n 林子，小树林，园林,/ɡrov/,/grəʊv/,...an olive grove.,…一片橄榄树丛。
en:neighbouring:adjective:1,neighbouring,adjective,邻近的，接壤的,adj 邻近的，接壤的,/'neibəriŋ/,/'neɪb(ə)rɪŋ/,The fair attracted hundreds of people from the neighbouring towns and villages.,集市吸引了邻近城镇及村庄的好几百人前来。
en:vicinity:noun:1,vicinity,noun,邻近；附近地区,n 邻近；附近地区,/və'sɪnəti/,/vɪ'sɪnɪtɪ/,The stolen car was found in the vicinity of the station.,被盗汽车在车站附近被发现。
en:fission:noun:1,fission,noun,裂开；分裂生殖,n 裂开；分裂生殖,/'fɪʃən/,/'fɪʃ(ə)n/,The fission of the cell could be inhibited with certain chemicals.,细胞裂殖可以靠某些化学制品加以抑制。
en:prey:noun:1,prey,noun,猎物,n 猎物；v 捕获,/pre/,/preɪ/,a tiger stalking its prey,潜行跟踪猎物的老虎
en:martyr:noun:1,martyr,noun,烈士，殉难者,n 烈士，殉难者,/'mɑrtɚ/,/'mɑːtə/,"St. Stephen, the first Christian martyr",圣司提反，第一个基督教殉道者
en:grin:verb:1,grin,verb,咧着嘴笑,v 咧着嘴笑,/ɡrɪn/,/grɪn/,"She grinned at me, her eyes sparkling.",她咧嘴对我笑着，两眼放光。
en:expect:verb:1,expect,verb,料想，认为,v 料想，认为,/ɪk'spɛkt/,/ɪk'spekt; ek-/,"I expected her to be taller than me, not shorter.",我曾以为她个子比我高，不会比我矮。
en:quantitative:adjective:1,quantitative,adjective,量的；定量的,adj 量的；定量的,/'kwɑntətetɪv/,"/'kwɒntɪ,tətɪv; -,teɪtɪv/",We need to do a proper quantitative analysis of this problem.,我们需要对这个问题作一个正确的定量分析。
en:blush:verb:1,blush,verb,脸红，害臊,v 脸红，害臊；n 脸红,/blʌʃ/,/blʌʃ/,Wilson saw she was watching him and blushed.,威尔逊看到她在注视着自己，不由得脸红了。
en:allied:adjective:1,allied,adjective,联合的；联姻的,adj 联合的；联姻的,"/əˈlaɪd,ˈælˌaɪd/",/'ælaɪd; ə'laɪd/,allied forces,盟军；联军
en:ripple:noun:1,ripple,noun,涟漪，细浪，波纹,n 涟漪，细浪，波纹,/'rɪpl/,/'rɪp(ə)l/,ripples on the surface of the pond,池面上的涟漪
en:mitten:noun:1,mitten,noun,连指手套,n 连指手套,/'mɪtn/,/'mɪt(ə)n/,sheepskin mittens,羊皮连指手套
en:attachment:noun:1,attachment,noun,爱慕；附件；连接物,n 爱慕；附件；连接物,/ə'tætʃmənt/,/ə'tætʃm(ə)nt/,a child’s attachment to its mother,孩子对母亲的依恋
en:junction:noun:1,junction,noun,连接点，汇合处,n 连接点，汇合处,/'dʒʌŋkʃən/,/'dʒʌŋ(k)ʃ(ə)n/,the junction of Abbot Road and Mill Street,阿伯特路与米尔街的交叉口
en:chestnut:noun:1,chestnut,noun,栗子；栗树；栗色,n 栗子；栗树；栗色,/'tʃɛsnʌt/,/'tʃesnʌt/,roast chestnuts,炒栗子
en:exceptional:adjective:2,exceptional,adjective,优越的；例外的,adj 优越的；例外的,/ɪk'sɛpʃənl/,/ɪk'sepʃ(ə)n(ə)l; ek-/,an exceptional student,出类拔萃的学生
en:solar:adjective:1,solar,adjective,利用太阳光的,adj 利用太阳光的,/'solɚ/,/'səʊlə/,solar energy,太阳能
en:impose:verb:2,impose,verb,将（想法、信仰等）强加于（某人）,v 将（想法、信仰等）强加于（某人）,/ɪm'poz/,/ɪm'pəʊz/,parents who impose their own moral values on their children,把自己的道德观强加给孩子的父母
en:utilization:noun:2,utilization,noun,利用，效用,n 利用，效用,/ˌjuːtəlaɪ'zeɪʃn/,"/,juːtɪlaɪ'zeɪʃən/",Computer has found an increasingly wide utilization in all fields.,电子计算机已越来越广泛地在各个领域得到应用。
en:stereo:noun:1,stereo,noun,立体声,n 立体声；adj 立体声的,/'stɛrɪo/,/'sterɪəʊ; 'stɪərɪəʊ/,The concert will be broadcast in stereo.,音乐会将用立体声播放。
en:cubic:adjective:1,cubic,adjective,立方体的；立方的,adj 立方体的；立方的,/'kjubɪk/,/'kjuːbɪk/,the cubic capacity of an engine,引擎汽缸的容积
en:legislation:noun:2,legislation,noun,立法；法规,n 立法；法规,"/,lɛdʒɪs'leʃən/",/ledʒɪs'leɪʃ(ə)n/,This is a very important piece of legislation (= law ).,这是一条非常重要的法规。
en:historian:noun:1,historian,noun,历史学家；编史家,n 历史学家；编史家,/hɪ'stɔrɪən/,/hɪ'stɔːrɪən/,"I am a historian, and I teach in an American university.",我是一位历史学家，在美国一所大学任教。
en:historic:adjective:1,historic,adjective,历史的；历史性的,adj 历史的；历史性的,/hɪ'stɔrɪk/,/hɪ'stɒrɪk/,a historic meeting of world leaders,具有历史意义的世界领导人会议
en:mechanics:noun:1,mechanics,noun,力学，机械学,n 力学，机械学,/mə'kænɪks/,/mɪ'kænɪks/,He has not studied mechanics or engineering.,他没有学习过力学或者工程学。
en:intellect:noun:1,intellect,noun,理智，智力，才智,n 理智，智力，才智,/'ɪntəlɛkt/,/'ɪntəlekt/,He combined a formidable intellect with a talent for speaking.,他不但智力超群，而且口才出众。
en:ideally:adverb:1,ideally,adverb,理想地；理论上,adv 理想地；理论上,/aɪ'diəli/,/aɪ'dɪəl(l)ɪ; aɪ'diːəl(l)ɪ/,"Ideally, your car should have high-security locks.",最理想的情况是，你的车应该配有高度安全的车锁。
en:abstract:adjective:2,abstract,adjective,理论上的,adj 理论上的；n 抽象派作品,/'æbstrækt/,/'æbstrækt/,abstract knowledge/principles,理论知识；抽象原理
en:slang:noun:1,slang,noun,俚语；行话，黑话,n 俚语；行话，黑话,/slæŋ/,/slæŋ/,schoolboy slang,学生俚语
en:courtesy:noun:1,courtesy,noun,礼貌，谦恭,n 礼貌，谦恭,,,It’s a matter of common courtesy to acknowledge letters.,确认收到来信是起码的礼貌。
en:twilight:noun:1,twilight,noun,黄昏,n 黄昏,/'twaɪlaɪt/,/'twaɪlaɪt/,romantic walks along the beach at twilight,黄昏时分浪漫的海边漫步
en:ion:noun:1,ion,noun,离子,n 离子,/'aɪən/,/'aɪən/,ion exchange,离子交换
en:excursion:noun:1,excursion,noun,（尤指集体）远足，短途旅行,n （尤指集体）远足，短途旅行,/ɪk'skɝʒn/,/ɪk'skɜːʃ(ə)n; ek-/,Included in the tour is an excursion to the Grand Canyon.,这次旅游包括大峡谷观光。
en:grim:adjective:1,grim,adjective,严厉的,adj 严厉的,/ɡrɪm/,/grɪm/,"‘I’ll survive,’ he said with a grim smile.",“我死不了。”他阴笑着说。
en:prism:noun:1,prism,noun,棱镜；棱柱（体）,n 棱镜；棱柱（体）,/'prɪzəm/,/'prɪz(ə)m/,Light is refracted when passed through a prism.,光通过棱镜时产生折射。
en:troublesome:adjective:1,troublesome,adjective,困难的,adj 困难的,/'trʌblsəm/,/'trʌb(ə)ls(ə)m/,The economy has become a troublesome issue for the Conservative Party.,经济状况已成为保守党的一大难题。
en:analogue:noun:1,analogue,noun,类似物,n 类似物,/'ænəlɔ:g/,/'ænəlɒg/,Scientists are attempting to compare features of extinct animals with living analogues.,科学家正试图把已灭绝动物的特征与现存类似动物相比较。
en:similarity:noun:1,similarity,noun,类似，相似；类似点,n 类似，相似；类似点,"/,sɪmə'lærəti/",/sɪmə'lærətɪ/,She bears a striking similarity to her mother.,她跟她母亲十分相像。
en:flank:noun:1,flank,noun,肋，肋腹；侧面,n 肋，肋腹；侧面,/flæŋk/,/flæŋk/,He put his hand on the dog's flank.,他把手放在狗的胁腹上。
en:comprehend:verb:1,comprehend,verb,了解，理解，领会,v 了解，理解，领会,"/,kɑmprɪ'hɛnd/",/kɒmprɪ'hend/,She cannot comprehend the extent of the disaster.,她无法理解这场灾难的严重程度。
en:optimism:noun:2,optimism,noun,乐观，乐观主义,n 乐观，乐观主义,/'ɑptɪmɪzəm/,/'ɒptɪmɪz(ə)m/,There are grounds for cautious optimism.,有理由保持谨慎乐观。
en:sophisticated:adjective:2,sophisticated,adjective,老于世故的；高级的,adj 老于世故的；高级的,/sə'fɪstɪketɪd/,/sə'fɪstɪkeɪtɪd/,Mark is a smart and sophisticated young man.,马克是一个聪明老成的年轻人。
en:straightforward:adjective:2,straightforward,adjective,老实的，坦率的,adj 老实的，坦率的,"/,stret'fɔrwɚd/",/streɪt'fɔːwəd/,"Jack is tough, but always straightforward and fair.",虽然杰克很严厉，但一向坦诚公正。
en:wasteful:adjective:1,wasteful,adjective,浪费的,adj 浪费的,/'westfl/,/'weɪstfʊl; -f(ə)l/,a wasteful use of resources,滥用资源
en:idleness:noun:1,idleness,noun,懒惰；赋闲无事,n 懒惰；赋闲无事,/'aɪdlnɪs/,/'aɪdlnəs/,"After a period of enforced idleness, she found a new job.",她在被迫闲散了一段时间之后，找到了份新工作。
en:shabby:adjective:1,shabby,adjective,破旧的；褴褛的,adj 破旧的；褴褛的,/ˈʃæbi/,/'ʃæbɪ/,Hugh’s jacket was old and shabby.,休的夹克衫又旧又破。
en:dust:noun:1,dust,noun,灰尘,n 灰尘,/dʌst/,/dʌst/,All the furniture was covered in dust.,所有的家具都蒙上了灰尘。
en:flight:noun:1,flight,noun,溃退，逃跑,n 溃退，逃跑,/flaɪt/,/flaɪt/,Donald Wood’s hasty flight from South Africa early in 1978,1978年初唐纳德•伍德匆忙逃离南非
en:rapture:noun:1,rapture,noun,狂喜，欢天喜地,n 狂喜，欢天喜地,/'ræptʃɚ/,/'ræptʃə/,The boys gazed up at him in rapture.,男孩们欣喜若狂地抬头注视着他。
en:fury:noun:1,fury,noun,狂怒，暴怒；猛烈,n 狂怒，暴怒；猛烈,/'fjʊri/,/'fjʊərɪ/,I was shaking with fury .,我气得发抖。
en:violent:adjective:2,violent,adjective,狂暴的,adj 狂暴的,/'vaɪələnt/,/'vaɪəl(ə)nt/,My father was a violent and dangerous man.,我父亲脾气暴躁，是个危险人物。
en:furious:adjective:2,furious,adjective,狂暴的；强烈的,adj 狂暴的；强烈的,/'fjʊrɪəs/,/'fjʊərɪəs/,She was absolutely furious.,她怒不可遏。
en:satisfaction:noun:1,satisfaction,noun,满足，愉快,n 满足，愉快,"/,sætɪs'fækʃən/",/sætɪs'fækʃ(ə)n/,She got great satisfaction from helping people to learn.,她在帮助人们学习的过程中得到很大的满足。
en:snack:noun:1,snack,noun,快餐，小吃,n 快餐，小吃,/snæk/,/snæk/,I grabbed a quick snack.,我赶紧吃了点零食。
en:rapidity:noun:1,rapidity,noun,快，迅速；陡，险峻,n 快，迅速；陡，险峻,/rə'pɪdəti/,/rə'pɪdɪtɪ/,the rapidity of economic growth,经济增长的高速度
en:parade:verb:1,parade,verb,夸耀（才能等）,v 夸耀（才能等）,/pə'red/,/pə'reɪd/,He is not one to parade his achievements.,他不是一个爱炫耀自己成就的人。
en:pants:noun:1,pants,noun,裤子；男用短衬裤,n 裤子；男用短衬裤,/pænts/,/pæn(t)s/,She was wearing dark blue pants and a white sweater.,她穿着深蓝色长裤和白色毛衣。
en:bitterness:noun:1,bitterness,noun,苦味，辛酸，苦难,n 苦味，辛酸，苦难,/'bɪtɚnɪs/,/bɪtənəs/,The flowers of the hop plant add bitterness to the beer.,忽布花可增加啤酒的苦味。
en:wither:verb:1,wither,verb,枯萎；使衰弱,v 枯萎；使衰弱,/'wɪðɚ/,/'wɪðə/,The flowers in Isabel's room had withered.,伊莎贝尔房间里的花朵已经枯萎了。
en:clasp:verb:1,clasp,verb,扣住，扣紧，钩住,v 扣住，扣紧，钩住,/klæsp/,/klɑːsp/,She clasped the bracelet around her wrist.,她把手镯戴上手腕扣牢。
en:fastener:noun:1,fastener,noun,扣件，钮扣，揿钮,n 扣件，钮扣，揿钮,/'fæsnɚ/,/'fɑːsənə/,shoes with velcro fasteners,带维可牢搭链的鞋
en:stammer:verb:1,stammer,verb,口吃地说,v 口吃地说；n 口吃,/'stæmɚ/,/'stæmə/,"Whenever he was angry, he would begin to stammer slightly.",他一生气说话就开始有点结巴。
en:panic:noun:1,panic,noun,恐慌，惊慌,n 恐慌，惊慌,/'pænɪk/,/'pænɪk/,a feeling of sheer panic,惊恐万分的感觉
en:terrorist:noun:1,terrorist,noun,恐怖分子,n 恐怖分子,/'tɛrərɪst/,/'terərɪst/,We refuse to talk to terrorists.,我们拒绝和恐怖分子对话。
en:peacock:noun:1,peacock,noun,孔雀,n 孔雀,/'pikɑk/,/'piːkɒk/,...peacocks strutting slowly across the garden.,...孔雀在花园中趾高气扬地走来走去。
en:fantastic:adjective:1,fantastic,adjective,空想的；奇异的,adj 空想的；奇异的,/fæn'tæstɪk/,/fæn'tæstɪk/,a fantastic scheme,异想天开的计划
en:pneumatic:adjective:1,pneumatic,adjective,空气的；气动的,adj 空气的；气动的,/numætɪk/,/njuː'mætɪk/,pneumatic tyres,充气轮胎
en:aerial:adjective:1,aerial,adjective,空气的；航空的,adj 空气的；航空的,/'ɛrɪəl/,/'eərɪəl/,The banyan tree has aerial roots.,榕树有气根。
en:spatial:adjective:1,spatial,adjective,空间的，占据空间的,adj 空间的，占据空间的,/'speʃl/,/'speɪʃ(ə)l/,...the spatial distribution of black employment and population in South Africa.,…南非黑人就业和人口的空间分布。
en:void:adjective:1,void,adjective,无效的；空的,adj 无效的；空的,/vɔɪd/,/vɒɪd/,The agreement was declared void.,该协议已宣布无效。
en:gnaw:verb:1,gnaw,verb,啃，咬断，啮,v 啃，咬断，啮,/nɔ/,/nɔː/,Dexter gnawed his pen thoughtfully.,德克斯特若有所思地咬着钢笔。
en:longing:noun:1,longing,noun,渴望,n 渴望；adj 显示渴望的,/'lɔŋɪŋ/,/'lɒŋɪŋ/,She looked back with longing on the good old days.,她回首往事，怀念着过去的美好时光。
en:suspicious:adjective:2,suspicious,adjective,可疑的；猜疑的,adj 可疑的；猜疑的,/sə'spɪʃəs/,/sə'spɪʃəs/,They found a suspicious package under the seat.,他们在座位下发现了一个可疑包裹。
en:shady:adjective:2,shady,adjective,可疑的，靠不住的,adj 可疑的，靠不住的,/'ʃedi/,/'ʃeɪdɪ/,a shady character,一个鬼鬼祟祟的人
en:questionable:adjective:1,questionable,adjective,可疑的，不可靠的,adj 可疑的，不可靠的,/'kwɛstʃənəbl/,/'kwestʃ(ə)nəb(ə)l/,The statistics are highly questionable.,这个统计数据大有问题。
en:portable:adjective:1,portable,adjective,可移动的,adj 可移动的,/'pɔrtəbl/,/'pɔːtəb(ə)l/,a portable radio,便携式收音机
en:grateful:adjective:2,grateful,adjective,感谢的，感激的,adj 感谢的，感激的,/'ɡretfl/,/'greɪtfʊl; -f(ə)l/,Our grateful thanks go to all who participated.,我们衷心感谢所有参与者。
en:adjustable:adjective:1,adjustable,adjective,可调整的，可校准的,adj 可调整的，可校准的,/ə'dʒʌstəbl/,,an adjustable spanner,一把活动扳手
en:frightful:adjective:1,frightful,adjective,可怕的；讨厌的,adj 可怕的；讨厌的,/'fraɪtfl/,/'fraɪtfʊl; -f(ə)l/,There’s been a frightful accident.,发生了一起可怕的意外。
en:formidable:adjective:2,formidable,adjective,可怕的；难对付的,adj 可怕的；难对付的,/'fɔrmɪdəbl/,/'fɔːmɪdəb(ə)l; fɔː'mɪd-/,"The building is grey, formidable, not at all picturesque.",那幢建筑呈灰色，气势凛然，与漂亮沾不上边。
en:dreadful:adjective:1,dreadful,adjective,可怕的；令人畏惧的,adj 可怕的；令人畏惧的,/'drɛdfəl/,/'dredfʊl; -f(ə)l/,a dreadful accident,可怕的事故
en:monstrous:adjective:1,monstrous,adjective,极大的；可怕的,adj 极大的；可怕的,/'mɑnstrəs/,/'mɒnstrəs/,a monstrous nose,很大的鼻子
en:possibility:noun:1,possibility,noun,可能的事,n 可能的事,"/,pɑsə'bɪləti/","/,pɒsɪ'bɪlɪtɪ/",There were several possibilities open to each manufacturer.,每个制造商都可以有几种不同的选择。
en:likelihood:noun:1,likelihood,noun,可能（性）,n 可能（性）,/'laɪklɪhʊd/,/'laɪklɪhʊd/,Using a seatbelt will reduce the likelihood of serious injury in a car accident.,系安全带可以降低在车祸中受重伤的可能性。
en:respectable:adjective:1,respectable,adjective,可敬的；人格高尚的,adj 可敬的；人格高尚的,/rɪ'spɛktəbl/,/rɪ'spektəb(ə)l/,"hard-working, respectable people",勤勉可敬的人
en:appreciable:adjective:1,appreciable,adjective,可察觉的,adj 可察觉的,/ə'priʃəbl/,/ə'priːʃəb(ə)l; -ʃɪə-/,There’s no appreciable change in the patient’s condition.,病人的状况没有明显改变。
en:shameful:adjective:1,shameful,adjective,可耻的；不道德的,adj 可耻的；不道德的,/'ʃemfl/,/'ʃeɪmfʊl; -f(ə)l/,It’s shameful the way some people treat their pets.,有些人如此对待自己的宠物，真是可耻。
en:comparable:adjective:1,comparable,adjective,可比较的；类似的,adj 可比较的；类似的,/'kɑmpərəbl/,/'kɒmp(ə)rəb(ə)l/,A car of comparable size would cost far more abroad.,同样大小的汽车在国外要贵得多。
en:particular:adjective:1,particular,adjective,特称的；苛求的,adj 特称的；苛求的,/pɚ'tɪkjəlɚ/,/pəˈtɪkjʊlə(r)/,Most students choose one particular area for research.,大多数学生选择一个特定领域进行研究。
en:whereby:adverb:1,whereby,adverb,靠什么；靠那个,adv 靠什么；靠那个,/wɛr'bai/,/weə'baɪ/,a proposal whereby EU citizens would be allowed to reside anywhere in the EU,允许欧盟公民在欧盟任何地方居住的一项提议
en:ponder:verb:2,ponder,verb,考虑，沉思,v 考虑，沉思,/'pɑndɚ/,/'pɒndə/,He continued to ponder the problem as he walked home.,他一边往家走一边继续思考那个问题。
en:exploration:noun:1,exploration,noun,考察；勘探；探查,n 考察；勘探；探查,"/,ɛksplə'reʃən/",/eksplə'reɪʃ(ə)n/,oil exploration facilities in the North Sea,北海的石油勘探设施
en:generosity:noun:1,generosity,noun,慷慨，宽宏大量,n 慷慨，宽宏大量,"/,dʒɛnə'rɑsəti/",/dʒenə'rɒsətɪ/,an act of great generosity,十分慷慨的行为
en:discern:verb:2,discern,verb,弄清楚，辨别；看出，辨出,v 弄清楚，辨别；看出，辨出,/dɪ'sɝn/,/dɪ'sɜːn/,You need a long series of data to be able to discern such a trend.,你需要一大串数据才能认清这一趋势。
en:fell:verb:1,fell,verb,砍倒（树等）；砍伐,v 砍倒（树等）；砍伐,/fɛl/,/fel/,More than 100 trees were felled in just over an hour.,短短一个多小时100多棵树就被砍倒了。
en:carry:verb:1,carry,verb,刊登,v 刊登,/'kæri/,/'kærɪ/,The morning paper carried a story about demonstrations in New York and Washington D.C.,晨报登载了纽约和华盛顿特区举行示威游行的报道。
en:inaugurate:verb:1,inaugurate,verb,使就职；开始,v 使就职；开始,/ɪ'nɔɡjəret/,/ɪ'nɔːgjʊreɪt/,He will be inaugurated (as) President in January.,他将于一月份就任总统。
en:initiate:verb:1,initiate,verb,开始，创始；启蒙,v 开始，创始；启蒙,/ɪ'nɪʃɪet/,/ɪ'nɪʃɪeɪt/,They have decided to initiate legal proceedings against the newspaper.,他们决定向该报提起法律诉讼。
en:commence:verb:1,commence,verb,开始；获得学位,v 开始；获得学位,/kə'mɛns/,/kə'mens/,Work will commence on the new building immediately.,新大楼即将破土动工。
en:reclaim:verb:1,reclaim,verb,开垦，开拓；回收,v 开垦，开拓；回收,/rɪ'klem/,/rɪ'kleɪm/,This land will be reclaimed for a new airport.,这块土地将被开发用来建新机场。
en:evolution:noun:2,evolution,noun,进化,n 进化,/ˌɛvəˈluʃən; (occas.) ˌ ivəˈluʃən/,"/,iːvə'luːʃ(ə)n; 'ev-/",the theory of evolution,进化论
en:start:verb:1,start,verb,开动，着手；开设,v 开动，着手；开设,/stɑrt/,/stɑːt/,There’s so much to do. I don’t know where to start.,有那么多的事情要做，我都不知道从哪里开始。
en:unlock:verb:1,unlock,verb,开…的锁；开启,v 开…的锁；开启,/'ʌn'lɑk/,/ʌn'lɒk/,to unlock the door,打开门锁
en:sheriff:noun:1,sheriff,noun,郡长,n 郡长,/'ʃɛrɪf/,/'ʃerɪf/,...the Sheriff of Oxford.,牛津的郡长
en:monarch:noun:1,monarch,noun,君主，最高统治者,n 君主，最高统治者,/'mɑnɚk/,/'mɒnək/,Britain's head of state is a constitutional monarch.,英国的国家元首是君主立宪的国王或女王。
en:sovereign:noun:1,sovereign,noun,君主,n 君主；adj 统治的,/sɑvrɪn/,/'sɒvrɪn/,"In March 1889, she became the first British sovereign to set foot on Spanish soil.",1889年3月，她成为首位踏上西班牙国土的英国君主。
en:bugle:noun:1,bugle,noun,军号，喇叭,n 军号，喇叭,/'bjuɡl/,/'bjuːg(ə)l/,The bugle sounded as the troops advanced.,军号吹响前进的号令。
en:extinct:adjective:1,extinct,adjective,绝种的,adj 绝种的,/ɪk'stɪŋkt/,/ɪk'stɪŋkt; ek-/,Dinosaurs have been extinct for millions of years.,恐龙已灭绝数千万年了。
en:decisive:adjective:2,decisive,adjective,决定性的；果断的,adj 决定性的；果断的,/dɪ'saɪsɪv/,/dɪ'saɪsɪv/,a decisive factor/victory/battle,决定性的因素 / 胜利 / 战役
en:govern:verb:2,govern,verb,决定，支配；控制,v 决定，支配；控制,/'ɡʌvɚn/,/'gʌv(ə)n/,Prices are governed by market demand.,价格的高低取决于市场的需求。
en:winding:noun:1,winding,noun,蜿蜒曲折的路径,n 蜿蜒曲折的路径；adj 蜿蜒曲折的,/'waɪndɪŋ/,/'waɪndɪŋ/,a long and winding road,漫长而曲折的道路
en:curly:adjective:1,curly,adjective,卷曲的；有卷毛的,adj 卷曲的；有卷毛的,/'kɝli/,/'kɜːlɪ/,long dark curly hair,又长又黑的鬈发
en:reel:verb:1,reel,verb,卷，绕,v 卷，绕,/ril/,/riːl/,I slowly reeled the fish in.,我慢慢地收卷鱼线，将鱼拉过来。
en:mob:verb:1,mob,verb,团团围住（名人等）,v 团团围住（名人等）,/mɑb/,/mɒb/,Fans ran onto the pitch and mobbed the batsman.,球迷冲上球场围住了那位击球手。
en:polymer:noun:1,polymer,noun,聚合物，多聚物,n 聚合物，多聚物,/'pɑlɪmɚ/,/'pɒlɪmə/,"Many polymers, such as nylon, are artificial.",许多聚合物是人造的，比如说尼龙。
en:hurricane:noun:1,hurricane,noun,飓风，十二级风,n 飓风，十二级风,/hʌrɪˌken/,/'hʌrɪk(ə)n; -keɪn/,Hurricane Betty is now approaching the coast of Florida.,飓风贝蒂正在逼近佛罗里达海岸。
en:sting:noun:1,sting,noun,剧痛；刺痛,n 剧痛；刺痛；v 刺,/stɪŋ/,/stɪŋ/,She felt the sting of tears in her eyes.,她感觉泪水刺痛了眼睛。
en:repel:verb:1,repel,verb,使厌恶；拒绝,v 使厌恶；拒绝,/rɪ'pɛl/,/rɪ'pel/,The smell repelled him.,这气味让他反感。
en:gigantic:adjective:1,gigantic,adjective,巨大的；巨人似的,adj 巨大的；巨人似的,/dʒaɪ'ɡæntɪk/,/dʒaɪ'gæntɪk/,a gigantic skyscraper,摩天大楼
en:uphold:verb:1,uphold,verb,维护,v 维护,/ʌpˈhoʊld/,/ʌp'həʊld/,We have a duty to uphold the law.,维护法律是我们的责任。
en:exemplify:verb:1,exemplify,verb,举例证明（解释）,v 举例证明（解释）,/ɪɡ'zɛmplɪfaɪ/,/ɪg'zemplɪfaɪ; eg-/,Problems are exemplified in the report.,问题都在报告中作了举例说明。
en:rectangle:noun:1,rectangle,noun,矩形，长方形,n 矩形，长方形,/'rɛktæŋɡl/,/'rektæŋg(ə)l/,Suppose the width of a rectangle is x metres.,设长方形的宽是 x 米。
en:administration:noun:2,administration,noun,局（或署、处等）,n 局（或署、处等）,"/əd,mɪnɪ'streʃən/",/ədmɪnɪ'streɪʃ(ə)n/,administration of,◎(法律、惩罚等的)施行，执行，实行，实施；(药的)服用；用法；给与；(庄严的誓言或诺言的)提出，宣誓
en:reside:verb:1,reside,verb,居住，驻扎；属于,v 居住，驻扎；属于,/rɪ'zaɪd/,/rɪ'zaɪd/,"He spent most of his time in Rutherglen, where his family resided.",他大部分时间都在拉瑟格伦度过，他的家人就在那里居住。
en:dwell:verb:1,dwell,verb,居住；凝思，细想,v 居住；凝思，细想,/dwɛl/,/dwel/,They dwelt in the forest.,他们住在森林里。
en:induction:noun:1,induction,noun,就职；归纳推理,n 就职；归纳推理,/ɪn'dʌkʃən/,/ɪn'dʌkʃ(ə)n/,Mrs Simpson is responsible for the induction of new library staff.,辛普森太太负责图书馆新职员的入职培训。
en:christ:noun:1,Christ,noun,救世主（耶稣基督）,n 救世主（耶稣基督）,,/kraɪst/,a follower of Christ,耶稣的门徒
en:symposium:noun:1,symposium,noun,座谈会,n 座谈会,/sɪm'pozɪəm/,/sɪm'pəʊzɪəm/,a symposium on women’s health,女性健康研讨会
en:whoever:pronoun:1,whoever,pronoun,究竟是谁,pron 究竟是谁,/hʊ'ɛvɚ/,/huːˈɛvə/,Whoever would do a thing like that to an old woman?,究竟是谁会对一位老太太做出那样的事？
en:rectify:verb:1,rectify,verb,纠正；调整,v 纠正；调整,/'rɛktɪfaɪ/,/'rektɪfaɪ/,"I did my best to rectify the situation, but the damage was already done.",我竭尽全力去挽回局面，但损害已经造成了。
en:vein:noun:1,vein,noun,静脉，血管；矿脉,n 静脉，血管；矿脉,/ven/,/veɪn/,the pulmonary vein,肺静脉
en:competitor:noun:1,competitor,noun,竞争者，敌手,n 竞争者，敌手,/kəm'pɛtɪtɚ/,/kəm'petɪtə/,Last year they sold twice as many computers as their competitors.,去年他们的计算机销量是竞争对手的两倍。
en:competitive:adjective:1,competitive,adjective,竞争的，比赛的,adj 竞争的，比赛的,/kəm'pɛtətɪv/,/kəm'petɪtɪv/,Competitive sports encourage children to work together as a team.,竞技体育鼓励孩子们进行团队协作。
en:contend:verb:1,contend,verb,竞争；坚决主张,v 竞争；坚决主张,/kən'tɛnd/,/kən'tend/,"Inevitably, fights break out between the members of contending groups.",争权夺利的几个团体之间不可避免地发生了打斗。
en:alert:adjective:2,alert,adjective,警惕的,adj 警惕的,/ə'lɝt/,/ə'lɜːt/,"The animal raised its head, suddenly alert.",那只动物突然警觉地抬起头来。
en:warning:noun:1,warning,noun,警告，告诫，鉴诫,n 警告，告诫，鉴诫,/'wɔrnɪŋ/,/'wɔːnɪŋ/,a warning that grey squirrels are threatening the existence of red squirrels,关于灰松鼠正威胁到红松鼠生存的警告
en:whale:noun:1,whale,noun,鲸,n 鲸,/wel/,/weɪl/,a whale of a,[美国口语]了不起的，非常大的，极大的；极好的，精彩的
en:selection:noun:1,selection,noun,选择；精选的东西,n 选择；精选的东西,/sɪ'lɛkʃən/,/sɪ'lekʃ(ə)n/,The judges have made their final selection.,评委已经作出最后的评选。
en:thorough:adjective:1,thorough,adjective,精心的；详尽的,adj 精心的；详尽的,/ˈθʌrəʊ; θʌro/,/'θʌrə/,The doctor gave him a thorough check-up.,医生给他做了一次全面的体检。
en:finely:adverb:1,finely,adverb,精细地；美好地,adv 精细地；美好地,/'faɪnli/,/'faɪnlɪ/,Saunders’ finely crafted drawings,桑德斯精心绘制的画作
en:literary:adjective:1,literary,adjective,文学的,adj 文学的,/lɪtərɛri/,/'lɪt(ə)(rə)rɪ/,a literary prize,文学奖
en:refinery:noun:1,refinery,noun,精炼厂，提炼厂,n 精炼厂，提炼厂,/rɪ'faɪnəri/,/rɪ'faɪn(ə)rɪ/,...an oil refinery.,…一家炼油厂。
en:vigorous:adjective:2,vigorous,adjective,精力旺盛的，茁壮的,adj 精力旺盛的，茁壮的,/'vɪɡərəs/,/'vɪg(ə)rəs/,a vigorous young man,精力充沛的年轻男子
en:fright:noun:1,fright,noun,惊吓，恐怖,n 惊吓，恐怖,/fraɪt/,/fraɪt/,You gave me such a fright creeping up on me like that!,你这样不声不响地过来，吓了我一跳！
en:astonishment:noun:1,astonishment,noun,惊奇，惊讶,n 惊奇，惊讶,/ə'stɑnɪʃmənt/,/ə'stɒnɪʃmənt/,She stared at him in astonishment.,她吃惊地看着他。
en:dismay:noun:1,dismay,noun,惊慌，沮丧，灰心,n 惊慌，沮丧，灰心,/dɪs'me/,/dɪs'meɪ/,The thought of leaving filled him with dismay .,想到要离开，他心里充满了忧伤。
en:empirical:adjective:1,empirical,adjective,经验主义的,adj 经验主义的,/ɪm'pɪrɪkl/,/em'pɪrɪk(ə)l; ɪm-/,empirical evidence,实验证据
en:longitude:noun:1,longitude,noun,经线，经度,n 经线，经度,/'lɑndʒətud/,/'lɒn(d)ʒɪtjuːd; 'lɒŋgɪ-/,The town lies at longitude 12˚ east.,这个镇位于东经12度。
en:support:verb:1,support,verb,经受，承受,v 经受，承受,/sə'pɔrt/,/sə'pɔːt/,The middle part of the bridge is supported by two huge towers.,桥的中部由两个巨型桥塔支撑。
en:economics:noun:1,economics,noun,经济学；经济,n 经济学；经济,/'ikə'nɑmɪks; 'ɛkə'nɑmɪks/,/iːkə'nɒmɪks; ek-/,a Harvard professor of economics,哈佛大学的经济学教授
en:prohibition:noun:1,prohibition,noun,禁止；禁令，禁律,n 禁止；禁令，禁律,"/,proə'bɪʃən/","/,prəʊhɪ'bɪʃ(ə)n; prəʊɪ-/",the prohibition of the sale of firearms,枪支的禁售
en:shortcut:noun:1,shortcut,noun,近路；捷径,n 近路；捷径,"/'ʃɔrt,kʌt/",/'ʃɔːtkʌt/,I tried to take a shortcut and got lost.,我试着走近路，结果迷路了。
en:inlet:noun:1,inlet,noun,水湾；进口,n 水湾；进口,/ɪnˌlɛt/,/'ɪnlet/,There are several sheltered inlets along the coast.,沿着海岸线有几处有天然屏障的水湾。
en:perfection:noun:1,perfection,noun,尽善尽美；无比精确,n 尽善尽美；无比精确,/pɚ'fɛkʃən/,/pə'fekʃ(ə)n/,My father expected perfection from all of us.,父亲期望我们都尽善尽美。
en:notwithstanding:preposition:1,notwithstanding,preposition,尽管，虽然,prep 尽管，虽然,"/,nɑtwɪθ'stændɪŋ/",/nɒtwɪð'stændɪŋ; -wɪθ-/,"Notwithstanding differences, there are clear similarities in all of the world’s religions.",世界上的宗教尽管各不相同，但都有明显的相似之处。
en:prudent:adjective:1,prudent,adjective,谨慎的；精明的,adj 谨慎的；精明的,/'prʊdnt/,/'pruːd(ə)nt/,prudent house buyers,谨慎的购房者
en:compact:adjective:2,compact,adjective,紧密的,adj 紧密的；v 使紧凑,/'kɑmpækt/,/kəm'pækt/,The bushes grew in a compact mass.,灌木长成茂密的一片。
en:tightly:adverb:1,tightly,adverb,紧地，牢固地,adv 紧地，牢固地,/'taɪtli/,/'taɪtlɪ/,Her eyes were tightly closed.,她的双眼紧闭着。
en:barely:adverb:2,barely,adverb,勉强；仅仅,adv 勉强；仅仅,/'bɛrli/,/'beəlɪ/,She was very old and barely able to walk.,她年纪非常大，只能勉强走几步路。
en:metallic:adjective:1,metallic,adjective,金属的,adj 金属的,/mə'tælɪk/,/mɪ'tælɪk/,metallic particles,金属微粒
en:tuna:noun:1,tuna,noun,金枪鱼,n 金枪鱼,/'tunə/,/'tjuːnə/,...a shoal of tuna.,…一群金枪鱼。
en:henceforth:adverb:1,henceforth,adverb,今后，从今以后,adv 今后，从今以后,"/,hɛns'fɔrθ/",/hens'fɔːθ; 'hensfɔːθ/,multiple sclerosis (henceforth referred to as MS),多发性硬化（以下称为MS）
en:mustard:noun:1,mustard,noun,芥子，芥末,n 芥子，芥末,/'mʌstɚd/,/'mʌstəd/,a jar of mustard,一罐芥末酱
en:presentation:noun:2,presentation,noun,介绍；呈现,n 介绍；呈现,"/,prizɛn'teʃən/",/prez(ə)n'teɪʃ(ə)n/,I’m going to ask each of you to make a short presentation.,我要请你们每一位作一个简短的介绍。
en:interpret:verb:2,interpret,verb,口译；解释,v 口译；解释,/ɪn'tɝprɪt/,/ɪn'tɜːprɪt/,"They spoke good Spanish, and promised to interpret for me.",他们西班牙语说得很好，答应替我翻译。
en:version:noun:1,version,noun,解释,n 解释,/'vɝʒn/,/'vɜːʃ(ə)n/,Is the coffee break the adult version of recess?,工间喝咖啡是成人的休息方式吗？
en:untie:verb:1,untie,verb,解开，松开；解放,v 解开，松开；解放,/ʌn'taɪ/,/ʌn'taɪ/,Peter untied his shoelaces.,彼得解开鞋带。
en:tackle:verb:2,tackle,verb,解决，对付,v 解决，对付；n 用具,/'tækl/,/'tæk(ə)l/,There is more than one way to tackle the problem.,解决这个问题不止一个办法。
en:dissolve:verb:1,dissolve,verb,解除（婚约等）,v 解除（婚约等）,/dɪ'zɑlv/,/dɪ'zɒlv/,The monarch had the power to dissolve parliament.,君主有权解散议会。
en:tuberculosis:noun:1,tuberculosis,noun,结核病，肺结核,n 结核病，肺结核,/tʊ'bɝkjə'losɪs/,"/tjʊ,bɜːkjʊ'ləʊsɪs/",She was infected with tuberculosis.,她被传染上了肺结核。
en:incorporate:verb:2,incorporate,verb,结合，合并，收编,v 结合，合并，收编,,/ɪn'kɔːpəreɪt/,We’ve incorporated many environmentally friendly features into the design of the building.,我们在这座建筑的设计中加进了许多环保元素。
en:construction:noun:2,construction,noun,建筑结构,n 建筑结构,/kən'strʌkʃən/,/kən'strʌkʃ(ə)n/,The houses were partly timber in construction.,这些房子有些部分是木结构的。
en:economically:adverb:1,economically,adverb,在经济上；节约地,adv 在经济上；节约地,"/,ikə'nɑmɪkli/",/iːkə'nɒmɪklɪ/,"In economically advanced countries, women marry later.",在经济发达国家，女性结婚比较晚。
en:abbreviation:noun:1,abbreviation,noun,节略，缩写，缩短,n 节略，缩写，缩短,/əˌbrivɪ'eʃən/,/əbriːvɪ'eɪʃ(ə)n/,‘Dr’ is the written abbreviation of ‘Doctor’.,Dr是Doctor的书面缩写形式。
en:thrifty:adjective:1,thrifty,adjective,节俭的,adj 节俭的,/'θrɪfti/,/'θrɪftɪ/,"hard-working, thrifty people",勤劳节俭的人们
en:interview:verb:1,interview,verb,接见，会见，会谈,v 接见，会见，会谈,/'ɪntɚvju/,/'ɪntəvjuː/,a police interview,警方问讯
en:receiver:noun:1,receiver,noun,接待者；收受者,n 接待者；收受者,/rɪ'sivɚ/,/rɪ'siːvə/,Molly's more of a giver than a receiver.,莫莉更乐于给予而不是接受。
en:yeast:noun:1,yeast,noun,酵母,n 酵母,/jist/,/jiːst/,dried/fresh yeast,干／新鲜酵母
en:doctrine:noun:1,doctrine,noun,教义，主义；学说,n 教义，主义；学说,/'dɑktrɪn/,/'dɒktrɪn/,traditional doctrines of divine power,神力的传统教义
en:tutor:verb:2,tutor,verb,教，指导,v 教，指导,/'tʊtɚ/,/'tjuːtə/,He was privately tutored.,他是由家庭教师教的。
en:disillusion:verb:1,disillusion,verb,觉醒，使觉醒,v 觉醒，使觉醒,"/,dɪsɪ'luʒn/","/,dɪsɪ'l(j)uːʒ(ə)n/","I hate to disillusion you, but I don’t think she’s coming back.",我真不愿意让你失望，但我想她是不会回来了。
en:horn:noun:1,horn,noun,角状物；喇叭形物,n 角状物；喇叭形物,/hɔrn/,/hɔːn/,a wind-up gramophone with a big horn,带有一个大喇叭形扬声器的发条式留声机
en:reef:noun:1,reef,noun,礁，礁石，暗礁,n 礁，礁石，暗礁,/rif/,/riːf/,a proposal to protect several miles of thousand-year-old coral reef,保护绵延数英里的千年古珊瑚礁的提案
en:coke:noun:1,coke,noun,焦炭,n 焦炭,/kok/,/kəʊk/,...a coke-burning stove.,…一个烧焦炭的炉子。
en:symphony:noun:1,symphony,noun,交响乐；交响乐团,n 交响乐；交响乐团,/'sɪmfəni/,/'sɪmf(ə)nɪ/,Bruckner’s Fifth Symphony,布鲁克纳的《第五交响曲》
en:intercourse:noun:1,intercourse,noun,交际，往来，交流,n 交际，往来，交流,/'ɪntɚkɔrs/,/'ɪntəkɔːs/,social intercourse,社交
en:soy:noun:1,soy,noun,大豆，黄豆；酱油,n 大豆，黄豆；酱油,/sɔɪ/,/sɒɪ/,"""I just added a little soy sauce,"" he informs us.",“我就加了一点儿酱油，”他告诉我们。
en:parachute:noun:1,parachute,noun,降落伞,n 降落伞,/'pærə'ʃʊt/,/'pærəʃuːt/,a parachute jump,跳伞
en:degradation:noun:1,degradation,noun,降级；退化；衰变,n 降级；退化；衰变,"/,dɛɡrə'deʃən/","/,degrə'deɪʃ(ə)n/","...air pollution, traffic congestion, and the steady degradation of our quality of life.",…空气污染、交通阻塞以及我们生活质量的持续恶化。
en:oar:noun:1,oar,noun,桨,n 桨,/ɔr/,/ɔː/,He pulled as hard as he could on the oars.,他拼命地划桨。
en:discourse:noun:1,discourse,noun,讲话，演说，讲道,n 讲话，演说，讲道,/'dɪskɔrs/,/'dɪskɔːs; -'kɔːs/,a discourse on art,有关艺术的演讲
en:ginger:noun:1,ginger,noun,姜，生姜,n 姜，生姜,/'dʒɪndʒɚ/,/'dʒɪndʒə/,a teaspoon of ground ginger,一茶匙姜粉
en:splash:verb:1,splash,verb,溅泼；泼水,v 溅泼；泼水；n 溅泼声,/splæʃ/,/splæʃ/,Water splashed onto the floor.,水哗的一声泼洒在地板上。
en:architect:noun:1,architect,noun,建筑师；创造者,n 建筑师；创造者,/'ɑrkɪtɛkt/,/'ɑːkɪtekt/,They commissioned an architect to design the new library.,他们委托一位建筑师设计这座新图书馆。
en:theory:noun:1,theory,noun,（未证明的）见解，看法，推测,n （未证明的）见解，看法，推测,/'θiəri/,/'θɪərɪ/,I have this theory that most people prefer being at work to being at home.,依我看，多数人喜欢工作而不愿待在家里。
en:clip:verb:1,clip,verb,剪；剪辑报刊,v 剪；剪辑报刊,/klɪp/,/klɪp/,The hedges had just been clipped.,树篱刚修剪过。
en:diminish:verb:2,diminish,verb,减少，减小,v 减少，减小,/dɪ'mɪnɪʃ/,/dɪ'mɪnɪʃ/,The party’s share of the electorate has diminished steadily.,支持这个政党的选民比例持续下降。
en:lessen:verb:2,lessen,verb,减少，变少,v 减少，变少,/'lɛsn/,/'les(ə)n/,Gradually her anxiety lessened.,她的焦虑慢慢减轻了。
en:inspector:noun:1,inspector,noun,检查员；巡官,n 检查员；巡官,/ɪn'spɛktɚ/,/ɪn'spektə/,ticket inspectors,查票员
en:reserve:noun:1,reserve,noun,缄默，自我克制,n 缄默，自我克制,/rɪ'zɝv/,/rɪ'zɜːv/,She overcame her own natural reserve.,她克服了沉默寡言的天性。
en:challenge:noun:1,challenge,noun,艰巨任务,n 艰巨任务,/'tʃælɪndʒ/,/'tʃælɪn(d)ʒ/,The role will be the biggest challenge of his acting career.,扮演这个角色将是他演艺生涯中最大的挑战。
en:enterprise:noun:1,enterprise,noun,艰巨的事业；事业心,n 艰巨的事业；事业心,/'ɛntɚ'praɪz/,/'entəpraɪz/,The programme is a joint enterprise with the London Business School.,这一计划是与伦敦商学院的合作项目。
en:resolute:adjective:2,resolute,adjective,坚决的，果敢的,adj 坚决的，果敢的,/'rɛzəlut/,/'rezəluːt/,resolute opposition,坚决的反对
en:firmness:noun:1,firmness,noun,坚固，坚定，稳固,n 坚固，坚定，稳固,/'fɝmnɪs/,/'fɜ:mnɪs/,,
en:sturdy:adjective:1,sturdy,adjective,牢固的；坚定的,adj 牢固的；坚定的,/'stɝdi/,/'stɜːdɪ/,That chair doesn’t look very sturdy.,那把椅子看上去不太结实。
en:steady:adjective:2,steady,adjective,稳定的，扎实的,adj 稳定的，扎实的,/'stɛdi/,/'stedɪ/,It takes a steady hand to perform surgery.,做手术手要稳。
en:stability:noun:1,stability,noun,稳定,n 稳定,/stə'bɪləti/,/stə'bɪlɪtɪ/,a period of relative stability,相对稳定的一段时期
en:insistent:adjective:1,insistent,adjective,坚持的,adj 坚持的,/ɪn'sɪstənt/,/ɪn'sɪst(ə)nt/,She was insistent that they should all meet for dinner.,她坚持要大家聚在一起吃晚餐。
en:persistence:noun:1,persistence,noun,坚持；持续，存留,n 坚持；持续，存留,/pɚ'sɪstəns/,/pə'sɪst(ə)ns/,Her persistence paid off when she was offered the job of manager.,她得到了经理的职位，不懈坚持终于有了回报。
en:persevere:verb:1,persevere,verb,坚持，不屈不挠,v 坚持，不屈不挠,"/,pɝsə'vɪr/",/pɜːsɪ'vɪə/,"It can be tricky at first, but persevere.",一开始会有些棘手，不过要坚持。
en:shrill:adjective:1,shrill,adjective,尖声的,adj 尖声的；v 尖声地叫,/ʃrɪl/,/ʃrɪl/,"‘That’s not true,’ she protested in a shrill voice.",“不是这样的。”她尖声抗议道。
en:bridge:verb:2,bridge,verb,架桥于，用桥连接,v 架桥于，用桥连接,/brɪdʒ/,/brɪdʒ/,a fallen tree bridging the stream,倒下来架在小溪上的树
en:rate:noun:2,rate,noun,价格,n 价格；v 对…评定,/ret/,/reɪt/,$20 an hour is the going rate (= the usual amount paid ) for private tuition.,每小时20美元是私人授课的一般收费。
en:hypothesis:noun:2,hypothesis,noun,假设；前提,n 假设；前提,/haɪ'pɑθəsɪs/,/haɪ'pɒθɪsɪs/,One hypothesis is that the victim fell asleep while driving.,一种假设是受害人开车时睡着了。
en:sham:noun:1,sham,noun,假冒；膺品,n 假冒；膺品；v 假装,/ʃæm/,/ʃæm/,The elections were a complete sham.,这次大选完全是一场骗局。
en:fake:noun:2,fake,noun,假货，膺品,n 假货，膺品；adj 假的,/feɪk/,/feɪk/,The painting was judged a fake.,这幅画被鉴定为赝品。
en:presume:verb:1,presume,verb,假定，假设，揣测,v 假定，假设，揣测,/prɪ'zum/,/prɪ'zjuːm/,I presume you're here on business.,我想你是来这儿出差的吧。
en:beetle:noun:1,beetle,noun,甲虫,n 甲虫,,/'biːt(ə)l/,a black beetle,黑甲虫
en:clamp:verb:1,clamp,verb,夹住，夹紧,v 夹住，夹紧；n 夹子,/klæmp/,/klæmp/,She clamped her hands over her ears.,她用手紧紧地捂住耳朵。
en:sandwich:verb:1,sandwich,verb,夹入，挤进,v 夹入，挤进,/'sænwɪtʃ/,/'sæn(d)wɪdʒ; -wɪtʃ/,"Carefully split the sponge ring, then sandwich the two halves together with whipped cream.",小心地切开海绵蛋糕圈，然后在两半中间夹上生奶油。
en:homely:adjective:1,homely,adjective,家常的,adj 家常的,/'homli/,/'həʊmlɪ/,homely cooking,家常烹调
en:fowl:noun:1,fowl,noun,家禽；禽肉,n 家禽；禽肉,/faʊl/,/faʊl/,Carve the fowl into 8 pieces.,将这只家禽切成8块。
en:poultry:noun:1,poultry,noun,家禽,n 家禽,/'poltri/,/'pəʊltrɪ/,...a poultry farm.,…一个家禽饲养场。
en:heater:noun:1,heater,noun,加热器,n 加热器,/'hitɚ/,/'hiːtə/,Did you turn the heater off?,你关掉加热器了吗？
en:deepen:verb:1,deepen,verb,（使色泽等）加浓,vt （使色泽等）加浓,,,deepening shadows,越来越暗的阴影
en:heighten:verb:1,heighten,verb,加高，提高；增加,v 加高，提高；增加,/'haɪtn/,/'haɪt(ə)n/,There are fears that the march will heighten racial tension.,有人担心这次游行会加深种族间的紧张局势。
en:line:verb:1,line,verb,加衬里于,v 加衬里于,/laɪn/,/laɪn/,Are those curtains lined?,那些窗帘加衬里了吗？
en:stillness:noun:1,stillness,noun,寂静，无声,n 寂静，无声,/'stɪlnəs/,/'stɪlnɪs/,The sound of footsteps on the path broke the stillness.,小路上的脚步声打破了宁静。
en:lodging:noun:1,lodging,noun,寄宿，住宿；住所,n 寄宿，住宿；住所,/'lɑdʒɪŋ/,/'lɒdʒɪŋ/,It’s £90 a week for board and lodging (= meals and a room ).,食宿费每周90英镑。
en:successor:noun:1,successor,noun,继承人，继任者,n 继承人，继任者,/sək'sɛsɚ/,/sək'sesə/,His successor died after only 15 months in office.,他的继任者就任仅15个月就去世了。
en:succession:noun:1,succession,noun,继承（权）,n 继承（权）,/sək'sɛʃən/,/sək'seʃ(ə)n/,"If the prince dies, the succession passes to his son.",王子如果去世，就由他的儿子继承。
en:quarterly:adjective:1,quarterly,adjective,季度的（地）,adj&adv 季度的（地）,/'kwɔrtɚli/,/'kwɔːtəlɪ/,We publish a quarterly journal.,我们出版一份季刊。
en:craft:noun:2,craft,noun,技巧,n 技巧,/kræft/,/krɑːft/,The musician spends years perfecting his craft.,这位音乐家多年来不断提高自己的艺术造诣。
en:souvenir:noun:1,souvenir,noun,纪念品,n 纪念品,"/,suvə'nɪr/","/,suːvə'nɪə/",a souvenir shop,纪念品商店
en:documentary:adjective:1,documentary,adjective,纪录的；文献的,adj 纪录的；文献的,/'dɑkjə'mɛntri/,/dɒkjʊ'ment(ə)rɪ/,documentary films,纪录影片
en:marginal:adjective:1,marginal,adjective,边缘的；记在页边的,adj 边缘的；记在页边的,/'mɑrdʒɪnl/,/'mɑːdʒɪn(ə)l/,marginal groups in society,社会中的非主流群体
en:terminal:noun:1,terminal,noun,计算机终端；线接头,n 计算机终端；线接头,/ˈtɜːrmɪnl/,/'tɜːmɪn(ə)l/,Carl sits at a computer terminal 40 hours a week.,卡尔每周要在电脑前坐40小时。
en:scheme:verb:1,scheme,verb,计划，搞阴谋,v 计划，搞阴谋,/skim/,/skiːm/,Everyone's always scheming and plotting.,每个人时刻都在算计和谋划。
en:geometrical:adjective:1,geometrical,adjective,几何学的,adj 几何学的,/dʒɪə'mɛtrɪkl/,/dʒɪə'metrɪkl/,geometrical progression,几何级数
en:bazaar:noun:1,bazaar,noun,集市，廉价商店,n 集市，廉价商店,/bə'zɑr/,/bə'zɑː/,Kamal was a vendor in Cairo's open-air bazaar.,卡莫尔曾是开罗露天集市的摊贩。
en:gathering:noun:1,gathering,noun,集会，聚会，聚集,n 集会，聚会，聚集,/'ɡæðərɪŋ/,/'gæð(ə)rɪŋ/,a select gathering of 20 or 30 people,二三十名特邀人士的聚会
en:set:noun:1,set,noun,集（合）,n 集（合）,/sɛt/,/set/,"The set (x, y) has two members.","（x, y）这个集里有两个项。"
en:disorder:noun:1,disorder,noun,疾病，小病,n 疾病，小病,,,severe eating disorders such as bulimia and anorexia,像贪食症和厌食症这类严重的进食障碍
en:complaint:noun:2,complaint,noun,疾病，病痛,n 疾病，病痛,/kəm'plent/,/kəm'pleɪnt/,He is having treatment for a chest complaint.,他在接受胸部疾病的治疗。
en:forthcoming:adjective:2,forthcoming,adjective,即将到来的；现成的,adj 即将到来的；现成的,"/,fɔrθ'kʌmɪŋ/",/fɔːθ'kʌmɪŋ/,the forthcoming elections,即将到来的选举
en:polarity:noun:1,polarity,noun,（人、意见或观念的）截然相反，截然对立；极性,n （人、意见或观念的）截然相反，截然对立；极性,/pə'lærəti/,/pə(ʊ)'lærɪtɪ/,...the polarities of good and evil.,..善与恶的截然对立。
en:extreme:noun:1,extreme,noun,极端不同的性质,n 极端不同的性质,/ɪk'strim/,/ɪk'striːm; ek-/,"In fact, the truth lies between the two extremes.",事实上，真理存在于两个极端之间。
en:guitar:noun:1,guitar,noun,吉他，六弦琴,n 吉他，六弦琴,,,"an acoustic/an electric/a classical, etc. guitar",原声吉他、电吉他、古典吉他等
en:timely:adjective:1,timely,adjective,及时的；适时的,adj 及时的；适时的,/'taɪmli/,/'taɪmlɪ/,The fight ended only with the timely arrival of the police.,幸亏警察及时赶到，打斗总算停止。
en:irritate:verb:2,irritate,verb,激怒；引起不愉快,v 激怒；引起不愉快,/'ɪrɪtet/,/'ɪrɪteɪt/,It really irritates me when he doesn’t help around the house.,家里的事情他一点都不帮忙，真让我恼火。
en:drastic:adjective:1,drastic,adjective,激烈的；严厉的,adj 激烈的；严厉的,/'dræstɪk/,/'dræstɪk; 'drɑː-/,drastic cuts in government spending,政府开支的急剧削减
en:severe:adjective:1,severe,adjective,艰难的；简朴的,adj 艰难的；简朴的,/sɪ'vɪr/,/sɪ'vɪə/,The negotiations will be a severe test of his abilities.,这次谈判将是对他能力的严峻考验。
en:christian:adjective:1,Christian,adjective,基督教的,adj 基督教的,/'krɪstʃən/,/'krɪstɪən; -tʃ(ə)n/,the Christian religion,基督教
en:elemental:adjective:1,elemental,adjective,基本的；自然力的,adj 基本的；自然力的,"/,ɛlɪ'mɛntl/","/,elɪ'ment(ə)l/",Love and fear are two of the most elemental human emotions.,爱和恐惧是人类最基本的两种情感。
en:radical:adjective:1,radical,adjective,基本的；激进的,adj 基本的；激进的,,,the need for radical changes in education,对教育进行彻底变革的需要
en:ultimate:adjective:2,ultimate,adjective,首要的；基本的,adj 首要的；基本的,/'ʌltəmət/,/'ʌltɪmət/,Complete disarmament was the ultimate goal of the conference.,全面裁军是这次会议的最终目标。
en:energetic:adjective:1,energetic,adjective,积极的；精力旺盛的,adj 积极的；精力旺盛的,"/,ɛnɚ'dʒɛtɪk/","/,enə'dʒetɪk/",an energetic man,精力旺盛的男子
en:muscular:adjective:1,muscular,adjective,肌肉发达的，强健的,adj 肌肉发达的，强健的,/'mʌskjəlɚ/,/'mʌskjʊlə/,"She was fast and strong, with a slender, muscular body.",她动作敏捷，身体强壮，身材苗条，肌肉结实。
en:witty:adjective:1,witty,adjective,机智的；风趣的,adj 机智的；风趣的,/'wɪti/,/'wɪtɪ/,witty remarks,妙语
en:mechanism:noun:2,mechanism,noun,机械装置；机制,n 机械装置；机制,/'mɛkənɪzəm/,/'mek(ə)nɪz(ə)m/,the brake mechanism,刹车装置
en:tact:noun:1,tact,noun,机敏，圆滑，得体,n 机敏，圆滑，得体,/tækt/,/tækt/,"With great tact, Clive persuaded her to apologize.",克莱夫十分巧妙地说服了她去道歉。
en:ingenious:adjective:1,ingenious,adjective,精巧制成的；机灵的,adj 精巧制成的；机灵的,/ɪn'dʒinɪəs/,/ɪn'dʒiːnɪəs/,an ingenious device,精巧的装置
en:ingenuity:noun:2,ingenuity,noun,机灵；设计新颖,n 机灵；设计新颖,,,Inspecting the nest can be difficult and may require some ingenuity.,仔细检查鸟巢可能有困难，也许需要一些巧妙的心思。
en:framework:noun:1,framework,noun,体制,n 体制,/'fremwɝk/,/'freɪmwɜːk/,We need to establish a legal framework for the protection of the environment.,我们需要建立一个法律体制来保护环境。
en:fence:noun:1,fence,noun,击剑（术），击剑,n 击剑（术），击剑,/fɛns/,/fens/,over the fence,越过场端；不讲道理的 ，不公正的
en:stall:noun:1,stall,noun,货摊，书摊；马厩,n 货摊，书摊；马厩,/stɔl/,/stɔːl/,a market stall,市场摊位
en:fellowship:noun:1,fellowship,noun,伙伴关系；联谊会,n 伙伴关系；联谊会,/'fɛloʃɪp/,/'felə(ʊ)ʃɪp/,Regular outings contribute to a sense of fellowship among co-workers.,经常外出游玩可以增进同事之间的友谊。
en:mars:noun:1,Mars,noun,火星,n 火星,/mɑrz/,/mɑːz/,the enormous volcanoes known to exist on Mars,已知在火星上存在的大量火山
en:ham:noun:1,ham,noun,火腿,n 火腿,/hæm/,/hæm/,a ham sandwich,火腿三明治
en:piston:noun:1,piston,noun,活塞,n 活塞,/'pɪstən/,/'pɪst(ə)n/,The piston moves by steam pressure.,活塞在蒸汽压力下运动。
en:vigour:noun:1,vigour,noun,活力，精力；元气,n 活力，精力；元气,/'viɡə/,/'vɪgə/,He began working with renewed vigour.,他以更加旺盛的精力开始工作。
en:cloudy:adjective:1,cloudy,adjective,混浊的；模糊不清的,adj 混浊的；模糊不清的,/'klaʊdi/,/'klaʊdɪ/,a rather cloudy wine,相当浑浊的葡萄酒
en:mixer:noun:1,mixer,noun,搅拌器,n 搅拌器,/'mɪksɚ/,/'mɪksə/,an electric food mixer,电动食品搅拌器
en:engagement:noun:1,engagement,noun,婚约；约会,n 婚约；约会,/ɪn'ɡedʒmənt/,/ɪn'geɪdʒm(ə)nt; en-/,Their engagement was announced in the paper.,他们订婚的消息在报上公布了。
en:bribe:noun:1,bribe,noun,贿赂,n 贿赂；v 向…行贿,/braɪb/,/braɪb/,The officials said that they had been offered bribes before an important game.,这几名官员说，有人在一场重要比赛之前向他们行贿。
en:corrupt:verb:1,corrupt,verb,使腐化,v 使腐化；adj 腐败的,/kə'rʌpt/,/kə'rʌpt/,"Young prisoners are being corrupted by the older, long-term offenders.",年轻的囚犯正在被年纪较大、刑期长的犯人带坏。
en:response:noun:1,response,noun,回应,n 回应,/rɪ'spɑns/,/rɪ'spɒns/,"Carl made no response, and carried on with his meal.",卡尔没有回答，继续吃饭。
en:badge:noun:2,badge,noun,徽章，像章；标志,n 徽章，像章；标志,/bædʒ/,/bædʒ/,We were each handed a badge with our name on it.,我们每个人都拿到一个徽章，上面有我们的名字。
en:wield:verb:1,wield,verb,挥（剑）；行使,v 挥（剑）；行使,/wild/,/wiːld/,He was attacked by a man wielding a knife.,他遭到一名持刀男子的袭击。
en:locust:noun:1,locust,noun,蝗虫,n 蝗虫,/'lokəst/,/'ləʊkəst/,a swarm of locusts,一大群蝗虫
en:wasp:noun:1,wasp,noun,黄蜂,n 黄蜂,/wɑsp/,/wɒsp/,a wasp sting,黄蜂蜇伤
en:royalty:noun:1,royalty,noun,皇家，王族，皇族,n 皇家，王族，皇族,/'rɔɪəlti/,/'rɒɪəltɪ/,At school the other children treated them like royalty.,在学校里，其他孩子将他们奉若王族。
en:desolate:adjective:1,desolate,adjective,荒芜的；孤独的,adj 荒芜的；孤独的,/'dɛsələt/,/'des(ə)lət/,a desolate landscape,荒凉的景色
en:illusion:noun:1,illusion,noun,幻想；错觉；假象,n 幻想；错觉；假象,/ɪ'luʒn/,/ɪ'l(j)uːʒ(ə)n/,She was under no illusion that he loved her.,她不再幻想他爱她了。
en:modification:noun:1,modification,noun,修改,n 修改,"/,mɑdɪfɪ'keʃən/","/,mɒdɪfɪ'keɪʃ(ə)n/",They have used the same process for almost 50 years with only minor modifications.,同样的工序他们用了将近50年，期间只做过很小的改动。
en:environmental:adjective:1,environmental,adjective,环境的，环境产生的,adj 环境的，环境产生的,"/ɪn,vaɪrən'mɛntl/",/ɪnvaɪrən'ment(ə)l; en-/,the environmental damage caused by the chemical industry,化学工业对环境造成的破坏
en:pregnant:adjective:1,pregnant,adjective,怀孕的；意义深长的；意义深长的,adj 怀孕的；意义深长的；意义深长的,/'prɛɡnənt/,/'pregnənt/,care for pregnant women,孕妇保健
en:fossil:noun:1,fossil,noun,化石,n 化石,/'fɑsl/,/'fɒs(ə)l; -sɪl/,fossils of early reptiles,早期爬行动物的化石
en:glider:noun:1,glider,noun,滑翔机；滑翔导弹,n 滑翔机；滑翔导弹,/'ɡlaɪdɚ/,/'glaɪdə/,,
en:pulley:noun:1,pulley,noun,滑轮，滑车，皮带轮,n 滑轮，滑车，皮带轮,/'pʊli/,/'pʊlɪ/,a system of ropes and pulleys,绳索滑轮系统
en:slide:noun:1,slide,noun,滑动，滑行,n 滑动，滑行,/slaɪd/,/slaɪd/,The car went into a slide.,汽车打起滑来。
en:granite:adjective:1,granite,adjective,花岗岩，花岗石,adj 花岗岩，花岗石,/'grænɪt/,/'grænɪt/,weathered granite,风化花岗岩；风化石
en:correlate:noun:1,correlate,noun,互相关联的事物,n 互相关联的事物,/'kɔrəlet/,/'kɒrəleɪt; -rɪ-/,correlate with,找出一一对应的关系；使…与…发生关系
en:walnut:noun:1,walnut,noun,核桃；胡桃树,n 核桃；胡桃树,/'wɔlnət/,/'wɔːlnʌt/,coffee and walnut cake,咖啡核桃蛋糕
en:arc:noun:1,arc,noun,弧，弓形物；弧光,n 弧，弓形物；弧光,/ɑrk/,/ɑːk/,the arc of a rainbow,彩虹的弧状
en:exclamation:noun:1,exclamation,noun,呼喊，惊叫；感叹,n 呼喊，惊叫；感叹,"/,ɛksklə'meʃən/","/,eksklə'meɪʃ(ə)n/",horrified exclamations of disgust,厌恶的惊叫
en:outcome:noun:2,outcome,noun,后果，成果,n 后果，成果,/'aʊt'kʌm/,/'aʊtkʌm/,People who had heard the evidence at the trial were surprised at the outcome.,在审判过程中听过证词的人都对此结果感到吃惊。
en:ruby:noun:1,ruby,noun,红宝石,n 红宝石,/'rubi/,/'ruːbɪ/,...a ruby and diamond ring.,…一枚红宝石钻戒。
en:hit:noun:1,hit,noun,轰动一时的人（或事）,n 轰动一时的人（或事）,/hɪt/,/hɪt/,Which band had a hit with ‘Bohemian Rhapsody’?,《波希米亚狂想曲》是哪支乐队风行一时的歌曲？
en:traverse:verb:1,traverse,verb,横越,v 横越,/trə'vɝs/,/'trævəs; trə'vɜːs/,two minutes to traverse the park,两分钟横穿公园
en:transverse:adjective:1,transverse,adjective,横的,adj 横的,/træns'vɝs/,/trænz'vɜːs; trɑːnz-; -ns-/,a transverse beam,横梁
en:bed:noun:1,bed,noun,河床，（湖）底,n 河床，（湖）底,/bɛd/,/bed/,the sea bed,海底
en:harmonious:adjective:1,harmonious,adjective,和谐的，协调的,adj 和谐的，协调的,/hɑr'monɪəs/,/hɑː'məʊnɪəs/,The decor is a harmonious blend of traditional and modern.,这种装饰风格是传统与现代的和谐统一。
en:monk:noun:1,monk,noun,和尚，僧侣，修道士,n 和尚，僧侣，修道士,/mʌŋk/,/mʌŋk/,...saffron-robed Buddhist monks.,…身穿黄袍的和尚们。
en:cooperative:adjective:1,cooperative,adjective,合作的,adj 合作的；n 合作社,/ko'ɑpərətɪv/,/kəʊ'ɒpərətɪv/,He was doing his best to be cooperative.,他在尽全力配合。
en:hinge:noun:1,hinge,noun,合页，折叶，铰链,n 合页，折叶，铰链,/hɪndʒ/,/hɪn(d)ʒ/,The top swung open on well-oiled hinges.,盖子在上好油的折叶上一下子弹开了。
en:proper:adjective:1,proper,adjective,合乎体统的，正派的,adj 合乎体统的，正派的,/'prɑpɚ/,/'prɒpə/,It is right and proper that parents take responsibility for their children's attendance at school.,父母负责督促子女上学上课，这是天经地义的事。
en:composite:adjective:1,composite,adjective,合成的,adj 合成的；n 合成物,/kɑm'pɑzɪt/,/'kɒmpəzɪt/,composite metals,复合金属
en:synthesis:noun:1,synthesis,noun,综合，综合物；（化学或生物学物质的）合成；（用电子方式对声音、语音或音乐的）合成,n 综合，综合物；（化学或生物学物质的）合成；（用电子方式对声音、语音或音乐的）合成,/'sɪnθəsɪs/,/'sɪnθɪsɪs/,a synthesis of Eastern and Western philosophical ideas,东西方哲学思想的结合
en:applause:noun:1,applause,noun,喝彩；夸奖，称赞,n 喝彩；夸奖，称赞,/ə'plɔz/,/ə'plɔːz/,She got a round of applause (= a short period of applause) when she finished.,她结束的时候获得一阵掌声。
en:applaud:verb:1,applaud,verb,鼓掌；喝彩,v 鼓掌；喝彩,/ə'plɔd/,/ə'plɔːd/,The audience applauded loudly.,观众掌声雷动。
en:hurrah:interjection:1,hurrah,interjection,好哇，万岁，乌拉,int 好哇，万岁，乌拉,/hə'rɑ/,/hʊ'rɑː/,last hurrah,（美）最后的努力
en:pal:noun:1,pal,noun,好朋友；同谋,n 好朋友；同谋,/pæl/,/pæl/,We’ve been pals since we were at school.,我们上学的时候就是好朋友。
en:hospitality:noun:2,hospitality,noun,好客，殷勤,n 好客，殷勤,"/,hɑspɪ'tæləti/",/hɒspɪ'tælɪtɪ/,Thanks for your hospitality over the past few weeks.,感谢你几周来的热情款待。
en:romantic:adjective:2,romantic,adjective,好幻想的,adj 好幻想的,/ro'mæntɪk/,/rə(ʊ)'mæntɪk/,"Like many New Yorkers, he had a romantic image of country life.",像许多纽约人一样，他对乡村生活也有一种不切实际的美好幻想。
en:howl:noun:1,howl,noun,嚎叫；哀号；吠,n 嚎叫；哀号；吠,/haʊl/,/haʊl/,He let out a howl of anguish.,他发出一声痛苦的嚎叫。
en:aerospace:noun:1,aerospace,noun,航空航天工业,n 航空航天工业,/'ɛrospes/,/'eərəspeɪs/,employment in the aerospace industry,航空航天工业的工作
en:log:noun:1,log,noun,航海日志；飞行日志,n 航海日志；飞行日志,/lɔɡ/,/lɒg/,The captain always keeps a log.,船长坚持记航海日志。
en:pedestrian:noun:1,pedestrian,noun,行人，步行者,n 行人，步行者,/pə'dɛstrɪən/,/pɪˈdestrɪən/,More than a third of all pedestrian injuries are to children.,所有受伤的行人中有1/3以上是儿童。
en:move:noun:1,move,noun,行动，步骤,n 行动，步骤,/muv/,/muːv/,She’s still thinking about her next move.,她还在考虑她的下一步行动。
en:hesitate:verb:2,hesitate,verb,犹豫；迟疑不决,v 犹豫；迟疑不决,/'hɛzɪtet/,/'hezɪteɪt/,She hesitated before replying.,她犹豫了一下才回答。
en:pest:noun:1,pest,noun,害虫,n 害虫,/pɛst/,/pest/,a chemical used in pest control,用于防治虫害的一种化学品
en:strait:noun:1,strait,noun,海峡,n 海峡,/stret/,/streɪt/,the Bering Strait,白令海峡
en:turtle:noun:2,turtle,noun,海龟，玳瑁,n 海龟，玳瑁,/'tɝtl/,/'tɜːt(ə)l/,...the giant sea turtle.,…那只巨大的海龟。
en:custom:noun:1,custom,noun,海关,n 海关,/'kʌstəm/,/'kʌstəm/,She was stopped at customs and questioned.,她在海关被叫住接受问话。
en:seaport:noun:1,seaport,noun,海港，港口，港市,n 海港，港口，港市,/'sipɔrt/,/'siːpɔːt/,...the Baltic seaport of Rostock.,...波罗的海沿岸的海港城市罗斯托克。
en:cable:noun:1,cable,noun,电缆,n 电缆,/'kebl/,/'keɪb(ə)l/,overhead power cables,高架电缆
en:pirate:noun:1,pirate,noun,海盗,n 海盗,/'paɪrət/,/ˈpaɪərət/,"In the nineteenth century, pirates roamed the seas.",19世纪，海盗很猖獗。
en:seaside:noun:1,seaside,noun,海滨（胜地）；海边,n 海滨（胜地）；海边,/'sisaɪd/,/'siːsaɪd/,a trip to the seaside,去海滨的旅行
en:surplus:noun:1,surplus,noun,过剩，剩余（物资）,n 过剩，剩余（物资）,/'sɝpləs/,/'sɜːpləs/,Any surplus can be trimmed away.,多出来的部分可以修剪掉。
en:overestimate:verb:2,overestimate,verb,过高估计,v 过高估计,"/,ovər'ɛstɪmət/",/əʊvər'estɪmeɪt/,He tends to overestimate his own abilities.,他往往高估自己的能力。
en:excessively:adverb:1,excessively,adverb,过分，极端地,adv 过分，极端地,/ɪk'sɛsɪvli/,/ek'sesɪvlɪ/,excessively high prices,过高的价格
en:excess:noun:2,excess,noun,过度行为，暴行,n 过度行为，暴行,/'ɛk'sɛs/,/ɪk'ses; ek-; 'ekses/,The government was unable to curb the excesses of the secret police.,政府无法约束秘密警察的过分行为。
en:orchard:noun:1,orchard,noun,果园,n 果园,/'ɔrtʃɚd/,/'ɔːtʃəd/,a cherry orchard,樱桃园
en:peel:noun:1,peel,noun,果皮，蔬菜皮,n 果皮，蔬菜皮,/pil/,/piːl/,...grated lemon peel.,…磨碎了的柠檬皮。
en:stone:noun:1,stone,noun,果核，（水果的）硬核,n 果核，（水果的）硬核,/ston/,/stəʊn/,...cherry stones.,…樱桃核。
en:slap:verb:1,slap,verb,掴,v 掴；n 巴掌,/slæp/,/slæp/,Sarah slapped Aaron across the face.,萨拉在阿龙的脸上掴了一巴掌。
en:inland:adjective:1,inland,adjective,国内的；内地的,adj 国内的；内地的,"/,ɪn'lænd/",/'ɪnlənd; -lænd/,the largest area of inland water in the southeast,东南部最大的内陆水域
en:boiler:noun:1,boiler,noun,锅炉,n 锅炉,/'bɔɪlɚ/,/'bɒɪlə/,waste heat boiler,废热锅炉
en:roller:noun:1,roller,noun,滚筒；滚柱,n 滚筒；滚柱,/'rolɚ/,/'rəʊlə/,a paint roller,刷漆滚筒
en:valuable:noun:1,valuable,noun,贵重物品，财宝,n 贵重物品，财宝,/ˈvæljuəbəl; ˈvæljə-/,/'væljʊəb(ə)l/,valuable experience,宝贵的经验
en:salmon:noun:1,salmon,noun,鲑，大马哈鱼,n 鲑，大马哈鱼,/'sæmən/,/'sæmən/,a whole salmon,一整条鲑鱼
en:silicon:noun:1,silicon,noun,硅（旧名矽）,n 硅（旧名矽）,/'sɪlɪkən/,/'sɪlɪk(ə)n/,The new chip will be made from a piece of silicon about the size of a postage stamp.,这种新的芯片将由大约邮票大小的一块硅片制成。
en:regulation:noun:2,regulation,noun,规章，规则,n 规章，规则,/ˌrɛɡjəˈleʃən/,/regjʊ'leɪʃ(ə)n/,There seem to be so many rules and regulations these days.,如今好像条条框框很多。
en:regularity:noun:1,regularity,noun,规则性；整齐，端正,n 规则性；整齐，端正,/ˌrɛɡjəˈlærətɪ/,/reɡjʊ'lærətɪ/,Climate change is disrupting the regularity of the seasons.,气候的变化正在打乱季节的规律性。
en:define:verb:1,define,verb,规定；立（界限）,v 规定；立（界限）,/dɪ'faɪn/,/dɪ'faɪn/,the ability to define clients’ needs,确定客户需求的能力
en:provision:noun:1,provision,noun,规定，条款，条项,n 规定，条款，条项,/prə'vɪʒn/,/prə'vɪʒ(ə)n/,The agreement includes a provision for each side to check the other side’s weapons.,协议有项规定，允许双方互查武器。
en:replacement:noun:2,replacement,noun,取代；置换,n 取代；置换,/rɪ'plesmənt/,/rɪ'pleɪsm(ə)nt/,Our old car is badly in need of replacement.,我们的旧车急需更换。
en:spacious:adjective:2,spacious,adjective,广阔的，广大的,adj 广阔的，广大的,/'speʃəs/,/'speɪʃəs/,a spacious living area,宽敞的居住空间
en:amplitude:noun:1,amplitude,noun,振幅；广大；充足,n 振幅；广大；充足,/'æmplə'tʊd/,/'æmplɪtjuːd/,As we fall asleep the amplitude of brain waves slowly becomes greater.,进入睡眠状态时，我们的脑电波振幅慢慢变大。
en:radial:adjective:1,radial,adjective,放射状的,adj 放射状的,/'redɪəl/,/'reɪdɪəl/,radial roads leading out of the city centre,从市中心向外辐射的道路
en:photoelectric:adjective:1,photoelectric,adjective,光电的,adj 光电的,"/,fotoɪ'lɛktrɪk/","/,fəʊtəʊɪ'lektrɪk/",Advanced imported photoelectric supervision system is used.,采用先进的进口光电眼监控系统。
en:optical:adjective:1,optical,adjective,光的；光学的,adj 光的；光学的,/'ɑptɪkl/,/'ɒptɪk(ə)l/,microscopes and other optical instruments,显微镜和其他光学仪器
en:shrub:noun:1,shrub,noun,灌木，灌木丛,n 灌木，灌木丛,/ʃrʌb/,/ʃrʌb/,...flowering shrubs.,…开花的灌木。
en:irrigation:noun:2,irrigation,noun,灌溉；（医）冲洗法,n 灌溉；（医）冲洗法,/ˌɪrɪˈɡeʃn/,,irrigation channels,灌溉渠
en:inertia:noun:1,inertia,noun,惯性；无力,n 惯性；无力,/ɪ'nɝʃə/,/ɪ'nɜːʃə/,Inertia carried the plane onto the ground.,飞机靠惯性着陆。
en:orchestra:noun:1,orchestra,noun,管弦乐队,n 管弦乐队,,,the Berlin Symphony Orchestra,柏林交响乐团
en:blast:noun:1,blast,noun,管乐器的声音,n 管乐器的声音,/blæst/,/blɑːst/,The station master gave a blast on his whistle and we were off.,站长一声哨响，我们出发了。
en:pipe:noun:1,pipe,noun,管乐器,n 管乐器,/paɪp/,/paɪp/,steel pipe,钢管
en:coffin:noun:1,coffin,noun,棺材，灵柩,n 棺材，灵柩,/'kɔfɪn/,/'kɒfɪn/,coffin chamber,墓室
en:bureaucracy:noun:2,bureaucracy,noun,官僚主义；官僚机构,n 官僚主义；官僚机构,/bjʊ'rɑkrəsi/,"/,bjʊ(ə)'rɒkrəsɪ/",the reduction of unnecessary bureaucracy,消除不必要的官僚体制
en:monster:noun:1,monster,noun,怪物；畸形的动植物,n 怪物；畸形的动植物,/'mɑnstɚ/,/'mɒnstə/,the remains of a prehistoric monster,史前怪兽的遗骸
en:client:noun:1,client,noun,顾客；诉讼委托人,n 顾客；诉讼委托人,/'klaɪənt/,/'klaɪənt/,a meeting with an important client,与一位重要客户的会面
en:obstinate:adjective:1,obstinate,adjective,固执的；顽强的,adj 固执的；顽强的,/'ɑbstɪnət/,/'ɒbstɪnət/,He was the most obstinate man I’ve ever met.,他是我遇到过的最固执的人。
en:inherent:adjective:2,inherent,adjective,固有的，生来的,adj 固有的，生来的,/ɪn'hɪrənt/,/ɪn'hɪər(ə)nt; -'her(ə)nt/,Every business has its own inherent risks.,每笔生意本身都有风险。
en:fixture:noun:2,fixture,noun,固定设备,n 固定设备,/'fɪkstʃɚ/,/'fɪkstʃə; -tjə/,light fixtures,照明设备
en:pluck:verb:1,pluck,verb,鼓起（勇气），振作,v 鼓起（勇气），振作,/plʌk/,/plʌk/,He finally plucked up enough courage to ask her out.,他终于鼓起勇气约她出去。
en:agitation:noun:1,agitation,noun,鼓动，煸动；搅动,n 鼓动，煸动；搅动,"/,ædʒɪ'teʃən/",/ædʒɪ'teɪʃ(ə)n/,mass agitation for political reform,要求政治改革的大骚动
en:skeleton:noun:1,skeleton,noun,骨骼，骷髅；骨架,n 骨骼，骷髅；骨架,/'skɛlɪtn/,/'skelɪt(ə)n/,the human skeleton,人体骨骼
en:thigh:noun:1,thigh,noun,股，大腿,n 股，大腿,/θaɪ/,/θaɪ/,The shorts are so small I can't fit my thighs into any of them.,短裤太小了，我的大腿塞不进去。
en:cereal:noun:1,cereal,noun,谷类，五谷，禾谷,n 谷类，五谷，禾谷,/'sɪrɪəl/,/'sɪərɪəl/,cereal crops,谷类作物
en:antique:adjective:1,antique,adjective,古代的,adj 古代的；n 古物,/æn'tik/,/æn'tiːk/,an antique rosewood desk,古董红木书桌
en:assessment:noun:2,assessment,noun,估定；查定,n 估定；查定,/ə'sɛsmənt/,/ə'sesmənt/,a reading assessment test,阅读评估测试
en:constitute:verb:1,constitute,verb,构成，组成,v 构成，组成,/'kɑnstətut/,/'kɒnstɪtjuːt/,We must redefine what constitutes a family.,我们必须对家庭的构成重新定义。
en:hound:noun:1,hound,noun,猎犬,n 猎犬,/haʊnd/,/haʊnd/,Rainey's chief interest in life is hunting with hounds.,雷尼一生中的主要嗜好是带着猎犬去打猎。
en:gutter:noun:1,gutter,noun,沟，边沟；檐槽,n 沟，边沟；檐槽,/'gʌtɚ/,/'gʌtə/,The gutters were blocked and overflowing.,排水沟堵住了，水都溢出来了。
en:tribute:noun:1,tribute,noun,献礼；贡物,n 献礼；贡物,/'trɪbjut/,/'trɪbjuːt/,This book is a fitting tribute to the bravery of the pioneers.,本书是对先驱们大无畏精神恰如其分的献礼。
en:number:verb:1,number,verb,共计，达…之数,v 共计，达…之数,/'nʌmbɚ/,/'nʌmbə/,The crowd numbered more than a thousand.,聚集的人群共计一千多人。
en:commonwealth:noun:1,commonwealth,noun,联邦,n 联邦,/'kɑmən'wɛlθ/,/'kɒmənwelθ/,...the Commonwealth of Australia.,…澳大利亚联邦。
en:arch:noun:1,arch,noun,拱门,n 拱门；v （使）拱起,/ɑrtʃ/,/ɑːtʃ/,Go through the arch and follow the path.,穿过拱门沿小径往前走。
en:vault:noun:1,vault,noun,拱顶；（教堂的）地下墓室,n 拱顶；（教堂的）地下墓室,/vɔlt/,/vɔːlt/,...the vault of a great cathedral.,一座大教堂的拱顶
en:mercury:noun:1,mercury,noun,汞，水银,n 汞，水银,,,"Mercury is used in batteries, pesticides, and thermometers.",水银用于电池、杀虫剂与温度计中。
en:consolidate:verb:1,consolidate,verb,巩固；合并,v 巩固；合并,/kən'sɑlɪdet/,/kən'sɒlɪdeɪt/,The company has consolidated its position as the country’s leading gas supplier.,这家公司巩固了作为该国主要煤气供应商的地位。
en:impartial:adjective:1,impartial,adjective,公正的，无偏见的,adj 公正的，无偏见的,/ɪm'pɑrʃəl/,/ɪm'pɑːʃ(ə)l/,We offer impartial advice on tax and insurance.,我们就税收和保险问题提供公充的建议。
en:convention:noun:1,convention,noun,公约，（换俘等）协定,n 公约，（换俘等）协定,/kən'vɛnʃən/,/kən'venʃ(ə)n/,...the U.N. convention on climate change.,…关于气候变化的联合国公约。
en:duke:noun:1,duke,noun,公爵；君主,n 公爵；君主,/dʊk/,/djuːk/,the Duke of Edinburgh,爱丁堡公爵
en:rooster:noun:1,rooster,noun,公鸡,n 公鸡,/'rustɚ/,/'ruːstə/,I heard a rooster crow.,我听见雄鸡啼叫。
en:studio:noun:1,studio,noun,播音室；工作室,n 播音室；工作室,/'studɪo/,/'stjuːdɪəʊ/,a recording studio in Nashville,在纳什维尔的一间录音室
en:earnings:noun:1,earnings,noun,工资，收入；收益,n 工资，收入；收益,/'ɝnɪŋz/,/'ɜːnɪŋz/,an employee’s average weekly earnings,雇员的平均周薪
en:implement:noun:1,implement,noun,工具,n 工具；v 贯彻,/'ɪmplɪmɛnt/,/'ɪmplɪm(ə)nt/,...writing implements.,…书写用具。
en:workpiece:noun:1,workpiece,noun,工（作）件,n 工（作）件,,,The workpiece is already on the lathe.,工件已经上了车床。
en:combat:verb:1,combat,verb,跟…战斗，格斗,v 跟…战斗，格斗,/'kɑmbæt/,/'kɒmbæt; 'kʌm-/,to combat crime/terrorism/inflation/disease,打击犯罪／打击恐怖主义／抑制通货膨胀／与疾病作斗争
en:impart:verb:2,impart,verb,给予；传递；告诉,v 给予；传递；告诉,/ɪm'pɑrt/,/ɪm'pɑːt/,Use a piece of fresh ginger to impart a East Asian flavour to simple ingredients.,用一片鲜姜给简单的原料添上东亚的风味。
en:energize:verb:1,energize,verb,供给…能量,v 供给…能量,/'ɛnɚdʒaɪz/,/'enədʒaɪz/,,
en:vaccinate:verb:1,vaccinate,verb,给…接种疫苗,v 给…接种疫苗,/'væksə'net/,/'væksɪneɪt/,All children should be vaccinated against measles.,所有儿童都应该接种麻疹疫苗。
en:flavour:verb:1,flavour,verb,给…调味,v 给…调味,/'fleivə/,/'fleɪvə/,Lime preserved in salt is a North African speciality which is used to flavour chicken dishes.,用盐腌的酸橙是用来给鸡肉调味的一种北非特产。
en:insulator:noun:1,insulator,noun,隔离者；绝缘体,n 隔离者；绝缘体,/'ɪnsəletɚ/,/'ɪnsjʊleɪtə/,Wood is an excellent insulator.,木材是很好的绝缘体。
en:lattice:noun:1,lattice,noun,格子结构,n 格子结构,/'lætɪs/,/'lætɪs/,We were crawling along the narrow steel lattice of the bridge.,我们沿着大桥窄窄的钢制格子爬行着。
en:dove:noun:1,dove,noun,鸽子，斑鸠,n 鸽子，斑鸠,/dʌv; dov/,/dʌv/,A dove cooed softly.,一只鸽子轻柔地咕咕叫。
en:reveal:verb:2,reveal,verb,告诉，揭示，泄露,v 告诉，揭示，泄露,/rɪ'vil/,/rɪ'viːl/,He may be prosecuted for revealing secrets about the security agency.,他可能因泄露安全部门的机密而被起诉。
en:plateau:noun:1,plateau,noun,高原；平稳时期,n 高原；平稳时期,/plæ'to/,/'plætəʊ/,"A broad valley opened up leading to a high, flat plateau of cultivated land.",一个宽阔的山谷展开，通向一片平坦的高原耕地。
en:lofty:adjective:2,lofty,adjective,高耸的；高尚的,adj 高耸的；高尚的,/'lɔfti/,/'lɒftɪ/,"He stayed at the Four Seasons Hotel, from whose lofty heights he could see across New York.",他住在四季酒店，从酒店高处可以看到纽约的全景。
en:tower:verb:1,tower,verb,高耸，屹立；翱翔,v 高耸，屹立；翱翔,/'taʊɚ/,/'taʊə/,The cliffs towered above them.,悬崖峭壁高耸于他们上方。
en:elevation:noun:1,elevation,noun,高度，海拔,n 高度，海拔,"/,ɛlɪ'veʃən/","/,elɪ'veɪʃ(ə)n/",The city is at an elevation of 2 000 metres.,这座城市海拔2000米。
en:intervene:verb:2,intervene,verb,干涉，干预,v 干涉，干预,"/,ɪntɚ'vin/",/ɪntə'viːn/,The army will have to intervene to prevent further fighting.,军队将不得不干预以阻止进一步的战斗。
en:dry:adjective:1,dry,adjective,干巴巴的，枯燥的,adj 干巴巴的，枯燥的,/draɪ/,/draɪ/,Government reports tend to make dry reading.,政府报告读起来往往枯燥无味。
en:olive:noun:1,olive,noun,橄榄；橄榄树,n 橄榄；橄榄树,/'ɑlɪv/,/'ɒlɪv/,...a pile of black olives.,…一堆黑橄榄。
en:sentiment:noun:1,sentiment,noun,感情；情绪,n 感情；情绪,/'sɛntɪmənt/,/'sentɪm(ə)nt/,the spread of nationalist sentiments,民族主义情绪的传播
en:perception:noun:2,perception,noun,感知；理解力,n 感知；理解力,/pɚ'sɛpʃən/,/pə'sepʃ(ə)n/,our perception of reality,我们对现实的认识
en:sensation:noun:1,sensation,noun,感觉，知觉；轰动,n 感觉，知觉；轰动,/sɛn'seʃən/,/sen'seɪʃ(ə)n/,One sign of a heart attack is a tingling sensation in the left arm.,心脏病发作的一个征兆是左臂有刺痛感。
en:thanksgiving:noun:1,Thanksgiving,noun,感恩节,n 感恩节,,,We always eat turkey on Thanksgiving.,我们过感恩节时总是吃火鸡。
en:chill:verb:1,chill,verb,感到寒冷；冷藏,v 感到寒冷；冷藏,/tʃɪl/,/tʃɪl/,"The wind blew across her body, chilling her wet skin.",风吹在她身上，她湿漉漉的皮肤感到非常寒冷。
en:outline:verb:1,outline,verb,概述，概括,v 概述，概括,/'aʊtlaɪn/,/'aʊtlaɪn/,"The new president outlined plans to deal with crime, drugs, and education.",新总统概述了解决犯罪、毒品和教育问题的计划。
en:notion:noun:2,notion,noun,概念；看法,n 概念；看法,/'noʃən/,/'nəʊʃ(ə)n/,She had no notion what he meant.,她根本不明白他是什么意思。
en:conception:noun:1,conception,noun,概念，观念，想法,n 概念，观念，想法,/kən'sɛpʃən/,/kən'sepʃ(ə)n/,the conception of parliamentary democracy,议会民主的概念
en:summary:adjective:1,summary,adjective,概括的；速决的,adj 概括的；速决的,/'sʌməri/,/'sʌm(ə)rɪ/,a summary financial statement,财务汇总报表
en:generalize:verb:1,generalize,verb,概括出,v 概括出,/'dʒɛnrəlaɪz/,/ˈdʒɛnrəˌlaɪz/,She has a tendency to generalize from her husband to all men.,她总爱把自己对丈夫的看法推及所有的男人。
en:impress:verb:1,impress,verb,盖印，在…打记号,v 盖印，在…打记号,/ɪm'prɛs/,/ɪm'pres/,patterns impressed in the clay,压印在黏土上的图案
en:mend:verb:1,mend,verb,修理；改正,v 修理；改正,/mɛnd/,/mend/,Could you mend my bike for me?,你能帮我修一下自行车吗？
en:duplicate:noun:2,duplicate,noun,复制品,n 复制品；v 复制,/'duplɪket/,/ˈdjuːplɪkeɪt/,She kept both the duplicate and the original.,她把复制本和原本都保留着。
en:complication:noun:1,complication,noun,复杂，混乱；并发症,n 复杂，混乱；并发症,"/,kɑmplɪ'keʃən/",/kɒmplɪ'keɪʃ(ə)n/,The fact that the plane was late added a further complication to our journey.,飞机误点给我们的旅行带来了更大的麻烦。
en:complexity:noun:1,complexity,noun,复杂（性）,n 复杂（性）,/kəm'plɛksəti/,/kəm'pleksətɪ/,a design of great complexity,一项非常复杂的设计
en:satellite:noun:1,satellite,noun,附属国,n 附属国,/'sætəlaɪt/,/'sætəlaɪt/,a satellite country,卫星国
en:appendix:noun:1,appendix,noun,附录；阑尾,n 附录；阑尾,/ə'pɛndɪks/,/ə'pendɪks/,See Appendix 2.6.,见附录2.6。
en:extra:noun:1,extra,noun,附加物；额外的东西,n 附加物；额外的东西,/'ɛkstrə/,/'ekstrə/,I earn extra for working on Sunday.,我星期天工作挣外快。
en:incidentally:adverb:2,incidentally,adverb,附带地；顺便提及,adv 附带地；顺便提及,"/,ɪnsɪ'dɛntli/",/ɪnsɪ'dent(ə)lɪ/,"Incidentally, where were you born?",顺便问一下，你在哪儿出生的？
en:charge:noun:1,charge,noun,负荷；充电,n 负荷；充电；v 装满,/tʃɑrdʒ/,/tʃɑːdʒ/,Leave the battery on charge all night.,让电池充一晚上的电
en:negative:adjective:1,negative,adjective,负的；（结果）阴性的,adj 负的；（结果）阴性的,/'nɛɡətɪv/,/'negətɪv/,a negative trade balance,贸易逆差
en:corrosion:noun:1,corrosion,noun,腐蚀，侵蚀；锈,n 腐蚀，侵蚀；锈,/kə'roʒən/,/kə'rəʊʒ(ə)n/,They are sprayed with oil to prevent corrosion.,它们被喷了油以防腐蚀。
en:erosion:noun:1,erosion,noun,腐蚀，侵蚀；糜烂,n 腐蚀，侵蚀；糜烂,/ɪ'roʒən/,/ɪ'rəʊʒ(ə)n/,the problem of soil erosion,水土流失的问题
en:subsidiary:adjective:1,subsidiary,adjective,辅助的，补充的,adj 辅助的，补充的,/səb'sɪdɪɛri/,/səb'sɪdɪərɪ/,The marketing department has always played a subsidiary role to the sales department.,营销部一直都扮演着销售部的辅助角色。
en:coach:verb:1,coach,verb,指导，训练；辅导,v 指导，训练；辅导,/kotʃ/,/kəʊtʃ/,Nigel coaches a cricket team in his spare time.,奈杰尔业余时间担任一个板球队的教练。
en:answer:verb:1,answer,verb,符合，适合,v 符合，适合,/'ænsɚ/,/'ɑːnsə/,Does this answer your requirements?,这个符合你的要求吗？
en:emerge:verb:2,emerge,verb,浮现，出现；显露,v 浮现，出现；显露,/ɪ'mɝdʒ/,/ɪ'mɜːdʒ/,The flowers emerge in the spring.,花儿在春天开放。
en:obedient:adjective:1,obedient,adjective,服从的，顺从的,adj 服从的，顺从的,/oˈbidiənt/,/ə'biːdɪənt/,an obedient child,听话的孩子
en:obedience:noun:1,obedience,noun,服从，顺从,n 服从，顺从,/ə'bidjəns/,/ə'biːdɪəns/,obedience classes for dogs and their owners,为狗和主人安排的服从训练课
en:maintenance:noun:2,maintenance,noun,扶养费；维持,n 扶养费；维持,/'mentənəns/,/'meɪnt(ə)nəns; -tɪn-/,They have to find the fathers who abandon their children and make them pay maintenance.,他们必须找到那些抛弃子女的父亲，让他们支付抚养费。
en:veto:noun:1,veto,noun,否决，否决权；禁止,n 否决，否决权；禁止,/'vito/,/'viːtəʊ/,The Senate had a sufficient majority to override the presidential veto (= not accept his refusal ).,参议院有足够的多数票可以推翻总统的否决。
en:denial:noun:1,denial,noun,否定；拒绝相信,n 否定；拒绝相信,/dɪ'naɪəl/,/dɪ'naɪ(ə)l/,The government issued an official denial of the rumour.,政府发表了正式声明，否认谣言。
en:buddhism:noun:1,Buddhism,noun,佛教，释教,n 佛教，释教,/'bʊdɪzəm/,/'bʊdɪz(ə)m/,Mr White has converted to Buddhism.,怀特先生已改信佛教。
en:dedicate:verb:1,dedicate,verb,奉献；献身,v 奉献；献身,/'dɛdɪket/,/'dedɪkeɪt/,The actress now dedicates herself to children’s charity work.,这名女演员现在致力于儿童慈善工作。
en:flatter:verb:1,flatter,verb,奉承，阿谀，谄媚,v 奉承，阿谀，谄媚,/'flætɚ/,/'flætə/,Perry would always flatter Mrs. Mitchell by praising her cooking.,佩里常常奉承米切尔太太，称赞她的烹调手艺。
en:pineapple:noun:1,pineapple,noun,凤梨，波萝,n 凤梨，波萝,/'paɪn'æpl/,/'paɪnæp(ə)l/,pineapple chunks,菠萝块
en:seam:noun:1,seam,noun,缝口；接缝；骨缝,n 缝口；接缝；骨缝,/sim/,/siːm/,"She was repairing Billy’s trousers, where the seam had come undone.",她在补比利裤子的开线处。
en:landscape:noun:1,landscape,noun,风景，景色，景致,n 风景，景色，景致,/'lænd'skep/,/'læn(d)skeɪp/,the beauty of the New England landscape,新英格兰风光之美
en:windmill:noun:1,windmill,noun,风车,n 风车,/'wɪnd'mɪl/,/'wɪn(d)mɪl/,The sails of the windmill are now at rest.,风车的帆叶现在静止不动了。
en:plump:adjective:1,plump,adjective,丰满的,adj 丰满的,/plʌmp/,/plʌmp/,The nurse was a cheerful plump woman.,那护士是个性格开朗、体形丰满的女人。
en:abundance:noun:1,abundance,noun,丰富，充裕,n 丰富，充裕,/ə'bʌndəns/,/ə'bʌnd(ə)ns/,an abundance of wavy red hair,浓密的红色鬈发
en:indignation:noun:1,indignation,noun,愤怒，愤慨，义愤,n 愤怒，愤慨，义愤,"/,ɪndɪɡ'neʃən/",/ɪndɪg'neɪʃ(ə)n/,"To his indignation, Charles found that his name was not on the list.",查尔斯发现他的名字没有出现在名单上，这让他深感愤慨。
en:shatter:verb:1,shatter,verb,粉碎，破碎；毁坏,v 粉碎，破碎；毁坏,/'ʃætɚ/,/'ʃætə/,The explosion shattered the building.,这次爆炸把大楼炸成一片废墟。
en:molecular:adjective:1,molecular,adjective,分子的；克分子的,adj 分子的；克分子的,/mə'lɛkjəlɚ/,/mə'lekjʊlə/,...the molecular structure of fuel.,…燃料的分子结构。
en:limb:noun:1,limb,noun,肢；手臂；腿,n 肢；手臂；腿,/lɪm/,/lɪm/,an artificial limb,假肢
en:offset:verb:1,offset,verb,抵销,v 抵销,"/,ɔf'sɛt/",/'ɒfset/,He was able to offset his travel expenses against tax.,他可以用旅费抵税。
en:fraction:noun:1,fraction,noun,分数,n 分数,/'frækʃən/,/'frækʃ(ə)n/,"The students had a grasp of decimals, percentages and fractions.",学生们掌握了小数、百分数和分数。
en:distract:verb:2,distract,verb,分散（心思）；打扰,v 分散（心思）；打扰,/dɪ'strækt/,/dɪ'strækt/,Try not to distract the other students.,尽量不要让其他学生分心。
en:installment:noun:1,installment,noun,分期付款,n 分期付款,/ɪn'stɔlmənt/,/ɪn'stɔ:lmənt/,installment plan,n. 分期付款方式；分期付款购物法
en:split:noun:1,split,noun,分裂，分化，派系,n 分裂，分化，派系,/splɪt/,/splɪt/,The argument could lead to a damaging split in the party.,这场争吵可能会导致党内出现分裂，对该党产生不利影响。
en:detach:verb:1,detach,verb,分开；派遣（军队）,v 分开；派遣（军队）,/dɪ'tætʃ/,/dɪ'tætʃ/,Please detach and fill out the application form.,请撕下申请表并填好。
en:partition:noun:1,partition,noun,分开，分割；隔墙,n 分开，分割；隔墙,/pɑr'tɪʃən/,/pɑː'tɪʃ(ə)n/,the partition of Germany after the war,战后对德国的分割
en:interface:noun:1,interface,noun,分界面,n 分界面,/'ɪntɚ'fes/,/'ɪntəfeɪs/,...the development of better user interfaces.,…更好用户界面的开发。
en:relay:verb:2,relay,verb,分程传递；使接替；转播,v 分程传递；使接替；转播,/rɪ'le/,/'riːleɪ/,He quickly relayed this news to the other members of staff.,他马上就把这个消息转告给了其他员工。
en:diverge:verb:1,diverge,verb,分岔；分歧,v 分岔；分歧,/daɪ'vɝdʒ/,/daɪ'vɜːdʒ; dɪ-/,The parallel lines appear to diverge.,这些平行线像是岔开了。
en:litter:noun:1,litter,noun,废物；杂乱,n 废物；杂乱；v 乱扔,/'lɪtɚ/,/'lɪtə/,People who drop litter can be fined in some cities.,在有些城市，乱扔垃圾的人会被罚款。
en:abolish:verb:1,abolish,verb,废除，取消,v 废除，取消,/ə'bɑlɪʃ/,/ə'bɒlɪʃ/,Slavery was abolished in the US in the 19th century.,美国于19世纪废除了奴隶制。
en:gangster:noun:1,gangster,noun,匪徒，歹徒，暴徒,n 匪徒，歹徒，暴徒,/'ɡæŋstɚ/,/'gæŋstə/,...a gangster film.,…一部黑帮片。
en:extraordinarily:adverb:1,extraordinarily,adverb,非常地，特别地,adv 非常地，特别地,/ɪk'strɔdɪn(ə)rəlɪ/,/ɪk'strɔːd(ə)n(ə)rəlɪ/,We were extraordinarily lucky.,我们极其幸运。
en:fly:verb:1,fly,verb,飞跑；逃跑，消失,v 飞跑；逃跑，消失,/flaɪ/,/flaɪ/,Ellen flew across the room and greeted her uncle with a kiss.,埃伦从房间那头飞奔过来，给了她叔叔一个吻。
en:aviation:noun:1,aviation,noun,飞行（术）,n 飞行（术）,"/,evɪ'eʃən/",/eɪvɪ'eɪʃ(ə)n/,...the aviation industry.,…航空工业。
en:indulge:verb:2,indulge,verb,放纵（感情），纵情,v 放纵（感情），纵情,/ɪn'dʌldʒ/,/ɪn'dʌldʒ/,He returned to Britain so that he could indulge his passion for football...,他重返英国，为的是可以尽情释放自己对足球的激情。
en:herd:verb:1,herd,verb,成群；放牧,v 成群；放牧,/hɝd/,/hɜːd/,The prisoners were herded together.,犯人们被集合起来。
en:magnify:verb:2,magnify,verb,放大，扩大,v 放大，扩大,/'mæɡnɪfaɪ/,/'mægnɪfaɪ/,"At the Sheffield arena, the speakers were magnified ten times on a giant screen.",在谢菲尔德体育馆，演讲者在一个巨大的屏幕上被放大了十倍。
en:imitation:noun:1,imitation,noun,仿制品，伪制物,n 仿制品，伪制物,"/,ɪmɪ'teʃən/",/ɪmɪ'teɪʃ(ə)n/,She wore an imitation of a sailor’s hat.,她戴着一顶仿制的水手帽。
en:pattern:verb:1,pattern,verb,仿制，仿造，模仿,v 仿制，仿造，模仿,/'pætɚn/,/'pæt(ə)n/,The exam system is patterned after the one used in Japan.,这种考试制度是仿效日本建立的。
en:reproduce:verb:1,reproduce,verb,仿造,v 仿造,"/,riprə'dus/",/riːprə'djuːs/,The effect has proved hard to reproduce.,这种效果经证实很难再造。
en:estate:noun:1,estate,noun,财产，产业；房地产,n 财产，产业；房地产,/ɪ'stet/,/ɪ'steɪt; e-/,The property is part of the deceased’s estate.,该产业是死者遗产的一部分。
en:hamper:verb:1,hamper,verb,妨碍，阻碍，牵制,v 妨碍，阻碍，牵制,/'hæmpɚ/,/'hæmpə/,"She tried to run, but was hampered by her heavy suitcase.",她想跑，但沉重的旅行箱拖累了她。
en:handicap:verb:1,handicap,verb,妨碍，使不利,v 妨碍，使不利,/'hændɪ'kæp/,/'hændɪkæp/,The charity is handicapped by lack of funds.,这个慈善机构因为缺乏资金难以开展工作。
en:handy:adjective:1,handy,adjective,方便的；便于使用的,adj 方便的；便于使用的,/'hændi/,/'hændɪ/,a handy little tool,好用的小工具
en:offence:noun:1,offence,noun,犯罪，犯规；冒犯,n 犯罪，犯规；冒犯,/ə'fɛns/,/ə'fens/,His solicitor said he committed the offence because he was heavily in debt.,他的律师说他犯罪是因为欠下巨债。
en:blunder:verb:1,blunder,verb,犯大错,v 犯大错；n 大错,/'blʌndɚ/,/'blʌndə/,They blundered badly when they gave him the job.,他们犯了大错，让他做这份工作。
en:mirror:noun:1,mirror,noun,反映，借鉴,n 反映，借鉴,/'mɪrɚ/,/'mɪrə/,We believe the polls are an accurate mirror of public opinion.,我们相信民意测验是准确反映公众意见的一面镜子。
en:reactor:noun:1,reactor,noun,反应堆,n 反应堆,/rɪ'æktɚ/,/rɪ'æktə/,They shut down the nuclear reactor for safety reasons.,出于安全原因他们关闭了核反应堆。
en:echo:verb:2,echo,verb,回响,v 回响,/'ɛko/,/'ekəʊ/,The sound of an engine echoed back from the thick forest.,从茂密的森林里传来引擎的回声。
en:contrary:noun:1,contrary,noun,反对命题,n 反对命题,/'kɑntrɛri/,/'kɒntrərɪ/,on the contrary,正相反
en:contradict:verb:1,contradict,verb,反驳，否认,v 反驳，否认,/'kɑntrə'dɪkt/,/kɒntrə'dɪkt/,"Deborah opened her mouth to contradict, but closed it again.",黛博拉张口想要反驳，但又把嘴闭上了。
en:propagation:noun:1,propagation,noun,繁殖；传播；蔓延,n 繁殖；传播；蔓延,"/,prɑpə'geʃən/","/,prɒpə'ɡeɪʃən/",wave propagation,波传播
en:propagate:verb:1,propagate,verb,传播，普及；繁殖,v 传播，普及；繁殖,/'prɑpə'get/,/'prɒpəgeɪt/,The group launched a website to propagate its ideas.,这个团体建了一个网站来宣扬他们的主张。
en:toss:verb:1,toss,verb,翻来覆去,v 翻来覆去,/tɔs/,/tɒs/,I’ve been tossing and turning all night.,我一晚上辗转反侧。
en:decree:noun:1,decree,noun,法令，政令,n 法令，政令,/dɪ'kri/,/dɪ'kriː/,The Emperor issued the decree repealing martial law.,皇帝下诏令取消了军事管制。
en:flannel:noun:1,flannel,noun,法兰绒,n 法兰绒,/'flænl/,/'flæn(ə)l/,a flannel shirt,法兰绒衬衫
en:valve:noun:1,valve,noun,阀，阀门；电子管,n 阀，阀门；电子管,,,heart valves,心脏瓣膜
en:originate:verb:1,originate,verb,发源；首创,v 发源；首创,/əˈrɪdʒəˌnet/,/ə'rɪdʒɪneɪt; ɒ-/,How did the plan originate?,这个计划最早是怎么想到的？
en:spokesman:noun:1,spokesman,noun,发言人，代言人,n 发言人，代言人,/'spoksmən/,/'spəʊksmən/,a White House spokesman,白宫发言人
en:outlet:noun:1,outlet,noun,发泄（感情等）的方法,n 发泄（感情等）的方法,/'aʊtlɛt/,/'aʊtlet/,Is football a good outlet for men’s aggression?,足球是男人宣泄好斗情绪的有效途径吗？
en:incidence:noun:2,incidence,noun,发生率，影响；入射,n 发生率，影响；入射,/'ɪnsɪdəns/,/'ɪnsɪd(ə)ns/,an area with a high incidence of crime,犯罪率高的地区
en:generate:verb:2,generate,verb,发生，产生；生成,v 发生，产生；生成,/'dʒɛnəret/,/'dʒenəreɪt/,to generate electricity/heat/power,发电；产生热 / 动力
en:invoice:noun:1,invoice,noun,发票，发货清单,n 发票，发货清单,/'ɪnvɔɪs/,/'ɪnvɒɪs/,We will then send you an invoice for the total course fees.,然后我们将寄给你一张全部课程费用的发票。
en:detector:noun:1,detector,noun,发觉者，探测器,n 发觉者，探测器,/dɪ'tɛktɚ/,/dɪ'tektə/,a smoke detector,烟雾探测器
en:flame:verb:1,flame,verb,燃烧,v 燃烧,/flem/,/fleɪm/,A great fire flamed in an open fireplace.,敞开的壁炉里火烧得很旺。
en:exert:verb:2,exert,verb,发挥（威力），施加,v 发挥（威力），施加,/ɪɡ'zɝt/,/ɪg'zɜːt; eg-/,They exerted considerable influence within the school.,他们在校内施加了很大的影响力。
en:luminous:adjective:1,luminous,adjective,发光的；夜明的,adj 发光的；夜明的,/'lʊmənəs/,/'luːmɪnəs/,luminous paint,发光涂料
en:beam:verb:1,beam,verb,发光，发热；开怀大笑,v 发光，发热；开怀大笑,/bim/,/biːm/,The sun beamed through the clouds.,阳光穿透了云层。
en:motive:adjective:1,motive,adjective,发动的，运动的,adj 发动的，运动的,/'motɪv/,/'məʊtɪv/,Water provided the motive power for the mill.,水为磨坊提供了动力。
en:dynamo:noun:1,dynamo,noun,发电机,n 发电机,/'daɪnəmo/,/'daɪnəməʊ/,bicycle lights powered by a dynamo,以直流发电机供电的自行车车灯
en:rattle:verb:1,rattle,verb,发出格格声,v 发出格格声,/'rætl/,/'ræt(ə)l/,"Every time a bus went past, the windows rattled.",每逢公共汽车经过这里，窗户都格格作响。
en:dioxide:noun:1,dioxide,noun,二氧化物,n 二氧化物,/daɪ'ɑksaɪd/,/daɪ'ɒksaɪd/,carbon/sulphur dioxide,二氧化碳／硫
en:bait:noun:1,bait,noun,饵；引诱物,n 饵；引诱物,/bet/,/beɪt/,We used worms as bait.,我们用小虫子作诱饵。
en:subsequent:adjective:1,subsequent,adjective,尔后的,adj 尔后的,/'sʌbsɪkwənt/,/'sʌbsɪkw(ə)nt/,These skills were passed on to subsequent generations.,这些技能代代相传。
en:whereas:conjunction:1,whereas,conjunction,而，却，反之,conj 而，却，反之,/'wɛr'æz/,/weər'æz/,The old system was fairly complicated whereas the new system is really very simple.,旧系统相当复杂，而新系统却很简单。
en:youngster:noun:1,youngster,noun,儿童，少年，年轻人,n 儿童，少年，年轻人,/'jʌŋstɚ/,/'jʌŋstə/,Other youngsters are not so lucky.,其他的年轻人没有这么幸运。
en:offspring:noun:1,offspring,noun,儿女，子孙，后代,n 儿女，子孙，后代,/'ɔfsprɪŋ/,/'ɒfsprɪŋ/,a young mother trying to control her offspring,一个想管住自己孩子的年轻妈妈
en:malice:noun:1,malice,noun,恶意；蓄意犯罪,n 恶意；蓄意犯罪,/'mælɪs/,/'mælɪs/,James bore her no malice (= did not feel any malice towards her ) .,詹姆斯对她并无恶意。
en:spite:noun:1,spite,noun,恶意，怨恨,n 恶意，怨恨,/spaɪt/,/spaɪt/,She broke it just out of spite.,她就是出于恶意把它打破的。
en:nightmare:noun:2,nightmare,noun,恶梦；经常的恐惧,n 恶梦；经常的恐惧,/'naɪt'mɛr/,/'naɪtmeə/,a recurring nightmare,一再出现的噩梦
en:yoke:noun:1,yoke,noun,轭，牛轭；枷锁,n 轭，牛轭；枷锁,/jok/,/jəʊk/,the yoke of imperialism,帝国主义的枷锁
en:deprive:verb:2,deprive,verb,夺去；使（人）失去,v 夺去；使（人）失去,/dɪ'praɪv/,/dɪ'praɪv/,A lot of these children have been deprived of a normal home life.,这些孩子中有许多被剥夺了正常的家庭生活。
en:mountainous:adjective:1,mountainous,adjective,多山的；山一般的,adj 多山的；山一般的,/'maʊntənəs/,/'maʊntɪnəs/,the mountainous coast of Wales,威尔士多山的海岸
en:windy:adjective:1,windy,adjective,多风的，刮风的,adj 多风的，刮风的,/'wɪndi/,/'wɪndɪ/,It’s too windy for a picnic.,风太大，不适合野餐。
en:versatile:adjective:1,versatile,adjective,多方面的；通用的,adj 多方面的；通用的,/'vɝsətl/,/'vɜːsətaɪl/,The potato is an extremely versatile vegetable.,马铃薯是一种用途极广的蔬菜。
en:stew:verb:1,stew,verb,炖,v 炖；n 炖菜,"/stu, stju/",/stjuː/,Stew the apple and blackberries to make a thick pulp.,把苹果和黑莓炖成浓稠的果浆。
en:mop:noun:1,mop,noun,拖把，墩布；洗碗刷,n 拖把，墩布；洗碗刷,/mɑp/,/mɒp/,a mop and bucket,拖把和水桶
en:halve:verb:1,halve,verb,对分；平摊,v 对分；平摊,/hæv/,/hɑːv/,Halve the potatoes lengthwise.,把马铃薯竖着切成两半。
en:symmetrical:adjective:1,symmetrical,adjective,对称的，匀称的,adj 对称的，匀称的,/sɪ'mɛtrɪkl/,/sɪ'metrɪk(ə)l/,The pattern was perfectly symmetrical.,该图案完全对称。
en:symmetry:noun:1,symmetry,noun,对称（性），匀称,n 对称（性），匀称,/'sɪmətri/,/'sɪmɪtrɪ/,the symmetry of the design,图案的对称性
en:provoke:verb:2,provoke,verb,对…挑衅；激发,v 对…挑衅；激发,/prə'vok/,/prə'vəʊk/,Paul tried to provoke Fletch into a fight.,保罗试图激怒弗莱琪打一架。
en:resent:verb:1,resent,verb,对…不满，怨恨,v 对…不满，怨恨,/rɪ'zɛnt/,/rɪ'zent/,Paul resented the fact that Carol didn’t trust him.,保罗非常气愤，因为卡萝尔不信任他。
en:alignment:noun:1,alignment,noun,排成直线；结盟，联合,n 排成直线；结盟，联合,/ə'laɪnmənt/,/ə'laɪnm(ə)nt/,"the geometrical alignment of the Sun, Moon, and Earth at the eclipse",日蚀或月蚀发生时太阳、月亮和地球成几何直线的排列
en:assert:verb:2,assert,verb,断言，宣称；维护,v 断言，宣称；维护,/ə'sɝt/,/ə'sɜːt/,She continued to assert that she was innocent.,她仍然坚称自己无辜。
en:affirm:verb:1,affirm,verb,断言，证实,v 断言，证实,/ə'fɝm/,/ə'fɜːm/,The general affirmed rumors of an attack.,将军证实了袭击的传闻。
en:shortage:noun:1,shortage,noun,短缺，不足额,n 短缺，不足额,/'ʃɔrtɪdʒ/,/'ʃɔːtɪdʒ/,There is no heating available due to fuel shortages.,因为燃料短缺，所以没有供暖。
en:ferry:noun:1,ferry,noun,渡船,n 渡船；v 运送,/'fɛri/,/'ferɪ/,They had recrossed the River Gambia by ferry.,他们乘船又一次渡过了冈比亚河。
en:jealousy:noun:1,jealousy,noun,妒忌，嫉妒，猜忌,n 妒忌，嫉妒，猜忌,/'dʒɛləsi/,/'dʒeləsɪ/,Sexual jealousy is a common motive for murder.,性嫉妒是常见的谋杀动机。
en:cuckoo:noun:1,cuckoo,noun,杜鹃，布谷鸟,n 杜鹃，布谷鸟,/'kʊku/,/'kʊkuː/,In England the cuckoo is the herald of spring.,在英国杜鹃鸟是报春的使者。
en:gamble:noun:1,gamble,noun,赌博,n 赌博；v 冒…的险,/'ɡæmbl/,/'gæmb(ə)l/,Ellen had to admit the gamble had paid off (= succeeded ).,埃伦不得不承认这一次赌赢了。
en:jam:noun:1,jam,noun,堵塞,n 堵塞；v 使…堵塞,/dʒæm/,/dʒæm/,Sorry we’re late. We got stuck in a traffic jam.,对不起，我们来晚了，路上堵车。
en:distinct:adjective:1,distinct,adjective,清楚的,adj 清楚的,/dɪ'stɪŋkt/,/dɪ'stɪŋ(k)t/,The outline of the ship became more distinct.,船的轮廓变得更加清晰了。
en:solo:noun:1,solo,noun,独唱，独奏；独唱曲,n 独唱，独奏；独唱曲,/'solo/,/'səʊləʊ/,a gorgeous piano solo,一首极其美妙的钢琴独奏曲
en:dictator:noun:1,dictator,noun,独裁者，专政者,n 独裁者，专政者,/'dɪktetɚ/,/dɪk'teɪtə/,the downfall of the hated dictator,遭人痛恨的独裁者的垮台
en:linger:verb:2,linger,verb,逗留，徘徊；拖延,v 逗留，徘徊；拖延,/'lɪŋɡɚ/,/'lɪŋgə/,I spent a week at Kandersteg and could happily have lingered on.,我在坎德施泰格逗留了一个星期，本来还可以开开心心地多待几天。
en:tease:verb:1,tease,verb,逗乐，戏弄,v 逗乐，戏弄,/tiz/,/tiːz/,Don’t get upset. I was only teasing .,别生气，我只是在逗你玩。
en:fighter:noun:1,fighter,noun,战斗机；斗争者,n 战斗机；斗争者,,,He was shot down by enemy fighters.,他被敌军战斗机击落。
en:champion:noun:1,champion,noun,斗士；提倡者,n 斗士；提倡者,/'tʃæmpɪən/,/'tʃæmpɪən/,a champion of women’s rights,妇女权利捍卫者
en:insight:noun:1,insight,noun,洞察力；洞悉，见识,n 洞察力；洞悉，见识,/'ɪn'saɪt/,/'ɪnsaɪt/,a writer of great insight,有深刻洞察力的作家
en:cavity:noun:1,cavity,noun,洞，穴，空腔,n 洞，穴，空腔,/'kævəti/,/'kævɪtɪ/,Put herbs inside the body cavity of the fish.,把香草放进鱼肚里。
en:jelly:noun:1,jelly,noun,冻，果冻；胶状物,n 冻，果冻；胶状物,/'dʒɛli/,/'dʒelɪ/,raspberry jelly,山莓果冻
en:mobilize:verb:1,mobilize,verb,动员，动员起来,v 动员，动员起来,/'mobəlaɪz/,/'məʊbəlaɪz/,an attempt to mobilize popular opinion,鼓动公众舆论的尝试
en:grease:noun:1,grease,noun,动物脂，脂肪,n 动物脂，脂肪,/gris/,/griːs/,plates covered with grease,油腻的盘子
en:disturbance:noun:1,disturbance,noun,动乱；干扰,n 动乱；干扰,/dɪ'stɝbəns/,/dɪ'stɜːb(ə)ns/,There were disturbances in the crowd as fans left the stadium.,球迷离开体育场时，人群中发生了骚乱。
en:kinetic:adjective:1,kinetic,adjective,动力（学）的；活动的,adj 动力（学）的；活动的,/kɪ'nɛtɪk/,/kɪ'netɪk; kaɪ-/,kinetic energy,动能
en:orient:noun:1,orient,noun,东方；亚洲，远东,n 东方；亚洲，远东,/'orɪənt/,/'ɔːrɪənt; 'ɒr-/,orient express,东方快车
en:location:noun:1,location,noun,定位，测位,n 定位，测位,/lo'keʃən/,/lə(ʊ)'keɪʃ(ə)n/,The main problem for engineers was the location of underground rivers in the area.,工程师们面临的主要难题是要确定该地区地下河的位置。
en:theorem:noun:1,theorem,noun,定理；原理，原则,n 定理；原理，原则,/'θiərəm/,/'θɪərəm/,a mathematical theorem,数学定理
en:subscribe:verb:1,subscribe,verb,订购；认购；预订,v 订购；认购；预订,/səb'skraɪb/,/səb'skraɪb/,My main reason for subscribing to New Scientist is to keep abreast of advances in science.,我订阅《新科学家》的主要原因是要跟上科学的进步。
en:summit:noun:1,summit,noun,顶点，最高点；极度,n 顶点，最高点；极度,,,His election as President represented the summit of his career.,他当选总统意味着他到达了事业的顶峰。
en:sculpture:noun:2,sculpture,noun,雕刻品；雕刻（术）,n 雕刻品；雕刻（术）,/'skʌlptʃɚ/,/'skʌlptʃə/,a sculpture of an elephant,一尊大象雕塑
en:electronics:noun:1,electronics,noun,电子学,n 电子学,"/ɪ,lɛk'trɑnɪks/",/ɪlek'trɒnɪks; el-/,an electronics engineer,电子工程师
en:pressure:noun:1,pressure,noun,大气压力,n 大气压力,/'prɛʃɚ/,/'preʃə/,A ridge of high pressure is building up strongly over the Atlantic.,一个强大的高压脊正在大西洋上空形成。
en:capacitor:noun:1,capacitor,noun,电容器,n 电容器,/kə'pæsɪtɚ/,/kə'pæsɪtə/,The second resistor has been replaced by a capacitor.,第二个电阻已由一个电容所代替。
en:capacitance:noun:1,capacitance,noun,电容，电容量,n 电容，电容量,/kə'pæsətns/,/kə'pæsɪt(ə)ns/,distributed capacitance,[电]分布电容；[电]分散式电容
en:electrode:noun:1,electrode,noun,电极；电焊条,n 电极；电焊条,/ɪ'lɛktrod/,/ɪ'lektrəʊd/,The monkeys have electrodes implanted into the brain to measure their brain activity.,这些猴子的脑中植入了电极，以监测其大脑活动。
en:electrician:noun:1,electrician,noun,电工，电气技师,n 电工，电气技师,/ɪ'lɛk'trɪʃən/,"/,ɪlek'trɪʃ(ə)n; ,el-; ,iːl-/",The electrician refitted my old radio set.,电工将我的旧收音机加以改装。
en:telex:noun:1,telex,noun,电传，用户电报,n 电传，用户电报,/'tɛlɛks/,/'teleks/,He sent a telex to the British High Commission in Delhi.,他给德里的英国高级专员公署发了份电传。
en:kindle:verb:1,kindle,verb,点燃，着火,v 点燃，着火,/'kɪndl/,/'kɪnd(ə)l/,We watched as the fire slowly kindled.,我们看着火慢慢地燃烧起来。
en:geology:noun:2,geology,noun,地质学；（某地）地质,n 地质学；（某地）地质,/dʒɪ'ɑlədʒi/,/dʒɪ'ɒlədʒɪ/,He was visiting professor of geology at the University of Georgia.,他曾是佐治亚大学的地质学客座教授。
en:basement:noun:1,basement,noun,地下室；地窖；底层,n 地下室；地窖；底层,/'besmənt/,/'beɪsm(ə)nt/,They bought an old schoolhouse to live in and built a workshop in the basement.,他们买了座旧校舍居住，还在地下室建了个作坊。
en:geographical:adjective:1,geographical,adjective,地理的；地区（性）的,adj 地理的；地区（性）的,/dʒɪə'græfɪkl/,/dʒɪə'græfɪk(ə)l/,their geographical proximity to Japan (= nearness to Japan ),它们和日本相邻的地理位置
en:magistrate:noun:1,magistrate,noun,地方法官,n 地方法官,/'mædʒɪs'tret/,/'mædʒɪstrət; -streɪt/,She will face a local magistrate on Tuesday.,她将在星期二面见一位地方治安法官。
en:mortgage:noun:1,mortgage,noun,抵押贷款,n 抵押贷款；v 抵押,,,Your building society or bank will help arrange a mortgage.,你加入的购房互助协会或银行将会给你安排抵押贷款。
en:hostile:adjective:2,hostile,adjective,敌对的；不友好的,adj 敌对的；不友好的,/ˈhɑstəl/,/'hɒstaɪl/,Southampton fans gave their former coach a hostile reception.,南安普敦队的球迷对球队的前任教练很不友善。
en:whisper:verb:1,whisper,verb,低声地讲；私下说,v 低声地讲；私下说,/'wɪspɚ/,/'wɪspə/,"You don’t have to whisper, no one can hear us.",你不必轻声轻语，没人听得到我们说话。
en:underestimate:verb:2,underestimate,verb,低估，看轻,v 低估，看轻,/ˌʌndərˈestɪmeɪt/,/ʌndər'estɪmeɪt/,We underestimated how long it would take to get there.,我们低估了到那里所需的时间。
en:murmur:noun:1,murmur,noun,低沉连续的声音,n 低沉连续的声音,/'mɝmɚ/,/'mɜːmə/,The piano music mixes with the murmur of conversation.,钢琴的弹奏声混杂着低低的交谈声。
en:equivalent:adjective:1,equivalent,adjective,等面（体）积的,adj 等面（体）积的,/ɪ'kwɪvələnt/,/ɪ'kwɪv(ə)l(ə)nt/,equivalent circuit,等效电路
en:enroll:verb:1,enroll,verb,登记，招收，参军,v 登记，招收，参军,/ɪn'rol/,/ɪn'rəʊl/,You need to enroll before the end of August.,你必须在八月底前注册。
en:burner:noun:1,burner,noun,煤气头,n 煤气头,/'bɝnɚ/,/'bɜːnə/,gas burner,煤气灯，煤气喷灯；煤气炉
en:triumphant:adjective:1,triumphant,adjective,得胜的；得意洋洋的,adj 得胜的；得意洋洋的,/traɪ'ʌmfənt/,/traɪ'ʌmf(ə)nt/,the triumphant army,得胜的军队
en:clatter:noun:1,clatter,noun,得得声，卡嗒声,n 得得声，卡嗒声,/'klætɚ/,/'klætə/,the clatter of horses' hoofs,嗒嗒的马蹄声
en:morality:noun:1,morality,noun,道德，美德，品行,n 道德，美德，品行,/məˈræləti/,/məˈræləti/,the decline in standards of personal morality,个人道德标准的下降
en:theft:noun:1,theft,noun,盗窃，偷窃（行为）,n 盗窃，偷窃（行为）,/θɛft/,/θeft/,There have been a number of thefts in the area.,该地区发生了几宗偷窃案。
en:attendance:noun:1,attendance,noun,到场；出席人数,n 到场；出席人数,/ə'tɛndəns/,/ə'tend(ə)ns/,The doctor will have a record of her attendances.,医生会记录她的出诊次数。
en:between:adverb:1,between,adverb,当中，中间,adv 当中，中间,/bɪ'twin/,/bɪ'twiːn/,The house was near a park but there was a road in between.,房子在一处公园附近，但两者之间隔着一条马路。
en:yolk:noun:1,yolk,noun,蛋黄，卵黄,n 蛋黄，卵黄,/jok/,/jəʊk/,Only the yolk contains cholesterol.,只有蛋黄含胆固醇。
en:cartridge:noun:1,cartridge,noun,弹药筒,n 弹药筒,/'kɑrtrɪdʒ/,/'kɑːtrɪdʒ/,Only four of the five spent cartridges were recovered by police.,5个子弹壳中只有4个被警方收回。
en:detain:verb:1,detain,verb,扣押，拘留；耽搁,v 扣押，拘留；耽搁,/dɪ'ten/,/dɪ'teɪn/,Two suspects have been detained by the police for questioning .,两名嫌疑人被警方拘留审问。
en:simple:adjective:1,simple,adjective,单纯的；迟钝的,adj 单纯的；迟钝的,/'sɪmpl/,/'sɪmp(ə)l/,Completing the race is not just a simple matter of physical fitness.,跑完比赛不仅仅是纯粹的体力问题。
en:simplicity:noun:1,simplicity,noun,单纯，质朴,n 单纯，质朴,,,Mona wrote with a beautiful simplicity of style.,莫娜的文笔朴实优美。
en:fill:verb:1,fill,verb,担任（职务）；填补,v 担任（职务）；填补,/fɪl/,/fɪl/,Women fill 35% of senior management positions.,女性担任35%的高级管理职位。
en:jug:noun:1,jug,noun,带柄水罐，大壶,n 带柄水罐，大壶,/dʒʌɡ/,/dʒʌg/,a five-gallon jug of beer,五加仑装的啤酒罐
en:algebra:noun:1,algebra,noun,代数学,n 代数学,/'ældʒɪbrə/,/'ældʒɪbrə/,He was not good at algebra in middle school.,他中学时不擅长代数。
en:attorney:noun:1,attorney,noun,代理人；辩护律师,n 代理人；辩护律师,/ə'tɝni/,/ə'tɜːnɪ/,...a prosecuting attorney.,…一位公诉律师。
en:deputy:noun:1,deputy,noun,代理人,n 代理人；adj 副的,/'dɛpjuti/,/'depjʊtɪ/,the Deputy Secretary of State,助理国务卿
en:representative:adjective:1,representative,adjective,代表性的；代议制的,adj 代表性的；代议制的,/'rɛprɪ'zɛntətɪv/,/reprɪ'zentətɪv/,The latest incident is representative of a wider trend.,最近发生的事件代表了一个更大的趋势。
en:delegate:noun:1,delegate,noun,代表，委员，特派员,n 代表，委员，特派员,"/ˈdɛləgɪt; (for v.,) ˈdɛləˌgeɪt/","/ˈdɛlɪˌɡeɪt; -ɡɪt; (for v.,) ˈdɛlɪˌɡeɪt/",Around 350 delegates attended the conference.,大约有350名代表参加了大会。
en:gorilla:noun:1,gorilla,noun,大猩猩,n 大猩猩,/ɡə'rɪlə/,/gə'rɪlə/,,
en:magnitude:noun:1,magnitude,noun,重大；星等,n 重大；星等,/'mæɡnɪtud/,/'mægnɪtjuːd/,an increase of this order of magnitude,如此大幅度的增长
en:massacre:noun:1,massacre,noun,大屠杀，残杀,n 大屠杀，残杀,/'mæsəkɚ/,/'mæsəkə/,the only survivor of the massacre,这场大屠杀的唯一幸存者
en:stride:verb:1,stride,verb,大踏步走,v 大踏步走；n 大步,/straɪd/,/straɪd/,He strode toward her.,他大步向她走去。
en:embassy:noun:1,embassy,noun,大使馆；大使的职务,n 大使馆；大使的职务,/'ɛmbəsi/,/'embəsɪ/,the American Embassy in Paris,美国驻巴黎大使馆
en:ambassador:noun:1,ambassador,noun,大使，使节,n 大使，使节,/æm'bæsədɚ/,/æm'bæsədə/,the US ambassador to Spain,美国驻西班牙大使
en:mansion:noun:1,mansion,noun,大厦，大楼；宅第,n 大厦，大楼；宅第,/'mænʃən/,/'mænʃ(ə)n/,a beautiful country mansion,漂亮的乡村宅第
en:multitude:noun:1,multitude,noun,大批，大群；大量,n 大批，大群；大量,"/ˈmʌltɪˌtud, -ˌtjud/",/'mʌltɪtjuːd/,I had never seen such a multitude of stars before.,我以前从未见过这么多的星星。
en:barley:noun:1,barley,noun,大麦,n 大麦,/'bɑrli/,/'bɑːlɪ/,...fields of ripening wheat and barley.,…快要成熟的小麦和大麦田。
en:continental:adjective:1,continental,adjective,大陆的，大陆性的,adj 大陆的，大陆性的,"/,kɑntɪ'nɛntl/",/kɒntɪ'nent(ə)l/,the warming-up of continental interiors,内陆地区的变暖
en:infinity:noun:1,infinity,noun,无穷大,n 无穷大,/ɪn'fɪnəti/,/ɪn'fɪnɪtɪ/,"In the equation below, as E goes to zero, n approaches infinity.",在下面的方程式中，E趋向于零时，n接近无穷大。
en:steak:noun:1,steak,noun,大块牛肉；牛排,n 大块牛肉；牛排,/stek/,/steɪk/,...a steak sizzling on the grill.,…一块儿在烤架上滋滋作响的牛排。
en:butt:noun:1,butt,noun,大酒桶，桶,n 大酒桶，桶,/bʌt/,/bʌt/,a rainwater butt,接雨水的大桶
en:largely:adverb:1,largely,adverb,主要地,adv 主要地,/'lɑrdʒli/,/'lɑːdʒlɪ/,The state of Nevada is largely desert.,内华达州大部分是沙漠。
en:widely:adverb:1,widely,adverb,大大地,adv 大大地,/'waɪdli/,/'waɪdlɪ/,The quality of the applicants varies widely.,申请人的素质差异很大。
en:prairie:noun:1,prairie,noun,大草原，牧场,n 大草原，牧场,/'prɛri/,/'preərɪ/,Andrew traversed the prairie on horseback.,安德鲁骑马穿越大草原。
en:smash:verb:1,smash,verb,打碎，打破，粉碎,v 打碎，打破，粉碎,/smæʃ/,/smæʃ/,Vandals had smashed all the windows.,破坏分子打碎了所有的窗子。
en:sneeze:verb:1,sneeze,verb,打喷嚏,v 打喷嚏,/sniz/,/sniːz/,She started coughing and sneezing.,她开始咳嗽、打喷嚏。
en:lighter:noun:1,lighter,noun,打火机，引燃器,n 打火机，引燃器,/'laɪtɚ/,/'laɪtə/,a cigarette lighter,香烟打火机
en:snore:verb:1,snore,verb,打鼾，打呼噜,v 打鼾，打呼噜,/snɔr/,/snɔː/,He could hear the old man snoring.,他听到老人在打鼾。
en:thresh:verb:1,thresh,verb,打谷，脱粒,v 打谷，脱粒,/θrɛʃ/,/θreʃ/,"The grain was still sown, cut and threshed as it was a hundred years ago.",谷物的播种、收割、脱粒方法还和一百年前一样。
en:forge:verb:2,forge,verb,打（铁等），锻造,v 打（铁等），锻造,/fɔrdʒ/,/fɔːdʒ/,swords forged from steel,用钢锻造的刀剑
en:passport:noun:1,passport,noun,达到目的的手段,n 达到目的的手段,/'pæspɔrt/,/'pɑːspɔːt/,The only passport to success is hard work.,获得成功的唯一途径就是艰苦奋斗。
en:inaccessible:adjective:1,inaccessible,adjective,达不到的，难接近的,adj 达不到的，难接近的,"/,ɪnæk'sɛsəbl/",/ɪnək'sesɪb(ə)l/,"In winter, the villages are inaccessible by road.",冬天时，进入这些村子的路很难走。
en:frustrate:verb:2,frustrate,verb,挫败,v 挫败,/'frʌstret/,/frʌ'streɪt; 'frʌs-/,Their attempts to speak to him were frustrated by the guards.,他们想跟他说话，但被警卫拦住了。
en:latent:adjective:1,latent,adjective,存在但看不见的,adj 存在但看不见的,/'letnt/,/'leɪt(ə)nt/,The virus remains latent in the body for many years.,这种病毒会在体内潜伏许多年。
en:frail:adjective:1,frail,adjective,脆弱的,adj 脆弱的,/frel/,/freɪl/,Human nature is frail.,人性脆弱。
en:fragile:adjective:1,fragile,adjective,脆弱的；体质弱的,adj 脆弱的；体质弱的,/'frædʒəl/,/'frædʒaɪl/,The economy remains extremely fragile.,经济仍然极其脆弱。
en:crisp:adjective:1,crisp,adjective,脆的,adj 脆的,/krɪsp/,/krɪsp/,a crisp green salad,脆爽的蔬菜色拉
en:catalyst:noun:1,catalyst,noun,催化剂；刺激因素,n 催化剂；刺激因素,/'kætəlɪst/,/'kæt(ə)lɪst/,They hope his election will act as a catalyst for reform.,他们希望他的当选会成为改革的催化剂。
en:promotion:noun:2,promotion,noun,促进；提升,n 促进；提升,/prə'moʃən/,/prə'məʊʃn/,a society for the promotion of religious tolerance,一个促进宗教包容的团体
en:reckless:adjective:2,reckless,adjective,粗心大意的；鲁莽的,adj 粗心大意的；鲁莽的,/'rɛkləs/,/'reklɪs/,He was accused of causing death by reckless driving .,他被控因鲁莽驾驶致人死亡。
en:vulgar:adjective:1,vulgar,adjective,粗俗的，庸俗的,adj 粗俗的，庸俗的,/'vʌlɡɚ/,/'vʌlgə/,vulgar behaviour,粗俗的行为
en:massive:adjective:1,massive,adjective,粗大的；大而重的,adj 粗大的；大而重的,/'mæsɪv/,/'mæsɪv/,"The bell is massive, weighing over 40 tons.",那口钟非常大，有40多吨重。
en:harsh:adjective:2,harsh,adjective,粗糙的；严厉的,adj 粗糙的；严厉的,/hɑrʃ/,/hɑːʃ/,My skin is quite sensitive and I find some soaps too harsh.,我的皮肤很敏感，我觉得有些肥皂刺激性太强。
en:jungle:noun:1,jungle,noun,丛林，密林，莽丛,n 丛林，密林，莽丛,/'dʒʌŋɡl/,/'dʒʌŋg(ə)l/,the Amazon jungle,亚马孙丛林
en:follow:verb:1,follow,verb,从事（职业），经营,v 从事（职业），经营,/'fɑlo/,/'fɒləʊ/,follow up,跟踪；坚持完成；继续做某事
en:overflow:verb:1,overflow,verb,从…中溢出,v 从…中溢出,"/,ovɚ'flo/",/əʊvə'fləʊ/,The drains flooded and water overflowed down the main street.,下水道被淹，水溢到了大街上。
en:smart:verb:1,smart,verb,刺疼，扎疼，剧痛,v 刺疼，扎疼，剧痛,/smɑrt/,/smɑːt/,My eyes were smarting with the smoke.,我的眼睛被烟熏得发痛。
en:prick:verb:1,prick,verb,刺（穿）,v 刺（穿）；n 刺痛,/prɪk/,/prɪk/,Prick the sausages before you grill them.,烤之前把香肠戳孔。
en:thereafter:adverb:1,thereafter,adverb,此后，以后,adv 此后，以后,"/,ðɛr'æftɚ/",/ðeər'ɑːftə/,"10,000 men had volunteered by the end of September; thereafter, approximately 1,000 men enlisted each month.","到9月底时已有10,000人志愿参军，此后，每个月差不多有1,000人应征入伍。"
en:magnetism:noun:1,magnetism,noun,磁；魅力,n 磁；魅力,/'mægnə'tɪzəm/,/'mægnɪtɪz(ə)m/,...his research in electricity and magnetism.,…他在电、磁领域的研究。
en:porcelain:noun:1,porcelain,noun,瓷,n 瓷；adj 瓷的，瓷制的,/ˈpɔrsələn/,/'pɔːs(ə)lɪn/,a porcelain vase,瓷花瓶
en:initial:adjective:2,initial,adjective,词首的,adj 词首的,/ɪ'nɪʃəl/,/ɪ'nɪʃəl/,initial stage,原始期
en:glossary:noun:1,glossary,noun,词汇表；术语汇编,n 词汇表；术语汇编,/'ɡlɑsəri/,/'glɒs(ə)rɪ/,A glossary of terms is included for the reader's convenience.,为了方便读者，还收录了术语汇编。
en:vocabulary:noun:1,vocabulary,noun,词汇表，词汇汇编,n 词汇表，词汇汇编,/və'kæbjəlɛri/,/və(ʊ)'kæbjʊlərɪ/,grammar and vocabulary,语法与词汇
en:stem:noun:1,stem,noun,词干,n 词干,/stɛm/,/stem/,"‘Writ ’ is the stem of the forms ‘writes ’, ‘writing ’ and ‘written ’.",writ是writes、writing和written三个词的词干。
en:poke:verb:1,poke,verb,戳，刺；伸（头等）,v 戳，刺；伸（头等）,/pok/,/pəʊk/,Andy poked the fish with his finger to see if it was still alive.,安迪用手指戳了戳那条鱼，看它是否还活着。
en:lipstick:noun:1,lipstick,noun,唇膏，口红,n 唇膏，口红,/'lɪpstɪk/,/'lɪpstɪk/,She was wearing red lipstick.,她涂着红色唇膏。
en:stainless:adjective:1,stainless,adjective,不锈的；纯洁的,adj 不锈的；纯洁的,/ˈsteɪnlɪs/,/'steɪnlɪs/,stainless steel,不锈钢
en:sheer:adjective:2,sheer,adjective,纯粹的；全然的,adj 纯粹的；全然的,/ʃɪr/,/ʃɪə/,The concert was sheer delight.,这场音乐会是一次十足的享受。
en:perpendicular:adjective:1,perpendicular,adjective,垂直的,adj 垂直的,/'pɝpən'dɪkjəlɚ/,"/,pɜːp(ə)n'dɪkjʊlə/",a perpendicular line,垂直线
en:author:noun:1,author,noun,创造者，创始人,n 创造者，创始人,/'ɔθɚ/,/'ɔːθə/,the author of the state reforms,州政府改革的发起者
en:innovation:noun:2,innovation,noun,创新，改革；新设施,n 创新，改革；新设施,"/,ɪnə'veʃən/",/ˌɪnəˈveɪʃn/,We must encourage innovation if the company is to remain competitive.,公司要想保持竞争力，就必须鼓励革新。
en:initiative:noun:2,initiative,noun,倡议；新方案,n 倡议；新方案,/ɪ'nɪʃətɪv/,/ɪ'nɪʃɪətɪv; -ʃə-/,a United Nations peace initiative,联合国的和平倡议
en:puff:verb:1,puff,verb,喘气；喷（烟等）,v 喘气；喷（烟等）,/pʌf/,/pʌf/,George puffed and panted and he tried to keep up.,乔治喘着粗气想跟上。
en:shipwreck:noun:1,shipwreck,noun,船舶失事,n 船舶失事,/'ʃɪprɛk/,/'ʃɪprek/,survivors of the shipwreck,此次海难的幸存者
en:report:noun:1,report,noun,传说，议论,n 传说，议论,/rɪ'pɔrt/,/rɪ'pɔːt/,Government officials have denied reports of rebel advances.,政府官员否认了有关叛军正在推进的传言。
en:infectious:adjective:2,infectious,adjective,传染的；感染性的,adj 传染的；感染性的,/ɪn'fɛkʃəs/,/ɪn'fekʃəs/,infectious diseases,传染性疾病
en:romance:noun:1,romance,noun,传奇；浪漫文学,n 传奇；浪漫文学,/ro'mæns/,/rə(ʊ)'mæns; 'rəʊmæns/,a Medieval romance,中世纪的传奇故事
en:herald:noun:1,herald,noun,传令官；通报者,n 传令官；通报者,/'hɛrəld/,/'her(ə)ld/,international herald tribune,国际前锋论坛报
en:missionary:noun:1,missionary,noun,传教士,n 传教士,/'mɪʃənɛri/,/'mɪʃ(ə)n(ə)rɪ/,My mother would still like me to be a missionary in Africa.,我母亲还是想让我在非洲做一名传教士。
en:sensor:noun:1,sensor,noun,传感器，灵敏元件,n 传感器，灵敏元件,/'sɛnsɚ/,/'sensə/,The latest Japanese vacuum cleaners contain sensors that detect the amount of dust and type of floor.,日本最新款吸尘器装有传感器，能测出灰尘量和地板类型。
en:circular:noun:1,circular,noun,传单，通报，通函,n 传单，通报，通函,/'sɝkjəlɚ/,/'sɜːkjʊlə/,"The proposal has been widely publicized in press information circulars sent to 1,800 newspapers.",通过向1800份报纸发送新闻通告，这项提议得到了广泛地宣传。
en:leaflet:noun:1,leaflet,noun,传单,n 传单,/'liflət/,/ˈliːflət/,a leaflet on skin cancer,有关皮肤癌的宣传页
en:convey:verb:1,convey,verb,传达；传播；转让,v 传达；传播；转让,/kən've/,/kən'veɪ/,All this information can be conveyed in a simple diagram.,所有这些信息可以通过一张简单的图表来表示。
en:pierce:verb:2,pierce,verb,穿透，戳穿,v 穿透，戳穿,/pɪrs/,/pɪəs/,Steam the corn until it can easily be pierced with a fork.,把玉米蒸到用叉子可以轻易扎透。
en:penetration:noun:1,penetration,noun,穿入；渗透,n 穿入；渗透,"/,pɛnɪ'treʃən/",/penɪ'treɪʃ(ə)n/,The floor is sealed to prevent water penetration.,地板加了密封涂料防止渗水。
en:antenna:noun:1,antenna,noun,触角；天线,n 触角；天线,/æn'tɛnə/,/æn'tenə/,The minister was praised for his acute political antennae (= ability to understand complicated political situations) .,这位部长以政治触觉敏锐而为人称道。
en:virgin:noun:1,virgin,noun,处女,n 处女；adj 处女的,/'vɝdʒɪn/,/'vɜːdʒɪn/,I was a virgin until I was thirty years old.,我到30岁时还是个处女。
en:transaction:noun:1,transaction,noun,交易；处理,n 交易；处理,/træn'zækʃən/,/træn'zækʃ(ə)n; trɑːn-; -'sæk-/,The bank charges a fixed rate for each transaction.,银行对每一笔业务收取固定费用。
en:penalty:noun:2,penalty,noun,处罚，刑罚，罚款,n 处罚，刑罚，罚款,/'pɛnəlti/,/'pen(ə)ltɪ/,No littering. Penalty $500.,禁止乱扔垃圾。 违者罚款500美元。
en:exclusive:adjective:1,exclusive,adjective,除外的,adj 除外的,/ɪk'sklusɪv/,/ɪk'skluːsɪv; ek-/,Our prices are exclusive of sales tax.,我们的价格不包括销售税。
en:notorious:adjective:1,notorious,adjective,臭名昭著的,adj 臭名昭著的,/no'tɔrɪəs/,/nə(ʊ)'tɔːrɪəs/,a notorious computer hacker,声名狼藉的电脑黑客
en:scandal:noun:2,scandal,noun,丑事，丑闻；耻辱,n 丑事，丑闻；耻辱,/'skændl/,/'skænd(ə)l/,It caused quite a scandal when he left his wife.,他离开妻子成了一大丑闻。
en:specimen:noun:1,specimen,noun,抽样，样品,n 抽样，样品,/'spɛsəmən/,/'spesɪmɪn/,a blood specimen,血样
en:extraction:noun:1,extraction,noun,抽出；提取法,n 抽出；提取法,/ɪk'strækʃən/,/ɪk'strækʃ(ə)n; ek-/,the extraction of salt from seawater,从海水中提取盐
en:adore:verb:1,adore,verb,崇拜，爱慕；很喜欢,v 崇拜，爱慕；很喜欢,/ə'dɔr/,/ə'dɔː/,It's obvious that she adores him.,她显然深深地爱着他。
en:worship:verb:2,worship,verb,崇拜；做礼拜,v 崇拜；做礼拜,/'wɝʃɪp/,/'wə:ʃip/,He absolutely worships her.,他太崇拜她了。
en:bug:noun:1,bug,noun,虫子；臭虫,n 虫子；臭虫,/bʌɡ/,/bʌg/,We noticed tiny bugs that were all over the walls.,我们发现墙上爬满了小虫。
en:punch:verb:1,punch,verb,打孔,v 打孔；n 冲压机,,/pʌn(t)ʃ/,The guard punched my ticket and I got on.,守卫在我的票上打孔后，我就上去了。
en:strife:noun:1,strife,noun,冲突，竞争,n 冲突，竞争,/straɪf/,/straɪf/,a time of political strife,政治纷争四起的时代
en:equator:noun:1,equator,noun,赤道，天球赤道,n 赤道，天球赤道,/ɪ'kwetɚ/,/ɪ'kweɪtə/,a small village near the equator,赤道附近的小村庄
en:gear:noun:1,gear,noun,齿轮，传动装置,n 齿轮，传动装置,/ɡɪr/,/gɪə/,Careless use of the clutch may damage the gears.,离合器使用不慎可能会损坏传动装置。
en:persist:verb:1,persist,verb,持续，存留,v 持续，存留,/pɚ'sɪst/,/pə'sɪst/,"If the pain persists, you must see a doctor.",如果一直痛，你就必须去看医生了。
en:breakfast:verb:1,breakfast,verb,吃早餐,v 吃早餐,/'brɛkfəst/,/'brekfəst/,All the ladies breakfasted in their rooms.,所有女士在她们房间里用了早餐。
en:dine:verb:1,dine,verb,吃饭,v 吃饭,/daɪn/,/daɪn/,He was dining with friends at the Ritz.,他和朋友在里茨饭店一起进餐。
en:proceeding:noun:1,proceeding,noun,程序，行动，事项,n 程序，行动，事项,/prə'sidɪŋ/,/prəʊ'siːdɪŋ/,The proceedings of the inquiry will take place in private.,调查行动将秘密进行。
en:length:noun:1,length,noun,长度,n 长度,/[leŋθ]/,/leŋθ/,It is about a metre in length.,它大约有一米长。
en:acknowledge:verb:1,acknowledge,verb,承认；告知收到,v 承认；告知收到,/ək'nɑlɪdʒ/,/ək'nɒlɪdʒ/,The family acknowledge the need for change.,全家人都承认需要改变一下。
en:shoulder:verb:1,shoulder,verb,承担；挑起,v 承担；挑起,/'ʃoldɚ/,/'ʃəʊldə/,The residents are being asked to shoulder the costs of the repairs.,居民们被要求承担这笔修理费用。
en:integrity:noun:2,integrity,noun,诚实，正直,n 诚实，正直,/ɪn'tɛɡrəti/,/ɪn'tegrɪtɪ/,I have always regarded him as a man of integrity.,我一直把他当作一个正直诚实的人。
en:offer:verb:1,offer,verb,出现,v 出现,/'ɔfɚ/,/'ɒfə/,I’ll raise the subject when a suitable occasion offers itself.,等有合适的机会，我会把这件事提出来的。
en:membership:noun:1,membership,noun,成员资格；会员人数,n 成员资格；会员人数,/'mɛmbɚʃɪp/,/'membəʃɪp/,You should carry your membership card with you at all times.,你应该随身携带会员卡。
en:systematic:adjective:1,systematic,adjective,成体系的,adj 成体系的,/'sɪstə'mætɪk/,/sɪstə'mætɪk/,a systematic approach to solving the problem,系统解决问题的办法
en:kit:noun:1,kit,noun,成套工具；用具包,n 成套工具；用具包,,/kɪt/,Sally keeps her make-up kit in her bag.,萨莉把化妆包放在手提包里。
en:commend:verb:1,commend,verb,称赞，表扬；推荐,v 称赞，表扬；推荐,/kə'mɛnd/,/kə'mend/,The paper was highly commended in the UK Press Awards.,该报获得了“英国新闻奖”的高度褒奖。
en:brood:verb:1,brood,verb,沉思，郁闭地沉思,v 沉思，郁闭地沉思,/brud/,/bruːd/,Don’t sit at home brooding all day.,别整天坐在家里闷闷不乐的。
en:muse:verb:1,muse,verb,沉思，默想，冥想,v 沉思，默想，冥想,/mjuz/,/mjuːz/,"He mused on how different his life would have been, had he not met Louisa.",他默默地想，如果没有遇到路易莎，他的人生会有多么不同。
en:meditate:verb:1,meditate,verb,沉思；冥想,v 沉思；冥想,/'mɛdɪtet/,/'medɪteɪt/,"She sat quietly, meditating on the day’s events.",她静静地坐着，思考着这一天发生的事。
en:hush:noun:1,hush,noun,沉默,n 沉默；int 嘘！,/hʌʃ/,/hʌʃ/,A sudden hush fell over the crowd.,人群突然变得鸦雀无声。
en:immerse:verb:1,immerse,verb,沉浸；给…施洗礼,v 沉浸；给…施洗礼,/ɪ'mɝs/,/ɪ'mɜːs/,She immersed herself in her work.,她埋头工作。
en:repeal:verb:1,repeal,verb,撤销,v 撤销,/rɪ'pil/,/rɪ'piːl/,The government has just repealed the law segregating public facilities.,政府刚刚废除了隔离公共设施的法令。
en:lathe:noun:1,lathe,noun,车床,n 车床；v 用车床加工,/leð/,/leɪð/,cnc lathe,计算机数控车床
en:row:noun:1,row,noun,吵架，口角,n 吵架，口角,/ro/,/rəʊ/,a family row,家庭争吵
en:mock:verb:1,mock,verb,嘲弄，挖苦,v 嘲弄，挖苦,/mɑk/,/mɒk/,Opposition MPs mocked the government’s decision.,反对党议员讥笑政府的这一决策。
en:reign:noun:1,reign,noun,（某君主的）统治时期,n （某君主的）统治时期,/ren/,/reɪn/,changes that took place during Charlemagne’s reign,查理曼大帝统治时期的变革
en:supersonic:adjective:1,supersonic,adjective,超声的，超声速的,adj 超声的，超声速的,"/,supɚ'sɑnɪk/",/suːpə'sɒnɪk; sjuː-/,supersonic aircraft,超音速飞机
en:ultrasonic:adjective:1,ultrasonic,adjective,超声的,adj 超声的；n 超声波,"/,ʌltrə'sɑnɪk/",/ʌltrə'sɒnɪk/,ultrasonic waves,超声波
en:surpass:verb:2,surpass,verb,超过，超越，胜过,v 超过，超越，胜过,/sə'pæs/,/sə'pɑːs/,He had surpassed all our expectations .,他超越了我们所有的预期。
en:nickname:noun:1,nickname,noun,绰号，诨号,n 绰号，诨号,/'nɪk'nem/,/'nɪkneɪm/,Stephen earned himself the nickname Hawkeye.,斯蒂芬得了个“鹰眼”的绰号。
en:waggon:noun:1,waggon,noun,敞蓬车厢,n 敞蓬车厢,/'wægən/,/'wæɡən/,,
en:spectacle:noun:2,spectacle,noun,场面，景象；奇观,n 场面，景象；奇观,/'spɛktəkl/,/'spektək(ə)l/,a multimedia dance and opera spectacle,盛大的多媒体舞蹈戏剧表演
en:resident:noun:2,resident,noun,常住者,n 常住者,,,the residents of Westville,韦斯特维尔的居民
en:haunt:verb:1,haunt,verb,（鬼魂）经常出没,v （鬼魂）经常出没,/hɔnt/,/hɔːnt/,The pub is said to be haunted by the ghost of a former landlord.,据说这个酒吧里经常有一位前任房主的鬼魂出没。
en:visit:verb:1,visit,verb,拜访,v 拜访,/'vɪzɪt/,/'vɪzɪt/,Eric went to Seattle to visit his cousins.,埃里克到西雅图去看望他的表兄弟。
en:frequent:adjective:1,frequent,adjective,常见的；频繁的,adj 常见的；频繁的,/'frikwənt/,/'friːkw(ə)nt/,Trains rushed past at frequent intervals.,火车频频驶过。
en:shovel:noun:1,shovel,noun,铲，铁铲,n 铲，铁铲；v 铲,/'ʃʌvl/,/'ʃʌv(ə)l/,...a coal shovel.,…一把煤铲。
en:toad:noun:1,toad,noun,蟾蜍，癞蛤蟆,n 蟾蜍，癞蛤蟆,/tod/,/təʊd/,"Toads have drier, lumpier skins than frogs and spend less time in the water.",蟾蜍的皮比青蛙干燥，疙瘩也更多，呆在水中的时间比青蛙少。
en:diesel:noun:1,diesel,noun,柴油发动机，内燃机,n 柴油发动机，内燃机,/'dizl/,/'diːz(ə)l/,Our new car is a diesel.,我们的新车是柴油车。
en:errand:noun:1,errand,noun,差使，差事,n 差使，差事,,,I seemed to spend my life running errands for people.,我好像一辈子都在为别人跑腿。
en:ascertain:verb:1,ascertain,verb,查明，确定，弄清,vt 查明，确定，弄清,,,A postmortem was ordered to try to ascertain the cause of death.,下令验尸以查明死因。
en:horizon:noun:1,horizon,noun,地平线,n 地平线,/hə'raɪzn/,/hə'raɪz(ə)n/,We could see a ship on the horizon.,我们能看见地平线上有一艘船。
en:tactics:noun:1,tactics,noun,战术，兵法,n 战术，兵法,/'tæktɪks/,/'tæktɪks/,,
en:grassy:adjective:1,grassy,adjective,草多的,adj 草多的,/'ɡræsi/,/'grɑːsɪ/,a grassy bank,长满青草的河岸
en:herb:noun:1,herb,noun,草本植物；香草,n 草本植物；香草,/ɝb/,/hɜːb/,Sprinkle the dish with chopped fresh herbs.,在菜肴上撒些切碎的新鲜香草。
en:groove:noun:1,groove,noun,槽,n 槽,/ɡruv/,/gruːv/,The bolt slid easily into the groove.,插销顺畅地滑入凹槽。
en:manipulate:verb:2,manipulate,verb,操作；操纵，控制,v 操作；操纵，控制,/mə'nɪpjulet/,/mə'nɪpjʊleɪt/,software designed to store and manipulate data,用于存储和处理数据的软件
en:hatch:verb:2,hatch,verb,策划；密谋,v 策划；密谋,/hætʃ/,/hætʃ/,Have you been hatching up a deal with her?,你是不是在和她密谋什么交易？
en:warehouse:noun:1,warehouse,noun,仓库，货栈,n 仓库，货栈,/'wɛrhaʊs/,/'weəhaʊs/,The goods have been sitting in a warehouse for months because a strike has prevented distribution.,因为罢工无法发货，货物已经堆在仓库里好几个月了。
en:cruelty:noun:1,cruelty,noun,残酷；残酷行为,n 残酷；残酷行为,/'krʊəlti/,/'krʊəltɪ/,The children had suffered cruelty and neglect.,这些孩子遭受虐待，无人照管。
en:napkin:noun:1,napkin,noun,餐巾（纸）,n 餐巾（纸）,/'næpkɪn/,/'næpkɪn/,...taking tiny bites of a hot dog and daintily wiping my lips with a napkin.,…小口咬着热狗并用餐巾文雅地擦着我的嘴唇。
en:participate:verb:1,participate,verb,参与,v 参与,/pɑr'tɪsə'pet/,/pɑː'tɪsɪpeɪt/,Some members refused to participate.,有些会员拒绝参加。
en:senator:noun:1,senator,noun,参议员,n 参议员,/'sɛnətɚ/,/'senətə/,Senator Kennedy,肯尼迪参议员
en:reference:noun:1,reference,noun,参考文献；参照物,n 参考文献；参照物,/'rɛfrəns/,/'ref(ə)r(ə)ns/,a comprehensive list of references,详尽的参考书目清单
en:participant:noun:1,participant,noun,参加者,n 参加者,/pɑr'tɪsəpənt/,/pɑː'tɪsɪp(ə)nt/,an active participant in the negotiations,积极参与谈判的人
en:spectator:noun:1,spectator,noun,参观者，观众,n 参观者，观众,/'spɛktetɚ/,/spek'teɪtə/,"The match attracted over 40,000 spectators.",这场比赛吸引了四万多名观众。
en:parameter:noun:1,parameter,noun,参（变）数；参量,n 参（变）数；参量,/pə'ræmɪtɚ/,/pə'ræmɪtə/,...some of the parameters that determine the taste of a wine.,…一些决定葡萄酒味道的参数。
en:recipe:noun:2,recipe,noun,菜谱，烹饪法,n 菜谱，烹饪法,/'rɛsəpi/,/'resɪpɪ/,a recipe book,一本烹饪书
en:assumption:noun:2,assumption,noun,假定,n 假定,/ə'sʌmpʃən/,/ə'sʌm(p)ʃ(ə)n/,A lot of people make the assumption that poverty only exists in the Third World.,许多人以为贫困仅仅存在于第三世界。
en:rule:verb:1,rule,verb,裁决，裁定,v 裁决，裁定,/rul/,/ruːl/,The judge ruled that she should have custody of the children.,法官判定孩子的监护权归她。
en:substance:noun:2,substance,noun,内容，本旨；财产,n 内容，本旨；财产,/'sʌbstəns/,/'sʌbst(ə)ns/,The substance of his argument was that people on welfare should work.,他论点的主旨是享受社会福利的人应该去工作。
en:friction:noun:1,friction,noun,摩擦,n 摩擦,/'frɪkʃən/,/'frɪkʃ(ə)n/,"Check your rope frequently, as friction against the rock can wear it away.",要经常检查绳索，因为与岩石摩擦会使它磨损。
en:sermon:noun:1,sermon,noun,布道，讲道；说教,n 布道，讲道；说教,/'sɝmən/,/'sɜːmən/,The vicar gave a sermon on charity.,牧师作了一次关于仁爱的布道。
en:absent:adjective:1,absent,adjective,不在的,adj 不在的,/ˈæbsənt/,/'æbs(ə)nt/,students who are regularly absent from school,经常缺课的学生
en:disagreement:noun:1,disagreement,noun,争论；不一致,n 争论；不一致,"/,dɪsə'ɡrimənt/",/dɪsə'ɡriːmənt/,"We’ve had a few disagreements , but we’re still good friends.",虽然有过一些分歧，但我们仍是好朋友。
en:awkward:adjective:2,awkward,adjective,令人尴尬的,adj 令人尴尬的,/'ɔkwɚd/,/'ɔːkwəd/,I hoped he would stop asking awkward questions .,我希望他不要再问令人难堪的问题。
en:immortal:adjective:1,immortal,adjective,不朽的；永生的,adj 不朽的；永生的,/ɪ'mɔrtl/,/ɪ'mɔːt(ə)l/,Plato believed that the soul is immortal.,柏拉图认为灵魂不灭。
en:wretched:adjective:1,wretched,adjective,不幸的,adj 不幸的,/'rɛtʃɪd/,/'retʃɪd/,"the poor, wretched girl",极其不幸的可怜姑娘
en:misfortune:noun:2,misfortune,noun,不幸，灾祸，灾难,n 不幸，灾祸，灾难,/'mɪs'fɔrtʃən/,/mɪs'fɔːtʃuːn; -tʃ(ə)n/,It seems the banks always profit from farmers’ misfortunes.,银行似乎总是从农民的不幸中获益。
en:incompatible:adjective:1,incompatible,adjective,不相容的,adj 不相容的,"/,ɪnkəm'pætəbl/",/ɪnkəm'pætɪb(ə)l/,Politeness and truth are often mutually incompatible.,礼貌和实话往往互不相容。
en:instability:noun:1,instability,noun,不稳定性,n 不稳定性,"/,ɪnstə'bɪləti/",/ɪnstə'bɪlɪtɪ/,the instability of the market,市场的变化无常
en:incomplete:adjective:1,incomplete,adjective,不完全的，未完成的,adj 不完全的，未完成的,/'ɪnkəm'plit/,/ɪnkəm'pliːt/,"Unfortunately, I do not have the information because our records are incomplete.",很遗憾，由于我们的记录不完整，我无法提供有关资料。
en:stuffy:adjective:1,stuffy,adjective,不透气的，闷热的,adj 不透气的，闷热的,/'stʌfi/,/'stʌfɪ/,It’s getting stuffy in here – do you mind if I open the window?,这里越来越闷了，我开开窗行吗？
en:opaque:adjective:1,opaque,adjective,不透明的,adj 不透明的,/o'pek/,/ə(ʊ)'peɪk/,a shower with an opaque glass door,装有不透明玻璃门的淋浴间
en:improper:adjective:1,improper,adjective,不适当的；不合理的,adj 不适当的；不合理的,/ɪm'prɑpɚ/,/ɪm'prɒpə/,It would be improper of me to comment before the election outcome is known.,在选举结果未知的情况下我作出评论是不恰当的。
en:dissatisfaction:noun:1,dissatisfaction,noun,不满，不平,n 不满，不平,/dɪs'sætɪs'fækʃən/,/dɪssætɪs'fækʃn/,30% of customers expressed dissatisfaction with the service.,30%的顾客对服务表示不满意。
en:watertight:adjective:1,watertight,adjective,不漏水的，防水的,adj 不漏水的，防水的,/'wɔtɚtaɪt/,/'wɔːtətaɪt/,a watertight container,不漏水的容器
en:inevitably:adverb:1,inevitably,adverb,不可避免地,adv 不可避免地,/ɪn'ɛvɪtəbli/,/ɪ'nevɪtəblɪ; ɪn'evɪtəblɪ/,The decision will inevitably lead to political tensions.,该决定必然导致政治局势的紧张。
en:irrespective:adjective:1,irrespective,adjective,不考虑的，不顾的,adj 不考虑的，不顾的,"/,ɪrɪ'spɛktɪv/",/ɪrɪ'spektɪv/,"The course is open to anyone, irrespective of age.",这门课任何人都可参加，没有年龄限制。
en:inaccurate:adjective:1,inaccurate,adjective,不精密的，不准确的,adj 不精密的，不准确的,/ɪn'ækjərət/,/ɪn'ækjʊrət/,A lot of what has been written about him is inaccurate.,关于他的文字描述有大量失实之处。
en:unreasonable:adjective:1,unreasonable,adjective,不讲道理的；过高的,adj 不讲道理的；过高的,/ʌn'riznəbl/,/ʌn'riːz(ə)nəb(ə)l/,I think he’s being unreasonable.,我认为他是在无理取闹。
en:undesirable:adjective:1,undesirable,adjective,不合需要的；讨厌的,adj 不合需要的；讨厌的,"/,ʌndɪ'zaɪərəbl/",/ʌndɪ'zaɪərəb(ə)l/,punishment of undesirable behaviour,对不良行为的惩罚
en:unfit:adjective:1,unfit,adjective,不合适的；无能力的,adj 不合适的；无能力的,,/ʌn'fɪt/,Jenkins is unfit for public office.,詹金斯不适合担任公职。
en:absurd:adjective:1,absurd,adjective,不合理的，荒唐的,adj 不合理的，荒唐的,"/əbˈsɚd, -ˈzɚd/",/əb'sɜːd/,It seems an absurd idea.,这似乎是个荒唐的想法。
en:irregularity:noun:1,irregularity,noun,不规则；不整齐,n 不规则；不整齐,/ɪ'rɛgjə'lærəti/,"/ɪ,regjʊ'lærɪtɪ/",a slight irregularity in his heartbeat,他略微的心律不齐
en:disregard:verb:1,disregard,verb,不管，不顾,v 不管，不顾；n 忽视,"/,dɪsrɪ'ɡɑrd/",/dɪsrɪ'gɑːd/,He ordered the jury to disregard the witness’s last statement.,他指示陪审团忽略证人的最后一句话。
en:uncertain:adjective:2,uncertain,adjective,不定的；无常的,adj 不定的；无常的,/ʌn'sɝtn/,/ʌn'sɜːt(ə)n; -tɪn/,He was uncertain how much further he could walk.,他不清楚自己还能走多远。
en:impurity:noun:1,impurity,noun,杂质；不纯,n 杂质；不纯,/ɪm'pjʊrəti/,/ɪm'pjʊərɪtɪ/,All natural minerals contain impurities.,凡天然矿物都含有杂质。
en:inadequate:adjective:2,inadequate,adjective,不充足的，不适当的,adj 不充足的，不适当的,/ɪn'ædɪkwət/,/ɪn'ædɪkwət/,inadequate resources,资源缺乏
en:invariably:adverb:1,invariably,adverb,不变地，永恒地,adv 不变地，永恒地,/ɪn'vɛrɪəbli/,/ɪn'veərɪəblɪ/,It invariably rains when I go there.,我每次去那儿都下雨。
en:uneasy:adjective:1,uneasy,adjective,不安的；拘束的,adj 不安的；拘束的,/ʌn'izi/,/ʌn'iːzɪ/,She eventually fell into an uneasy sleep.,她终于睡着了，但睡得并不踏实。
en:mammal:noun:1,mammal,noun,哺乳动物,n 哺乳动物,/'mæml/,/'mæm(ə)l/,"Humans, dogs, elephants, and dolphins are all mammals, but birds, fish, and crocodiles are not.",人、狗、大象和海豚都是哺乳动物，而鸟、鱼和鳄鱼则不是。
en:supplement:noun:1,supplement,noun,补角,n 补角,/'sʌplɪmənt/,/'sʌplɪm(ə)nt/,dietary supplement,食品强化剂；食物的补充
en:complement:verb:1,complement,verb,补充,v 补充；n 补足（物）,/ˈkɑːmplɪment/,/'kɒmplɪm(ə)nt/,The team needs players who complement each other.,球队需要能够相互取长补短的队员。
en:compensation:noun:1,compensation,noun,补偿，赔偿，赔偿费,n 补偿，赔偿，赔偿费,"/,kɑmpɛn'seʃən/",/kɒmpen'seɪʃ(ə)n/,People who are wrongly arrested may be paid compensation .,被误抓的人有可能得到补偿费。
en:humanitarian:adjective:1,humanitarian,adjective,博爱的,adj 博爱的；n 慈善家,"/hju,mænɪ'tɛrɪən/","/hjʊ,mænɪ'teərɪən/",Humanitarian aid is being sent to the refugees.,正向难民提供人道主义援助。
en:barge:noun:1,barge,noun,驳船；大型游船,n 驳船；大型游船,/bɑrdʒ/,/bɑːdʒ/,Carrying goods by train costs nearly three times more than carrying them by barge.,通过铁路运货的成本比驳船运货成本高出近3倍。
en:fluctuation:noun:1,fluctuation,noun,波动,n 波动,"/,flʌktʃʊ'eʃən/","/,flʌktʃʊ'eɪʃ(ə)n; -tjʊ-/",Prices are subject to fluctuation.,价格可能会有波动。
en:fluctuate:verb:2,fluctuate,verb,波动，使波动,v 波动，使波动,/'flʌktʃʊ'et/,/'flʌktʃʊeɪt; -tjʊ-/,Insect populations fluctuate wildly from year to year.,昆虫的数量每年变化很大。
en:invalid:noun:1,invalid,noun,病人,n 病人,/ˈɪnvəlɪd；ɪnˈvælɪd/,/ˈɪnvəlɪd；ɪnˈvælɪd/,I hate being treated as an invalid.,我讨厌被当作病人对待。
en:ward:noun:1,ward,noun,病房，病室；监房,n 病房，病室；监房,/wɔrd/,/wɔːd/,the other patients in the ward,病房里的其他病人
en:strength:noun:1,strength,noun,兵力；强度,n 兵力；强度,/strɛŋθ/,/streŋθ; streŋkθ/,The police force is below strength at the moment (= there are fewer police than there should be ).,目前警力不足。
en:icy:adjective:1,icy,adjective,冰冷的；冷冰冰的,adj 冰冷的；冷冰冰的,/'aɪsi/,/'aɪsɪ/,an icy wind,刺骨寒风
en:objective:noun:2,objective,noun,目标,n 目标；adj 宾格的,/əb'dʒɛktɪv/,/əb'dʒektɪv/,He vowed to achieve certain objectives before the end of his presidency.,他立誓要在他的总统任期结束之前实现某些目标。
en:villa:noun:1,villa,noun,别墅,n 别墅,/'vɪlə/,/'vɪlə/,We rented a holiday villa in Spain.,我们在西班牙租了一座假日别墅。
en:characterize:verb:1,characterize,verb,表现…的特性,v 表现…的特性,/'kærəktə'raɪz/,/'kærəktəraiz/,The group was characterized as being well-educated and liberal.,该群体被描绘成受过良好教育，思想开明。
en:signify:verb:2,signify,verb,表示，意味着,v 表示，意味着,/'sɪɡnɪfaɪ/,/'sɪgnɪfaɪ/,Some tribes use special facial markings to signify status.,有些部落使用特殊的面部标记来表示地位。
en:manifest:verb:2,manifest,verb,表明,v 表明；adj 明显的,,,The shareholders have manifested their intention to sell the shares.,股东们表明了要出售股票的意图。
en:seemingly:adverb:1,seemingly,adverb,表面上，外表上,adv 表面上，外表上,/'simɪŋli/,/'siːmɪŋlɪ/,seemingly unrelated bits of information,似乎互不相关的零星信息
en:superficial:adjective:2,superficial,adjective,表面的；肤浅的,adj 表面的；肤浅的,"/,supɚ'fɪʃl/","/,suːpə'fɪʃ(ə)l; ,sjuː-/","Despite their superficial similarities, the two novels are, in fact, very different.",这两本小说尽管表面上有相似之处，但实际上大不一样。
en:criterion:noun:1,criterion,noun,标准，准则，尺度,n 标准，准则，尺度,/kraɪˈtɪriən/,/kraɪ'tɪərɪən/,the criteria we use to select candidates,我们挑选候选人的标准
en:norm:noun:1,norm,noun,标准，规范；平均数,n 标准，规范；平均数,/nɔrm/,/nɔːm/,Joyce’s style of writing was a striking departure from the literary norm.,乔伊斯的写作风格与传统的文学风格大相径庭。
en:heading:noun:1,heading,noun,标题，题词，题名,n 标题，题词，题名,/'hɛdɪŋ/,/'hedɪŋ/,chapter headings,章节标题
en:reason:verb:1,reason,verb,论证，推断,v 论证，推断,/ˈrizən/,/'riːz(ə)n/,They reasoned that other businesses would soon copy the idea.,他们推断其他企业也会很快仿效这个点子。
en:advocate:verb:1,advocate,verb,拥护,v 拥护；n 辩护律师,/ˈædvəkeɪt；-et/,/'ædvəkeɪt；-ət/,Extremists were openly advocating violence.,极端主义者公开鼓吹使用暴力。
en:discrimination:noun:2,discrimination,noun,歧视；辨别；识别力,n 歧视；辨别；识别力,"/dɪ,skrɪmɪ'neʃən/","/dɪ,skrɪmɪ'neɪʃ(ə)n/",laws to prevent discrimination,防止歧视的法律
en:transform:verb:2,transform,verb,变换,v 变换,/træns'fɔrm/,/træns'fɔːm; trɑːns-; -nz-/,Your metabolic rate is the speed at which your body transforms food into energy.,你的新陈代谢率就是你身体将食物转换成能量的速度。
en:loosen:verb:1,loosen,verb,变松,v 变松,/'lusn/,/'luːs(ə)n/,You’ll need a spanner to loosen that bolt.,你需要扳手来拧开那个螺栓。
en:alteration:noun:1,alteration,noun,变更，改变,n 变更，改变,"/,ɔltə'reʃən/",/ɔːltə'reɪʃ(ə)n; 'ɒl-/,"If you make alterations to the Windows setup, save the new settings before closing.",如果更改了视窗操作系统的设置，关闭前要保存新的设置。
en:fall:verb:1,fall,verb,变成，成为，陷入,v 变成，成为，陷入,/fɔl/,/fɔːl/,He had fallen asleep on the sofa.,他在沙发上睡着了。
en:program:verb:2,program,verb,编制程序,v 编制程序,/'proɡræm/,/'prəʊɡræm/,Any large high-speed computer can be programmed to learn.,任何大型高速计算机都可以通过编程获得学习能力。
en:edit:verb:2,edit,verb,编辑，编纂；校订,v 编辑，编纂；校订,/'ɛdɪt/,/'edɪt/,a collection of essays edited by John Gay,由约翰·盖伊编辑的论文集
en:verge:noun:1,verge,noun,边缘，边界,n 边缘，边界,/vɝdʒ/,/vɜːdʒ/,They set up camp on the verge of the desert.,他们在沙漠边缘扎下了营地。
en:rim:noun:1,rim,noun,边；边缘，（眼镜）框,n 边；边缘，（眼镜）框,/rɪm/,/rɪm/,the rim of a glass,玻璃杯口
en:hearth:noun:1,hearth,noun,壁炉地面；炉边,n 壁炉地面；炉边,/hɑrθ/,/hɑːθ/,It was winter and there was a huge fire roaring in the hearth.,时值冬天，壁炉里的炉火在熊熊燃烧。
en:fireplace:noun:1,fireplace,noun,壁炉,n 壁炉,/'faɪɚples/,/'faɪəpleɪs/,"In the evenings, we gathered around the fireplace and talked in hushed whispers.",晚上，我们聚集在壁炉周围轻声交谈。
en:patron:noun:1,patron,noun,庇护人；赞助人,n 庇护人；赞助人,/'petrən/,/'peɪtr(ə)n/,a wealthy patron,富有的赞助人
en:diploma:noun:1,diploma,noun,毕业文凭，学位证书,n 毕业文凭，学位证书,/dɪ'plomə/,/dɪ'pləʊmə/,a High School diploma,高中毕业文凭
en:indispensable:adjective:2,indispensable,adjective,必不可少的，必需的,adj 必不可少的，必需的,/'ɪndɪ'spɛnsəbl/,/ɪndɪ'spensəb(ə)l/,Mobile phones have become an indispensable part of our lives.,移动电话已经成为我们生活中的必需品。
en:sullen:adjective:1,sullen,adjective,绷着脸不高兴的,adj 绷着脸不高兴的,/'sʌlən/,/'sʌlən/,Bill sat in sullen silence and refused to eat his lunch.,比尔一声不响，闷闷不乐地坐着，不肯吃午饭。
en:bandage:noun:1,bandage,noun,绷带，包带,n 绷带，包带,/'bændɪdʒ/,/'bændɪdʒ/,We put some ointment and a bandage on his knee.,我们在他的膝盖上涂了些药膏，还缠了一条绷带。
en:breakdown:noun:1,breakdown,noun,崩溃，倒塌，失败,n 崩溃，倒塌，失败,/'brek'daʊn/,/'breɪkdaʊn/,A sudden rise in oil prices could lead to a breakdown of the economy.,油价暴涨会导致经济崩溃。
en:essence:noun:1,essence,noun,本质，本体,n 本质，本体,/'ɛsns/,/'es(ə)ns/,In essence his message was very simple.,实质上他想表达的意思很简单。
en:captive:adjective:1,captive,adjective,被俘虏的,adj 被俘虏的,/'kæptɪv/,/'kæptɪv/,captive soldiers,被俘的士兵
en:reverse:noun:1,reverse,noun,背面，反面,n 背面，反面,/rɪ'vɝs/,/rɪ'vɜːs/,The British ten-pence coin has a lion on the reverse.,英国十便士硬币的背面图案是一头狮子。
en:deviation:noun:1,deviation,noun,背离，偏离；偏差,n 背离，偏离；偏差,/'divɪ'eʃən/,/diːvɪ'eɪʃ(ə)n/,deviation from the normal procedure,背离正常的程序
en:arctic:adjective:1,arctic,adjective,北极的,adj 北极的；n 北极,/'ɑrktɪk/,/'ɑːktɪk/,the Arctic island of Novaya Zemlya,北极的新地岛
en:tragic:adjective:1,tragic,adjective,悲惨的；悲剧的,adj 悲惨的；悲剧的,/'trædʒɪk/,/'trædʒɪk/,The parents were not to blame for the tragic death of their son.,儿子的惨死不是他父母的错。
en:woe:noun:1,woe,noun,悲哀，悲痛，苦恼,n 悲哀，悲痛，苦恼,/wo/,/wəʊ/,He listened to my tale of woe.,他听了我悲伤的故事。
en:grief:noun:1,grief,noun,悲哀，悲痛，悲伤,n 悲哀，悲痛，悲伤,/ɡrif/,/griːf/,The grief she felt over Helen’s death was almost unbearable.,她因海伦的去世而悲痛难当。
en:firework:noun:1,firework,noun,爆竹，花炮，烟火,n 爆竹，花炮，烟火,/'faɪɚwɝk/,/'faɪəwɜːk/,a New Year’s Eve fireworks display,除夕夜的烟火表演
en:storm:noun:1,storm,noun,爆发,n 爆发；v 猛攻,/stɔrm/,/stɔːm/,The governor found himself at the center of a political storm .,州长发现自己处于一场政治风暴的中心。
en:tyranny:noun:1,tyranny,noun,暴政，专制；残暴,n 暴政，专制；残暴,/'tɪrəni/,/'tɪr(ə)nɪ/,organizations which have criticized the tyrannies of the government,批判政府暴政的组织
en:wrath:noun:1,wrath,noun,暴怒，狂怒，愤慨,n 暴怒，狂怒，愤慨,/ræθ/,/rɒθ; rɔːθ/,He was scared of incurring his father’s wrath .,他害怕惹他父亲大发脾气。
en:tyrant:noun:1,tyrant,noun,暴君；专制君主,n 暴君；专制君主,/'taɪrənt/,/'taɪr(ə)nt/,The country had long been ruled by tyrants.,这个国家长期受暴君统治。
en:panther:noun:1,panther,noun,豹，黑豹；美洲狮,n 豹，黑豹；美洲狮,/'pænθɚ/,/'pænθə/,black panther,黑豹
en:leopard:noun:1,leopard,noun,豹,n 豹,/'lɛpɚd/,/'lepəd/,The young leopard separated from its mother would be eaten by other beast.,与母亲离散的幼豹很可能被其他的野兽吃掉。
en:grumble:verb:1,grumble,verb,抱怨，发牢骚,v 抱怨，发牢骚,/'ɡrʌmbl/,/'grʌmb(ə)l/,"‘This is boring,’ Kathleen grumbled.",“这真无聊。”凯瑟琳抱怨道。
en:announce:verb:1,announce,verb,报告…的来到,v 报告…的来到,/ə'naʊns/,/ə'naʊns/,All visitors to the apartment building must be announced.,那幢公寓楼的访客都必须通报。
en:vengeance:noun:1,vengeance,noun,报复，报仇，复仇,n 报复，报仇，复仇,/'vɛndʒəns/,/'ven(d)ʒ(ə)ns/,a desire for vengeance,复仇的愿望
en:fortress:noun:1,fortress,noun,堡垒，要塞,n 堡垒，要塞,/'fɔrtrəs/,/'fɔːtrɪs/,a 13th-century fortress,一座13世纪的城堡
en:assurance:noun:1,assurance,noun,保证,n 保证,/ə'ʃʊrəns/,/ə'ʃʊər(ə)ns/,"Despite my repeated assurances, Rob still looked very nervous.",尽管我再三保证，罗布看起来还是很紧张。
en:fuse:noun:1,fuse,noun,保险丝；导火线,n 保险丝；导火线,/fjuz/,/fjuːz/,two 13 amp fuses,两根13安培的保险丝
en:reservation:noun:2,reservation,noun,预定，预订；保留意见,n 预定，预订；保留意见,"/,rɛzɚ'veʃən/",/rezə'veɪʃ(ə)n/,a dinner reservation,预订晚餐
en:safeguard:noun:1,safeguard,noun,保护措施,n 保护措施,/'sefɡɑrd/,/'seɪfgɑːd/,International safeguards prevent the increase of nuclear weapons.,国际安全条约防止核武器数量增加。
en:preservation:noun:1,preservation,noun,保存，储藏；保持,n 保存，储藏；保持,"/,prɛzɚ'veʃən/",/prezə'veɪʃ(ə)n/,methods of food preservation,保存食物的各种方法
en:saturation:noun:1,saturation,noun,饱和（状态）；浸透,n 饱和（状态）；浸透,/'sætʃə'reʃən/,/sætʃə'reɪʃ(ə)n/,a business beset by price wars and market saturation (= the fact that no new customers can be found),一家受价格战和市场饱和困扰的企业
en:mist:noun:1,mist,noun,薄雾,n 薄雾；v 下薄雾,/mɪst/,/mɪst/,We could just see the outline of the house through the mist.,薄雾中我们只能看到房子的轮廓。
en:chip:noun:1,chip,noun,薄片，碎片,n 薄片，碎片,/tʃɪp/,/tʃɪp/,Wood chips covered the floor of the workshop.,工场的地板上满是木屑。
en:inclusive:adjective:1,inclusive,adjective,包括的,adj 包括的,/ɪn'klusɪv/,/ɪn'kluːsɪv/,The fully inclusive fare for the trip is £22.,这次出行的全部费用为22英镑。
en:siege:noun:1,siege,noun,包围，围攻，围困,n 包围，围攻，围困,/sidʒ/,/siːdʒ/,The siege lasted almost four months.,这次封锁历时近四个月。
en:embrace:verb:2,embrace,verb,包括，包含,v 包括，包含,/ɪm'bres/,/ɪm'breɪs; em-/,This course embraces several different aspects of psychology.,这门课程涉及心理学的几个不同方面。
en:baseball:noun:1,baseball,noun,棒球运动；棒球,n 棒球运动；棒球,,,a baseball bat/team/stadium,棒球球棒 / 球队 / 球场
en:hemisphere:noun:1,hemisphere,noun,半球,n 半球,/'hɛmɪsfɪr/,/'hemɪsfɪə/,the Northern hemisphere,北半球
en:radius:noun:1,radius,noun,半径距离，半径范围,n 半径距离，半径范围,/'redɪəs/,/'reɪdɪəs/,The shock of the explosion was felt over a radius of forty miles.,爆炸引起的剧烈震动在方圆40英里内都能感觉得到。
en:scar:noun:1,scar,noun,瘢痕,n 瘢痕,/skɑr/,/skɑː/,a deep cut that could leave a permanent scar,可能会留下永久性疤痕的一道很深的伤口
en:liner:noun:1,liner,noun,班船，定期班机,n 班船，定期班机,/'laɪnɚ/,/'laɪnə/,cylinder liner,汽缸衬垫
en:trigger:noun:1,trigger,noun,扳机,n 扳机；v 触发，引起,/'trɪɡɚ/,/'trɪgə/,He took aim and squeezed the trigger.,他瞄准目标，扣动了扳机。
en:tar:noun:1,tar,noun,柏油；焦油,n 柏油；焦油,/tɑr/,/tɑː/,The oil has hardened to tar.,油已经硬化成柏油了。
en:blind:noun:1,blind,noun,百叶窗；窗帘；遮帘,n 百叶窗；窗帘；遮帘,/blaɪnd/,/blaɪnd/,The blinds were drawn (= pulled down ) to protect the new furniture from the sun.,窗帘都放了下来，避免太阳光照在新的家具上。
en:shutter:noun:1,shutter,noun,百叶窗；（相机）快门,n 百叶窗；（相机）快门,/'ʃʌtɚ/,/'ʃʌtə/,She opened the shutters and gazed out over village roofs.,她打开了百叶窗，朝村里的房顶望去。
en:lily:noun:1,lily,noun,百合，百合花,n 百合，百合花,/'lɪli/,/'lɪlɪ/,water lily,睡莲；荷花
en:millionaire:noun:1,millionaire,noun,百分富翁，巨富,n 百分富翁，巨富,"/,mɪljə'nɛr/",/mɪljə'neə/,an American millionaire,一位美国百万富翁
en:white:adjective:1,white,adjective,白种（人）的,adj 白种（人）的,/waɪt/,/wʌɪt/,young white males,年轻的白种男性
en:blond:noun:1,blond,noun,白肤金发碧眼的人,n 白肤金发碧眼的人,/blɑnd/,/blɒnd/,blond hair,金发
en:idiot:noun:1,idiot,noun,白痴；傻子,n 白痴；傻子,/'ɪdɪət/,/'ɪdɪət/,You're an idiot!,你是个白痴！
en:bank:verb:1,bank,verb,把钱存入银行,v 把钱存入银行,/bæŋk/,/bæŋk/,Did you bank that check?,你把那张支票存入银行了吗？
en:tabulate:verb:1,tabulate,verb,把…制成表,v 把…制成表,/'tæbjulet/,/'tæbjʊleɪt/,Results for the test programme haven't been tabulated.,试验项目的结果还没有制成表格。
en:bestow:verb:1,bestow,verb,把…赠与,v 把…赠与,/bɪ'sto/,/bɪ'stəʊ/,honours bestowed on him by the Queen,女王授予他的荣誉
en:subdivide:verb:1,subdivide,verb,把…再分,v 把…再分,/'sʌbdɪvaɪd/,/sʌbdɪ'vaɪd/,"Over time, developers subdivided the land.",开发商们渐渐地把这块土地进行了再分割。
en:dock:verb:1,dock,verb,把…引入船坞,v 把…引入船坞,/dɑk/,/dɒk/,We docked at Rangoon the next morning.,第二天早晨我们在仰光停靠码头。
en:straighten:verb:1,straighten,verb,把…弄直；挺起来,v 把…弄直；挺起来,/'stretn/,/'streɪt(ə)n/,Can you straighten your leg?,你能把腿伸直吗？
en:flatten:verb:1,flatten,verb,把…弄平；击倒,v 把…弄平；击倒,/'flætn/,/'flæt(ə)n/,Use a rolling pin to flatten the dough.,用擀面杖把面团擀平。
en:ascribe:verb:1,ascribe,verb,把…归于,v 把…归于,/ə'skraɪb/,/ə'skraɪb/,The report ascribes the rise in childhood asthma to the increase in pollution.,这份报告认为儿童哮喘发病率上升是因为污染加剧。
en:except:verb:1,except,verb,把…除外，除去,v 把…除外，除去,/ɪk'sɛpt/,/ɪk'sept; ek-/,High technology equipment would be excepted from any trade agreement.,任何贸易协定都不会把高科技设备包括在内。
en:entitle:verb:2,entitle,verb,把…称作,v 把…称作,/ɪn'taɪtl/,/ɪn'taɪt(ə)l; en-/,a documentary entitled ‘The Price of Perfection’,一部名为《完美的代价》的纪录片
en:ballet:noun:2,ballet,noun,芭蕾舞；芭蕾舞剧,n 芭蕾舞；芭蕾舞剧,/bæ'le/,/'bæleɪ; -lɪ/,She wants to be a ballet dancer .,她想当芭蕾舞演员。
en:haughty:adjective:1,haughty,adjective,傲慢的，轻蔑的,adj 傲慢的，轻蔑的,/'hɔti/,/'hɔːtɪ/,a haughty laugh,傲慢的大笑
en:foul:adjective:1,foul,adjective,肮脏的；丑恶的,adj 肮脏的；丑恶的,/faʊl/,/faʊl/,extractor fans to remove foul air from the tunnel,排出隧道污浊空气的排气扇
en:assassinate:verb:2,assassinate,verb,暗杀，行刺；中伤,v 暗杀，行刺；中伤,/ə'sæsn'et/,/ə'sæsɪneɪt/,a plot to assassinate the President,刺杀总统的阴谋
en:burial:noun:2,burial,noun,安葬，埋葬；埋藏,n 安葬，埋葬；埋藏,/'bɛrɪəl/,/'berɪəl/,The priest prepared the body for burial.,牧师为尸体做好了下葬的准备。
en:luxurious:adjective:2,luxurious,adjective,爱好奢侈的，豪华的,adj 爱好奢侈的，豪华的,/lʌɡ'ʒʊrɪəs/,/lʌg'ʒʊərɪəs; lʌg'zjʊə-; lʌk'sjʊə-/,a luxurious 30-room villa,一栋有30个房间的豪华度假别墅
en:patriot:noun:1,patriot,noun,爱国者，爱国主义者,n 爱国者，爱国主义者,/'petrɪət/,/'pætrɪət; 'peɪt-/,It has been suggested the founders were not true patriots but men out to protect their own interests.,有人指出创建者并非真正的爱国者，而是一些维护自己利益的人。
en:patriotic:adjective:1,patriotic,adjective,爱国的,adj 爱国的,/ˈpeɪtriˈɑtɪk/,/ˌpætrɪˈɒtɪk/,patriotic songs,爱国歌曲
en:dwarf:noun:1,dwarf,noun,矮子，侏儒,n 矮子，侏儒,/dwɔrf/,/dwɔːf/,white dwarf,[天]白矮星
en:stout:adjective:1,stout,adjective,肥胖的；厚实牢固的,adj 肥胖的；厚实牢固的,/staʊt/,/staʊt/,"a short, stout man",一个矮胖的男人
en:alas:interjection:1,alas,interjection,唉，哎呀,int 唉，哎呀,/ə'læs/,/ə'læs; ə'lɑːs/,"For many people, alas, hunger is part of everyday life.",唉，对很多人来说，挨饿是家常便饭。
en:egyptian:adjective:1,Egyptian,adjective,埃及的,adj 埃及的；n 埃及人,,/ɪ'dʒɪpʃ(ə)n/,...the Egyptian pharaoh.,...古埃及法老。
en:pathetic:adjective:1,pathetic,adjective,哀婉动人的；可怜的,adj 哀婉动人的；可怜的,/pə'θɛtɪk/,/pə'θetɪk/,The child looked a pathetic sight.,那个孩子看上去很可怜。
en:should:verb:1,should,verb,应该；竟然会,v 应该；竟然会,/ʃəd; strong form ʃʊd/,/ʃəd; strong form ʃʊd/,He shouldn’t be so selfish.,他不该这么自私。
en:ought:verb:1,ought,verb,早应该，本应,v 早应该，本应,/ɔt/,/ɔːt/,I realize I ought to have told you about it.,我意识到我本该告诉你这件事的。
en:scripture:noun:1,scripture,noun,《圣经》；圣书,n 《圣经》；圣书,/'skrɪptʃɚ/,/'skrɪptʃə/,the way God is portrayed in Scripture,《圣经》中对上帝的描写
en:referee:noun:1,referee,noun,（足球等）裁判员,n （足球等）裁判员,"/,rɛfə'ri/",/refə'riː/,He was sent off for arguing with the referee.,他因为和裁判发生争执而被罚出场。
en:pendulum:noun:1,pendulum,noun,（钟等的）摆,n （钟等的）摆,/'pɛndʒələm/,/'pendjʊləm/,The political pendulum has swung in favour of the liberals.,政治的钟摆已经摆向了自由派。
en:shuttle:noun:2,shuttle,noun,（织机的）梭,n （织机的）梭,/'ʃʌtl/,/'ʃʌt(ə)l/,space shuttle,航天飞机（往返于地球和太空站之间运载人和物资的）
en:outbreak:noun:1,outbreak,noun,（战争、愤怒等）爆发,n （战争、愤怒等）爆发,/'aʊtbrek/,/'aʊtbreɪk/,the outbreak of war,战争的爆发
en:market:verb:1,market,verb,推销,v 推销,/'mɑrkɪt/,/'mɑːkɪt/,If you could ever figure out how to market this you’d make a fortune.,如果能想出办法来推销这个东西，你就发财了。
en:gross:adjective:1,gross,adjective,（语言、举止）粗俗的,adj （语言、举止）粗俗的,/ɡros/,/grəʊs/,He abused the Admiral in the grossest terms.,他用最粗俗的字眼辱骂那位海军上将。
en:heave:verb:1,heave,verb,（用力地）举起；抛,v （用力地）举起；抛,/hiv/,/hiːv/,Alan heaved his suitcase onto his bed.,艾伦把他的手提箱拖到床上。
en:pop:verb:1,pop,verb,（意外地）出现,v （意外地）出现,/pɑp/,/pɒp/,The window opened and a dog's head popped out.,窗子打开了，冷不防一只狗探出头来。
en:lining:noun:1,lining,noun,（衣服里的）衬里,n （衣服里的）衬里,/'laɪnɪŋ/,/'laɪnɪŋ/,a jacket with a silk lining,有丝绸衬里的夹克
en:mild:adjective:1,mild,adjective,味淡的,adj 味淡的,/maɪld/,/maɪld/,a mild curry,淡味咖喱
en:panel:noun:1,panel,noun,（选定的）专门小组,n （选定的）专门小组,/'pænl/,/'pæn(ə)l/,A panel of experts has looked at the proposal.,一组专家审核了那项提议。
en:rigorous:adjective:2,rigorous,adjective,严格的,adj 严格的,/'rɪɡərəs/,/'rɪg(ə)rəs/,The work failed to meet their rigorous standards.,工作没有达到他们的严格标准。
en:climax:noun:1,climax,noun,顶点,n 顶点,/'klaɪmæks/,/'klaɪmæks/,The festival reaches its climax with the traditional boat-burning ceremony.,传统的烧船仪式将节庆活动推向了高潮。
en:epoch:noun:1,epoch,noun,（新）时代；历元,n （新）时代；历元,/'ɛpək/,/'iːpɒk; 'epɒk/,the Victorian epoch,维多利亚时代
en:shrimp:noun:1,shrimp,noun,（小）虾，河虾，褐虾,n （小）虾，河虾，褐虾,/ʃrɪmp/,/ʃrɪmp/,Add the shrimp and cook for 30 seconds.,放入小虾，煮 30 秒。
en:peak:noun:1,peak,noun,（物体的）尖端,n （物体的）尖端,/pik/,/piːk/,Whisk the egg whites until they form stiff peaks.,将蛋清搅打至起尖发稠。
en:cane:noun:1,cane,noun,（藤等）茎；手杖,n （藤等）茎；手杖,/ken/,/keɪn/,a cane chair,藤椅
en:drain:verb:1,drain,verb,（水等）流掉,v （水等）流掉,/dren/,/dreɪn/,I watched the bath water drain away.,我看着浴缸里的水流光。
en:switch:noun:1,switch,noun,（树木的）软枝条,n （树木的）软枝条,/swɪtʃ/,/swɪtʃ/,a riding switch,马鞭
en:board:verb:1,board,verb,付费（在某人家里）膳宿,v 付费（在某人家里）膳宿,/bɔrd/,/bɔːd/,She always had one or two students boarding with her.,她的家总有一两名寄宿学生。
en:immigrate:verb:1,immigrate,verb,（使）移居入境,v （使）移居入境,/'ɪmɪɡret/,/'ɪmɪgreɪt/,His father and mother immigrated when he was two.,他的父母在他两岁时移民到这里。
en:disperse:verb:1,disperse,verb,（使）分散；驱散,v （使）分散；驱散,/dɪ'spɝs/,/dɪ'spɜːs/,Police used tear gas to disperse the crowd.,警察用催泪瓦斯驱散人群。
en:lump:verb:1,lump,verb,（使）成团，结块,v （使）成团，结块,/lʌmp/,/lʌmp/,lump sum,总额；汇总
en:deviate:verb:2,deviate,verb,（使）背离，偏离,v （使）背离，偏离,/'divɪet/,/'diːvɪeɪt/,The plane had to deviate from its normal flight path.,飞机不得不偏离正常的航线。
en:pose:verb:2,pose,verb,（使）摆好姿势,v （使）摆好姿势,/poz/,/pəʊz/,We posed for photographs.,我们摆好姿势准备拍照。
en:expenditure:noun:2,expenditure,noun,（时间等）支出，消费,n （时间等）支出，消费,/ɪk'spɛndɪtʃɚ/,/ɪk'spendɪtʃə; ek-/,the expenditure of time and money on your house or garden,你在房子或花园上所花费的时间和金钱
en:elapse:verb:1,elapse,verb,（时间）过去，消逝,v （时间）过去，消逝,/ɪ'læps/,/ɪ'læps/,Several months elapsed before his case was brought to trial.,过了几个月他的案子才开审。
en:hoarse:adjective:1,hoarse,adjective,（声音）嘶哑的,adj （声音）嘶哑的,/hɔrs/,/hɔːs/,He was hoarse from laughing.,他笑得嗓子都沙哑了。
en:clearing:noun:1,clearing,noun,（森林中的）空旷地,n （森林中的）空旷地,/'klɪrɪŋ/,/'klɪərɪŋ/,A helicopter landed in a clearing in the dense jungle.,一架直升机在茂密丛林中的一片空地着陆了。
en:shade:noun:1,shade,noun,（色彩的）浓淡，深浅,n （色彩的）浓淡，深浅,/ʃed/,/ʃeɪd/,a delicate/pale/rich/soft shade of red,淡 / 浅 / 艳 / 柔和的红色
en:eclipse:noun:1,eclipse,noun,（日，月）食,n （日，月）食,,,an eclipse of the sun,日食
en:constitution:noun:1,constitution,noun,（人的）体格，素质,n （人的）体格，素质,/'kɑnstə'tʊʃən/,/kɒnstɪ'tjuːʃ(ə)n/,She’s got a strong constitution – she’ll recover in no time.,她体质强壮，很快就会恢复。
en:spill:noun:1,spill,noun,（人）摔下，跌下,n （人）摔下，跌下,/spɪl/,/spɪl/,Tyson broke a rib when he took a spill on his motorcycle.,泰森从摩托车上摔下来，断了一根肋骨。
en:unanimous:adjective:1,unanimous,adjective,（全体）一致的,adj （全体）一致的,/jʊ'nænəməs/,/juː'nænɪməs/,It was decided by a unanimous vote that the school should close.,关闭学校是大家一致通过的决定。
en:quiver:verb:1,quiver,verb,（轻微地）颤动,v （轻微地）颤动,/'kwɪvɚ/,/'kwɪvə/,The child was quivering in her arms.,那孩子在她怀里发抖。
en:perch:noun:1,perch,noun,（禽鸟的）栖木,n （禽鸟的）栖木,/pɝtʃ/,/pɜːtʃ/,"A small, yellow bird in a cage sat on its perch outside the house.",屋外，一只小黄鸟站在鸟笼的栖木上。
en:span:noun:1,span,noun,（桥墩间的）墩距,n （桥墩间的）墩距,/spæn/,/spæn/,The bridge crosses the river in a single span.,河上的桥为单跨桥。
en:pier:noun:1,pier,noun,码头；（桥）墩,n 码头；（桥）墩,/pɪr/,/pɪə/,...Chicago's Navy Pier.,…芝加哥的海军码头。
en:frock:noun:1,frock,noun,（女）连衣裙,n （女）连衣裙,/frɑk/,/frɒk/,a party frock,宴会礼裙
en:flutter:verb:1,flutter,verb,（鸟）振翼；飘动,v （鸟）振翼；飘动,/'flʌtɚ/,/'flʌtə/,A small bird fluttered past the window.,一只小鸟拍打着翅膀飞过窗前。
en:resume:noun:2,resume,noun,（谋职者的）个人简历,n （谋职者的）个人简历,,/rɪˈzjuːm; ˈrɛzjʊmeɪ/,"Send a resume, please.",请寄一份简历。
en:clown:noun:1,clown,noun,（马戏的）小丑，丑角,n （马戏的）小丑，丑角,/klaʊn/,/klaʊn/,The performance of the clown kept the public rolling about.,小丑的表演使观众笑得前仰后合。
en:pace:verb:1,pace,verb,踱步,v 踱步,/pes/,/peɪs/,"I found Mark at the hospital, pacing restlessly up and down.",我看见马克在医院里焦躁不安地踱来踱去。
en:lounge:noun:2,lounge,noun,（旅馆等的）休息室,n （旅馆等的）休息室,/laʊndʒ/,/laʊn(d)ʒ/,the television lounge,电视放映室
en:pope:noun:1,pope,noun,（罗马天主教的）教皇,n （罗马天主教的）教皇,/pop/,/pəʊp/,The Pope will visit El Salvador this year.,教皇今年将访问萨尔瓦多。
en:axle:noun:1,axle,noun,（轮）轴，车轴，心棒,n （轮）轴，车轴，心棒,/'æksl/,/'æks(ə)l/,the front/rear axle,前 / 后车轴
en:measurement:noun:1,measurement,noun,（量得的）尺寸，大小,n （量得的）尺寸，大小,/'mɛʒɚmənt/,/'meʒəm(ə)nt/,What’s your waist measurement?,你腰围是多少？
en:realization:noun:1,realization,noun,（理想等的）实现,n （理想等的）实现,"/,riələ'zeʃən/",/riːəlaɪ'zeɪʃn/,the realization of his dreams,他的梦想成真
en:chord:noun:1,chord,noun,和弦,n 和弦,/kɔrd/,/kɔːd/,the opening chords of 'Stairway to Heaven',《通往天堂的阶梯》的开篇和弦
en:pyjamas:noun:1,pyjamas,noun,（宽大的）睡衣裤,n （宽大的）睡衣裤,/pə'dʒæməz/,/pə'dʒɑːməz/,striped pyjamas,条纹睡衣裤
en:elegant:adjective:2,elegant,adjective,（举止、服饰等）雅致的,adj （举止、服饰等）雅致的,/'ɛləgənt/,/'elɪg(ə)nt/,"a tall, elegant young woman",身材高挑、举止优雅的年轻女子
en:hard:adjective:1,hard,adjective,（酒）烈性的,adj （酒）烈性的,/hɑrd/,/hɑːd/,hard liquor,烈酒
en:refreshment:noun:1,refreshment,noun,（精力的）恢复，爽快,n （精力的）恢复，爽快,/ri'frɛʃmənt/,/rɪ'freʃm(ə)nt/,a place to rest and find refreshment for mind and body,休息和恢复身心的场所
en:ticket:noun:1,ticket,noun,（交通违章）罚款传票,n （交通违章）罚款传票,/'tɪkɪt/,/'tɪkɪt/,Slow down or you'll get a ticket.,开慢点儿，否则你会接到一张罚款通知单。
en:gesture:verb:1,gesture,verb,（讲话时等）做手势,v （讲话时等）做手势,/'dʒɛstʃɚ/,/'dʒestʃə/,Brad gestured towards the door. ‘Get out.’,布拉德指着门口说﹕“出去。”
en:situation:noun:1,situation,noun,（建筑物等的）位置,n （建筑物等的）位置,"/,sɪtʃu'eʃən/",/sɪtjʊ'eɪʃ(ə)n/,"The house is in a charming situation, on a wooded hillside.",房子位于林木茂密的小山坡上，环境十分优美。
en:software:noun:1,software,noun,（计算机的）软件,n （计算机的）软件,/'sɔftwɛr/,/'sɒf(t)weə/,She loaded the new software .,她给电脑装上新的软件。
en:bishop:noun:1,bishop,noun,（基督教的）主教,n （基督教的）主教,/'bɪʃəp/,/'bɪʃəp/,the Bishop of Durham,达勒姆郡的主教
en:insert:verb:1,insert,verb,插入，放进,v 插入，放进,/'ɪnsɝt/,/ɪn'sɜːt/,His hand shook slightly as he inserted the key into the lock.,他把钥匙插进锁里，手微微颤抖。
en:kernel:noun:1,kernel,noun,（果实的）核；谷粒,n （果实的）核；谷粒,/'kɝnl/,/'kɜːn(ə)l/,The nutshell includes the kernel.,果壳裹着果仁。
en:wisdom:noun:1,wisdom,noun,智慧,n 智慧,/'wɪzdəm/,/'wɪzdəm/,a man of great wisdom,一个有大智慧的男人
en:growl:verb:1,growl,verb,（狗等）嗥叫；咆哮,v （狗等）嗥叫；咆哮,/ɡraʊl/,/graʊl/,The dog growled at me.,那狗冲着我低声吼叫。
en:shaft:noun:1,shaft,noun,（工具的）柄，杆状物,n （工具的）柄，杆状物,/ʃæft/,/ʃɑːft/,golf clubs with steel shafts,带钢柄的高尔夫球棒
en:buzz:verb:1,buzz,verb,（蜂等）嗡嗡叫,v （蜂等）嗡嗡叫,/bʌz/,/bʌz/,a loud buzzing noise,很大的嗡嗡声
en:breed:noun:1,breed,noun,（动物）品种,n （动物）品种,/brid/,/briːd/,Spaniels are my favourite breed of dog.,西班牙猎犬是我最喜欢的犬种。
en:ear:noun:1,ear,noun,（稻麦等的）穗,n （稻麦等的）穗,/ɪr/,/ɪə/,an ear of corn,玉米穗
en:dean:noun:1,dean,noun,（大学）院长，系主任,n （大学）院长，系主任,/din/,/diːn/,the admissions dean,招生主任
en:fertile:adjective:1,fertile,adjective,（创造力）丰富的,adj （创造力）丰富的,/ˈfɝtəl; (canadian) ˈfɝˌtaɪl/,/'fɜːtaɪl/,the product of a fertile imagination,想象力丰富的产物
en:sink:noun:1,sink,noun,（厨房内的）洗涤槽,n （厨房内的）洗涤槽,/sɪŋk/,/sɪŋk/,Dirty plates were piled high in the sink.,脏盘子在洗涤槽里堆得很高。
en:versus:preposition:1,versus,preposition,（比赛等中）对,prep （比赛等中）对,/'vɝsəs/,/'vɜːsəs/,the New York Knicks versus the LA Lakers,纽约尼克斯队对洛杉矶湖人队
en:ranch:noun:1,ranch,noun,（北美洲的）大牧场,n （北美洲的）大牧场,/ræntʃ/,/rɑːn(t)ʃ/,He lives on a cattle ranch in Texas.,他住在德克萨斯州的一个养牛的大牧场里。
en:grope:verb:1,grope,verb,（暗中）摸索，探索,v （暗中）摸索，探索,/ɡrop/,/grəʊp/,Ginny groped for her glasses on the bedside table.,金尼在床头柜上摸着找眼镜。
en:pedlar:noun:1,pedlar,noun,（挨户兜售的）小贩,n （挨户兜售的）小贩,,,The pedlar sponged money off us.,那个小商贩骗了我们的钱。
en:rally:verb:1,rally,verb,集合,v 集合,/'ræli/,/'rælɪ/,an attempt to rally support for the party,为政党争取支持的努力
en:squat:verb:1,squat,verb,（使）蹲下,v （使）蹲下,/skwɑt/,/skwɒt/,He squatted down beside the little girl.,他在小女孩身边蹲了下来。
en:fling:verb:1,fling,verb,（用力）扔，抛,v （用力）扔，抛,/flɪŋ/,/flɪŋ/,He flung the box into the river.,他把盒子扔进河里。
en:scrub:verb:1,scrub,verb,擦洗，擦净,v 擦洗，擦净；n 擦洗,/skrʌb/,/skrʌb/,She was on her hands and knees scrubbing the floor.,她正趴着擦地板。
en:tread:verb:1,tread,verb,踩，踏，践踏,v 踩，踏，践踏,/trɛd/,/tred/,"Sorry, did I tread on your foot?",对不起，我踩到你的脚了吗？
en:crack:verb:1,crack,verb,发出爆裂声,v 发出爆裂声,/kræk/,/kræk/,Thunder cracked overhead.,雷声在头顶炸响。
en:slander:noun:1,slander,noun,诽谤，诋毁,n 诽谤，诋毁；v 诽谤，诋毁,/'slændɚ/,/'slɑːndə/,a vicious slander on the company's good name,对那家公司良好声誉的恶意诽谤
en:escort:verb:1,escort,verb,护卫，护送,v 护卫，护送；n 护卫者，护送车辆,/ˈeskɔːrt/,/'eskɔːt/,The shipment was escorted by guards.,货物的运输由卫兵护送。
en:swell:verb:1,swell,verb,使膨胀；隆起,v 使膨胀；隆起,/swɛl/,/swel/,Her ankle was already starting to swell.,她的脚踝已经开始肿起来了。
en:menace:noun:1,menace,noun,威胁,n 威胁；v （进行）威胁,/'mɛnəs/,/'menəs/,There was menace in his voice.,他的语气里带着威胁。
en:tramp:verb:1,tramp,verb,以沉重的脚步走（过）,v 以沉重的脚步走（过）；n 跋涉,/træmp/,/træmp/,The walk involved tramping through mud.,走这段路要在泥地中跋涉。
en:trample:verb:1,trample,verb,践踏，蹂躏,v 践踏，蹂躏；n 践踏，蹂躏,/'træmpl/,/'træmp(ə)l/,There was a small fence to stop people trampling on the flowers.,有一道小小的围栏，防止人们践踏花草。
en:suicide:noun:2,suicide,noun,自杀,n 自杀；v 自杀,/'suɪsaɪd/,/'s(j)uːɪsaɪd/,More people commit suicide at Christmas than at any other time.,圣诞节期间自杀的人比其他任何时候都多。
en:tighten:verb:1,tighten,verb,（使）变紧,v （使）变紧,/'taɪtn/,/'taɪt(ə)n/,Tighten the screws firmly.,把螺丝拧紧。
en:jingle:verb:1,jingle,verb,（使）丁当响,v （使）丁当响,/'dʒɪŋgl/,/'dʒɪŋg(ə)l/,He jingled his car keys.,他把汽车钥匙弄得叮当响。
en:fret:verb:1,fret,verb,（使）烦恼,v （使）烦恼,/frɛt/,/fret/,Don’t fret – everything will be all right.,别担心——一切都会好的。
en:thrill:verb:1,thrill,verb,（使）激动,v （使）激动,/θrɪl/,/θrɪl/,His music continues to thrill audiences.,他的音乐依然能扣人心弦。
en:deflect:verb:1,deflect,verb,（使）偏斜,v （使）偏斜,/dɪ'flɛkt/,/dɪ'flekt/,He deflected the blow with his forearm.,他用前臂挡开了打来的一拳。
en:tilt:verb:1,tilt,verb,（使）倾斜,v （使）倾斜,/tɪlt/,/tɪlt/,My mother tilted her head and smiled.,我妈妈歪着头笑了。
en:revolve:verb:1,revolve,verb,（使）旋转,v （使）旋转,/rɪ'vɔlv/,/rɪ'vɒlv/,The wheel began to revolve.,轮子开始旋转。
en:rotate:verb:1,rotate,verb,（使）旋转,v （使）旋转,/'rotet/,/rə(ʊ)'teɪt/,The Earth rotates on its axis once every 24 hours.,地球每24小时绕地轴自转一周。
en:compensate:verb:2,compensate,verb,补偿，赔偿,v 补偿，赔偿,/'kɑmpɛnset/,/'kɒmpenseɪt/,the government’s promise to compensate victims of the flood,政府对水灾灾民给予补偿的许诺
en:default:noun:1,default,noun,不履行义务,n 不履行义务；v 不履行义务,/dɪ'fɔlt/,/dɪ'fɔːlt; 'diːfɔːlt/,Mortgage defaults have risen in the last year.,按揭借款违约在近一年里呈上升趋势。
en:infer:verb:1,infer,verb,推断,v 推断,/ɪn'fɝ/,/ɪn'fɜː/,A lot can be inferred from these statistics.,根据这些统计资料可以推断出很多事情。
en:repay:verb:1,repay,verb,偿还；报答,v 偿还；报答,/ri'pɛi/,/riː'peɪ; rɪ-/,Your mortgage will be repaid over 25 years.,你的按揭贷款将在25年内还清。
en:scoff:verb:1,scoff,verb,嘲笑，嘲弄,v 嘲笑，嘲弄,/skɔf/,/skɒf/,"‘You, a scientist!’ he scoffed.",“就你，还科学家！”他讥笑道。
en:hoe:verb:1,hoe,verb,锄地,v 锄地,/ho/,/həʊ/,to hoe the flower beds,用锄头给花坛除草松土
en:retort:verb:1,retort,verb,反击；反驳,v 反击；反驳,/rɪ'tɔrt/,/rɪ'tɔːt/,‘It’s all your fault!’ he retorted.,“那都是你的错！”他反驳道。
en:broaden:verb:1,broaden,verb,放宽，变阔,v 放宽，变阔,/'brɔdn/,/'brɔːd(ə)n/,Mark’s smile broadened.,马克笑得更加灿烂了。
en:decompose:verb:1,decompose,verb,腐败；分解,v 腐败；分解,"/,dikəm'poz/",/diːkəm'pəʊz/,"As the waste materials decompose, they produce methane gas.",废物腐烂时会产生沼气。
en:chorus:verb:1,chorus,verb,合唱，齐声说,v 合唱，齐声说,/'kɔrəs/,/'kɔːrəs/,"""Hi,"" they chorused.",“嗨，”他们齐声说道。
en:supervise:verb:1,supervise,verb,监督，监视,v 监督，监视,/'sʊpɚ'vaɪz/,/'suːpəvaɪz; 'sjuː-/,Griffiths closely supervised the research.,格里菲思密切指导该项研究。
en:beware:verb:1,beware,verb,谨防，当心,v 谨防，当心,/bɪ'wɛr/,/bɪ'weə/,Police warned drivers to beware.,警方提醒司机小心行驶。
en:grab:verb:1,grab,verb,攫取，抓取,v 攫取，抓取,/ɡræb/,/græb/,I grabbed my bag and ran off.,我抓起我的包就跑。
en:entreat:verb:1,entreat,verb,恳求,v 恳求,/ɪn'trit/,/ɪn'triːt; en-/,His friends entreated him not to go.,他的朋友们恳求他不要去。
en:concentrate:verb:1,concentrate,verb,浓缩，提浓,v 浓缩，提浓,/'kɑnsn'tret/,/'kɒns(ə)ntreɪt/,concentrate on,集中精力于；全神贯注于
en:urge:verb:2,urge,verb,强烈希望,v 强烈希望,/ɝdʒ/,/'ɜːdʒ/,The charity urged quick action.,慈善机构敦促迅速采取行动。
en:riot:noun:1,riot,noun,骚乱，暴乱,n 骚乱，暴乱；v 发动骚乱,/'raɪət/,/'raɪət/,urban riots,城市骚乱
en:shrug:verb:2,shrug,verb,耸（肩）,v 耸（肩）；n 耸肩,/ʃrʌɡ/,/ʃrʌg/,I just shrugged my shoulders and ignored him.,我只是耸耸肩，没有理睬他。
en:revive:verb:2,revive,verb,苏醒；复兴,v 苏醒；复兴,/rɪ'vaɪv/,/rɪ'vaɪv/,The paramedics couldn't revive her.,护理人员无法使她苏醒。
en:terminate:verb:1,terminate,verb,停止，终止,v 停止，终止,/'tɝmɪnet/,/'tɜːmɪneɪt/,The court ruled that the contract must be terminated.,法庭裁决该合同必须终止。
en:solidify:verb:1,solidify,verb,凝固,v 凝固,/sə'lɪdɪfaɪ/,/sə'lɪdɪfaɪ/,The volcanic lava solidifies as it cools.,火山熔岩冷却后变成固体。
en:dazzle:verb:1,dazzle,verb,使目眩；使倾倒,v 使目眩；使倾倒,/'dæzl/,/'dæz(ə)l/,a deer dazzled by the headlights,被车头灯光照得目眩的鹿
en:transplant:verb:1,transplant,verb,移植（器官、皮肤等）；移植，移种（植物）,v 移植（器官、皮肤等）；移植，移种（植物）,/træns'plænt/,/træns'plɑːnt; trɑːns-; -nz-/,Surgeons have successfully transplanted a liver into a four-year-old boy.,外科医生成功地给一个四岁的男孩移植了肝脏。
en:xerox:verb:1,xerox,verb,用静电复印,v 用静电复印,,,"Could you xerox this letter, please?",请复印一下这封信好吗？
en:peck:verb:1,peck,verb,啄，啄起,v 啄，啄起,/pɛk/,/pek/,birds pecking at breadcrumbs on the pavement,在人行道上啄食面包屑的鸟儿
en:trot:verb:1,trot,verb,（马）小跑,v （马）小跑；n （马）小跑；慢跑,/trɑt/,/trɒt/,Alan took the reins and the small horse started trotting.,艾伦抓住缰绳，小马开始慢跑起来。
en:ridicule:verb:1,ridicule,verb,嘲弄，挖苦,v 嘲弄，挖苦；n 嘲弄，挖苦,/'rɪdɪ'kjʊl/,/'rɪdɪkjuːl/,"At the time, his ideas were ridiculed.",当时他的观点被人讥笑。
en:chatter:verb:1,chatter,verb,喋喋不休,v 喋喋不休；n 喋喋不休,/'tʃætɚ/,/'tʃætə/,She chattered away happily until she noticed I wasn’t listening.,她开心地说个不停，直到发觉我没在听才停下来。
en:sneer:verb:1,sneer,verb,冷笑；嘲笑,v 冷笑；嘲笑；n 冷笑；嘲笑,/snɪr/,/snɪə/,‘Is that your best outfit?’ he sneered.,“那就是你最好的衣服了？”他讥笑道。
en:boycott:verb:1,boycott,verb,联合抵制,v 联合抵制；n 抵制行动，受抵制时期,/'bɔɪkɑt/,/'bɒɪkɒt/,We boycott all products tested on animals.,我们抵制所有拿动物做试验的产品。
en:plunder:verb:1,plunder,verb,掠夺，劫掠,v 掠夺，劫掠；n 掠夺，抢劫,/'plʌndɚ/,/'plʌndə/,The rich provinces of Asia Minor were plundered by the invaders.,小亚细亚的富饶地区遭到侵略者的劫掠。
en:endeavor:verb:1,endeavor,verb,努力，尽力,v 努力，尽力；n 努力，尝试,/ɪn'dɛvɚ/,/ɪn'devə/,We always endeavor to please our customers.,我们总是竭尽全力让顾客满意。
en:scramble:verb:1,scramble,verb,爬行，攀登,v 爬行，攀登；n 爬行，攀登,/'skræmbl/,/'skræmb(ə)l/,They tried to scramble up the cliff.,他们想爬上悬崖。
en:flap:verb:1,flap,verb,拍打,v 拍打；n 拍打，拍动,/flæp/,/flæp/,The sails flapped in the breeze.,风帆在微风中摆动。
en:slaughter:verb:1,slaughter,verb,屠杀；屠宰,v 屠杀；屠宰；n 屠杀；屠宰,/'slɔtɚ/,/'slɔːtə/,"Men, women and children were slaughtered and villages destroyed.",村庄被毁，男人、女人和儿童惨遭杀戮。
en:tow:verb:1,tow,verb,拖引，牵引,v 拖引，牵引；n 拖引，牵引,/to/,/təʊ/,The ship had to be towed into the harbor.,那艘轮船不得不被拖进港口。
en:credit:verb:1,credit,verb,相信，信任,v 相信，信任；n 相信，信任,/'krɛdɪt/,/'kredɪt/,We found his statement hard to credit.,我们觉得他的说法令人难以信服。
en:clockwise:adverb:1,clockwise,adverb,顺时针方向转地,adv 顺时针方向转地；adj 顺时针方向转的,/'klɑk'waɪz/,/'klɒkwaɪz/,Screw the lid on clockwise.,按顺时针方向拧紧盖子。
en:headlong:adverb:1,headlong,adverb,头向前地,adv 头向前地；adj 头向前的,/'hɛdlɔŋ/,/'hedlɒŋ/,I fell headlong into a pool of icy water.,我一个倒栽葱跌入了冰冷的池水中。
en:counter:adverb:1,counter,adverb,相反地,adv 相反地；adj 相反的,/'kaʊntɚ/,/'kaʊntə/,Some actions by the authorities ran counter to the President’s call for leniency.,当局的某些行为和总统呼吁的宽容背道而驰。
en:eastward:adverb:1,eastward,adverb,向东,adv 向东,/'istwɚdz/,/'iːstwəd/,A powerful snow storm is moving eastward.,一场强暴风雪正在东移。
en:moslem:noun:1,Moslem,noun,穆斯林,n 穆斯林；adj 穆斯林的,/'mɑzləm/,/'mɒzləm/,,
en:melancholy:noun:1,melancholy,noun,忧郁的,n 忧郁的；adj 忧郁，悲伤,/'mɛlənkɑli/,/'melənkəlɪ/,He sank into deep melancholy.,他陷入深深的忧郁之中。
en:bulletin:noun:1,bulletin,noun,告示，公告，公报,n 告示，公告，公报,/'bʊlətɪn/,/'bʊlɪtɪn/,At 3:30 p.m. a bulletin was released announcing that the president was out of immediate danger.,下午3:30发布了公告，宣布总统暂时脱离了危险。
en:allowance:noun:1,allowance,noun,津贴，补助费,n 津贴，补助费,/ə'laʊəns/,/ə'laʊəns/,Sales staff get a generous mileage allowance or a company car.,销售人员有优厚的里程补贴或者公司提供的专用汽车。
en:cancel:verb:3,cancel,verb,取消， 撤销， 删去,vt 取消， 撤销， 删去,/'kænsl/,/'kænsl/,Our flight was cancelled.,我们的航班取消了。
en:numerous:adjective:2,numerous,adjective,众多的,adj 众多的,/'numərəs/,/'njuːmərəs/,Numerous attempts have been made to hide the truth.,为掩盖事实作了很多尝试。
en:surgeon:noun:1,surgeon,noun,外科医生,n 外科医生,/'sɝdʒən/,/'sɜːdʒən/,...a heart surgeon.,…一位心脏外科医生。
en:analyse:verb:1,analyse,verb,分析； 分解， 解析,vt 分析； 分解， 解析,/'æn(ə)laɪz/,/'ænəlaɪz/,She still needs to analyse the data.,她仍需要分析这些数据。
en:abrupt:adjective:1,abrupt,adjective,突然的， 意外的； 唐突的， 鲁莽的,adj 突然的， 意外的； 唐突的， 鲁莽的,/ə'brʌpt/,/ə'brʌpt/,an abrupt change of plan,计划的突然改变
en:spacious:adjective:3,spacious,adjective,宽广的， 宽敞的,adj 宽广的， 宽敞的,/'speʃəs/,/'speɪʃəs/,a spacious living area,宽敞的居住空间
en:disapproval:noun:1,disapproval,noun,不赞成,n 不赞成,/'dɪsə'prʊvl/,/ˌdɪsə'pruːvl/,His action had been greeted with almost universal disapproval.,他的行动遭到了几乎一致的反对。
en:spontaneous:adjective:1,spontaneous,adjective,自发的， 无意识的； 自然的， 天真率直的,adj 自发的， 无意识的； 自然的， 天真率直的,/spɑn'tenɪəs/,/spɒn'teɪniəs/,The crowd gave a spontaneous cheer.,人群自发地欢呼起来。
en:remote:adjective:1,remote,adjective,遥远的， 偏僻的； 关系疏远的； 脱离的； 绝少的； 微乎其微的； 孤高的， 冷淡的,adj 遥远的， 偏僻的； 关系疏远的； 脱离的； 绝少的； 微乎其微的； 孤高的， 冷淡的,/rɪ'mot/,/rɪ'məut/,a remote border town,一个偏远的边境小镇
en:cafeteria:noun:2,cafeteria,noun,自助餐馆， 自助食堂,n 自助餐馆， 自助食堂,"/,kæfə'tɪrɪə/",/ˌkæfə'tɪəriə/,the school cafeteria,学校餐厅
en:rupture:verb:1,rupture,verb,破裂,v 破裂；n 破裂，裂开；决裂，断绝,/'rʌptʃɚ/,/'rʌptʃə/,The pipe will rupture at its weakest point.,管道最薄弱的地方会破裂的。
en:wreck:noun:1,wreck,noun,失事，残骸；精神或身体已垮的人,n 失事，残骸；精神或身体已垮的人；vt 破坏,/rɛk/,/rek/,He was still alive when they pulled him from the wreck.,他们把他从失事的车辆中拖出来时，他还活着。
en:virgin:adjective:1,virgin,adjective,未经开发的， 未经使用的， 未经触动的； 处女的,adj 未经开发的， 未经使用的， 未经触动的； 处女的；n 处女，未婚女子,/'vɝdʒɪn/,/'vɜːdʒɪn/,Within 40 years there will be no virgin forest left.,过不了40年原始森林将所剩无几。
en:afflict:verb:1,afflict,verb,使苦恼， 折磨,vt 使苦恼， 折磨,/ə'flɪkt/,/ə'flɪkt/,,
en:reproach:noun:1,reproach,noun,责备， 批评,n&vt 责备， 批评,/rɪ'protʃ/,/rɪ'prəutʃ/,"‘You don’t need me,’ she said quietly, without reproach.",“你不需要我。”她语气平静，没有丝毫责备。
en:fluctuate:verb:3,fluctuate,verb,波动， 涨落， 起伏,vi 波动， 涨落， 起伏,/'flʌktʃʊ'et/,/'flʌktʃueɪt/,Insect populations fluctuate wildly from year to year.,昆虫的数量每年变化很大。
en:compartment:noun:2,compartment,noun,卧车包房， 隔间； 分隔的空间,n 卧车包房， 隔间； 分隔的空间,/kəm'pɑrtmənt/,/kəm'pɑːtmənt/,The bag is divided into separate compartments .,这个包有一些独立的隔层。
en:gloomy:adjective:1,gloomy,adjective,忧郁的， 沮丧的； 令人沮丧的； 昏暗的， 阴沉的,adj 忧郁的， 沮丧的； 令人沮丧的； 昏暗的， 阴沉的,/'ɡlumi/,/'gluːmi/,The report paints a gloomy picture of the economy.,这篇报告描绘了一幅惨淡的经济现状。
en:kidnap:noun:1,kidnap,noun,绑架， 诱拐,n 绑架， 诱拐,/'kɪdnæp/,/'kɪdnæp/,Stewart denies attempted murder and kidnap.,斯图尔特否认有谋杀和绑架的企图。
en:warrant:noun:2,warrant,noun,授权令；理由，根据,n 授权令；理由，根据；vt 证明…是正当的,/'wɔrənt/,/'wɒrənt/,There is no warrant for copying other people’s work.,剽窃他人作品毫无道理。
en:calculate:verb:1,calculate,verb,计算， 推算； 计划， 打算,v 计算， 推算； 计划， 打算,/'kælkjulet/,/'kælkjuleɪt/,These instruments calculate distances precisely.,这些仪器计算距离非常精确。
en:persistent:adjective:2,persistent,adjective,坚持不懈的， 执意的； 持续的,adj 坚持不懈的， 执意的； 持续的,/pə'zɪstənt/,/pə'sɪstənt/,persistent rumours,持续流传的谣言
en:authorize:verb:1,authorize,verb,授权， 批准,vt 授权， 批准,/'ɔθəraɪz/,/'ɔːθəraɪz/,an authorized biography,授权传记
en:sake:noun:1,sake,noun,缘故， 理由,n 缘故， 理由,/sek/,/seɪk/,He moved to the seaside for the sake of his health.,他为了健康而迁居海滨。
en:audience:noun:2,audience,noun,听众， 观众； 读者,n 听众， 观众； 读者,/'ɔdɪəns/,/'ɔːdiəns/,The audience began clapping and cheering.,观众开始鼓掌欢呼。
en:rehearsal:noun:1,rehearsal,noun,排练， 排演,n 排练， 排演,/rɪ'hɝsl/,/rɪ'hɜːsl/,a wedding rehearsal,婚礼的预演
en:sniff:verb:2,sniff,verb,以鼻吸气，用力吸入；嗅，闻,v 以鼻吸气，用力吸入；嗅，闻；n 吸气； 嗅， 闻,/snɪf/,/snɪf/,Margaret sniffed miserably and nodded.,玛格丽特可怜地抽泣着点了点头。
en:narrative:noun:1,narrative,noun,叙述文， 故事； 叙述， 讲述,n 叙述文， 故事； 叙述， 讲述,/'nærətɪv/,/'nærətɪv/,At several points in the narrative the two stories cross.,叙述中两条故事线多次交织在一起。
en:possess:verb:1,possess,verb,占用， 拥有,vt 占用， 拥有,/pə'zɛs/,/pə'zes/,Different workers possess different skills.,不同的工人拥有不同技能。
en:coincide:verb:2,coincide,verb,同时发生； 相符， 相一致； 位置重合， 重叠,vi 同时发生； 相符， 相一致； 位置重合， 重叠,"/,koɪn'saɪd/",/ˌkəuɪn'saɪd/,"When our vacations coincided, we often holidayed together.",我们的假期要是凑巧赶在一起，我们常常会一同去度假。
en:neutral:adjective:1,neutral,adjective,中立的， 中性的,adj 中立的， 中性的,/'nʊtrəl/,/'njuːtrəl/,I always tried to remain neutral when they started arguing.,他们争论起来的时候我总是努力保持中立。
en:scratch:verb:1,scratch,verb,抓，搔，扒；刮擦，刻划,v 抓，搔，扒；刮擦，刻划；n 抓痕， 划痕； 抓， 搔， 刮,/skrætʃ/,/skrætʃ/,John yawned and scratched his leg.,约翰打了个呵欠，挠了挠腿。
en:analysis:noun:1,analysis,noun,分析， 分析报告； 分解， 解析,n 分析， 分析报告； 分解， 解析,/ə'næləsɪs/,/ə'næləsɪs/,She’s been in analysis for three years.,她接受精神分析治疗已经三年了。
en:devise:verb:1,devise,verb,设计， 发明,vt 设计， 发明,/dɪ'vaɪz/,/dɪ'vaɪz/,She devised a method for quicker communications between offices.,她想出一种加快办公室之间通信联络的方法。
en:cooperative:adjective:2,cooperative,adjective,有合作意向的，乐意合作的；合作的，协作的,adj 有合作意向的，乐意合作的；合作的，协作的；n 合作社， 合作商店,/ko'ɑpərətɪv/,/kəu'ɒpərətɪv/,He was doing his best to be cooperative.,他在尽全力配合。
en:triple:adjective:1,triple,adjective,三部分的，三方的；三倍的，三重的,adj 三部分的，三方的；三倍的，三重的；v 增至三倍,/'trɪpl/,/'trɪpl/,a triple murder investigation,对一宗三重谋杀案的调查
en:clutch:verb:2,clutch,verb,企图抓住,vi 企图抓住；vt 抓紧，紧握；n 离合器； 掌握， 控制； 把握， 抓紧,/klʌtʃ/,/klʌtʃ/,He clutched at a pillar for support.,他猛地抓住一根柱子作支撑。
en:temper:noun:1,temper,noun,韧度；心情，情绪,n 韧度；心情，情绪；vt 调和， 使缓和； 回火,/'tɛmpɚ/,/'tempə/,Pete hit his brother in a fit of temper .,皮特一气之下打了他弟弟。
en:grope:verb:2,grope,verb,暗中摸索，搜索；探索，搜寻,vi 暗中摸索，搜索；探索，搜寻；vt 摸索,/ɡrop/,/grəup/,"With his left hand he groped for the knob, turned it, and pulled the door open.",他用左手摸索到门把手，转动把手，把门拉开。
en:rejoice:verb:1,rejoice,verb,感到高兴， 充满喜悦,vi 感到高兴， 充满喜悦,/rɪ'dʒɔɪs/,/rɪ'dʒɔɪs/,"Garbo plays the queen, rejoicing in the love she has found with Antonio.",嘉宝饰演沉浸在与安东尼奥爱情的欣喜中的王后。
en:frantic:adjective:2,frantic,adjective,慌乱不安的； 发疯似的， 发狂的,adj 慌乱不安的； 发疯似的， 发狂的,/'fræntɪk/,/'fræntɪk/,I spent three frantic days trying to get everything ready.,我花了三天时间手忙脚乱地做准备。
en:tickle:verb:2,tickle,verb,发痒,vi 发痒；vt 使发痒；使高兴，逗乐；n 痒,/'tɪkl/,/'tɪkl/,Stop tickling me!,别挠我痒痒！
en:object:verb:1,object,verb,反对， 不赞成,vi 反对， 不赞成；n 实物， 物体； 目的， 目标； 对象， 客体； 宾语,/'ɑbdʒɛkt/,/'ɒbdʒɪkt; -dʒekt/,"If no one objects, I would like Mrs Harrison to be present.",如果没人反对的话，我想请哈里森夫人出席。
en:humble:adjective:1,humble,adjective,谦逊的；地位低下的；简陋的,adj 谦逊的；地位低下的；简陋的；vt 使谦恭； 使卑下,/'hʌmbl/,/'hʌmbl/,a modest and humble man,一个谦卑的男人
en:commodity:noun:3,commodity,noun,商品， 货物,n 商品， 货物,/kə'mɑdəti/,/kə'mɒdəti/,agricultural commodities,农业商品
en:cliff:noun:1,cliff,noun,悬崖， 峭壁,n 悬崖， 峭壁,/klɪf/,/klɪf/,The car rolled over the edge of a cliff.,汽车翻下了悬崖边。
en:obedient:adjective:2,obedient,adjective,服从的， 顺从的,adj 服从的， 顺从的,/oˈbidiənt/,/ə'biːdɪənt/,an obedient child,听话的孩子
en:infinite:adjective:1,infinite,adjective,无限的， 无数的,adj 无限的， 无数的,/'ɪnfɪnət/,/'ɪnfɪnət/,The universe is infinite.,宇宙是无限的。
en:misery:noun:2,misery,noun,痛苦， 苦恼， 苦难； 悲惨的境遇， 贫苦,n 痛苦， 苦恼， 苦难； 悲惨的境遇， 贫苦,/'mɪzəri/,/'mɪzəri/,What we are witnessing here is human misery on a vast scale.,我们在这里所目睹的情景是许许多多的人都生活困苦。
en:blur:verb:1,blur,verb,变模糊,v 变模糊；n 模糊，模糊的东西,/blɝ/,/blɜː/,The street lights were blurred by the fog.,街灯在迷雾的笼罩下十分昏暗。
en:suffice:verb:2,suffice,verb,足够,vi 足够,/sə'faɪs/,/sə'faɪs/,A light lunch will suffice .,简单的午餐就够了。
en:concede:verb:1,concede,verb,让步， 认输,vi 让步， 认输；vt 承认，承认…为真；承认失败；允许，让予,/kən'sid/,/kən'siːd/,"‘That’s the only possible solution.’ ‘Yes, I suppose so,’ Charles conceded.",“那是唯一可行的解决办法。”“对，我想是。”查尔斯承认道。
en:notable:adjective:2,notable,adjective,值得注意的，显著的；著名的,adj 值得注意的，显著的；著名的；n 名人， 要人,/'notəbl/,/'nəutəbl/,"Every country in the world signed the treaty, with one notable exception - the United States.",全世界每个国家都签署了那份条约，只有一个国家反其道而行之，就是美国。
en:plausible:adjective:1,plausible,adjective,似有道理的， 似乎正确的， 貌似可信的,adj 似有道理的， 似乎正确的， 貌似可信的,/'plɔzəbl/,/'plɔːzəbl/,His story certainly sounds plausible.,他的叙述听上去当然很合理。
en:equator:noun:2,equator,noun,赤道,n 赤道,/ɪ'kwetɚ/,/ɪ'kweɪtə/,Knows(Those ) from south of the [ equator ] come to the United States during the northern winter .,那些来自赤道以南的学生在北方的冬天来到美国。
en:commission:noun:2,commission,noun,委任状；委员会；佣金，回扣；授权，委托,n 委任状；委员会；佣金，回扣；授权，委托；vt 委任， 委托,/kə'mɪʃən/,/kə'mɪʃn/,The Government set up a commission to investigate allegations of police violence.,政府成立了一个委员会调查对警察施暴行为的指控。
en:staircase:noun:1,staircase,noun,楼梯,n 楼梯,/'stɛrkes/,/'steəkeɪs/,They walked down the staircase together.,他们一起沿楼梯通道往下走。
en:flip:adjective:1,flip,adjective,〈口〉无理的， 轻率的， 轻浮的,adj 〈口〉无理的， 轻率的， 轻浮的；vt 快速翻动，转动；n 捻掷，轻抛；轻拍,/flɪp/,/flɪp/,I was fed up with his flip comments.,我听够了他那些轻率的评论。
en:rational:adjective:2,rational,adjective,理性的， 理智的； 合理的,adj 理性的， 理智的； 合理的,/'ræʃnəl/,/'ræʃnəl/,Parents need to be fully informed so they can make a rational decision.,父母需要充分了解情况，这样才可以作出合理的决定。
en:barricade:noun:1,barricade,noun,路障，栅栏，障碍,n 路障，栅栏，障碍；vt 设路障于， 挡住,/'bærɪ'ked/,/ˌbærɪ'keɪd/,The fans were kept back behind barricades.,歌迷们被拦在路障后面。
en:resume:verb:1,resume,verb,重新开始， 继续， 恢复,vt 重新开始， 继续， 恢复；n 摘要， 概要； 简历,,/rɪˈzjuːm; ˈrɛzjʊmeɪ/,She hopes to resume work after the baby is born.,她想生完孩子后继续工作。
en:provocative:adjective:1,provocative,adjective,挑衅的， 煽动的， 刺激的； 挑逗的,adj 挑衅的， 煽动的， 刺激的； 挑逗的,/prə'vɑkətɪv/,/prə'vɒkətɪv/,a provocative act by a terrorist group,恐怖团体的挑衅行为
en:committee:noun:1,committee,noun,委员会， 全体委员,n 委员会， 全体委员,/kə'mɪti/,/kə'mɪti/,a committee meeting,委员会会议
en:posture:verb:1,posture,verb,摆出姿势， 装模作样,vi 摆出姿势， 装模作样；n 姿势，姿态；看法，态度,/'pɑstʃɚ/,/'pɒstʃə/,She says the president may just be posturing.,她说总统也许只是在作态。
en:spiral:verb:1,spiral,verb,盘旋上升； 不断急剧地上升,vi 盘旋上升； 不断急剧地上升；adj 螺旋的；n 螺旋，螺旋式的上升,/'spaɪrəl/,/'spaɪrəl/,Crime has spiraled out of control .,犯罪活动激增，已经失控。
en:subtle:adjective:3,subtle,adjective,微妙的， 难以捉摸的； 诡秘的， 狡诈的； 隐约的,adj 微妙的， 难以捉摸的； 诡秘的， 狡诈的； 隐约的,/'sʌtl/,/'sʌtl/,"The pictures are similar, but there are subtle differences between them.",这些图片很相似，但它们之间有细微的差别。
en:component:adjective:1,component,adjective,组成的， 构成的,adj 组成的， 构成的；n 组成部分，部件，组件,/kəm'ponənt/,/kəm'pəunənt/,Gorbachev failed to keep the component parts of the Soviet Union together.,戈尔巴乔夫没能使苏联各组成部分保持在一起。
en:overwhelm:verb:3,overwhelm,verb,使受不了， 使不知所措； 征服， 制服,vt 使受不了， 使不知所措； 征服， 制服,/ovɚˈhwɛlm/,/ˌəuvə'welm/,Grief overwhelmed me.,我悲痛不已。
en:suite:noun:1,suite,noun,套间； 一套家具； 套， 组， 系列,n 套间； 一套家具； 套， 组， 系列,/sut; swit/,/swiːt/,a honeymoon suite,蜜月套房
en:consultant:noun:1,consultant,noun,顾问； 会诊医师， 专科医生,n 顾问； 会诊医师， 专科医生,/kən'sʌltənt/,/kən'sʌltənt/,a management consultant,管理顾问
en:disguise:verb:1,disguise,verb,假扮，化装，伪装；掩盖，掩饰,vt 假扮，化装，伪装；掩盖，掩饰；n 用来伪装的东西； 伪装， 掩饰,/dɪs'ɡaɪz/,/dɪs'gaɪz/,He escaped across the border disguised as a priest.,他装扮成神父越境逃走了。
en:imperial:adjective:2,imperial,adjective,帝国的， 帝王的； 英制的,adj 帝国的， 帝王的； 英制的,/ɪm'pɪrɪəl/,/ɪm'pɪəriəl/,Britain’s imperial expansion in the 19th century,19世纪英帝国的扩张
en:facet:noun:1,facet,noun,一个方面； 面,n 一个方面； 面,/'fæsɪt/,/'fæsɪt/,The issues are complex and multi-faceted.,这些问题很复杂，涉及诸多方面。
en:liberal:adjective:1,liberal,adjective,心胸宽大的， 慷慨的； 自由的， 自由主义的,adj 心胸宽大的， 慷慨的； 自由的， 自由主义的,/'lɪbərəl/,/'lɪbərəl/,a more liberal attitude towards sexuality,对两性关系比较开通的态度
en:surgery:noun:1,surgery,noun,外科， 外科手术； 手术室,n 外科， 外科手术； 手术室,/'sɝdʒəri/,/'sɜːdʒəri/,Dr. Hanson is in surgery.,汉森医生在手术室。
en:harmony:noun:1,harmony,noun,调和； 协调； 和谐,n 调和； 协调； 和谐,/'hɑrməni/,/'hɑːməni/,the gorgeous vocal harmonies on ‘Mexicali Rose’,《墨西哥玫瑰》的精彩和声演唱
en:violent:adjective:3,violent,adjective,暴力引起的， 强暴的； 猛烈的， 剧烈的,adj 暴力引起的， 强暴的； 猛烈的， 剧烈的,/'vaɪələnt/,/'vaɪələnt/,the increase in violent crime,暴力犯罪的增多
en:resolve:verb:1,resolve,verb,决定；解决；分解,v 决定；解决；分解；n 决心,/rɪ'zɑlv/,/rɪ'zɒlv/,Barnet was desperate for money to resolve his financial problems.,巴尼特急需钱来解决他的经济问题。
en:cozy:adjective:2,cozy,adjective,舒适的； 亲切友好的,adj 舒适的； 亲切友好的,/'kozi/,/'kəuzi/,"And on that bed there is a granny, a snoring granny on a cozy bed in a napping house, where everyone is sleeping.",床上有一位老奶奶，一个打着鼾的奶奶睡在舒适的床上，在那打瞌睡的房子里，每个人都在睡觉。
en:confront:verb:2,confront,verb,迎面遇到， 遭遇； 勇敢地面对， 正视； 使对质， 使当面对证,vt 迎面遇到， 遭遇； 勇敢地面对， 正视； 使对质， 使当面对证,/kən'frʌnt/,/kən'frʌnt/,The problems confronting the new government were enormous.,新政府面临的难题是巨大的。
en:dominate:verb:3,dominate,verb,在…中占首要地位； 支配， 统治； 耸立于， 俯视； 拥有优势,v 在…中占首要地位； 支配， 统治； 耸立于， 俯视； 拥有优势,/'dɑmɪnet/,/'dɒmɪneɪt/,The cathedral dominates the city.,大教堂俯视全城。
en:imitate:verb:2,imitate,verb,模仿； 仿效； 仿制,vt 模仿； 仿效； 仿制,/'ɪmɪtet/,/'ɪmɪteɪt/,She was a splendid mimic and loved to imitate Winston Churchill.,她是个出色的模仿者，喜欢模仿温斯顿·丘吉尔。
en:deadly:adverb:1,deadly,adverb,非常， 极度地,adv 非常， 极度地；adj 致死的，致命的；不共戴天的；极度的，十足的,/'dɛdli/,/'dedli/,Broadcast news was accurate and reliable but deadly dull.,新闻广播准确、可靠，但极其枯燥。
en:compute:verb:1,compute,verb,计算， 估算,v 计算， 估算,/kəm'pjʊt/,/kəm'pjuːt/,Final results had not yet been computed.,最终的结果还未计算出来。
en:institution:noun:2,institution,noun,协会； 制度； 习俗,n 协会； 制度； 习俗,"/,ɪnstɪ'tuʃən/",/ˌɪnstɪ'tjuːʃn/,social institutions such as the family and religion,家庭和宗教这一类社会制度
en:huddle:verb:1,huddle,verb,聚集在一起，挤作一团；把身子蜷成一团，蜷缩,vi 聚集在一起，挤作一团；把身子蜷成一团，蜷缩；vt 使聚集在一起；n 挤在一起的人； 一堆杂乱的东西,/'hʌdl/,/'hʌdl/,We lay huddled together for warmth.,我们紧紧挤在一起取暖。
en:skeleton:noun:2,skeleton,noun,骨骼； 框架， 骨干； 梗概， 提要,n 骨骼； 框架， 骨干； 梗概， 提要,/'skɛlɪtn/,/'skelɪtn/,We agreed on a skeleton outline of the proposal.,我们给提案商定了一个基本框架。
en:ambition:noun:2,ambition,noun,雄心， 抱负， 野心； 期望得到的东西,n 雄心， 抱负， 野心； 期望得到的东西,/æm'bɪʃən/,/æm'bɪʃn/,He was young and full of ambition.,他年轻，而且雄心勃勃。
en:intersection:noun:1,intersection,noun,道路交叉口， 交点,n 道路交叉口， 交点,"/,ɪntɚ'sɛkʃən/",/ˌɪntə'sekʃn/,We crossed at a busy intersection.,我们穿过了一个繁忙的道路交叉口。
en:exceed:verb:2,exceed,verb,超过， 胜过， 超出,vt 超过， 胜过， 超出,/ɪk'sid/,/ɪk'sɪːd/,Working hours must not exceed 42 hours a week.,工作时间每周不得超过42小时。
en:implement:verb:1,implement,verb,使生效， 履行， 实施,vt 使生效， 履行， 实施；n 工具， 器具， 用具,/'ɪmplɪmɛnt/,/'ɪmplɪm(ə)nt/,The government promised to implement a new system to control financial loan institutions.,政府许诺要实施新的制度来控制金融贷款机构。
en:disperse:verb:2,disperse,verb,分散， 赶散； 消散， 驱散,vi 分散， 赶散； 消散， 驱散；vt 使分散，散开；使消散，消失,/dɪ'spɝs/,/dɪ'spɜːs/,Police used tear gas to disperse the crowd.,警察用催泪瓦斯驱散人群。
en:avert:verb:1,avert,verb,防止， 避免； 转移,vt 防止， 避免； 转移,/ə'vɝt/,/ə'vɜːt/,The tragedy could have been averted if the crew had followed safety procedures.,如果乘务人员按照安全规则操作，这场悲剧是可以避免的。
en:fantasy:noun:1,fantasy,noun,想象， 幻想； 想象的产物,n 想象， 幻想； 想象的产物,/'fæntəsi/,/'fæntəsi/,I used to have fantasies about living in Paris with an artist.,我过去常幻想着在巴黎与一位艺术家同住。
en:shipment:noun:2,shipment,noun,装运， 装船； 装载的货物,n 装运， 装船； 装载的货物,/'ʃɪpmənt/,/'ʃɪpmənt/,The goods are ready for shipment.,货物已经准备好装运。
en:vicious:adjective:2,vicious,adjective,恶毒的， 凶残的； 剧烈的， 严重的,adj 恶毒的， 凶残的； 剧烈的， 严重的,/'vɪʃəs/,/'vɪʃəs/,a vicious murder,一桩凶残的谋杀案
en:lace:noun:1,lace,noun,网眼花边，透孔织品；鞋带，系带,n 网眼花边，透孔织品；鞋带，系带；vt 用系带束紧,/les/,/leɪs/,a handkerchief trimmed with lace,饰有蕾丝花边的手绢
en:enormous:adjective:2,enormous,adjective,巨大的， 庞大的,adj 巨大的， 庞大的,/ɪ'nɔrməs/,/ɪ'nɔːməs/,an enormous bunch of flowers,巨大的花束
en:external:adjective:1,external,adjective,外部的， 外面的,adj 外部的， 外面的,/ɪk'stɝnl/,/ɪk'stɜːnl/,the external appearance of the building,大楼的外观
en:gorgeous:adjective:2,gorgeous,adjective,华丽的， 灿烂的， 绚丽的； 令人十分愉快的， 极好的,adj 华丽的， 灿烂的， 绚丽的； 令人十分愉快的， 极好的,/'ɡɔrdʒəs/,/'gɔːdʒəs/,a gorgeous cake,漂亮的蛋糕
en:circumstance:noun:2,circumstance,noun,情况，条件，境遇；,n 情况，条件，境遇；,/ˈsɝ​kəmˌstəns/,/'sɜːkəmstəns/,The Soviet Union had been forced by circumstances to sign a pact with Nazi Germany.,苏联为形势所迫同纳粹德国签订了一项条约。
en:authority:noun:2,authority,noun,官方； 权力； 当权者， 行政管理机构； 权威， 专家,n 官方； 权力； 当权者， 行政管理机构； 权威， 专家,/ə'θɔrəti/,/ɔː'θɒrəti/,an agreement between the US and Colombian authorities,美国和哥伦比亚当局的一份协议
en:erosion:noun:2,erosion,noun,腐蚀， 侵蚀， 磨损； 削弱， 减少,n 腐蚀， 侵蚀， 磨损； 削弱， 减少,/ɪ'roʒən/,/ɪ'rəuʒn/,the problem of soil erosion,水土流失的问题
en:ascend:verb:3,ascend,verb,渐渐上升，升高,vi 渐渐上升，升高；vt 攀登， 登上,/ə'sɛnd/,/ə'send/,The plane ascended rapidly.,飞机迅速爬升。
en:provided:conjunction:1,provided,conjunction,假如， 若是,conj 假如， 若是,/prə'vaɪdɪd/,/prə'vaɪdɪd/,"He can come with us, provided he pays for his own meals.",只要他付自己的饭钱，就可以跟我们一起来。
en:instrument:noun:1,instrument,noun,仪器， 工具； 乐器,n 仪器， 工具； 乐器,/'ɪnstrəmənt/,/'ɪnstrəmənt/,surgical instruments,外科(手术)器械
en:medium:adjective:1,medium,adjective,中等的,adj 中等的；n 媒质，媒介物；传导体,/'midɪəm/,/'miːdiəm/,"What size shirt does he wear – small, medium or large?",他穿多大尺码的衬衫——小号、中号还是大号？
en:indispensable:adjective:3,indispensable,adjective,必不可少的， 必需的,adj 必不可少的， 必需的,/'ɪndɪ'spɛnsəbl/,/ˌɪndɪ'spensəbl/,Mobile phones have become an indispensable part of our lives.,移动电话已经成为我们生活中的必需品。
en:lens:noun:1,lens,noun,透镜， 镜片； 镜头,n 透镜， 镜片； 镜头,/lɛnz/,/lenz/,a standard 50mm lens,50毫米标准镜头
en:embody:verb:3,embody,verb,代表， 表现， 体现； 包括； 包含； 收录,vt 代表， 表现， 体现； 包括； 包含； 收录,/ɪm'bɑdi/,/ɪm'bɒdi/,She embodies everything I admire in a teacher.,她具备了我所钦佩的教师该具备的一切素质。
en:fatal:adjective:2,fatal,adjective,致命的， 灾难性的， 毁灭性的； 重大的， 决定性的,adj 致命的， 灾难性的， 毁灭性的； 重大的， 决定性的,/'fetl/,/'feɪtl/,potentially fatal diseases,潜在致命的疾病
en:motive:noun:1,motive,noun,动机， 目的,n 动机， 目的,/'motɪv/,/'məutɪv/,What do you suppose the killer’s motive was?,你认为凶手的动机是什么？
en:envisage:verb:1,envisage,verb,想象， 设想,vt 想象， 设想,/ɪn'vɪzɪdʒ/,/ɪn'vɪzɪdʒ/,The scheme cost a lot more than we had originally envisaged.,该计划的花费大大超出了我们最初所预想的数额。
en:wrestle:noun:2,wrestle,noun,摔跤； 斗争， 搏斗,n 摔跤； 斗争， 搏斗,/'rɛsl/,/'resl/,wrestle with,全力对付；努力克服
en:motivate:verb:1,motivate,verb,作为…的动机； 激励， 激发,vt 作为…的动机； 激励， 激发,/'motə'vet/,/'məutɪveɪt/,Was he motivated solely by a desire for power?,他只是受到权欲的驱使吗？
en:marginal:adjective:2,marginal,adjective,微小的， 少量的； 不重要的； 仅以微弱多数票获胜的； 记在页边的， 有旁注的,adj 微小的， 少量的； 不重要的； 仅以微弱多数票获胜的； 记在页边的， 有旁注的,/'mɑrdʒɪnl/,/'mɑːdʒɪnl/,a marginal increase in the unemployment figures,失业人数的小幅增加
en:spoil:verb:2,spoil,verb,变质,vi 变质；vt 损坏，糟蹋；宠坏，溺爱；n 战利品， 掠夺物,/spɔɪl/,/spɔɪl/,Food will spoil if the temperature in your freezer rises above 8˚C.,如果冰柜的温度上升到 8 摄氏度以上，食物就会变质。
en:multiply:verb:1,multiply,verb,增加， 繁殖； 乘,v 增加， 繁殖； 乘,/'mʌltɪplaɪ/,/'mʌltɪplaɪ/,Bacteria multiply quickly in warm food.,细菌在温热的食物里繁殖得很快。
en:pasture:noun:3,pasture,noun,牧草地，牧场,n 牧草地，牧场；vt 放牧,/'pæstʃɚ/,/'pɑːstʃə/,large areas of rough upland pasture,大片起伏的山地牧场
en:approval:noun:1,approval,noun,赞成， 同意； 认可， 批准,n 赞成， 同意； 认可， 批准,/əˈpruvl/,/ə'pruːvl/,The president has already given his approval to the plan.,总统已经批准了这个计划。
en:mobile:adjective:1,mobile,adjective,运动的；流动的；多变的,adj 运动的；流动的；多变的；n 移动电话,/ˈməʊbl;mobil/,/'məubaɪl/,a more mobile workforce,具有更强流动性的劳动力
en:multiple:adjective:1,multiple,adjective,复合的；多重的，多样的,adj 复合的；多重的，多样的；n 倍数,/'mʌltəpl/,/'mʌltɪpl/,Baxter was rushed to the hospital with multiple stab wounds.,巴克斯特因多处刺伤被紧急送往医院。
en:evolution:noun:3,evolution,noun,进化， 演化； 发展,n 进化， 演化； 发展,/ˌɛvəˈluʃən; (occas.) ˌ ivəˈluʃən/,/ˌevə'luːʃn/,the theory of evolution,进化论
en:peak:verb:1,peak,verb,达到高峰； 达到最大值,vi 达到高峰； 达到最大值；adj 最大值的；高峰的；n 山顶，顶点，顶峰,/pik/,/piːk/,"Sales peaked in August, then fell sharply.",销售额8月份达到最高点，然后急速下降。
en:magnet:noun:2,magnet,noun,磁铁， 磁体； 有吸引力的人和事物,n 磁铁， 磁体； 有吸引力的人和事物,/'mægnɪt/,/'mægnət/,"Prospect Park, with its vast lake, is a magnet for all health freaks.",拥有大片湖区的展望公园是所有健身迷的向往之地。
en:concentrate:verb:2,concentrate,verb,全神贯注，全力以赴；集中，聚集；浓缩,v 全神贯注，全力以赴；集中，聚集；浓缩；n 浓缩物， 浓缩液,/'kɑnsn'tret/,/'kɒnsntreɪt/,Construction of the aircraft is being concentrated at Prestwick.,飞机制造正在向普雷斯特威克集中。
en:expose:verb:1,expose,verb,使暴露， 揭露,vt 使暴露， 揭露,/ɪk'spoz；ek-/,/ɪk'spəuz/,He lifted his T-shirt to expose a jagged scar across his chest.,他撩起T恤衫，露出横贯胸部的锯齿状伤疤。
en:versatile:adjective:2,versatile,adjective,多才多艺的， 有多种技能的； 有多种用途的， 多功能的， 万用的,adj 多才多艺的， 有多种技能的； 有多种用途的， 多功能的， 万用的,/'vɝsətl/,/'vɜːsətaɪl/,a very versatile performer,多才多艺的表演者
en:versus:preposition:2,versus,preposition,以…为对手， 对； 与…相对， 与…相比之下,prep 以…为对手， 对； 与…相对， 与…相比之下,/'vɝsəs/,/'vɜːsəs/,the New York Knicks versus the LA Lakers,纽约尼克斯队对洛杉矶湖人队
en:complaint:noun:3,complaint,noun,抱怨， 怨言； 控告,n 抱怨， 怨言； 控告,/kəm'plent/,/kəm'pleɪnt/,There's been a record number of complaints about the standard of service.,已有对服务水准的创纪录数量的投诉。
en:permissible:adjective:1,permissible,adjective,可允许的， 许可的,adj 可允许的， 许可的,/pɚ'mɪsəbl/,/pə'mɪsəbl/,the maximum permissible level of radiation,允许的最大辐射水平
en:cancer:noun:1,cancer,noun,癌， 癌症， 肿瘤,n 癌， 癌症， 肿瘤,/'kænsɚ/,/'kænsə/,A lot of cancers can now be treated successfully.,现在许多癌症可以治愈。
en:splash:verb:2,splash,verb,溅，泼,v 溅，泼；n 溅泼声； 溅出的水； 斑点,/splæʃ/,/splæʃ/,The children were splashing about in the pool.,孩子们在水池里戏水。
en:inject:verb:2,inject,verb,注射， 给…注射； 注入， 引入， 投入,vt 注射， 给…注射； 注入， 引入， 投入,/ɪn'dʒɛkt/,/ɪn'dʒekt/,His son was injected with strong drugs.,他的儿子被注射了强效的药。
en:romance:noun:2,romance,noun,恋爱， 恋爱关系； 浪漫气氛， 传奇色彩； 爱情小说， 传奇故事,n 恋爱， 恋爱关系； 浪漫气氛， 传奇色彩； 爱情小说， 传奇故事,/ro'mæns/,/rəu'mæns/,The romance had gone out of their relationship.,他们之间已经没有了爱意。
en:offense:noun:2,offense,noun,犯规， 违法行为； 冒犯， 得罪,n 犯规， 违法行为； 冒犯， 得罪,/ə'fɛns/,/ə'fens/,The Bears are going to have to work on their offense this season.,本赛季熊队必须要加强进攻了。
en:atlas:noun:1,atlas,noun,地图集,n 地图集,,/'ætləs/,The atlas was published by our company.,这个地图集是由我们公司出版的。
en:invisible:adjective:1,invisible,adjective,看不见的， 无形的,adj 看不见的， 无形的,/ɪn'vɪzəbl/,/ɪn'vɪzəbl/,"The house was surrounded by trees, and invisible from the road.",这所房子树木环绕，从路上是看不见的。
en:focus:verb:1,focus,verb,聚焦；集中,v 聚焦；集中；n 焦点， 中心,/'fokəs/,/'fəukəs/,His eyes were focussed straight ahead.,他的双眼盯着正前方。
en:hamper:verb:2,hamper,verb,妨碍，束缚，限制,vt 妨碍，束缚，限制；n 大篮子,/'hæmpɚ/,/'hæmpə/,"She tried to run, but was hampered by her heavy suitcase.",她想跑，但沉重的旅行箱拖累了她。
en:motel:noun:3,motel,noun,汽车旅馆,n 汽车旅馆,/mo'tɛl/,/məu'tel/,Stay at a cheap motel.,住便宜的汽车旅馆。
en:approach:verb:1,approach,verb,向…靠近,vt 向…靠近；n 靠近； 途径， 方式,/ə'protʃ/,/ə'prəutʃ/,"As I approached the house, I noticed a light on upstairs.",我走近那幢房子的时候注意到楼上有灯光。
en:exaggeration:noun:1,exaggeration,noun,夸张； 夸大之词,n 夸张； 夸大之词,"/ɪɡ,zædʒə'reʃən/",/ɪgˌzædʒə'reɪʃn/,It would be an exaggeration to say that we were close friends.,说我们是密友不免言过其实了。
en:peg:noun:1,peg,noun,小钉，栓，挂物钉；桩,n 小钉，栓，挂物钉；桩；vt 用钉子钉， 用钉固定； 限定； 将…看成， 将…归入,/pɛɡ/,/peg/,Sarah hung her coat on the peg.,萨拉把外套挂在衣钩上。
en:myth:noun:1,myth,noun,杜撰出来的人； 神话,n 杜撰出来的人； 神话,/mɪθ/,/mɪθ/,a book of Greek myths,一本关于希腊神话的图书
en:decisive:adjective:3,decisive,adjective,决定性的； 坚定的， 果断的， 决断的,adj 决定性的； 坚定的， 果断的， 决断的,/dɪ'saɪsɪv/,/dɪ'saɪsɪv/,a decisive leader,果断的领袖
en:concise:adjective:1,concise,adjective,简明的， 简要的,adj 简明的， 简要的,/kən'saɪs/,/kən'saɪs/,Your summary should be as clear and concise as possible.,你的总结应该尽可能地明白简洁。
en:implication:noun:1,implication,noun,含意， 暗示， 暗指； 卷入， 牵连,n 含意， 暗示， 暗指； 卷入， 牵连,/'ɪmplɪ'keʃən/,/ˌɪmplɪ'keɪʃn/,"They are called ‘Supertrams’, the implication being that (= which is meant to suggest that ) they are more advanced than earlier models.",它们被称作“超级电车”，这是暗指它们比先前的型号更先进。
en:thesis:noun:2,thesis,noun,论文， 毕业论文； 论题， 论点,n 论文， 毕业论文； 论题， 论点,/'θisɪs/,/'θiːsɪs/,Cynthia’s still working on her thesis.,辛西娅还在写论文。
en:bump:verb:3,bump,verb,碰，撞；,vi 碰，撞；,/bʌmp/,/bʌmp/,The roof was so low he bumped his head (= his head hit the roof ) .,屋顶很低，他都碰到头了。
en:reservation:noun:3,reservation,noun,预订； 保留； 犹豫； 居留地,n 预订； 保留； 犹豫； 居留地,"/,rɛzɚ'veʃən/",/ˌrezə'veɪʃn/,a dinner reservation,预订晚餐
en:revive:verb:3,revive,verb,复苏,v 复苏,/rɪ'vaɪv/,/rɪ'vaɪv/,Local people have decided to revive this centuries-old tradition.,当地人决定复兴这一延续了数个世纪的传统。
en:cordial:adjective:1,cordial,adjective,热情友好的， 热诚的,adj 热情友好的， 热诚的,/'kɔrdʒəl/,/'kɔːdiəl/,The talks were conducted in a cordial atmosphere.,会谈在友好的气氛中进行。
en:timid:adjective:1,timid,adjective,羞怯的， 胆小的,adj 羞怯的， 胆小的,/'tɪmɪd/,/'tɪmɪd/,I was a timid child.,我曾是个胆小的孩子。
en:loyalty:noun:1,loyalty,noun,忠诚， 忠心,n 忠诚， 忠心,/'lɔɪəlti/,/'lɔɪəlti/,the agony of divided loyalties (= loyalty to two different or opposing people ) for the children in a divorce,父母离婚过程中孩子两面都要依顺的痛苦
en:dismiss:verb:3,dismiss,verb,不再考虑； 解雇， 解散； 驳回,vt 不再考虑； 解雇， 解散； 驳回,/dɪs'mɪs/,/dɪs'mɪs/,The government has dismissed criticisms that the country’s health policy is a mess.,有人认为国家医疗政策一塌糊涂，政府对这种批评持否认态度。
en:underlying:adjective:2,underlying,adjective,在下面的； 含蓄的； 潜在的,adj 在下面的； 含蓄的； 潜在的,"/,ʌndɚ'laɪɪŋ/",/ˌʌndə'laɪɪŋ/,To stop a problem you have to understand its underlying causes.,要解决问题，你得了解其潜在原因。
en:reform:noun:1,reform,noun,改革， 改良， 改造； 改正， 改过自新,n&v 改革， 改良， 改造； 改正， 改过自新,/rɪ'fɔrm/,/rɪ'fɔːm/,plans to radically reform the tax system,彻底改革税收制度的计划
en:install:verb:1,install,verb,安装， 设置； 使就职， 任命,vt 安装， 设置； 使就职， 任命,/ɪn'stɔl/,/ɪn'stɔːl/,They’ve installed the new computer network at last.,他们终于安装了新电脑网络。
en:ensue:verb:1,ensue,verb,接着发生， 接踵而来， 因而产生,vi 接着发生， 接踵而来， 因而产生,/ɪn'su/,/ɪn'sjuː/,"If the Europeans did not reduce subsidies, a trade war would ensue.",如果欧洲不减少补贴，贸易战将随即爆发。
en:indication:noun:1,indication,noun,指出， 指示； 迹象， 暗示,n 指出， 指示； 迹象， 暗示,"/,ɪndɪ'keʃən/",/ˌɪndɪ'keɪʃn/,Could you give me some indication as to when I am likely to receive a reply?,你能给我透露一下什么时候我能收到回复吗？
en:bulk:verb:1,bulk,verb,变得越来越大； 使更大,v 变得越来越大； 使更大；n 物体，体积；大批,/bʌlk/,/bʌlk/,The bulk of consumers are based in towns.,大多数消费者都是城镇居民。
en:bull:noun:2,bull,noun,公牛； 雄兽； 买进证券投机图利者， 看涨的人,n 公牛； 雄兽； 买进证券投机图利者， 看涨的人,,/bul/,a herd of cows with one bull,一群母牛加一头公牛
en:champion:noun:2,champion,noun,冠军， 得胜者； 捍卫者， 拥护者,n 冠军， 得胜者； 捍卫者， 拥护者,/'tʃæmpɪən/,/'tʃæmpiən/,...a former Olympic champion.,…一位前奥运冠军。
en:ceramic:adjective:1,ceramic,adjective,陶器的,adj 陶器的；n 陶瓷器,/sə'ræmɪk/,/sə'ræmɪk/,I make ceramic cups there. Do you remember the gift I gave you for your last birthday? Those two cups?,在那里，我可以自己制作陶瓷茶杯。还记得你上次生日时我送你的礼物吗？那两个茶杯？
en:queer:adjective:1,queer,adjective,奇怪的， 异常的； 不舒服的， 眩晕的,adj 奇怪的， 异常的； 不舒服的， 眩晕的,/kwɪr/,/kwɪə/,She gave a queer laugh.,她古怪地笑了笑。
en:successor:noun:2,successor,noun,接替的人或事物， 继任者,n 接替的人或事物， 继任者,/sək'sɛsɚ/,/sək'sesə/,His successor died after only 15 months in office.,他的继任者就任仅15个月就去世了。
en:enlightenment:noun:1,enlightenment,noun,启发， 开导； 开明， 文明,n 启发， 开导； 开明， 文明,/ɪn'laɪtnmənt/,/ɪn'laɪtnmənt/,Isabel looked to Ron for enlightenment.,伊莎贝尔希望得到罗恩的启发。
en:booklet:noun:1,booklet,noun,小册子,n 小册子,/'bʊklət/,/'buklət/,a free booklet on drug abuse,关于嗜毒问题的免费小册子
en:magnificent:adjective:1,magnificent,adjective,壮丽的， 华丽的； 极好的,adj 壮丽的， 华丽的； 极好的,/mæg'nɪfəsnt/,/mæg'nɪfɪsnt/,a magnificent performance,气势恢宏的演出
en:stagger:verb:2,stagger,verb,摇晃，蹒跚,vi 摇晃，蹒跚；vt 使吃惊；使错开，使交错；n 蹒跚， 踉跄,/'stægɚ/,/'stægə/,He managed to stagger home.,他好不容易才蹒跚着走回家。
en:irony:noun:2,irony,noun,反话， 冷嘲， 嘲弄； 具有讽刺意味的事,n 反话， 冷嘲， 嘲弄； 具有讽刺意味的事,/'aɪrəni/,/'aɪərəni/,Life is full of little ironies.,生活中充满了小小的讽刺。
en:restrict:verb:2,restrict,verb,限制， 约束， 限定,vt 限制， 约束， 限定,/rɪ'strɪkt/,/rɪ'strɪkt/,The new law restricts the sale of hand guns.,新法规限制手枪的销售。
en:bandage:noun:2,bandage,noun,绷带,n 绷带；vt 用绷带绑扎,/'bændɪdʒ/,/'bændɪdʒ/,We put some ointment and a bandage on his knee.,我们在他的膝盖上涂了些药膏，还缠了一条绷带。
en:prevalence:noun:2,prevalence,noun,流行,n 流行,/'prɛvələns/,/'prevələns/,The report says climate change could also increase the prevalence of dengue fever.,报告表示，气候变化还有可能增加登革热的流行强度。
en:scrap:noun:2,scrap,noun,碎片，碎屑；废金属；残羹剩饭；少量，点滴,n 碎片，碎屑；废金属；残羹剩饭；少量，点滴；vt 废弃， 抛弃,/skræp/,/skræp/,a rug made out of old scraps of material,用旧零碎材料拼做的一块小地毯
en:syndrome:noun:1,syndrome,noun,综合病症， 综合症状； 一系列表现,n 综合病症， 综合症状； 一系列表现,/'sɪndrəm/,/'sɪndrəum/,people who suffer from irritable bowel syndrome,患有肠道过敏综合征的人
en:tow:noun:1,tow,noun,拖， 拉， 牵引,n&vt 拖， 拉， 牵引,/to/,/təu/,The ship had to be towed into the harbor.,那艘轮船不得不被拖进港口。
en:imperative:adjective:2,imperative,adjective,必要的；紧急的，极重要的；命令的,adj 必要的；紧急的，极重要的；命令的；n 必要的事， 必须完成的事； 【语】祈使语气,/ɪm'pɛrətɪv/,/ɪm'perətɪv/,It is imperative that politicians should be good communicators.,政治家应该是很好的沟通者，这很重要。
en:meadow:noun:1,meadow,noun,草地,n 草地,/'mɛdo/,/'medəu/,Lambs gamboled in the meadow.,小羊在草地上欢跳。
en:hitherto:adverb:2,hitherto,adverb,到目前为止， 迄今,adv 到目前为止， 迄今,"/,hɪðɚ'tu/",/ˌhɪðə'tuː/,a species of fish hitherto unknown in the West,迄今在西方还不为人知的一种鱼
en:energetic:adjective:2,energetic,adjective,精力充沛的， 充满活力的,adj 精力充沛的， 充满活力的,"/,ɛnɚ'dʒɛtɪk/",/ˌenə'dʒetɪk/,an energetic man,精力旺盛的男子
en:haul:verb:2,haul,verb,拖，拉；拖运，运送,vt 拖，拉；拖运，运送；n 拖， 拉， 托运； 一次获得的数量,/hɔl/,/hɔːl/,the steam locomotive which hauled the train,拖动火车的蒸汽机车
en:avail:verb:2,avail,verb,有帮助； 有益； 有用,v 有帮助； 有益； 有用；n 效用，利益，帮助,/ə'vel/,/ə'veɪl/,Guests should feel at liberty to avail themselves of your facilities.,客人们应可以随意使用你们的设施。
en:consequence:noun:2,consequence,noun,结果， 后果； 重要， 重大,n 结果， 后果； 重要， 重大,/'kɑnsəkwɛns/,/'kɒnsɪkwəns/,I don’t suppose it is of any consequence now.,现在我觉得这事一点都无所谓了。
en:linear:adjective:2,linear,adjective,线的， 直线的， 线状的； 长度的； 线性的,adj 线的， 直线的， 线状的； 长度的； 线性的,/'lɪnɪɚ/,/'lɪniə/,a linear diagram,线形图
en:robust:adjective:2,robust,adjective,强壮的， 健康的,adj 强壮的， 健康的,/ro'bʌst/,/rəu'bʌst/,a robust man of six feet four,一个身高六英尺四英寸的壮汉
en:dominant:adjective:2,dominant,adjective,占优势的， 支配的， 统治的； 居高临下的， 高耸的,adj 占优势的， 支配的， 统治的； 居高临下的， 高耸的,/'dɑmɪnənt/,/'dɒmɪnənt/,The dominant male gorilla is the largest in the group.,领头的公猩猩是这群大猩猩中体形最大的一个。
en:premier:adjective:1,premier,adjective,首要的， 首位的， 首次的,adj 首要的， 首位的， 首次的；n 总理，首相,/prɪ'mɪr/,/'premiə/,...the country's premier opera company.,…这个国家最好的歌剧团。
en:peel:verb:1,peel,verb,剥落，脱皮,vi 剥落，脱皮；vt 削…的皮，剥…的壳；n 皮， 外衣,/pil/,/piːl/,Peel and dice the potatoes.,把马铃薯去皮并切成丁。
en:intellectual:adjective:1,intellectual,adjective,智力的,adj 智力的；n 知识分子,"/,ɪntə'lɛktʃuəl/",/ˌɪntə'lektʃuəl/,Mark’s very intellectual.,马克很聪明。
en:reclaim:verb:2,reclaim,verb,要回； 开垦； 回收,vt 要回； 开垦； 回收,/rɪ'klem/,/rɪ'kleɪm/,You may be entitled to reclaim some tax.,你也许可以享受一定额度的退税。
en:denounce:verb:2,denounce,verb,谴责， 指责； 告发,vt 谴责， 指责； 告发,/dɪ'naʊns/,/dɪ'nauns/,The group denounced the failure by the authorities to take action.,该团体谴责当局没有采取行动。
en:verge:verb:1,verge,verb,接近， 濒临,vi 接近， 濒临；n 边，边缘,/vɝdʒ/,/vɜːdʒ/,to verge on chaos,
en:pastry:noun:1,pastry,noun,油酥面团， 酥皮糕点,n 油酥面团， 酥皮糕点,/'pestri/,/'peɪstri/,a Danish pastry,丹麦油酥糕饼
en:messenger:noun:1,messenger,noun,送信人， 信使,n 送信人， 信使,/'mɛsndʒɚ/,/'mesɪndʒə/,There will be a messenger at the airport to collect the photographs from our courier.,机场会有一名信使从我们的快递员那儿取走照片。
en:disable:verb:1,disable,verb,丧失能力， 伤残,vt 丧失能力， 伤残,/dɪs'ebl/,/dɪs'eɪbl/,She did all this tendon damage and it really disabled her.,她肌腱受了这么多损伤，这真地使她致残了。
en:irrespective:adjective:2,irrespective,adjective,不考虑的， 不顾及的,adj 不考虑的， 不顾及的,"/,ɪrɪ'spɛktɪv/",/ˌɪrɪ'spektɪv/,irrespective of,不论；不考虑；不顾
en:entity:noun:1,entity,noun,实体， 独立存在体， 实际存在物,n 实体， 独立存在体， 实际存在物,/'ɛntəti/,/'entəti/,The mind exists as a separate entity.,思想作为一个独立的实体存在。
en:prohibit:verb:1,prohibit,verb,禁止， 不准,vt 禁止， 不准,/prə'hɪbɪt/,/prə'hɪbɪt/,Smoking is strictly prohibited inside the factory.,厂区严禁吸烟。
en:bacteria:noun:2,bacteria,noun,细菌,n 细菌,/bæk'tɪrɪə/,/bæk'tɪəriə/,Some of these bacteria are actually good for you.,实际上，这些细菌有的对你是很有好处的。
en:fuel:noun:1,fuel,noun,燃料，燃料剂,n 燃料，燃料剂；vt 给…加燃料； 刺激,/'fjuəl/,/fjuːəl/,Coal is one of the cheapest fuels.,煤是最廉价的燃料之一。
en:hostile:adjective:3,hostile,adjective,敌方的， 不友善的,adj 敌方的， 不友善的,/ˈhɑstl/,/'hɒstaɪl/,Southampton fans gave their former coach a hostile reception .,南安普敦队的球迷对球队的前任教练很不友善。
en:reign:verb:1,reign,verb,当政， 统治； 占主导地位,vi 当政， 统治； 占主导地位；n 君主的统治，君主的统治时期,/ren/,/reɪn/,"Last night confusion reigned about how the debate, which continues today, would end.",昨晚，这场在今天继续进行的辩论将如何结束的问题令人困惑。
en:tempo:noun:1,tempo,noun,速度； 节奏， 行进速度,n 速度； 节奏， 行进速度,/'tɛmpo/,/'tempəu/,the easy tempo of island life,岛上生活的轻松节奏
en:descendant:noun:3,descendant,noun,后裔， 后代,n 后裔， 后代,/dɪ'sɛndənt/,/dɪ'sendənt/,He was a direct descendant of Napoleon Bonaparte.,他是拿破仑·波拿巴的嫡系后裔。
en:foresee:verb:2,foresee,verb,预见， 预知,vt 预见， 预知,/fɔr'si/,/fɔː'siː/,I’ve put your name on the list and I don’t foresee any problems.,我把你的名字写在名单上了，估计不会有什么问题。
en:bruise:noun:1,bruise,noun,青肿，挫伤；伤痕，擦痕,n 青肿，挫伤；伤痕，擦痕；vt 打青， 使受淤伤； 挫伤， 伤害,/bruz/,/bruːz/,minor cuts and bruises,轻微的伤口和淤青
en:associate:verb:1,associate,verb,把…联系在一起；使联合，结合；交往 [ə'səuʃiət],v 把…联系在一起；使联合，结合；交往 [ə'səuʃiət]；adj 副的；n 伙伴，同事,/ə'soʃɪet/,/ə'səuʃieɪt/,Through science we've got the idea of associating progress with the future.,通过科学我们已有了将进步与未来联系起来的观念。
en:gown:noun:2,gown,noun,女礼服， 女裙服； 长袍； 罩衣,n 女礼服， 女裙服； 长袍； 罩衣,/ɡaʊn/,/gaun/,The new ball gown was a great success.,那件新款长礼服非常成功。
en:crawl:noun:1,crawl,noun,爬行， 蠕动； 缓慢行进,n&v 爬行， 蠕动； 缓慢行进,/krɔl/,/krɔːl/,The floor was crawling with ants.,地板上爬满了蚂蚁。
en:identical:adjective:3,identical,adjective,完全相同的， 同一的,adj 完全相同的， 同一的,/aɪ'dɛntɪkl/,/aɪ'dentɪkl/,four identical houses,四幢一模一样的房子
en:plead:verb:2,plead,verb,恳求，请求；申诉，答辩，辩护,vi 恳求，请求；申诉，答辩，辩护；vt 为…辩护， 提出…为理由,/plid/,/pliːd/,‘Don’t go!’ Robert pleaded.,“别走！”罗伯特央求道。
en:kidney:noun:2,kidney,noun,肾， 肾脏,n 肾， 肾脏,/'kɪdni/,/'kɪdni/,a kidney transplant,肾脏移植
en:gleam:noun:2,gleam,noun,闪亮， 闪烁； 闪现， 流露,n&vi 闪亮， 闪烁； 闪现， 流露,/ɡlim/,/gliːm/,His black hair gleamed in the sun.,他的黑头发在阳光下闪闪发光。
en:ambitious:adjective:2,ambitious,adjective,有抱负的， 雄心勃勃的； 有野心的,adj 有抱负的， 雄心勃勃的； 有野心的,/æm'bɪʃəs/,/æm'bɪʃəs/,"Alfred was intensely ambitious, obsessed with the idea of becoming rich.",艾尔弗雷德雄心勃勃，一心想着发财。
en:academic:adjective:1,academic,adjective,学院的；学术的；纯理论的，不切实际的,adj 学院的；学术的；纯理论的，不切实际的；n 大学教师,"/,ækə'dɛmɪk/",/ˌækə'demɪk/,He possessed no academic qualifications.,他没有学历。
en:function:verb:1,function,verb,工作， 运行； 起作用,vi 工作， 运行； 起作用；n 功能，职务；【数】函数；重大聚会,/'fʌŋkʃən/,/'fʌŋkʃn/,Her legs have now ceased to function .,她的双腿现在已经丧失正常功能了。
en:stock:verb:1,stock,verb,储备,v 储备；adj 常用的， 常备的；n 原料，库存品；股本，公债；世系，血统；汤汁；家畜，牲畜,/stɑk/,/stɒk/,We stock a wide range of kitchen equipment.,我们备有各种厨房用品。
en:sneak:verb:2,sneak,verb,偷偷地走，溜,vi 偷偷地走，溜；vt 偷偷地做,/snik/,/sniːk/,I snuck her a note.,我偷偷塞给她一张纸条。
en:void:adjective:2,void,adjective,无效的；没有的，缺乏的,adj 无效的；没有的，缺乏的；n 空虚感，寂寞感；真空，空白；vt 使无效,/vɔɪd/,/vɔɪd/,Her eyes were void of all expression.,她的眼神一片茫然。
en:comparison:noun:1,comparison,noun,比较， 对照； 比拟， 比喻,n 比较， 对照； 比拟， 比喻,/kəm'pærɪsn/,/kəm'pærɪsn/,Her paintings invite comparison with those of the early Impressionists (= they remind you of them ) .,她的画作让人想起早期的印象派作品。
en:surge:verb:1,surge,verb,蜂拥而出；洋溢，奔放；汹涌，奔腾,vi 蜂拥而出；洋溢，奔放；汹涌，奔腾；n 洋溢， 奔放； 急剧上升， 猛增； 浪涛般汹涌奔腾,/sɝdʒ/,/sɜːdʒ/,The photographers and cameramen surged forward.,那些摄影和摄像师们涌向前去。
en:swap:noun:1,swap,noun,交换,n&v 交换,/swɑp/,/swɒp/,Do you want to swap umbrellas?,你想交换雨伞吗？
en:ritual:adjective:1,ritual,adjective,作为仪式一部分的； 例行的,adj 作为仪式一部分的； 例行的；n 仪式；例行公事，老规矩,/'rɪtʃuəl/,/'rɪtʃuəl/,ritual dances,仪式舞蹈
en:liability:noun:3,liability,noun,责任； 负债， 债务； 不利条件， 起妨碍作用的人,n 责任； 负债， 债务； 不利条件， 起妨碍作用的人,/'laɪə'bɪləti/,/ˌlaɪə'bɪləti/,A kid like Tom would be a liability in any classroom.,像汤姆这样的孩子放到任何班上都是个累赘。
en:hatch:verb:3,hatch,verb,孵出；筹划，,vt 孵出；筹划，；n 舱门； 开口； 孵化,/hætʃ/,/hætʃ/,The eggs take three days to hatch.,这些蛋要三天时间才能孵化。
en:patriot:noun:2,patriot,noun,爱国者， 爱国主义者,n 爱国者， 爱国主义者,/'petrɪət/,/'peɪtriət/,It has been suggested the founders were not true patriots but men out to protect their own interests.,有人指出创建者并非真正的爱国者，而是一些维护自己利益的人。
en:tick:verb:1,tick,verb,发出滴答声,vi 发出滴答声；n 记号，勾号；滴答声；vt 给…标记号,/tɪk/,/tɪk/,The old clock ticked noisily.,那只古老的钟大声地嘀嗒着。
en:basis:noun:1,basis,noun,基础， 根据； 原则,n 基础， 根据； 原则,/'besɪs/,/'beɪsɪs/,Their claim had no basis in fact (= it was not true ) .,他们的说法没有事实根据。
en:tutor:verb:3,tutor,verb,当…导师， 当…家庭教师,v 当…导师， 当…家庭教师；n 导师；家庭教师，私人教师,/'tʊtɚ/,/'tjuːtə/,He was privately tutored.,他是由家庭教师教的。
en:senator:noun:2,senator,noun,参议员,n 参议员,/'sɛnətɚ/,/'senətə/,Senator Kennedy,肯尼迪参议员
en:successive:adjective:1,successive,adjective,连续的， 接连的,adj 连续的， 接连的,/sək'sɛsɪv/,/sək'sesɪv/,The team has had five successive victories.,这支球队已经连胜五场了。
en:quantify:verb:2,quantify,verb,确定…的数量， 量化,vt 确定…的数量， 量化,/'kwɑntɪfaɪ/,/'kwɒntɪfaɪ/,an attempt to quantify the region’s social and economic decline,对该地区社会和经济衰退进行量化的尝试
en:reconcile:verb:3,reconcile,verb,使协调； 使和解； 使顺从， 使甘心,vt 使协调； 使和解； 使顺从， 使甘心,/'rɛkənsaɪl/,/'rekənsaɪl/,"Jonah and his youngest son were, on the surface at least, reconciled.",乔纳和他小儿子和好了，至少表面上如此。
en:tempt:verb:2,tempt,verb,吸引， 引起…的兴趣； 引诱， 诱惑,vt 吸引， 引起…的兴趣； 引诱， 诱惑,/tɛmpt/,/tempt/,If you leave valuables in your car it will tempt thieves.,如果把贵重物品留在车上，会招来小偷的。
en:obligation:noun:2,obligation,noun,义务， 责任,n 义务， 责任,"/,ɑblɪ'ɡeʃən/",/ˌɒblɪ'geɪʃn/,Employers have an obligation to treat all employees equally.,雇主有责任对所有员工一视同仁。
en:paperback:noun:1,paperback,noun,平装本， 简装本,n 平装本， 简装本,/'pepɚbæk/,/'peɪpəbæk/,a shelf full of paperbacks,放满了平装书的书架
en:evil:adjective:1,evil,adjective,坏的,adj 坏的；n 邪恶，祸害,/'ivl/,/'iːvl/,an evil dictator responsible for the deaths of millions,应对数百万人之死负责的邪恶独裁者
en:rarely:adverb:1,rarely,adverb,不常， 难得,adv 不常， 难得,/'rɛrli/,/'reəli/,rarely if ever,几乎从不
en:hawk:noun:1,hawk,noun,鹰，隼；“鹰派”人物,n 鹰，隼；“鹰派”人物；vt 叫卖， 兜售,/hɔk/,/hɔːk/,Oil thieves sometimes hawk stolen gasoline on the side of highways.,石油大盗们有时在公路边上兜售偷来的石油。
en:twist:verb:3,twist,verb,缠绕，盘绕；转动，旋动；捻，搓；歪曲，曲解；扭歪，扭伤；曲折前进；转身,v 缠绕，盘绕；转动，旋动；捻，搓；歪曲，曲解；扭歪，扭伤；曲折前进；转身；n 扭弯； 转折， 转变； 弯曲， 曲折处,/twɪst/,/twɪst/,Her hands began to twist the handles of the bag she carried.,她的双手开始拧她拎着的那个包的拎柄。
en:forthcoming:adjective:3,forthcoming,adjective,即将到来的； 可得到的； 乐于提供消息的,adj 即将到来的； 可得到的； 乐于提供消息的,"/,fɔrθ'kʌmɪŋ/",/ˌfɔːθ'kʌmɪŋ/,the forthcoming elections,即将到来的选举
en:patriotic:adjective:2,patriotic,adjective,爱国的， 有爱国心的， 显示爱国精神的,adj 爱国的， 有爱国心的， 显示爱国精神的,/ˌpetrɪˈɑtɪk/,/ˌpeɪtri'ɒtɪk/,patriotic songs,爱国歌曲
en:complication:noun:2,complication,noun,困难， 难题； 并发症,n 困难， 难题； 并发症,"/,kɑmplɪ'keʃən/",/ˌkɒmplɪ'keɪʃn/,Pneumonia is one of the common complications faced by bed-ridden patients.,肺炎是卧床病人所面临的常见并发症之一。
en:perplex:verb:2,perplex,verb,使困惑， 使费解； 使复杂化,vt 使困惑， 使费解； 使复杂化,/pɚ'plɛks/,/pə'pleks/,Shea’s symptoms perplexed the doctors.,谢伊的症状令医生们困惑。
en:combat:noun:1,combat,noun,战争，斗争，格斗,n 战争，斗争，格斗；vt 与…斗争， 与…战斗,/'kɑmbæt/,/'kɒmbæt/,We flew over 200 combat missions in the war.,我们在战争中执行过两百多次战斗飞行任务。
en:despise:verb:1,despise,verb,鄙视， 看不起,vt 鄙视， 看不起,/dɪ'spaɪz/,/dɪ'spaɪz/,She despised her neighbours.,她看不起她的邻居。
en:levy:verb:1,levy,verb,征收,vt 征收；n 征税， 税款,/'lɛvi/,/'levi/,They levied religious taxes on Christian commercial transactions.,他们对基督教的商业交易征收宗教税。
en:indulge:verb:3,indulge,verb,沉溺， 纵容自己， 肆意从事,vi 沉溺， 纵容自己， 肆意从事；vt 使沉溺于，满足；纵容，迁就,/ɪn'dʌldʒ/,/ɪn'dʌldʒ/,Only rarely will she indulge in a glass of wine.,她只是偶尔才会喝上杯葡萄酒。
en:intimidate:verb:1,intimidate,verb,恐吓， 威胁,vt 恐吓， 威胁,/ɪn'tɪmɪdet/,/ɪn'tɪmɪdeɪt/,Attempts to intimidate her failed.,恐吓她的企图失败了。
en:effective:adjective:1,effective,adjective,有效的； 有影响的,adj 有效的； 有影响的,/ɪ'fɛktɪv/,/ɪ'fektɪv/,The cheaper drugs are just as effective in treating arthritis.,较便宜的药品对治疗关节炎同样有效。
en:unity:noun:1,unity,noun,单一， 统一， 团结； 和睦， 协调,n 单一， 统一， 团结； 和睦， 协调,/'junəti/,/'juːnəti/,economic unity,经济统一
en:pursue:verb:2,pursue,verb,继续， 从事； 追赶， 追踪； 追求,vt 继续， 从事； 追赶， 追踪； 追求,/pə'sʊ/,/pə'sjuː/,She plans to pursue a career in politics.,她计划从政。
en:vulgar:adjective:2,vulgar,adjective,粗野的， 下流的； 庸俗的， 粗俗的,adj 粗野的， 下流的； 庸俗的， 粗俗的,/'vʌlɡɚ/,/'vʌlgə/,vulgar behaviour,粗俗的行为
en:catastrophe:noun:1,catastrophe,noun,大灾难， 灾祸,n 大灾难， 灾祸,/kə'tæstrəfi/,/kə'tæstrəfi/,"From all points of view, war would be a catastrophe.",从各个方面来看，战争都会是一场灾难。
en:convey:verb:2,convey,verb,表达； 传递； 运送， 输送,vt 表达； 传递； 运送， 输送,/kən've/,/kən'veɪ/,All this information can be conveyed in a simple diagram.,所有这些信息可以通过一张简单的图表来表示。
en:design:verb:1,design,verb,设计；预定，指定,vt 设计；预定，指定；n 设计， 构想； 图样； 企图,/dɪ'zaɪn/,/dɪ'zaɪn/,The tower was designed by Gilbert Scott.,这座塔楼是吉尔伯特·斯科特设计的。
en:generous:adjective:2,generous,adjective,慷慨的， 宽厚的； 大量的,adj 慷慨的， 宽厚的； 大量的,/'dʒɛnərəs/,/'dʒenərəs/,a generous glass of wine,一大杯葡萄酒
en:coincidence:noun:1,coincidence,noun,巧合， 巧事； 一致， 符合,n 巧合， 巧事； 一致， 符合,/ko'ɪnsɪdəns/,/kəu'ɪnsɪdəns/,‘I’m going to Appleby tomorrow.’ ‘ What a coincidence ! I’m going there too.’,“明天我要去阿普尔比。”“太巧了！我也要去那里。”
en:victim:noun:2,victim,noun,牺牲者； 受害者,n 牺牲者； 受害者,/'vɪktɪm/,/'vɪktɪm/,The victim received head injuries from which she died a week later.,受害人头部受伤，一周后死亡。
en:bust:verb:1,bust,verb,爆裂，坏掉,vi 爆裂，坏掉；vt 打破，打碎；n 胸像， 半身像； 胸部， 胸围,/bʌst/,/bʌst/,I bust my watch this morning.,今天早上我把手表摔坏了。
en:skull:noun:1,skull,noun,颅骨， 脑壳,n 颅骨， 脑壳,/skʌl/,/skʌl/,Her husband was later treated for a fractured skull.,她丈夫后来因颅骨碎裂而接受治疗。
en:hysterical:adjective:1,hysterical,adjective,情绪异常激动的， 歇斯底里般的,adj 情绪异常激动的， 歇斯底里般的,/hɪ'stɛrɪkl/,/hɪ'sterɪkl/,Janet became hysterical and began screaming.,珍妮特歇斯底里起来，开始尖叫。
en:lane:noun:1,lane,noun,小路， 跑道； 航道， 航线,n 小路， 跑道； 航道， 航线,/len/,/leɪn/,a quiet country lane,一条宁静的乡间小路
en:contaminate:verb:2,contaminate,verb,弄脏， 污染,vt 弄脏， 污染,/kən'tæmɪnet/,/kən'tæmɪneɪt/,Drinking water supplies are believed to have been contaminated.,据信饮用水已受到污染。
en:ammunition:noun:1,ammunition,noun,弹药， 军火,n 弹药， 军火,"/,æmju'nɪʃən/",/ˌæmju'nɪʃn/,He had only seven rounds of ammunition for the revolver.,他只有7发左轮手枪的弹药。
en:chief:adjective:1,chief,adjective,主要的，为首的；总的,adj 主要的，为首的；总的；n 首领， 长官； 酋长， 族长,/tʃif/,/tʃiːf/,One of the chief causes of crime today is drugs.,毒品是如今犯罪的主要诱因之一。
en:accord:verb:1,accord,verb,相符合， 相一致， 相和谐； 授予， 赠与， 给予,v 相符合， 相一致， 相和谐； 授予， 赠与， 给予；n 一致，符合；谅解，协议,/ə'kɔrd/,/ə'kɔːd/,You will not be accorded any special treatment.,你不会得到任何特殊待遇。
en:foremost:adjective:1,foremost,adjective,最好的， 最著名的， 最重要的,adj 最好的， 最著名的， 最重要的,/'fɔr'most/,/'fɔːməust/,one of the country’s foremost authorities on chemical warfare,该国化学战方面的最高权威之一
en:automatic:adjective:2,automatic,adjective,自动的； 必然发生的； 无意识的,adj 自动的； 必然发生的； 无意识的；n 自动机械,/'ɔtə'mætɪk/,/ˌɔːtə'mætɪk/,an automatic weapon,自动武器
en:despite:preposition:1,despite,preposition,不管， 不顾,prep 不管， 不顾,/dɪ'spaɪt/,/dɪ'spaɪt/,"Liz realized that, despite herself, she cared about Edward.",利兹发现自己不由自主地在乎爱德华。
en:consecutive:adjective:1,consecutive,adjective,连续的， 连贯的,adj 连续的， 连贯的,/kən'sɛkjətɪv/,/kən'sekjətɪv/,It had rained for four consecutive days.,雨接连下了四天。
en:probe:verb:1,probe,verb,探索，查究，调查；用探针探查，探测,v 探索，查究，调查；用探针探查，探测；n 探针， 探测器； 探索， 调查,/prob/,/prəub/,Police probed claims that he had sold drugs.,警方就有人称他贩卖毒品一事进行了调查。
en:assimilation:noun:1,assimilation,noun,同化， 同化作用； 消化,n 同化， 同化作用； 消化,/əˌsɪməˈleʃən/,/əˌsɪmə'leɪʃn/,Ethnic amalgamation ethnic assimilation and ethnic fusion of culture are three kinds of different phenomena in ethnic relation.,民族融合、民族同化和民族文化融合是民族关系中存在的三种不同的现象。
en:groan:verb:1,groan,verb,呻吟，抱怨；发出呻吟般的声音,vi 呻吟，抱怨；发出呻吟般的声音；n 呻吟， 抱怨； 呻吟般的声音,/ɡron/,/grəun/,The kids all groaned when I switched off the TV.,我关掉电视时，孩子们都发出不满的抱怨声。
en:industrial:adjective:1,industrial,adjective,工业的， 产业的,adj 工业的， 产业的,/ɪn'dʌstrɪəl/,/ɪn'dʌstriəl/,"By 1900, Britain was a mainly industrial society.",到1900年英国已基本进入工业社会。
en:conduct:noun:1,conduct,noun,举止，行为；指导；管理，实施 [kən'dʌkt],n 举止，行为；指导；管理，实施 [kən'dʌkt]；vt 进行； 管理， 指挥， 引导； 传输， 传导,/kən'dʌkt/,/'kɒndʌkt/,The Senator’s conduct is being investigated by the Ethics Committee.,该参议员的行为正受到道德委员会的调查。
en:velvet:noun:1,velvet,noun,天鹅绒， 丝绒,n 天鹅绒， 丝绒,/'vɛlvɪt/,/'velvɪt/,green velvet drapes,绿色丝绒帷帘
en:quantitative:adjective:2,quantitative,adjective,量的， 定量的,adj 量的， 定量的,/'kwɑntətetɪv/,/'kwɒntɪtətɪv/,...the advantages of quantitative and qualitative research.,…定量和定性研究的优点。
en:stable:adjective:1,stable,adjective,稳定的，不变的；沉稳的，持重的,adj 稳定的，不变的；沉稳的，持重的；n 厩， 马厩， 牛棚,/'stebl/,/'steɪbl/,A wide base will make the structure much more stable.,宽大的底座会使结构牢固许多。
en:reunion:noun:2,reunion,noun,重聚， 团聚； 聚会， 联谊活动,n 重聚， 团聚； 聚会， 联谊活动,,/riː'juːniən/,an annual reunion,一年一度的聚会
en:fantastic:adjective:2,fantastic,adjective,极好的， 极出色的； 了不起的； 极大的； 难以相信的； 异想天开的， 不实际的； 奇异的， 古怪的,adj 极好的， 极出色的； 了不起的； 极大的； 难以相信的； 异想天开的， 不实际的； 奇异的， 古怪的,/fæn'tæstɪk/,/fæn'tæstɪk/,You look fantastic!,你看上去棒极了！
en:drainage:noun:2,drainage,noun,排水系统， 下水道； 排水， 放水,n 排水系统， 下水道； 排水， 放水,/'drenɪdʒ/,/'dreɪnɪdʒ/,A handful of pebbles in the bottom of a flowerpot will help drainage.,在花盆底下放一把鹅卵石能够帮助排水。
en:respond:verb:1,respond,verb,回答， 答复； 作出反应， 响应,vi 回答， 答复； 作出反应， 响应,/rɪ'spɑnd/,/rɪ'spɒnd/,They are likely to respond positively to the president's request for aid.,他们有可能积极地回应该总统的援助请求。
en:incident:noun:1,incident,noun,发生的事， 事件,n 发生的事， 事件,/'ɪnsɪdənt/,/'ɪnsɪdənt/,Am I at risk because of some incident in my sexual past?,我过去性生活中的某件事会使我处于危险境地吗？
en:lame:adjective:1,lame,adjective,跛的， 瘸的； 站不住脚的， 差劲的； 蹩脚的,adj 跛的， 瘸的； 站不住脚的， 差劲的； 蹩脚的,/lem/,/leɪm/,a lame attempt to deflect criticism,转移批评的一个无力的尝试
en:tub:noun:1,tub,noun,桶， 塑料杯， 纸杯； 盆， 洗澡盆， 浴缸,n 桶， 塑料杯， 纸杯； 盆， 洗澡盆， 浴缸,/tʌb/,/tʌb/,I had a long soak in the tub.,我在浴缸里泡了很久。
en:cluster:verb:1,cluster,verb,群集，丛生,vi 群集，丛生；n 串，簇；群，组；vt 使群集， 集中,/'klʌstɚ/,/'klʌstə/,Do this for all nodes in the cluster.,对集群中的所有节点都这样做。
en:prey:verb:1,prey,verb,捕食； 折磨， 使烦恼,vi 捕食； 折磨， 使烦恼；n 被捕食的动物，捕获物；受害者,/pre/,/preɪ/,"The effect was to disrupt the food chain, starving many animals and those that preyed on them.",后果是打断食物链，使许多动物和捕食它们的动物饿死。
en:apparatus:noun:1,apparatus,noun,器械， 器具， 仪器； 机构， 组织,n 器械， 器具， 仪器； 机构， 组织,/ˌæpəˈrætəs/,/ˌæpə'reɪtəs/,Astronauts have special breathing apparatus.,航天员有专门的呼吸装装备。
en:lieutenant:noun:1,lieutenant,noun,陆军中尉； 海军上尉,n 陆军中尉； 海军上尉,/lu'tɛnənt/,/lef'tenənt/,lieutenant general,中将
en:tug:verb:2,tug,verb,用力拖,v 用力拖；n 拖船； 猛拉， 牵引,/tʌɡ/,/tʌg/,She removed the bandage with a sharp tug.,她猛地一拉，扯下绷带。
en:expedition:noun:3,expedition,noun,旅行， 远征； 远征队， 探险队， 考察队； 迅速， 动作敏捷,n 旅行， 远征； 远征队， 探险队， 考察队； 迅速， 动作敏捷,"/,ɛkspə'dɪʃən/",/ˌekspə'dɪʃn/,an expedition to the North Pole,北极探险
en:decay:verb:2,decay,verb,腐烂，衰败,vi 腐烂，衰败；n 腐烂， 衰败状态,/dɪ'ke/,/dɪ'keɪ/,Her body was already starting to decay.,她的尸体已经开始腐烂。
en:grieve:verb:1,grieve,verb,感到悲痛，伤心,vi 感到悲痛，伤心；vt 使伤心， 为…而伤心,/griv/,/griːv/,People need time to grieve after the death of a loved one.,人们在所爱之人去世后会有一段悲伤期。
en:absorb:verb:1,absorb,verb,吸收； 吸引…的注意， 使全神贯注； 把…并入， 同化,vt 吸收； 吸引…的注意， 使全神贯注； 把…并入， 同化,/æbˈsɔrb; æbˈzɔrb; əbˈsɔrb/,/əb'sɔːb/,Plants absorb nutrients from the soil.,植物从土壤中吸收养分。
en:concern:noun:2,concern,noun,关切的事，有关的事；关心，挂念；关系，关联；公司，企业,n 关切的事，有关的事；关心，挂念；关系，关联；公司，企业；vt 涉及， 有关； 使关心， 使担心,/kən'sɝn/,/kən'sɜːn/,He was moved by her obvious concern.,她明显的关心使他感动。
en:fracture:verb:1,fracture,verb,断裂，折断,v 断裂，折断；n 裂缝， 裂痕； 折断,/'fræktʃɚ/,/'fræktʃə/,The immense pressure causes the rock to fracture.,巨大的压力造成岩石断裂。
en:rectify:verb:2,rectify,verb,纠正， 修复,vt 纠正， 修复,/'rɛktɪfaɪ/,/'rektɪfaɪ/,"I did my best to rectify the situation, but the damage was already done.",我竭尽全力去挽回局面，但损害已经造成了。
en:integrity:noun:3,integrity,noun,正直， 诚实， 诚恳； 完整， 完全， 完善,n 正直， 诚实， 诚恳； 完整， 完全， 完善,/ɪn'tɛɡrəti/,/ɪn'tegrəti/,the territorial integrity of the country,国家的领土完整
en:refrain:verb:3,refrain,verb,抑制，克制，戒除,vi 抑制，克制，戒除；n 叠句， 副歌,/rɪ'fren/,/rɪ'freɪn/,Mrs. Hardie refrained from making any comment.,哈迪太太忍住了没做任何评论。
en:pact:noun:1,pact,noun,契约， 协定， 条约,n 契约， 协定， 条约,/pækt/,/pækt/,the Warsaw pact,华沙条约
en:notation:noun:1,notation,noun,记号， 标记法,n 记号， 标记法,/no'teʃən/,/nəu'teɪʃn/,Musical notation was conceived for the C major scale and each line and space represents a note in this scale.,乐谱为C大音阶而构思，在这个音阶中的每一个线和间都代表一个音符。
en:merge:verb:2,merge,verb,结合， 合并， 合为一体,v 结合， 合并， 合为一体,/mɝdʒ/,/mɜːdʒ/,The company plans to merge its subsidiaries in the US.,该公司计划合并其在美国的几家子公司。
en:liable:adjective:2,liable,adjective,易于…的， 可能的,adj 易于…的， 可能的,/'laɪəbl/,/'laɪəbl/,The car is liable to overheat on long trips.,这辆汽车跑长途容易过热。
en:recycle:verb:1,recycle,verb,回收利用,vt 回收利用,"/,ri'saɪkl/",/ˌriː'saɪkl/,We take all our bottles to be recycled.,我们把我们所有的瓶子都回收利用。
en:dock:verb:2,dock,verb,靠码头， 进港,vi 靠码头， 进港；n 码头，船埠；被告席；vt 使靠码头；扣,/dɑk/,/'dɒk/,The crash happened as the ferry attempted to dock on Staten Island.,这次碰撞发生于渡船试图停靠在斯塔滕岛时。
en:marsh:noun:2,marsh,noun,沼泽， 湿地,n 沼泽， 湿地,/mɑrʃ/,/mɑːʃ/,"We gonna mosh through the marsh, take us right through the doors.",我们要在这沼泽中前进， 使我们的权利通过这些门。
en:element:noun:1,element,noun,成分， 要素， 元素； 基础， 纲要； 自然力,n 成分， 要素， 元素； 基础， 纲要； 自然力,/'ɛləmənt/,/'elɪmənt/,Business and management elements are built into the course.,本课程加入了商务和管理方面的内容。
en:confidential:adjective:3,confidential,adjective,秘密的， 机密的； 表示信任的； 担任机密工作的,adj 秘密的， 机密的； 表示信任的； 担任机密工作的,"/,kɑnfɪ'dɛnʃl/",/ˌkɒnfɪ'denʃl/,a confidential government report,一份机密的政府报告
en:abundant:adjective:1,abundant,adjective,丰富的， 富裕的； 大量的， 充足的,adj 丰富的， 富裕的； 大量的， 充足的,/ə'bʌndənt/,/ə'bʌndənt/,an abundant supply of fresh water,充足的淡水供应
en:exclaim:verb:1,exclaim,verb,呼喊， 惊叫,vi 呼喊， 惊叫,/ɪk'sklem/,/ɪk'skleɪm/,‘No!’ she exclaimed in shock.,“不！”她惊呼道。
en:ballet:noun:3,ballet,noun,芭蕾舞， 芭蕾舞剧； 芭蕾舞团,n 芭蕾舞， 芭蕾舞剧； 芭蕾舞团,/bæ'le/,/'bæleɪ/,We’re going to the ballet tomorrow evening.,我们明天晚上要去看芭蕾舞演出。
en:mute:adjective:1,mute,adjective,缄默的，无声的；哑的，不会说话的；不发音的,adj 缄默的，无声的；哑的，不会说话的；不发音的；vt 消除， 减轻,/mjut/,/mjuːt/,"Billy continued to stand there, mute and defiant.",比利还是站在那儿一声不吭，一副不服气的样子。
en:courtesy:noun:2,courtesy,noun,谦恭有礼； 有礼貌的举止,n 谦恭有礼； 有礼貌的举止,/'kɝtəsi/,/'kɜːtəsi/,It’s a matter of common courtesy to acknowledge letters.,确认收到来信是起码的礼貌。
en:deteriorate:verb:2,deteriorate,verb,恶化， 变坏,vi 恶化， 变坏,/dɪ'tɪrɪəret/,/dɪ'tɪəriəreɪt/,Ethel’s health has deteriorated.,埃塞尔的健康状况恶化了。
en:warehouse:noun:2,warehouse,noun,仓库， 货栈,n 仓库， 货栈,/'wɛrhaʊs/,/'weəhaus/,The building opposite us is the warehouse.,我们对面的那个建筑是仓库。
en:recognize:verb:1,recognize,verb,认出， 识别； 承认， 确认， 认可； 赏识， 表彰， 报偿,vt 认出， 识别； 承认， 确认， 认可； 赏识， 表彰， 报偿,/ˈrɛkəɡˌnaɪz/,/'rekəgnaɪz/,I didn’t recognize you in your uniform.,你穿上制服我认不出你了。
en:restraint:noun:1,restraint,noun,抑制， 限制， 克制； 约束措施， 约束条件,n 抑制， 限制， 克制； 约束措施， 约束条件,/rɪ'strent/,/rɪ'streɪnt/,The police were praised for their restraint in handling the demonstrators.,警方因对待示威者时所表现出的克制而受到赞扬。
en:pollutant:noun:1,pollutant,noun,污染物质,n 污染物质,/pə'lutənt/,/pə'luːtənt/,a dumping ground for toxic pollutants,有毒污染物堆放场
en:bamboo:noun:2,bamboo,noun,竹， 竹子,n 竹， 竹子,"/,bæm'bu/",/ˌbæm'buː/,...huts with walls of bamboo.,…竹墙小屋。
en:input:noun:1,input,noun,输入；投入的资金，输入的数据,n 输入；投入的资金，输入的数据；vt 把…输入计算机,/'ɪn'pʊt/,/'ɪnput/,"If the input data specified it, the file will close and the process terminates.",如果输入数据指定，该文件就会关闭，数据处理终止。
en:induce:verb:2,induce,verb,引导， 劝； 引起， 导致,vt 引导， 劝； 引起， 导致,/ɪn'dus/,/ɪn'djuːs/,She had to be induced because the baby was four weeks late.,她的孩子晚了四星期仍未出生，因此要给她引产。
en:abnormal:adjective:1,abnormal,adjective,反常的， 异常的,adj 反常的， 异常的,/æbˈnɔːrml/,/æb'nɔːml/,abnormal behaviour,反常行为
en:shrewd:adjective:2,shrewd,adjective,机灵的， 敏锐的， 精明的,adj 机灵的， 敏锐的， 精明的,/ʃrud/,/ʃruːd/,Malcolm is a shrewd businessman.,马尔科姆是个精明的商人。
en:stereotype:noun:2,stereotype,noun,陈规，老套，固定的模式,n 陈规，老套，固定的模式；vt 对…形成固定看法,/'stɛrɪətaɪp/,/'steriətaɪp/,There's always been a stereotype about successful businessmen.,对成功的商人们总有一种成见。
en:molecule:noun:1,molecule,noun,分子,n 分子,/'mɑlɪkjul/,/'mɒlɪkjuːl/,The molecules of oxygen gas contain just two atoms.,氧分子中只有两个原子。
en:enroll:verb:2,enroll,verb,入学，加入,vi 入学，加入；vt 招收， 吸收,/ɪn'rol/,/ɪn'rəul/,"And, with the rise of online education, you can even enroll in certified programs that allow you to learn and improve your career during your off-hours.",并且，随着在线教育的崛起，你甚至可以参加认证课程，在下班工夫里学习和改善本人的职业生涯。
en:resign:verb:3,resign,verb,辞职；听任,vi 辞职；听任；vt 辞去， 放弃； 使顺从,/rɪ'zaɪn/,/rɪ'zaɪn/,A hospital administrator has resigned over claims he lied to get the job.,一位医院主管因为有人声称他的职位是骗来的而辞职了。
en:safeguard:verb:1,safeguard,verb,保护，维护,vt 保护，维护；n 预防措施； 保证条款,/'sefɡɑrd/,/'seɪfgɑːd/,technology that will safeguard the environment,将会保护环境的技术
en:diligent:adjective:1,diligent,adjective,勤勉的， 勤奋的,adj 勤勉的， 勤奋的,/'dɪlɪdʒənt/,/'dɪlɪdʒənt/,a diligent student,勤勉的学生
en:sophisticated:adjective:3,sophisticated,adjective,老于世故的； 高级的； 精密的， 复杂的； 高雅的,adj 老于世故的； 高级的； 精密的， 复杂的； 高雅的,/sə'fɪstɪketɪd/,/sə'fɪstɪkeɪtɪd/,sophisticated software,很先进的软件
en:entertainment:noun:2,entertainment,noun,娱乐， 文娱节目， 表演会； 招待， 款待， 请客,n 娱乐， 文娱节目， 表演会； 招待， 款待， 请客,/ˌɛntɚ'tenmənt/,/ˌentə'teɪnmənt/,The town provides a wide choice of entertainment.,该镇提供各式各样的娱乐活动。
en:reside:verb:2,reside,verb,居住， 定居； 存在， 在于,vi 居住， 定居； 存在， 在于,/rɪ'zaɪd/,/rɪ'zaɪd/,"He spent most of his time in Rutherglen, where his family resided.",他大部分时间都在拉瑟格伦度过，他的家人就在那里居住。
en:indicative:adjective:3,indicative,adjective,标示的，指示的，象征的；陈述的,adj 标示的，指示的，象征的；陈述的；n 【语】陈述语气,/ɪn'dɪkətɪv/,/ɪn'dɪkətɪv/,"This behaviour is indicative of her whole attitude, I’m afraid.",这一行为恐怕已表明了她的总体态度。
en:ward:noun:2,ward,noun,病房； 区； 受监护人,n 病房； 区； 受监护人,/wɔrd/,/wɔːd/,the other patients in the ward,病房里的其他病人
en:dread:verb:1,dread,verb,担忧，忧虑；惧怕,vt 担忧，忧虑；惧怕；n 担忧， 畏惧,/drɛd/,/dred/,I’ve got an interview tomorrow and I’m dreading it.,明天我要去面试，我正担心呢。
en:scrutiny:noun:1,scrutiny,noun,详细检查， 仔细观察,n 详细检查， 仔细观察,/'skrutəni/,/'skruːtəni/,Their activities have come under police scrutiny .,他们的活动受到警方的严密监视。
en:chase:noun:1,chase,noun,追逐， 追赶， 追求,n&vt 追逐， 追赶， 追求,,/tʃeɪs/,The dogs saw him running and chased him.,那些狗看到他在跑就追他。
en:accident:noun:1,accident,noun,意外， 事故,n 意外， 事故,/'æksədənt/,/'æksɪdənt/,I met her quite by accident (= completely by accident ) .,我遇见她完全是偶然。
en:promote:verb:2,promote,verb,促进， 增进， 发扬； 提升； 宣传， 推销,vt 促进， 增进， 发扬； 提升； 宣传， 推销,/prə'mot/,/prə'məut/,You don't have to sacrifice environmental protection to promote economic growth.,你们没有必要牺牲环保来促进经济增长。
en:routine:adjective:2,routine,adjective,例行的， 常规的,adj 例行的， 常规的；n 例行公事，惯例，惯常的程序,/rʊ'tin/,/ruː'tiːn/,You mustn’t worry. These are just routine enquiries.,你不必担心，这只是例行的询问。
en:attack:noun:1,attack,noun,攻击， 进攻； 突然发作,n&vt 攻击， 进攻； 突然发作,/ə'tæk/,/ə'tæk/,a bomb attack,炸弹袭击
en:divorce:noun:1,divorce,noun,离婚，离异,n 离婚，离异；vt 离婚； 分离， 脱离,/dɪ'vɔrs/,/dɪ'vɔːs/,Why doesn’t she get a divorce ?,她为什么不离婚呢？
en:tariff:noun:1,tariff,noun,关税， 税率； 价目表， 收费表,n 关税， 税率； 价目表， 收费表,/'tærɪf/,/'tærɪf/,America wants to eliminate tariffs on items such as electronics.,美国想要取消电子类产品的关税。
en:attach:verb:1,attach,verb,缚， 系， 贴， 附加； 使依恋， 使喜爱； 使附属； 认为有,vt 缚， 系， 贴， 附加； 使依恋， 使喜爱； 使附属； 认为有,/ə'tætʃ/,/ə'tætʃ/,"When approving a merger, the commission can attach conditions.",委员会在批准公司合并时可能附加条件。
en:graphic:adjective:1,graphic,adjective,生动的， 形象的； 绘画的， 文字的， 图表的,adj 生动的， 形象的； 绘画的， 文字的， 图表的,/'græfɪk/,/'græfɪk/,...fine and graphic arts.,…美术与制图艺术。
en:convict:verb:2,convict,verb,证明…有罪，宣判…有罪['kɒnvɪkt],vt 证明…有罪，宣判…有罪['kɒnvɪkt]；n 囚犯,/kən'vɪkt/,/kən'vɪkt/,a convicted murderer,已定罪的谋杀犯
en:retention:noun:1,retention,noun,保留， 保持,n 保留， 保持,/rɪ'tɛnʃən/,/rɪ'tenʃn/,The Citizens' Forum supported special powers for Quebec but also argued for the retention of a strong central government.,《市民论坛》支持魁北克的特殊权力，但是也主张保留一个强有力的中央政府。
en:creation:noun:1,creation,noun,创造， 创建； 创造的作品， 产物； 宇宙， 天地万物,n 创造， 创建； 创造的作品， 产物； 宇宙， 天地万物,/krɪ'eʃən/,/kri'eɪʃn/,a job creation scheme,创造就业机会的计划
en:legislation:noun:3,legislation,noun,法律， 法规； 立法， 法律的制定,n 法律， 法规； 立法， 法律的制定,"/,lɛdʒɪs'leʃən/",/ˌledʒɪs'leɪʃn/,This is a very important piece of legislation (= law ).,这是一条非常重要的法规。
en:dodge:verb:1,dodge,verb,闪身躲开,vi 闪身躲开；vt 回避，逃避；n 托辞， 伎俩； 躲闪， 躲避,/dɑdʒ/,/dɒdʒ/,"He ran across the courtyard, dodging a storm of bullets.",他跑过院子，躲避雨点般的子弹。
en:ingredient:noun:2,ingredient,noun,组成部分， 原料； 要素,n 组成部分， 原料； 要素,/ɪn'ɡridɪənt/,/ɪn'griːdiənt/,Combine all the ingredients in a large bowl.,把所有食材都放在一个大碗里。
en:surplus:adjective:1,surplus,adjective,过剩的， 多余的,adj 过剩的， 多余的；n 过剩，剩余，盈余,/'sɝpləs/,/'sɜːpləs/,Ethiopia has no surplus food.,埃塞俄比亚没有多余的食物。
en:consolidate:verb:2,consolidate,verb,巩固， 加强； 联为一体， 合并,v 巩固， 加强； 联为一体， 合并,/kən'sɑlɪdet/,/kən'sɒlɪdeɪt/,The company has consolidated its position as the country’s leading gas supplier.,这家公司巩固了作为该国主要煤气供应商的地位。
en:correspondence:noun:2,correspondence,noun,信件， 函件； 通信， 通信联系； 符合， 一致， 相似,n 信件， 函件； 通信， 通信联系； 符合， 一致， 相似,"/,kɔrə'spɑndəns/",/ˌkɒrə'spɒndəns/,A secretary came in twice a week to deal with his correspondence.,一个秘书每个星期来两次处理他的信件。
en:inhibit:verb:1,inhibit,verb,阻止， 妨碍， 抑制,vt 阻止， 妨碍， 抑制,/ɪn'hɪbɪt/,/ɪn'hɪbɪt/,An unhappy family life may inhibit children’s learning.,不幸福的家庭生活可能会阻碍儿童的学习。
en:refresh:verb:1,refresh,verb,振作精神， 恢复活力,v 振作精神， 恢复活力,/ri'frɛʃ/,/rɪ'freʃ/,A shower will refresh you.,洗个淋浴你就凉快了。
en:intimate:adjective:2,intimate,adjective,亲密的，个人的,adj 亲密的，个人的；n 至交， 密友；vt 暗示， 提示,/ˈɪntəmɪt/,/'ɪntɪmət/,an intimate friend of Picasso’s,毕加索的一个密友
en:shove:verb:2,shove,verb,用力推，挤,vi 用力推，挤；vt 乱推，挤；乱塞，随意放；n 猛推,/ʃʌv/,/ʃʌv/,He shoved her towards the car.,他推着她走向汽车。
en:theft:noun:2,theft,noun,偷窃， 失窃,n 偷窃， 失窃,/θɛft/,/θeft/,There have been a number of thefts in the area.,该地区发生了几宗偷窃案。
en:disclose:verb:1,disclose,verb,揭露， 泄露， 透露,vt 揭露， 泄露， 透露,/dɪs'kloz/,/dɪs'kləuz/,Some companies have already voluntarily disclosed similar information .,一些公司已经主动透露了类似的信息。
en:religion:noun:2,religion,noun,宗教， 宗教信仰,n 宗教， 宗教信仰,/rɪ'lɪdʒən/,/rɪ'lɪdʒən/,The U.S. Constitution promises freedom of religion.,美国宪法保证宗教信仰自由。
en:yacht:noun:2,yacht,noun,快艇， 帆船， 游艇,n 快艇， 帆船， 游艇,/jɑt/,/jɒt/,His 36 ft yacht sank suddenly last summer.,他的36英尺游艇去年夏天突然沉没了。
en:mistress:noun:2,mistress,noun,情妇； 主妇， 女主人,n 情妇； 主妇， 女主人,/'mɪstrəs/,/'mɪstrəs/,The Prince had shocked society by living openly with his mistress.,王子和他的情妇公开同居，让社会大为震惊。
en:oxide:noun:2,oxide,noun,氧化物,n 氧化物,/'ɑksaɪd/,/'ɒksaɪd/,iron oxide,氧化铁
en:miniature:adjective:2,miniature,adjective,小型的，微小的,adj 小型的，微小的；n 微小的模型， 缩影； 微型画， 微型人物像,/ˈmɪniətʃɚ; ˈmɪnɪtʃɚ/,/'mɪnətʃə/,miniature roses,微型玫瑰
en:clan:noun:1,clan,noun,宗族， 家族,n 宗族， 家族,/klæn/,/klæn/,the Campbell clan,坎贝尔家族
en:economical:adjective:1,economical,adjective,节约的； 经济学的,adj 节约的； 经济学的,"/,ɛkə'nɑmɪkl/",/ˌiːkə'nɒmɪkl/,A small car is more economical to run.,开小型汽车比较省油。
en:prosperous:adjective:1,prosperous,adjective,繁荣的， 兴旺的,adj 繁荣的， 兴旺的,/'prɑspərəs/,/'prɒspərəs/,a prosperous landowner,富裕的土地拥有者
en:polish:verb:1,polish,verb,磨光；修改，润色，使优美,vt 磨光；修改，润色，使优美；n 擦光剂,/'pɑlɪʃ/,/'pɒlɪʃ/,"Your essay is good, you just need to polish it a bit.",你的文章不错，只要稍加润色就可以了。
en:reassess:verb:1,reassess,verb,再评价,vt 再评价,/'riə'sɛs/,/ˌriːə'ses/,This has caused us to reassess the way we approach our planning.,这件事让我们重新审视了我们的规划方式。
en:cabinet:noun:1,cabinet,noun,橱， 柜； 内阁,n 橱， 柜； 内阁,/'kæbɪnət/,/'kæbɪnət/,a cabinet meeting,内阁会议
en:optical:adjective:2,optical,adjective,眼的， 视觉的； 光学的,adj 眼的， 视觉的； 光学的,/'ɑptɪkl/,/'ɒptɪkl/,microscopes and other optical instruments,显微镜和其他光学仪器
en:evoke:verb:1,evoke,verb,唤起， 引起， 使人想起,vt 唤起， 引起， 使人想起,/ɪ'vok/,/ɪ'vəuk/,The photographs evoked strong memories of our holidays in France.,那些照片勾起了我们到法国度假的深刻回忆。
en:insurance:noun:1,insurance,noun,保险； 保险费,n 保险； 保险费,/ɪn'ʃʊrəns/,/ɪn'ʃuərəns/,Your father took out insurance to cover the mortgage.,你父亲购买了抵押借款保险。
en:dazzle:verb:2,dazzle,verb,使眩目，耀；使赞叹不已；使倾倒,vt 使眩目，耀；使赞叹不已；使倾倒；n 耀眼的光； 令人赞叹的东西,/'dæzl/,/'dæzl/,a deer dazzled by the headlights,被车头灯光照得目眩的鹿
en:principle:noun:2,principle,noun,原则， 原理， 道义； 基本信念， 信条,n 原则， 原理， 道义； 基本信念， 信条,/'prɪnsəpl/,/'prɪnsəpl/,The general principle is that education should be available to all children up to the age of 16.,总的原则是，16 岁以下儿童都应该能接受教育。
en:thigh:noun:2,thigh,noun,大腿,n 大腿,/θaɪ/,/θaɪ/,chicken thighs,鸡腿
en:tedious:adjective:2,tedious,adjective,冗长乏味的， 沉闷的,adj 冗长乏味的， 沉闷的,/'tidɪəs/,/'tiːdiəs/,The work was tiring and tedious.,这工作既累人又枯燥。
en:tilt:verb:2,tilt,verb,倾斜，倾侧,v 倾斜，倾侧；n 倾斜， 倾侧,/tɪlt/,/tɪlt/,My mother tilted her head and smiled.,我妈妈歪着头笑了。
en:inferiority:noun:1,inferiority,noun,自卑； 次等,n 自卑； 次等,"/ɪn,fɪrɪ'ɔrəti/",/ɪnˌfɪəri'ɒrəti/,moral inferiority,道德低下
en:participant:noun:2,participant,noun,参加者， 参与者,n 参加者， 参与者,/pɑr'tɪsəpənt/,/pɑː'tɪsɪpənt/,40 of the course participants are offered employment with the company.,参加课程学习的人中有40名得到了在该公司工作的机会。
en:initiate:verb:2,initiate,verb,开始， 创造， 发起； 使初步了解； 接纳， 让…加入,vt 开始， 创造， 发起； 使初步了解； 接纳， 让…加入；n 新加入组织的人,/ɪ'nɪʃɪet/,/ɪ'nɪʃɪeɪt/,They have decided to initiate legal proceedings against the newspaper.,他们决定向该报提起法律诉讼。
en:domestic:adjective:3,domestic,adjective,本国的； 家庭的； 驯养的,adj 本国的； 家庭的； 驯养的,/də'mɛstɪk/,/də'mestɪk/,Unfortunately his domestic life wasn’t very happy.,不幸的是，他的家庭生活并不幸福。
en:glare:verb:1,glare,verb,怒目而视；发射强光，发出刺眼的光线,vi 怒目而视；发射强光，发出刺眼的光线；n 强光； 怒视， 瞪眼； 炫耀， 张扬,/ɡlɛr/,/gleə/,The sun glared down on us.,刺眼的阳光照在我们身上。
en:irrigation:noun:3,irrigation,noun,灌溉,n 灌溉,/ˌɪrɪˈɡeʃn/,/ˌɪrɪ'geɪʃn/,Small blockages or collapses of the canal would choke the intricate irrigation networks.,运河的小堵塞或倒塌都会阻塞整个负责的灌溉网络。
en:compile:verb:1,compile,verb,汇编； 编制， 编纂,vt 汇编； 编制， 编纂,/kəm'paɪl/,/kəm'paɪl/,The document was compiled by the Department of Health.,这份文件是由卫生部汇编的。
en:vitality:noun:1,vitality,noun,活力； 生机， 元气,n 活力； 生机， 元气,/vaɪ'tæləti/,/vaɪ'tæləti/,"Despite her eighty years, Elsie was full of vitality.",尽管已80岁了，埃尔茜依然充满活力。
en:locomotive:noun:1,locomotive,noun,机车,n 机车,"/,lokə'motɪv/",/ˌləukə'məutɪv/,How many coaches can that locomotive pull?,那个机车能拉多少节客车?。
en:tile:noun:2,tile,noun,瓦，瓷砖,n 瓦，瓷砖；vt 铺瓦于， 贴瓷砖于,/taɪl/,/taɪl/,bathroom tiles,浴室瓷砖
en:donation:noun:1,donation,noun,捐款， 捐赠物； 捐赠， 赠送,n 捐款， 捐赠物； 捐赠， 赠送,/do'neʃən/,/dəu'neɪʃn/,There have been generous donations from EU funds.,欧盟基金给予了慷慨的捐款。
en:immense:adjective:2,immense,adjective,广大的， 巨大的； 无限的,adj 广大的， 巨大的； 无限的,/ɪ'mɛns/,/ɪ'mens/,People who travel by rail still read an immense amount.,人们坐火车旅行时仍然会读很多书。
en:inherent:adjective:3,inherent,adjective,内在的； 固有的， 生来就有的,adj 内在的； 固有的， 生来就有的,/ɪn'hɪrənt/,/ɪn'hɪərənt/,Every business has its own inherent risks.,每笔生意本身都有风险。
en:stability:noun:2,stability,noun,稳定， 稳固,n 稳定， 稳固,/stə'bɪləti/,/stə'bɪləti/,a period of relative stability,相对稳定的一段时期
en:budget:verb:1,budget,verb,规划，安排；编预算,v 规划，安排；编预算；adj 低廉的， 收费公道的；n 预算，预算拨款,/'bʌdʒɪt/,/'bʌdʒɪt/,We’ll have to budget more carefully.,我们必须更仔细地安排开支。
en:radiate:verb:1,radiate,verb,发出， 辐射； 流露， 显示,v 发出， 辐射； 流露， 显示,/'redɪet/,/'reɪdieɪt/,He radiated calm confidence.,他身上散发着沉稳自信的气质。
en:given:adjective:1,given,adjective,规定的，特定的；假设的，已知的；有癖好的，有倾向的,adj 规定的，特定的；假设的，已知的；有癖好的，有倾向的；prep 考虑到,/'ɡɪvn/,/'gɪvn/,"On any given day in the Houston area, half the hospital beds are empty.",在休斯敦地区，任何一天医院的床位都有一半是空的。
en:perish:verb:3,perish,verb,丧生， 毁灭， 消亡； 失去弹性， 老化,vi 丧生， 毁灭， 消亡； 失去弹性， 老化,/'pɛrɪʃ/,/'perɪʃ/,Hundreds perished when the ship went down.,轮船沉没，数百人罹难。
en:pastime:noun:1,pastime,noun,消遣， 娱乐,n 消遣， 娱乐,/'pæstaɪm/,/'pɑːstaɪm/,Reading was her favourite pastime.,阅读是她最喜爱的消遣方式。
en:ultimate:adjective:3,ultimate,adjective,最后的，最终的,adj 最后的，最终的；n 终极， 顶点,/ˈʌltəmɪt/,/'ʌltɪmət/,The ultimate outcome of the experiment cannot be predicted.,试验的最后结果无法预测。
en:adapt:verb:1,adapt,verb,使适应； 改编,vt 使适应； 改编,/ə'dæpt/,/ə'dæpt/,The ability to adapt is a definite asset in this job.,适应能力是做这份工作的绝对有利条件。
en:prosecute:verb:1,prosecute,verb,起诉， 告发,vi 起诉， 告发；vt 对…提起公诉，告发，检举；继续从事,/'prɑsɪ'kjʊt/,/'prɒsɪkjuːt/,Shoplifters will be prosecuted.,在商店行窃者将被起诉。
en:batch:noun:1,batch,noun,一批， 一组， 一群； 一批生产量,n 一批， 一组， 一群； 一批生产量,/bætʃ/,/bætʃ/,an overnight batch file,夜间批处理文件
en:merit:noun:1,merit,noun,长处，优点；价值；功劳，成绩,n 长处，优点；价值；功劳，成绩；vt 值得， 应受,/'mɛrɪt/,/'merɪt/,The merit of the report is its realistic assessment of the changes required.,这份报告的优点就是它对所要求的变动进行了实事求是的评估。
en:verbal:adjective:1,verbal,adjective,口头的； 用言辞的， 用文字的； 动词的,adj 口头的； 用言辞的， 用文字的； 动词的,/'vɝbl/,/'vɜːbl/,verbal skills,语言技能
en:solicitor:noun:1,solicitor,noun,初级律师， 事务律师,n 初级律师， 事务律师,/sə'lɪsɪtɚ/,/sə'lɪsɪtə/,You need to see a solicitor.,你需要找个律师。
en:intrinsic:adjective:2,intrinsic,adjective,固有的； 本质的； 内在的,adj 固有的； 本质的； 内在的,/ɪn'trɪnsɪk/,/ɪn'trɪnsɪk/,the intrinsic interest of the subject,该话题本身的趣味
en:proximity:noun:1,proximity,noun,接近， 邻近,n 接近， 邻近,/prɑk'sɪməti/,/prɒk'sɪməti/,Here the rich and the poor live in close proximity (= very near to each other ) .,在这里，富人和穷人比邻而居。
en:luminous:adjective:2,luminous,adjective,发光的， 发亮的； 光明的,adj 发光的， 发亮的； 光明的,/'lʊmənəs/,/'luːmɪnəs/,luminous paint,发光涂料
en:lash:verb:1,lash,verb,将系牢；鞭打，抽打；猛烈打击；猛烈抨击，严厉斥责,v 将系牢；鞭打，抽打；猛烈打击；猛烈抨击，严厉斥责；n 鞭打； 假睫毛； 鞭梢,/læʃ/,/læʃ/,Giant waves lashed the sea wall.,巨浪拍打着海堤。
en:receipt:noun:2,receipt,noun,发票， 收据； 收入， 进款； 收到， 接到,n 发票， 收据； 收入， 进款； 收到， 接到,/rɪ'sit/,/rɪ'siːt/,Keep your receipt in case you want to bring it back.,保留收据以备退货之需。
en:assume:verb:2,assume,verb,假定， 假设； 臆断； 承担， 担任； 呈现,vt 假定， 假设； 臆断； 承担， 担任； 呈现,/ə'sum/,/ə'sjuːm/,I think we can safely assume (= it is almost certain ) that interest rates will go up again soon.,我想我们几乎可以肯定，利率很快会再次上调。
en:predestine:verb:1,predestine,verb,预先确定； 注定,vt 预先确定； 注定,/pri:'destin/,/priː'destɪn/,,
en:chant:verb:1,chant,verb,反复有节奏地喊叫；吟诵，咏唱,vt 反复有节奏地喊叫；吟诵，咏唱；n 反复有节奏的喊叫； 赞美诗， 圣歌,/tʃænt/,/tʃɑːnt/,protesters chanting anti-government slogans,反复呼喊反政府口号的抗议者
en:destiny:noun:2,destiny,noun,命运； 定数， 天命,n 命运； 定数， 天命,/'dɛstəni/,/'destəni/,She always had a strong sense of destiny .,她向来很相信天意。
en:capsule:noun:1,capsule,noun,胶囊； 航天舱， 密封舱,n 胶囊； 航天舱， 密封舱,/ˈkæpsl;/,/'kæpsjuːl/,a space capsule orbiting the Earth,沿地球轨道飞行的太空舱
en:concept:noun:1,concept,noun,概念， 观念； 设想,n 概念， 观念； 设想,/'kɑnsɛpt/,/'kɒnsept/,a new concept in business travel,商务旅行的新理念
en:resistant:adjective:1,resistant,adjective,抵抗的； 抗…的， 耐…的,adj 抵抗的； 抗…的， 耐…的,/rɪ'zɪstənt/,/rɪ'zɪstənt/,Some people are very resistant to the idea of exercise.,一些人对锻炼的主意非常抵制。
en:ozone:noun:1,ozone,noun,臭氧,n 臭氧,/'ozon/,/'əuzəun/,Objective To observe the disinfection effect of gastroscope by ozone water.,目的观察臭氧水在胃镜体的消毒效果监测。
en:indefinite:adjective:2,indefinite,adjective,无限期的； 模糊的， 不确定的,adj 无限期的； 模糊的， 不确定的,/ɪn'dɛfɪnət/,/ɪn'defɪnət/,The next day the union voted to begin an indefinite strike.,第二天工会投票表决决定开始无限期罢工。
en:disaster:noun:1,disaster,noun,灾难， 灾祸， 天灾； 彻底的失败,n 灾难， 灾祸， 天灾； 彻底的失败,/dɪ'zæstɚ/,/dɪ'zɑːstə/,One hundred and twenty people died in China’s worst air disaster .,有120人在中国这起最惨烈的空难事故中丧生。
en:ecology:noun:2,ecology,noun,生态； 生态学,n 生态； 生态学,/ɪ'kɑlədʒi/,/i'kɒlədʒi/,the natural ecology of the Earth,地球的自然生态
en:minimal:adjective:2,minimal,adjective,最小的， 最低限度的,adj 最小的， 最低限度的,/'mɪnɪməl/,/'mɪnɪməl/,The storm caused only minimal damage.,暴风雨只造成了轻微破坏。
en:cocktail:noun:1,cocktail,noun,鸡尾酒； 餐前开胃小吃； 混合物,n 鸡尾酒； 餐前开胃小吃； 混合物,/'kɑktel/,/'kɒkteɪl/,"On arrival, guests are offered wine or a champagne cocktail.",到达时，客人们可以享用葡萄酒或一份香槟鸡尾酒。
en:enhance:verb:2,enhance,verb,提高， 增加， 加强,vt 提高， 增加， 加强,/ɪn'hæns/,/ɪn'hɑːns/,Good lighting will enhance any room.,良好的照明能给房间增色不少。
en:convention:noun:2,convention,noun,习俗， 惯例； 公约； 会议,n 习俗， 惯例； 公约； 会议,/kən'vɛnʃən/,/kən'venʃn/,a teachers’ convention,教师大会
en:disease:noun:1,disease,noun,病， 疾病； 不健全， 弊端,n 病， 疾病； 不健全， 弊端,/dɪ'ziz/,/dɪ'ziːz/,His father died of heart disease.,他父亲死于心脏病。
en:calcium:noun:1,calcium,noun,钙,n 钙,/'kælsɪəm/,/'kælsiəm/,Dairy source of protein and calcium.,奶牛的蛋白质来源和钙。
en:notwithstanding:adverb:1,notwithstanding,adverb,尽管,adv 尽管,"/,nɑtwɪθ'stændɪŋ/",/ˌnɒtwɪθ'stændɪŋ/,"His relations with colleagues, differences of opinion notwithstanding, were unfailingly friendly.",他与同事们尽管有意见分歧，但关系一直很融洽。
en:suspicion:noun:1,suspicion,noun,怀疑， 疑心， 猜疑； 一点儿， 少量,n 怀疑， 疑心， 猜疑； 一点儿， 少量,/sə'spɪʃən/,/sə'spɪʃn/,"I can’t say for definite who did it, but I certainly have my suspicions .",我不能确切说是谁干的，但我肯定有怀疑的对象。
en:purchase:verb:1,purchase,verb,买，购买,vt 买，购买；n 购买； 购买的物品,/'pɝtʃəs/,/'pɜːtʃəs/,You can purchase insurance online.,你可以在网上买保险。
en:refusal:noun:1,refusal,noun,拒绝,n 拒绝,/rɪ'fjuzl/,/rɪ'fjuːzl/,Her country suffered through her refusal to accept change.,她的国家因为她拒绝接受变革而受了害。
en:disposable:adjective:1,disposable,adjective,可任意使用的,adj 可任意使用的；n 一次性物品， 不回收物品,/dɪ'spozəbl/,/dɪ'spəuzəbl/,disposable resources,可支配的资源
en:bypass:noun:2,bypass,noun,旁道，迂回道,n 旁道，迂回道；vt 绕过， 绕…走； 越过， 置…于不顾,/'baɪpæs/,/'baɪpɑːs/,a triple heart bypass operation,心脏三重旁通管手术
en:silicon:noun:2,silicon,noun,硅,n 硅,/'sɪlɪkən/,/'sɪlɪkən/,But the brittleness of silicon limits its uses.,但是，硅的脆性也限制了其应用范围。
en:clarity:noun:2,clarity,noun,清楚， 明晰,n 清楚， 明晰,/'klærəti/,/'klærəti/,Letters may be edited for length and clarity.,信件可能要加以修改以求篇幅合适，意思明了。
en:fund:noun:1,fund,noun,资金，基金；存款,n 资金，基金；存款；vt 为…提供资金,/fʌnd/,/fʌnd/,The fund was set up to try to save the cathedral.,设立基金以挽救大教堂。
en:typical:adjective:2,typical,adjective,典型的， 有代表性的,adj 典型的， 有代表性的,/'tɪpɪkl/,/'tɪpɪkl/,typical British weather,典型的英国天气
en:recipient:noun:1,recipient,noun,接受者， 接收者,n 接受者， 接收者,/rɪ'sɪpɪənt/,/rɪ'sɪpiənt/,...the largest recipient of U.S. foreign aid.,…最大的美国对外援助接受方。
en:commonwealth:noun:2,commonwealth,noun,[C-]英联邦； 联邦， 联合体,n [C-]英联邦； 联邦， 联合体,/'kɑmən'wɛlθ/,/'kɒmənwelθ/,"...the Asian, Caribbean and African members of the commonwealth.",…英联邦在亚洲、加勒比海和非洲的成员国。
en:watt:noun:2,watt,noun,瓦,n 瓦,/wɑt/,/wɒt/,a 100-watt bulb,100瓦的灯泡
en:buzz:verb:2,buzz,verb,发出嗡嗡声；忙乱，急行；发出嘈杂的谈话声,vi 发出嗡嗡声；忙乱，急行；发出嘈杂的谈话声；n 嗡嗡声； 嘈杂的谈话声,/bʌz/,/bʌz/,a loud buzzing noise,很大的嗡嗡声
en:finance:noun:1,finance,noun,财政，金融；财源，财务情况,n 财政，金融；财源，财务情况；vt 为…提供资金,/'faɪnæns/,/'faɪnæns/,leasing and other forms of business finance,租赁及其他商业金融形式
en:incur:verb:2,incur,verb,招致， 引起； 遭受,vt 招致， 引起； 遭受,/ɪn'kɝ/,/ɪn'kɜː/,The government had also incurred huge debts.,政府也已承受了大笔债务。
en:notorious:adjective:2,notorious,adjective,臭名昭著的， 声名狼藉的,adj 臭名昭著的， 声名狼藉的,/no'tɔrɪəs/,/nəu'tɔːriəs/,a notorious computer hacker,声名狼藉的电脑黑客
en:assassination:noun:1,assassination,noun,刺杀， 暗杀,n 刺杀， 暗杀,/əˌsæsəˈneɪʃn/,/əˌsæsɪ'neɪʃn/,He narrowly escaped an assassination attempt (= when someone tries but fails to kill someone else ) .,他在一次暗杀行动中死里逃生。
en:infant:adjective:1,infant,adjective,婴儿的， 幼稚的,adj 婴儿的， 幼稚的；n 婴儿,/'ɪnfənt/,/'ɪnfənt/,infant formula milk,婴(幼)儿配方奶
en:gland:noun:1,gland,noun,腺,n 腺,/ɡlænd/,/glænd/,the pituitary gland,脑垂体腺
en:premise:noun:1,premise,noun,房屋和地基， 经营场址； 前提， 假设,n 房屋和地基， 经营场址； 前提， 假设,/ˈpremɪs/,/'premɪs/,Schools may earn extra money by renting out their premises.,学校通过出租房屋场地可以获取额外收入。
en:circus:noun:2,circus,noun,马戏， 马戏团； 喧闹的场面； 环形广场,n 马戏， 马戏团； 喧闹的场面； 环形广场,/'sɝkəs/,/'sɜːkəs/,The first day of school is always such a circus.,开学第一天总是这样闹哄哄的。
en:controversial:adjective:2,controversial,adjective,引起争论的， 有争议的,adj 引起争论的， 有争议的,"/,kɑntrə'vɝʃl/",/ˌkɒntrə'vɜːʃl/,the controversial issue of welfare reform,福利改革这一有争议的话题
en:attain:verb:1,attain,verb,达到， 获得； 完成,vt 达到， 获得； 完成,/ə'ten/,/ə'teɪn/,More women are attaining positions of power.,越来越多的女性获得要职。
en:deprive:verb:3,deprive,verb,剥夺， 使丧失,vt 剥夺， 使丧失,/dɪ'praɪv/,/dɪ'praɪv/,They've been deprived of the fuel necessary to heat their homes.,他们无法得到住房取暖必需的燃料。
en:tenant:noun:1,tenant,noun,房客， 佃户,n 房客， 佃户,/'tɛnənt/,/'tenənt/,The desk was left by the previous tenant.,书桌是上一个房客留下来的。
en:resultant:adjective:2,resultant,adjective,作为结果的， 因而发生的,adj 作为结果的， 因而发生的,/rɪ'zʌltənt/,/rɪ'zʌltənt/,She is still trying to get over the attack and the resultant injuries.,她仍在努力从袭击以及由此造成的伤害中恢复过来。
en:pest:noun:2,pest,noun,有害生物， 害虫； 讨厌的人,n 有害生物， 害虫； 讨厌的人,/pɛst/,/pest/,a chemical used in pest control,用于防治虫害的一种化学品
en:pedal:verb:1,pedal,verb,踩踏板，骑车,vi 踩踏板，骑车；n 踏板，踏脚；vt 脚蹬， 踩动…的踏板,/'pɛdl/,/'pedl/,She was pedalling furiously (= very fast ) .,她飞快地踩着踏板。
en:batter:verb:1,batter,verb,连续猛击,v 连续猛击；n 面糊,/'bætɚ/,/'bætə/,He was battered to death .,他被殴打致死。
en:heritage:noun:1,heritage,noun,遗产； 继承物； 传统,n 遗产； 继承物； 传统,/'hɛrɪtɪdʒ/,/'herɪtɪdʒ/,the importance of preserving the national heritage,保护民族遗产的重要性
en:supreme:adjective:1,supreme,adjective,最高的， 最大的； 极度的， 最重要的,adj 最高的， 最大的； 极度的， 最重要的,/suˈprim/,/suː'priːm/,the Supreme Allied Commander in Europe,欧洲盟军最高指挥官
en:hostage:noun:2,hostage,noun,人质,n 人质,/'hɑstɪdʒ/,/'hɒstɪdʒ/,The group are holding two tourists hostage (= keeping them as hostages ) .,这伙人挟持了两名游客作为人质。
en:priority:noun:2,priority,noun,优先， 重点； 优先考虑的事,n 优先， 重点； 优先考虑的事,/praɪ'ɔrəti/,/praɪ'ɒrəti/,I want to start work on the garden but the house must take priority .,我想开始整修花园，不过还是先得打扫屋子。
en:slope:verb:1,slope,verb,倾斜,v 倾斜；n 倾斜，斜面,/slop/,/sləup/,The bank sloped down sharply to the river.,那座堤岸陡峭地朝着那条河倾斜下去。
en:inlet:noun:2,inlet,noun,小湾， 水湾； 进口， 入口,n 小湾， 水湾； 进口， 入口,/ɪnˌlɛt/,/'ɪnlet/,There are several sheltered inlets along the coast.,沿着海岸线有几处有天然屏障的水湾。
en:metallic:adjective:2,metallic,adjective,金属的， 金属制的； 有金属特性的， 像金属的,adj 金属的， 金属制的； 有金属特性的， 像金属的,/mə'tælɪk/,/mə'tælɪk/,The key turned in the lock with a loud metallic click.,钥匙在锁里转动发出金属撞击的咔嗒声。
en:shuttle:verb:1,shuttle,verb,穿梭般来回,vi 穿梭般来回；n 短程穿梭运行的飞机；航天飞机；梭子；vt 短程穿梭运送,/'ʃʌtl/,/'ʃʌtl/,He took the Washington - New York shuttle.,他乘坐华盛顿－纽约的往返班机。
en:regenerate:verb:1,regenerate,verb,新生， 再生， 起革新作用,vi 新生， 再生， 起革新作用；vt 使新生，重建，改革，革新,/rɪ'dʒɛnəret/,/rɪ'dʒenər3ɪt/,Small nodules form as the liver cells regenerate.,肝细胞再生时会形成一些小结节。
en:allocate:verb:1,allocate,verb,分配； 分派， 把…拨给,vt 分配； 分派， 把…拨给,/'æləket/,/'æləkeɪt/,Tickets are limited and will be allocated to those who apply first.,票数有限，将分配给那些先申请的人。
en:latent:adjective:2,latent,adjective,潜在的， 隐伏的， 不易察觉的,adj 潜在的， 隐伏的， 不易察觉的,/'letnt/,/'leɪtnt/,latent aggression,潜在的侵略
en:terrific:adjective:1,terrific,adjective,极妙的； 极大的； 令人恐惧的,adj 极妙的； 极大的； 令人恐惧的,/tə'rɪfɪk/,/tə'rɪfɪk/,That’s a terrific idea!,这个主意真棒！
en:standpoint:noun:1,standpoint,noun,立场， 观点,n 立场， 观点,/'stændpɔɪnt/,/'stændpɔɪnt/,a discussion of marriage from the standpoint of women,从女性角度对婚姻的探讨
en:primary:adjective:1,primary,adjective,首要的， 主要的； 基本的； 最初的， 初级的,adj 首要的， 主要的； 基本的； 最初的， 初级的,/'praɪmɛri/,/'praɪməri/,Our primary concern is to provide the refugees with food and health care.,我们的头等大事是向难民提供食品和医疗。
en:pirate:noun:2,pirate,noun,非法盗印者，侵犯版权者；海盗,n 非法盗印者，侵犯版权者；海盗；vt 盗用， 非法盗印,/'paɪrət/,/'paɪrət/,Computer game pirates cost the industry twenty million pounds a year.,电脑游戏盗版者每年要给该行业带来两千万英镑的损失。
en:stubborn:adjective:2,stubborn,adjective,顽固的， 执拗的， 倔强的； 难对付的， 难于克服的,adj 顽固的， 执拗的， 倔强的； 难对付的， 难于克服的,/'stʌbɚn/,/'stʌbən/,Why are you so stubborn?,你怎么这么固执？
en:formulate:verb:3,formulate,verb,构想出， 规划； 系统地阐述,vt 构想出， 规划； 系统地阐述,/'fɔrmjə'let/,/'fɔːmjuleɪt/,"Little by little, he formulated his plan for escape.",他一点一点地构想出了他的逃跑计划。
en:consume:verb:1,consume,verb,消灭， 毁灭,vi 消灭， 毁灭；vt 消费；吃完，喝光,/kənˈsum/,/kən'sjuːm/,Some of the most efficient refrigerators consume 70 percent less electricity than traditional models.,一些能效最高的冰箱比传统型号少消耗70%的电。
en:dome:noun:2,dome,noun,圆屋顶， 穹顶,n 圆屋顶， 穹顶,/dom/,/dəum/,...the dome of the Capitol.,…国会大厦的穹顶。
en:layer:noun:1,layer,noun,层， 层次,n 层， 层次,/'leɪr/,/'leɪə/,He pulled off layer upon layer of clothing (= many layers of clothing ).,他把衣服一件件地脱掉。
en:alien:adjective:3,alien,adjective,外国的，外国人的；陌生的；性质不同的，不相容的,adj 外国的，外国人的；陌生的；性质不同的，不相容的；n 外国人， 外侨； 外星人,"/ˈeliən,ˈeljən/",/'eɪlɪən/,the alien environment of the city,城里陌生的环境
en:competence:noun:2,competence,noun,能力， 胜任， 称职,n 能力， 胜任， 称职,/'kɑmpɪtəns/,/'kɒmpɪtəns/,Typing is considered by most employers to be a basic competence.,大多数雇主认为打字是一项基本技能。
en:fuse:verb:1,fuse,verb,熔合， 合并； 因保险丝熔断而中断工作,v 熔合， 合并； 因保险丝熔断而中断工作；n 保险丝，熔丝；导火线,/fjuz/,/fjuːz/,"Their music fuses elements as diverse as Cajun, bebop and Cuban waltzes.",他们的音乐融合了卡津音乐、博普爵士乐和古巴华尔兹等不同元素。
en:elite:noun:2,elite,noun,[总称] 上层人士， 掌权人物， 实力集团； [总称]出类拔萃的人， 精英,n [总称] 上层人士， 掌权人物， 实力集团； [总称]出类拔萃的人， 精英,/ɪˈliːt/,/eɪ'liːt/,a struggle for power within the ruling elite,统治阶层内部的争权夺利
en:premium:adjective:1,premium,adjective,高级的，优质的；售价高的,adj 高级的，优质的；售价高的；n 保险金；额外费用，加付款；奖品，赠品；额外津贴,/'primɪəm/,/'priːmiəm/,premium ice cream,优质冰激凌
en:ornament:noun:2,ornament,noun,装饰品，点缀品；装饰，点缀,n 装饰品，点缀品；装饰，点缀；vt 装饰， 点缀， 美化,/'ɔrnəmənt/,/'ɔːnəmənt/,a shelf covered with books and ornaments,摆满书籍和装饰品的架子
en:assure:verb:1,assure,verb,使确信； 确保， 向…保证,vt 使确信； 确保， 向…保证,/ə'ʃʊr/,/ə'ʃuə/,"The document is genuine, I can assure you .",我能向你保证，这文件是真的。
en:pretext:noun:1,pretext,noun,借口， 托辞,n 借口， 托辞,/'pritɛkst/,/'priːtekst/,He’ll phone on some pretext or other.,他会以这样或那样的理由打电话的。
en:ivory:noun:2,ivory,noun,象牙； 象牙色， 乳白色,n 象牙； 象牙色， 乳白色,/'aɪvəri/,/'aɪvəri/,an ivory chess set,一副象牙国际象棋
en:theme:noun:2,theme,noun,主题， 题目,n 主题， 题目,/θim/,/θiːm/,The book’s theme is the conflict between love and duty.,本书的主题是爱与责任之间的冲突。
en:consult:verb:2,consult,verb,请教； 查阅； 商议,vt 请教； 查阅； 商议,/kən'sʌlt/,/kən'sʌlt/,"If symptoms persist, consult a doctor without delay.",如果症状持续的话，马上咨询医生。
en:solidarity:noun:2,solidarity,noun,团结一致,n 团结一致,"/,sɑlɪ'dærəti/",/ˌsɒlɪ'dærəti/,a gesture of solidarity,团结的表示
en:tumble:verb:1,tumble,verb,跌倒，摔下，滚下；翻滚；暴跌；不由自主地卷入,vi 跌倒，摔下，滚下；翻滚；暴跌；不由自主地卷入；n 跌倒， 摔倒,/'tʌmbl/,/'tʌmbl/,Oil prices have tumbled.,石油价格猛跌。
en:gracious:adjective:2,gracious,adjective,亲切的，和蔼的；优美的；雅致的，雍容华贵的,adj 亲切的，和蔼的；优美的；雅致的，雍容华贵的；int 天哪!,/'ɡreʃəs/,/'greɪʃəs/,"Sibyl was the most gracious, helpful, and generous person to work with.",西比尔非常和蔼，乐于助人，而且为人慷慨，和她共事最愉快。
en:smash:verb:2,smash,verb,猛撞，猛冲,vi 猛撞，猛冲；vt 使粉碎，使打烂；狠打，猛击；使破灭，使失败；n 破碎； 猛击， 猛撞； 轰动的演出， 巨大的成功,/smæʃ/,/smæʃ/,A stolen car smashed into the bus.,一辆被偷的汽车猛地撞上了公共汽车。
en:merely:adverb:1,merely,adverb,仅仅， 只不过,adv 仅仅， 只不过,/'mɪrli/,/'mɪəli/,He’s merely a boy – you can’t expect him to understand.,他只是个孩子——你不要指望他能理解。
en:appropriation:noun:2,appropriation,noun,据为己有， 占有； 挪用； 拨款,n 据为己有， 占有； 挪用； 拨款,"/ə,proprɪ'eʃən/",/əˌprəupri'eɪʃn/,The government raised defence appropriations by 12 percent.,政府将国防拨款提高了12%。
en:contradiction:noun:1,contradiction,noun,矛盾， 不一致； 否认， 反驳,n 矛盾， 不一致； 否认， 反驳,"/,kɑntrə'dɪkʃən/",/ˌkɒntrə'dɪkʃn/,apparent contradictions in the defendant’s testimony,被告证词中的明显矛盾
en:wealth:noun:1,wealth,noun,财富； 财产； 丰富,n 财富； 财产； 丰富,/wɛlθ/,/welθ/,The country’s wealth comes from its oil.,这个国家的财富来自石油。
en:henceforth:adverb:2,henceforth,adverb,从今以后， 从此以后,adv 从今以后， 从此以后,"/,hɛns'fɔrθ/",/ˌhens'fɔːθ/,multiple sclerosis (henceforth referred to as MS),多发性硬化（以下称为MS）
en:wallet:noun:1,wallet,noun,皮夹子,n 皮夹子,/'wɑlɪt/,/'wɒlɪt/,He took a credit card out of his wallet.,他从钱包里拿出一张信用卡。
en:survive:verb:1,survive,verb,活下来，继续存在；幸免于,vi 活下来，继续存在；幸免于；vt 从中挺过来； 从…逃出； 比…活得长,/sɚ'vaɪv/,/sə'vaɪv/,Only 12 of the 140 passengers survived.,140 名乘客中只有 12 人生还。
en:desire:verb:1,desire,verb,想要，渴望,vt 想要，渴望；n 愿望， 欲望,/dɪ'zaɪɚ/,/dɪ'zaɪə/,The hotel has everything you could possibly desire .,这家酒店里你想要的东西应有尽有。
en:initial:adjective:3,initial,adjective,最初的，开始的,adj 最初的，开始的；n 首字母,/ɪ'nɪʃəl/,/ɪ'nɪʃl/,"an initial investment of £5,000","5,000英镑的初始投资"
en:efficient:adjective:1,efficient,adjective,效率高的； 有能力的,adj 效率高的； 有能力的,/ɪ'fɪʃnt/,/ɪ'fɪʃnt/,a very efficient secretary,效率高的秘书
en:murmur:noun:2,murmur,noun,小声说； 小声抱怨， 咕哝； 发出连续而低沉的声音,n&v 小声说； 小声抱怨， 咕哝； 发出连续而低沉的声音,/'mɝmɚ/,/'mɜːmə/,"‘Well done,’ murmured George.",“干得好。”乔治低语道。
en:fury:noun:2,fury,noun,狂怒， 暴怒； 狂暴， 狂烈,n 狂怒， 暴怒； 狂暴， 狂烈,/'fjʊri/,/'fjuəri/,I was shaking with fury .,我气得发抖。
en:unify:verb:1,unify,verb,使联合， 统一； 使相同， 使一致,vt 使联合， 统一； 使相同， 使一致,/'junɪfaɪ/,/'juːnɪfaɪ/,Strong support for the war has unified the nation.,对战争的坚决支持使这个国家团结了起来。
en:muddy:adjective:1,muddy,adjective,泥泞的，沾满烂泥的；灰暗的，暗淡的；模糊的，糊涂的,adj 泥泞的，沾满烂泥的；灰暗的，暗淡的；模糊的，糊涂的；vt 使沾上烂泥； 使显得扑朔迷离,/'mʌdi/,/'mʌdi/,Take your boots off outside if they’re muddy.,要是靴子上都是泥，你就脱在门外吧。
en:hound:noun:2,hound,noun,猎犬,n 猎犬；vt 追逼， 烦恼， 纠缠,/haʊnd/,/haund/,Rainey's chief interest in life is hunting with hounds.,雷尼一生中的主要嗜好是带着猎犬去打猎。
en:consistent:adjective:3,consistent,adjective,坚持的， 一贯的； 一致的， 符合的,adj 坚持的， 一贯的； 一致的， 符合的,/kən'sɪstənt/,/kən'sɪstənt/,She’s the team’s most consistent player.,她是该队中表现最为稳定的选手。
en:dole:noun:1,dole,noun,救济，救济金,n 救济，救济金；vt 发放， 发给,/dol/,/dəul/,"The number claiming dole went up by 3,500.","申请领取救济金者增加了3,500人。"
en:reverse:verb:1,reverse,verb,反向，倒转,vi 反向，倒转；adj 反向的； 相反的； 颠倒的；vt 撤销，废除；使完全相反，彻底转变；使反转，使次序颠倒；n 相反情况，对立面；反面，背面，后面；损失，倒退,/rɪ'vɝs/,/rɪ'vɜːs/,Reverse the paper in the printer.,把打印机中的纸翻过来。
en:barren:adjective:2,barren,adjective,贫瘠的， 荒芜的； 不结果实的， 不育的； 无益的， 没有结果的,adj 贫瘠的， 荒芜的； 不结果实的， 不育的； 无益的， 没有结果的,/'bærən/,/'bærən/,Thousands of years ago the surface was barren desert.,很久很久以前，地面还是一片荒漠。
en:eternal:adjective:2,eternal,adjective,永久的， 永世的； 无休止的； 永恒的， 永不改变的,adj 永久的， 永世的； 无休止的； 永恒的， 永不改变的,/ɪ'tɝnl/,/ɪ'tɜːnl/,the Christian promise of eternal life,基督教承诺的永生
en:permanent:adjective:2,permanent,adjective,永久的， 固定的,adj 永久的， 固定的,/'pɝmənənt/,/'pɜːmənənt/,He gave up a permanent job in order to freelance.,他放弃了固定工作，为的是当一名自由职业者。
en:foster:adjective:1,foster,adjective,收养的,adj 收养的；vt 收养，养育；培养，促进,/'fɔstɚ/,/'fɒstə/,Little Jack was placed with foster parents.,小杰克被安置在养父母家。
en:barely:adverb:3,barely,adverb,仅仅， 只不过， 几乎不,adv 仅仅， 只不过， 几乎不,/'bɛrli/,/'beəli/,She was barely aware of his presence.,她几乎没有注意到他的存在。
en:prevalent:adjective:2,prevalent,adjective,流行的， 普遍的,adj 流行的， 普遍的,/'prɛvələnt/,/'prevələnt/,the prevalent belief in astrology,对占星术的普遍相信
en:cling:verb:2,cling,verb,紧紧抓住； 黏着， 挨近； 依附， 依恋； 坚持， 墨守， 忠实于,vi 紧紧抓住； 黏着， 挨近； 依附， 依恋； 坚持， 墨守， 忠实于,/klɪŋ/,/klɪŋ/,Some children tend to cling on their first day at school.,有些小孩在上学第一天往往会有恋家的情绪。
en:incidence:noun:3,incidence,noun,发生率,n 发生率,/'ɪnsɪdəns/,/'ɪnsɪdəns/,The incidence of breast cancer increases with age.,乳腺癌的发病率随着年龄的增长而上升。
en:clip:noun:1,clip,noun,夹子，回形针，别针；弹夹，弹仓；剪，修剪；剪报，电影片断,n 夹子，回形针，别针；弹夹，弹仓；剪，修剪；剪报，电影片断；vt 夹住， 扣住； 剪， 修剪,/klɪp/,/klɪp/,The wire is held on with a metal clip.,电线用金属夹子固定。
en:beam:verb:2,beam,verb,面露喜色； 定向发出， 播送,v 面露喜色； 定向发出， 播送；n 梁，横梁；束，柱；笑容，喜色,/bim/,/biːm/,the first sports broadcast to be beamed across the Atlantic,首次向大西洋彼岸播送的体育节目
en:compact:adjective:3,compact,adjective,紧凑的，小巧的；坚实的,adj 紧凑的，小巧的；坚实的；vt 把…压实，使坚实['kɔmpækt]；n 契约， 合同,/'kɑmpækt/,/kəm'pækt/,The compact design of the machine allows it to be stored easily.,这台机器的设计小巧灵便，易于存放。
en:alliance:noun:1,alliance,noun,结盟； 联盟,n 结盟； 联盟,/ə'laɪəns/,/ə'laɪəns/,independent organizations and alliances,独立组织和联盟
en:invaluable:adjective:1,invaluable,adjective,非常宝贵的， 极为贵重的， 无价的,adj 非常宝贵的， 极为贵重的， 无价的,/ɪn'væljʊəbl/,/ɪn'væljuəbl/,The internet is an invaluable source of information.,因特网是十分有价值的信息来源。
en:fiction:noun:1,fiction,noun,小说； 虚构， 杜撰,n 小说； 虚构， 杜撰,/'fɪkʃən/,/'fɪkʃn/,romantic fiction,爱情小说
en:doom:verb:1,doom,verb,注定，命定,vt 注定，命定；n 厄运， 劫数,/dʊm/,/duːm/,The plan was doomed from the start .,这个计划一开始就注定要失败。
en:cucumber:noun:1,cucumber,noun,黄瓜,n 黄瓜,"/'kjʊ,kʌmbɚ/",/'kjuːkʌmbə/,I like to eat cucumber sandwiches.,我喜欢吃有黄瓜的三明治。
en:aviation:noun:2,aviation,noun,航空， 航空学； 飞机制造业,n 航空， 航空学； 飞机制造业,"/,evɪ'eʃən/",/ˌeɪvi'eɪʃn/,...the aviation industry.,…航空工业。
en:pessimistic:adjective:2,pessimistic,adjective,悲观的,adj 悲观的,"/,pɛsɪ'mɪstɪk/",/ˌpesɪ'mɪstɪk/,a pessimistic view of life,对人生的悲观看法
en:denote:verb:2,denote,verb,意思是； 表示， 是…的标志,vt 意思是； 表示， 是…的标志,/dɪ'not/,/dɪ'nəut/,What does the word ‘curriculum’ denote that ‘course’ does not?,curriculum一词的哪些含义是course没有的？
en:emphasis:noun:1,emphasis,noun,强调； 重视； 重要性,n 强调； 重视； 重要性,/'ɛmfəsɪs/,/'emfəsɪs/,a change of emphasis in government policy,政府政策重心的变化
en:interrupt:verb:1,interrupt,verb,打断， 中止； 打扰,v 打断， 中止； 打扰,/'ɪntə'rʌpt/,/ˌɪntə'rʌpt/,Will you stop interrupting me!,别打断我的话！
en:propagate:verb:2,propagate,verb,繁殖， 增殖； 传播， 宣传， 普及,v 繁殖， 增殖； 传播， 宣传， 普及,/'prɑpə'get/,/'prɒpəgeɪt/,The group launched a website to propagate its ideas .,这个团体建了一个网站来宣扬他们的主张。
en:feasible:adjective:2,feasible,adjective,可行的， 可能的,adj 可行的， 可能的,/'fizəbl/,/'fiːzəbl/,a feasible solution,可行的解决方法
en:majesty:noun:2,majesty,noun,陛下； 雄伟， 壮丽； 庄严,n 陛下； 雄伟， 壮丽； 庄严,/'mædʒəsti/,/'mædʒəsti/,"The Prime Minister is here to see you, Your Majesty.",首相前来拜谒，陛下。
en:flatter:verb:2,flatter,verb,向…谄媚， 奉承； 使满意， 使感到荣幸； 使显得好看， 使显得突出,vt 向…谄媚， 奉承； 使满意， 使感到荣幸； 使显得好看， 使显得突出,/'flætɚ/,/'flætə/,Perry would always flatter Mrs. Mitchell by praising her cooking.,佩里常常奉承米切尔太太，称赞她的烹调手艺。
en:potential:adjective:2,potential,adjective,潜在的，可能的,adj 潜在的，可能的；n 潜力， 潜能,/pə'tɛnʃl/,/pə'tenʃl/,The company has identified 60 potential customers.,该公司已确定了60位潜在的客户。
en:necessitate:verb:1,necessitate,verb,成为必要， 需要,vt 成为必要， 需要,/nə'sɛsɪtet/,/nə'sesɪteɪt/,Lack of money necessitated a change of plan.,由于缺乏资金，只能改变计划。
en:orthodox:adjective:1,orthodox,adjective,传统的； 正统的， 正宗的,adj 传统的； 正统的， 正宗的,/'ɔrθədɑks/,/'ɔːθədɒks/,orthodox medical treatments,传统疗法
en:accustomed:adjective:1,accustomed,adjective,惯常的， 习惯的,adj 惯常的， 习惯的,/ə'kʌstəmd/,/ə'kʌstəmd/,The pans were in their accustomed places.,那些锅在老地方。
en:combination:noun:2,combination,noun,结合， 联合； 化合,n 结合， 联合； 化合,"/,kɑmbɪ'neʃən/",/ˌkɒmbɪ'neɪʃn/,a combination nightclub and café,夜总会兼咖啡馆
en:obtain:verb:1,obtain,verb,通用， 流行； 存在,vi 通用， 流行； 存在；vt 获得,/əb'ten/,/əb'teɪn/,These conditions no longer obtain.,这些状况已不复存在。
en:statesman:noun:1,statesman,noun,国务活动家， 政治家,n 国务活动家， 政治家,/'stetsmən/,/'steɪtsmən/,a respected elder statesman,一位受人尊敬的政界元老
en:tack:noun:2,tack,noun,平头钉，大头钉；行动方向，方针,n 平头钉，大头钉；行动方向，方针；vt 用平头钉钉； 附加， 增补,/tæk/,/tæk/,"If that doesn’t work, we’ll try a different tack .",如果那样不行，我们将试试别的方法。
en:gross:adjective:2,gross,adjective,总的； 严重的； 粗俗的； 臃肿的,adj 总的； 严重的； 粗俗的； 臃肿的,/ɡros/,/grəus/,The company was guilty of gross negligence.,该公司犯了重大的失职罪。
en:lounge:verb:1,lounge,verb,倚，躺；闲逛，闲荡,vi 倚，躺；闲逛，闲荡；n 休息厅， 休息室,/laʊndʒ/,/laundʒ/,Nathan was lounging on the grass bank outside the cottage.,内森正懒洋洋地躺在小屋外的草堤上。
en:porch:noun:1,porch,noun,门廊,n 门廊,/pɔrtʃ/,/pɔːtʃ/,"He was standing on the porch, waving as we drove away.",我们开车离开的时候，他站在走廊上向我们挥手。
en:workshop:noun:2,workshop,noun,车间， 工场； 专题讨论会,n 车间， 工场； 专题讨论会,/'wɝkʃɑp/,/'wɜːkʃɒp/,Trumpeter Marcus Belgrave ran a jazz workshop for young artists.,鼓手马库斯马贝尔格瑞夫为年轻艺术家们举办了一场爵士乐研讨会。
en:format:noun:2,format,noun,设计，安排；格式，样式，版式,n 设计，安排；格式，样式，版式；vt 使格式化,/'fɔrmæt/,/'fɔːmæt/,The courses were run to a consistent format.,这些课程的编排是有连续性的。
en:sacrifice:noun:1,sacrifice,noun,牺牲， 舍身； 献祭， 供奉； 祭品,n&v 牺牲， 舍身； 献祭， 供奉； 祭品,/'sækrɪfaɪs/,/'sækrɪfaɪs/,The minister stressed the need for economic sacrifice.,部长强调了在经济上作出牺牲的必要性。
en:illegal:adjective:1,illegal,adjective,不合法的， 非法的,adj 不合法的， 非法的,/ɪ'ligl/,/ɪ'liːgl/,illegal drugs,违禁药品
en:corps:noun:1,corps,noun,队， 部队； 一组,n 队， 部队； 一组,/kɔrz/,/kɔː/,the medical corps,医疗部队
en:eclipse:noun:2,eclipse,noun,食；消失，黯然失色,n 食；消失，黯然失色；vt 食， 遮掩光； 使暗淡， 使失色， 使相形见绌,/ɪ'klɪps/,/ɪk'lɪps/,an eclipse of the sun,日食
en:formal:adjective:2,formal,adjective,正式的； 礼仪上的,adj 正式的； 礼仪上的,/'fɔrml/,/'fɔːml/,formal recognition of the reformed church,改革后的教会所获得的官方承认
en:correlate:verb:1,correlate,verb,相关， 关联,vi 相关， 关联；vt 使相互关联,/'kɔrəlet/,/'kɒrəleɪt/,Obesity correlates with increased risk for hypertension and stroke.,过度肥胖与高血压和中风的发病风险增加密切相关。
en:soar:verb:2,soar,verb,猛增， 剧增； 高飞， 升腾； 高涨； 高耸， 屹立,vi 猛增， 剧增； 高飞， 升腾； 高涨； 高耸， 屹立,/sɔr/,/sɔː/,Her temperature soared.,她的体温骤然升高。
en:commute:verb:1,commute,verb,乘公交车上下班，经常乘车往返于两地,vi 乘公交车上下班，经常乘车往返于两地；vt 减； 折合， 折偿； 上下班交通,/kə'mjʊt/,/kə'mjuːt/,Baldry’s 20-year prison sentence was commuted to three years.,鲍德里二十年的刑期被减至三年。
en:sustain:verb:1,sustain,verb,保持， 使持续下去； 供养， 维持； 支持， 支撑； 经受， 遭受,vt 保持， 使持续下去； 供养， 维持； 支持， 支撑； 经受， 遭受,/sə'sten/,/sə'steɪn/,She found it difficult to sustain the children’s interest.,她发现很难保持孩子们的兴趣。
en:critical:adjective:2,critical,adjective,决定性的； 批评的,adj 决定性的； 批评的,/'krɪtɪkl/,/'krɪtɪkl/,He made some highly critical remarks.,他发表了一些严厉的批判性言论。
en:shepherd:noun:1,shepherd,noun,牧羊人，羊倌,n 牧羊人，羊倌；vt 带领， 引导,/'ʃɛpɚd/,/'ʃepəd/,The shepherd tended a flock.,这个牧羊人照管羊群。
en:outcry:noun:1,outcry,noun,大声疾呼， 呐喊； 强烈抗议,n 大声疾呼， 呐喊； 强烈抗议,/'aʊtkraɪ/,/'autkraɪ/,The closure of the local hospital has caused a huge public outcry.,当地医院的关闭激起了大规模的公众抗议。
en:radiant:adjective:2,radiant,adjective,容光焕发的， 喜形于色的； 光芒四射的， 光辉灿烂的； 辐射的,adj 容光焕发的， 喜形于色的； 光芒四射的， 光辉灿烂的； 辐射的,/'redɪənt/,/'reɪdiənt/,She looked radiant in a white silk dress.,她身穿白色真丝礼服，看上去光彩照人。
en:principal:adjective:1,principal,adjective,最重要的，主要的,adj 最重要的，主要的；n 负责人， 校长； 资本， 本金； 主要演员， 主角,/'prɪnsəpl/,/'prɪnsəpl/,His principal reason for making the journey was to visit his family.,他那次旅程的首要目的是探访家人。
en:exceedingly:adverb:1,exceedingly,adverb,极端地， 非常,adv 极端地， 非常,/ɪk'sidɪŋli/,/ɪk'siːdɪŋli/,Thank you. You’ve been exceedingly kind.,谢谢，你真是太好了。
en:uphold:verb:2,uphold,verb,支持， 维护,vt 支持， 维护,/ʌpˈhoʊld/,/ˌʌp'həuld/,a committee that aims to uphold educational standards,旨在保持教育水准的委员会
en:exotic:adjective:2,exotic,adjective,外来的， 异国情调的； 奇异的,adj 外来的， 异国情调的； 奇异的,/ɪɡ'zɑtɪk/,/ɪg'zɒtɪk/,exotic birds,外国的奇异鸟类
en:relief:noun:1,relief,noun,轻松， 宽慰； 缓解， 减轻， 解除； 使得到调剂； 接替， 替下,n 轻松， 宽慰； 缓解， 减轻， 解除； 使得到调剂； 接替， 替下,/rɪ'lif/,/rɪ'liːf/,I felt a huge surge of relief and happiness.,我如释重负，大感欣慰。
en:boycott:noun:1,boycott,noun,抵制， 拒绝参与,n&vt 抵制， 拒绝参与,/'bɔɪkɑt/,/'bɔɪkɒt/,We boycott all products tested on animals.,我们抵制所有拿动物做试验的产品。
en:dimension:noun:2,dimension,noun,尺寸， 尺度， 面积； 方面， 特点； 面积， 规模,n 尺寸， 尺度， 面积； 方面， 特点； 面积， 规模,"/dəˈmɛnʃən, daɪ-/",/dɪ'menʃn/,You can have a spiritual dimension to your life without being religious.,即使你不信宗教，也可以在生命中拥有精神层面的内容。
en:deserve:verb:2,deserve,verb,应受， 值得,vt 应受， 值得,/dɪ'zɝv/,/dɪ'zɜːv/,What have I done to deserve this?,我做了什么事，要得到这样的报应？
en:process:noun:1,process,noun,过程；制作方法；程序,n 过程；制作方法；程序；vt 加工， 办理,/proˈsɛs;(for n.)prɑsɛs/,/'prəus3s/,the Israeli-Egyptian peace process,以－埃和平进程
en:revenge:noun:1,revenge,noun,报复，报仇,n 报复，报仇；vt 为…报仇， 报…之仇,/rɪ'vɛndʒ/,/rɪ'vendʒ/,"The attackers were said to be taking revenge on the 14-year-old, claiming he was a school bully.",攻击者被称是在报复一名14岁男孩，称他是学校一霸。
en:restore:verb:1,restore,verb,恢复， 使恢复； 修复， 整修； 归还， 交还,vt 恢复， 使恢复； 修复， 整修； 归还， 交还,/rɪ'stɔr/,/rɪ'stɔː/,She was hoping that the Mediterranean climate would restore her to full health.,她希望地中海的气候能使她的身体完全复原。
en:subscribe:verb:2,subscribe,verb,订阅，订购；同意，赞成,vi 订阅，订购；同意，赞成；vt 捐助， 赞助,/səb'skraɪb/,/səb'skraɪb/,My main reason for subscribing to New Scientist is to keep abreast of advances in science.,我订阅《新科学家》的主要原因是要跟上科学的进步。
en:distill:verb:1,distill,verb,蒸馏， 用蒸馏法提取； 吸取， 提炼,vt 蒸馏， 用蒸馏法提取； 吸取， 提炼,/dɪs'tɪl/,/dɪ'stɪl/,distilled water,蒸馏水
en:alternative:adjective:1,alternative,adjective,两者选一的， 供选择的； 另类的,adj 两者选一的， 供选择的； 另类的；n 替换物，选择；选择的自由,/ɔl'tɝnətɪv/,/ɔːl'tɜːnətɪv/,An alternative route is along the Via Unione.,另一条路线是沿着联合路走。
en:concentration:noun:1,concentration,noun,集中； 专注， 专心； 浓缩； 浓度,n 集中； 专注， 专心； 浓缩； 浓度,/'kɑnsn'treʃən/,/ˌkɒnsn'treɪʃn/,She needed all her powers of concentration to stop herself from slipping on the icy road.,她需要集中全部注意力才能不让自己在结冰的路上滑倒。
en:velocity:noun:2,velocity,noun,速度， 速率,n 速度， 速率,/vəˈlɑsəti/,/və'lɒsəti/,the velocity of light,光速
en:encounter:verb:2,encounter,verb,遭遇，遇到,vt 遭遇，遇到；n 遭遇,/ɪn'kaʊntɚ/,/ɪn'kauntə/,The doctor had encountered several similar cases in the past.,那位医生过去曾碰到过好几个类似病例。
en:fellowship:noun:2,fellowship,noun,伙伴关系， 交情， 友谊； 团体， 协会， 联谊会； 奖学金， 研究员职位,n 伙伴关系， 交情， 友谊； 团体， 协会， 联谊会； 奖学金， 研究员职位,/'fɛloʃɪp/,/'feləuʃɪp/,Regular outings contribute to a sense of fellowship among co-workers.,经常外出游玩可以增进同事之间的友谊。
en:colleague:noun:1,colleague,noun,同事， 同僚,n 同事， 同僚,/'kɑliɡ/,/'kɒliːg/,a colleague of mine from the bank,我在银行的一位同事
en:approve:verb:2,approve,verb,赞成， 称许,vi 赞成， 称许；vt 赞成，称许；批准,/ə'prʊv/,/ə'pruːv/,"You've never approved of Henry, have you?",你从未赞赏过亨利，是吧？
en:interaction:noun:2,interaction,noun,相互作用,n 相互作用,"/,ɪntə'rækʃən/",/ˌɪntər'ækʃn/,The interaction between user and expert system arising from the expert system 's use.,使用专家系统而发生的用户和专家系统之间的交互作用。
en:pedestrian:noun:2,pedestrian,noun,步行者， 行人,n 步行者， 行人,/pə'dɛstrɪən/,/pə'destriən/,"Ingrid was a walker, even in Los Angeles, where a pedestrian is a rare sight.",英格丽德是个步行者，即使在行人少见的洛杉矶也是如此。
en:interfere:verb:1,interfere,verb,干涉， 干预， 妨碍,vi 干涉， 干预， 妨碍,"/,ɪntɚ'fɪr/",/ˌɪntə'fɪə/,"My daughter-in-law said that I was interfering, but I was only trying to help.",我的儿媳说我多管闲事，但我只是想帮忙。
en:apartment:noun:2,apartment,noun,一套公寓房间,n 一套公寓房间,/ə'pɑrtmənt/,/ə'pɑːtmənt/,She lives in a small apartment.,她住在一套小公寓里。
en:account:verb:1,account,verb,说明…的原因； 占…,vi 说明…的原因； 占…；n 记述；解释；账目,/ə'kaʊnt/,/ə'kaunt/,My salary is paid into my bank account.,我的工资直接存入我的银行账户。
en:fitting:adjective:2,fitting,adjective,适合的， 恰当的,adj 适合的， 恰当的；n 设备，家具，日用器具；配件，附件，零件；试穿，试衣,/'fɪtɪŋ/,/'fɪtɪŋ/,I thought the memorial was a fitting tribute to the President.,我认为这座纪念碑恰如其分地表达了对总统的敬意。
en:stack:noun:1,stack,noun,堆，垛,n 堆，垛；vt 堆积， 堆放于,/stæk/,/stæk/,stacks of dirty dishes,一摞摞脏盘子
en:radioactive:adjective:1,radioactive,adjective,放射性的， 有辐射能的,adj 放射性的， 有辐射能的,/'redɪo'æktɪv/,/ˌreɪdiəu'æktɪv/,the problem of how to dispose of radioactive waste,如何处理放射性废物的问题
en:resent:verb:2,resent,verb,对…表示愤恨， 怨恨,vt 对…表示愤恨， 怨恨,/rɪ'zɛnt/,/rɪ'zent/,Paul resented the fact that Carol didn’t trust him.,保罗非常气愤，因为卡萝尔不信任他。
en:stride:verb:2,stride,verb,大踏步走,vi 大踏步走；n 大步； 步法， 步态； 进展， 进步,/straɪd/,/straɪd/,They were joined by a newcomer who came striding across a field.,他们中又来了个新人，那人穿过一块田地大步走过来。
en:ambiguous:adjective:2,ambiguous,adjective,引起歧义的， 模棱两可的， 含糊不清的,adj 引起歧义的， 模棱两可的， 含糊不清的,/æm'bɪɡjuəs/,/æm'bɪgjuəs/,The language in the Minister’s statement is highly ambiguous.,部长的声明措辞很含糊。
en:impulsive:adjective:1,impulsive,adjective,冲动的,adj 冲动的,/ɪm'pʌlsɪv/,/ɪm'pʌlsɪv/,Rosa was impulsive and sometimes regretted things she’d done.,罗莎性情鲁莽，有时会为做过的事感到后悔。
en:qualitative:adjective:2,qualitative,adjective,性质的， 定性的,adj 性质的， 定性的,/'kwɑlətetɪv/,/'kwɒlɪtətɪv/,There are qualitative differences in the way children of different ages and adults think.,不同年龄的儿童和成人在思维方式上有着质的差异。
en:diverse:adjective:2,diverse,adjective,不一样的， 相异的； 多种多样的,adj 不一样的， 相异的； 多种多样的,/daɪ'vɝs/,/daɪ'vɜːs/,subjects as diverse as pop music and archaeology,像流行音乐和考古学这样各不相同的学科
en:crisp:adjective:2,crisp,adjective,脆的，鲜脆的；挺括的；清新的，干冷的；简明扼要的，利落的,adj 脆的，鲜脆的；挺括的；清新的，干冷的；简明扼要的，利落的；n 油炸土豆片,/krɪsp/,/krɪsp/,She kicked at the crisp leaves at her feet.,她踢着脚边松脆的树叶。
en:prime:adjective:1,prime,adjective,首要的；最好的,adj 首要的；最好的；n 青春；全盛时期；vt 使准备好,/praɪm/,/praɪm/,Smoking is the prime cause of lung disease.,抽烟是引发肺部疾病的首要原因。
en:intellect:noun:2,intellect,noun,智力， 理解力； 才智非凡的人,n 智力， 理解力； 才智非凡的人,/'ɪntəlɛkt/,/'ɪntəlekt/,Do the emotions develop in parallel with the intellect?,情感与智力同步发展吗？
en:preference:noun:2,preference,noun,喜爱， 偏爱； 优先； 偏爱的事物,n 喜爱， 偏爱； 优先； 偏爱的事物,/'prɛfrəns/,/'prefrəns/,Do you have a colour preference ?,你有什么颜色上的偏好吗？
en:mild:adjective:2,mild,adjective,温柔的； 温暖的； 轻微的,adj 温柔的； 温暖的； 轻微的,/maɪld/,/maɪld/,We had an exceptionally mild winter last year.,去年冬天我们这里异常暖和。
en:loyal:adjective:1,loyal,adjective,忠诚的， 忠心的,adj 忠诚的， 忠心的,/'lɔɪəl/,/'lɔɪəl/,a loyal supporter of the team,球队的忠实支持者
en:impact:verb:1,impact,verb,影响， 作用， 冲击,v 影响， 作用， 冲击；n [Im'pækt],/ɪm'pækt/,/'ɪmpækt/,Such schemes mean little unless they impact people.,除非能对人们造成影响，否则这样的计划意义不大。
en:paralysis:noun:1,paralysis,noun,麻痹， 瘫痪， 中风； 无能， 无力,n 麻痹， 瘫痪， 中风； 无能， 无力,/pə'ræləsɪs/,/pə'ræləsɪs/,paralysis of the lower body,下半身瘫痪
en:court:noun:1,court,noun,法院， 法庭； 庭院； 宫廷； 球场,n 法院， 法庭； 庭院； 宫廷； 球场,/kɔrt/,/kɔːt/,It could not be proved in a court of law.,这无法在法庭上证实。
en:chapel:noun:1,chapel,noun,小教堂， 祈祷室,n 小教堂， 祈祷室,/'tʃæpl/,/'tʃæpl/,Bethan goes to chapel every Sunday.,贝唐每个星期天都去教堂做礼拜。
en:distort:verb:3,distort,verb,变形,vi 变形；vt 歪曲，曲解；扭曲，使变形,/dɪ'stɔrt/,/dɪ'stɔːt/,Tall buildings can distort radio signals.,高大的建筑物会使无线电信号失真。
en:subsidiary:adjective:2,subsidiary,adjective,辅助的，次要的，附设的,adj 辅助的，次要的，附设的；n 子公司， 附属机构,/səb'sɪdɪɛri/,/səb'sɪdiəri/,a subsidiary hypothesis,一个附带假设
en:venture:verb:1,venture,verb,冒险； 大胆行事,vi 冒险； 大胆行事；n 风险投资，风险项目；vt 拿…冒险；敢于,/'vɛntʃɚ/,/'ventʃə/,"When darkness fell, he would venture out.",天黑以后，他就会壮着胆子出去。
en:discern:verb:3,discern,verb,看出， 察觉出； 识别， 认出,vt 看出， 察觉出； 识别， 认出,/dɪ'sɝn/,/dɪ'sɜːn/,We could just discern a town in the distance.,我们依稀看到远处有一座城镇。
en:enthusiasm:noun:1,enthusiasm,noun,热情， 热心， 热忱； 巨大兴趣,n 热情， 热心， 热忱； 巨大兴趣,/ɪn'θuzɪæzəm/,/ɪn'θjuːziæzəm/,Gillian and Darren greeted the speakers with great enthusiasm.,吉利恩和达伦非常热情地接待了演讲者。
en:flexible:adjective:3,flexible,adjective,易弯曲的； 灵活的,adj 易弯曲的； 灵活的,/'flɛksəbl/,/'fleksəbl/,We can be flexible about your starting date.,你具体从哪天开始，我们可以灵活一点。
en:domain:noun:2,domain,noun,领域， 范围； 领地， 势力范围,n 领域， 范围； 领地， 势力范围,/do'men/,/dəu'meɪn/,Looking after the house was viewed as a woman’s domain.,料理家务被认为是女性的份内之事。
en:census:noun:1,census,noun,人口普查， 统计,n 人口普查， 统计,/'sɛnsəs/,/'sensəs/,a traffic census,交通状况调查
en:corpse:noun:1,corpse,noun,死尸， 尸体,n 死尸， 尸体,/kɔrps/,/kɔːps/,The corpse was found by children playing in the woods.,这具尸体是在林子里玩耍的孩子发现的。
en:willful:adjective:1,willful,adjective,故意的， 特意的,adj 故意的， 特意的,/'wɪlfəl/,/'wɪlfl/,willful misconduct,故意的不良行为 条约法律；渎职
en:attitude:noun:1,attitude,noun,态度， 看法； 姿势,n 态度， 看法； 姿势,/'ætɪtʊd/,/'ætɪtjuːd/,"As soon as they found out I was a doctor, their whole attitude changed.",他们一听说我是医生，态度就完全改变了。
en:relative:adjective:1,relative,adjective,有关系的，相对的,adj 有关系的，相对的；n 亲属， 亲戚,/'rɛlətɪv/,/'relətɪv/,The relative merits of both approaches have to be considered.,两种方法的相对优点都得考虑在内。
en:compare:verb:1,compare,verb,比较， 对照； 把…比作,vt 比较， 对照； 把…比作,/kəm'pɛr/,/kəm'peə/,The report compares the different types of home computer available.,这份报告比较了市场上不同类型的家用计算机。
en:depict:verb:1,depict,verb,描绘， 描述,vt 描绘， 描述,/dɪ'pɪkt/,/dɪ'pɪkt/,a book depicting life in pre-revolutionary Russia,描写革命前俄国人生活的一本书
en:hop:verb:2,hop,verb,单足跳跃，单足跳行；齐足跳跃，齐足跳行,vi 单足跳跃，单足跳行；齐足跳跃，齐足跳行；vt 跳上；n 蹦跳； 短程航行,/hɑp/,/hɒp/,a little girl hopping and skipping,一个蹦蹦跳跳的小女孩
en:characteristic:adjective:1,characteristic,adjective,特有的，典型的,adj 特有的，典型的；n 特性,"/,kærəktə'rɪstɪk/",/ˌkærəktə'rɪstɪk/,the highly characteristic (= very typical ) flint walls of the local houses,当地房子非常有特色的燧石墙
en:involvement:noun:1,involvement,noun,连累； 包含,n 连累； 包含,/ɪn'vɔlvmənt/,/ɪn'vɒlvmənt/,School officials say they welcome parental involvement.,校方说他们欢迎学生父母参与。
en:pave:verb:2,pave,verb,铺， 铺筑,vt 铺， 铺筑,/pev/,/peɪv/,a paved courtyard,地面铺砌过的院子
en:integral:adjective:3,integral,adjective,构成整体所必需的， 基本的,adj 构成整体所必需的， 基本的,/'ɪntɪɡrəl/,/'ɪntɪgrəl/,Vegetables are an integral part of our diet.,蔬菜是我们膳食中不可缺少的一部分。
en:lubricate:verb:2,lubricate,verb,使润滑,vt 使润滑,/'lubrɪket/,/'luːbrɪkeɪt/,Lubricate all moving parts with grease.,给所有活动部件加润滑油。
en:comet:noun:1,comet,noun,彗星,n 彗星,/'kɑmət/,/'kɒmɪt/,Halley’s comet,哈雷彗星
en:deadline:noun:1,deadline,noun,最后期限,n 最后期限,/ˈdedlaɪn/,/'dedlaɪn/,I’m always working under pressure to meet deadlines (= finish something on time ) .,我总是在赶工期的压力下工作。
en:bully:noun:1,bully,noun,恃强欺弱者,n 恃强欺弱者；vt 威吓， 欺负,/'bʊli/,/'buli/,Bullies are often cowards.,恃强凌弱者往往是懦夫。
en:chip:noun:2,chip,noun,屑片， 碎片； 炸土豆条； 集成电路片， 集成块； 缺口， 瑕疵,n 屑片， 碎片； 炸土豆条； 集成电路片， 集成块； 缺口， 瑕疵,/tʃɪp/,/tʃɪp/,the age of the silicon chip,芯片时代
en:medieval:adjective:1,medieval,adjective,中世纪的； 中古的,adj 中世纪的； 中古的,"/,midɪ'ivəl/",/ˌmedɪ'iːvl/,These spices were first brought to Italy from the East in medieval times.,这些香料最早是在中世纪时从东方被带到了意大利。
en:tanker:noun:2,tanker,noun,油轮,n 油轮,/'tæŋkɚ/,/'tæŋkə/,A Greek oil tanker has run aground.,一艘希腊油轮已经搁浅了。
en:involve:verb:1,involve,verb,使卷入， 牵涉； 包含， 含有,vt 使卷入， 牵涉； 包含， 含有,/ɪn'vɑlv/,/ɪn'vɒlv/,What will the job involve?,这份工作包括什么？
en:pistol:noun:1,pistol,noun,手枪,n 手枪,/'pɪstl/,/'pɪstl/,He threatened to pistol me.,他威胁要用手枪向我射击。
en:assemble:verb:2,assemble,verb,集合，召集,vi 集合，召集；vt 集合， 聚集； 装配,/ə'sɛmbl/,/ə'sembl/,A large crowd had assembled outside the American embassy.,一大群人聚集在美国大使馆外。
en:watertight:adjective:2,watertight,adjective,不透水的， 防水的； 严密的， 无懈可击的,adj 不透水的， 防水的； 严密的， 无懈可击的,/'wɔtɚtaɪt/,/'wɔːtətaɪt/,"Lucky for him, his alibi is watertight.",算他走运，不在犯罪现场的证据无懈可击。
en:transition:noun:3,transition,noun,过渡， 转变,n 过渡， 转变,/træn'zɪʃən/,/træn'zɪʃn/,Making the transition from youth to adulthood can be very painful.,从青少年过渡到成年有时是一个非常痛苦的过程。
en:repel:verb:2,repel,verb,使厌恶； 击退， 逐回， 驱除； 排斥,vt 使厌恶； 击退， 逐回， 驱除； 排斥,/rɪ'pɛl/,/rɪ'pel/,The smell repelled him.,这气味让他反感。
en:mutter:noun:1,mutter,noun,轻声低语； 小声抱怨,n&v 轻声低语； 小声抱怨,/'mʌtɚ/,/'mʌtə/,Elsie muttered something I couldn’t catch and walked off.,埃尔茜咕哝了一句什么，我也没有听懂，她就走掉了。
en:series:noun:1,series,noun,一系列， 连续； 丛书， 连续剧,n 一系列， 连续； 丛书， 连续剧,/'sɪriz/,/'sɪəriːz/,the series of events that led to the outbreak of war,导致战争爆发的一系列事件
en:complicated:adjective:2,complicated,adjective,复杂的， 难懂的,adj 复杂的， 难懂的,/'kɑmplɪketɪd/,/'kɒmplɪkeɪtɪd/,a complicated voting system,复杂的选举制度
en:junk:noun:1,junk,noun,废旧物品，破烂,n 废旧物品，破烂；vt 丢弃， 废弃,/dʒʌŋk/,/dʒʌŋk/,This cupboard’s full of junk.,这个壁橱里塞满了杂物。
en:maximum:adjective:1,maximum,adjective,最大的； 最高的； 顶点的,adj 最大的； 最高的； 顶点的；n 最大量；顶点,/ˈmæksəməm/,/'mæksɪməm/,The car has a maximum speed of 120 mph.,这辆汽车的最高时速为120英里。
en:thrive:verb:2,thrive,verb,兴旺， 繁荣， 旺盛,vi 兴旺， 繁荣， 旺盛,/θraɪv/,/θraɪv/,plants that thrive in tropical rain forests,在热带雨林蓬勃生长的植物
en:imaginative:adjective:1,imaginative,adjective,富有想象力的， 爱想象的,adj 富有想象力的， 爱想象的,/ɪ'mædʒɪnətɪv/,/ɪ'mædʒɪnətɪv/,an imaginative use of computer technology,计算机技术的妙用
en:penguin:noun:1,penguin,noun,企鹅,n 企鹅,/'pɛŋɡwɪn/,/'peŋgwɪn/,I am a penguin and I turn my head.,我是一只企鹅并且我可以摆动我的尾巴。
en:represent:verb:1,represent,verb,作为…的代表， 表示， 象征； 描绘， 表现,vt 作为…的代表， 表示， 象征； 描绘， 表现,"/,rɛprɪ'zɛnt/",/ˌreprɪ'zent/,Mr Kobayashi was chosen to represent the company at the conference.,小林先生被选中代表公司出席会议。
en:masterpiece:noun:1,masterpiece,noun,杰作,n 杰作,/'mæstəpis/,/'mɑːstəpiːs/,Mary Shelley was just 18 when she wrote the horror masterpiece ‘Frankenstein’.,玛丽•雪莱创作《科学怪人》这部恐怖小说名作的时候年仅18岁。
en:compete:verb:1,compete,verb,比赛， 竞争， 对抗,vi 比赛， 竞争， 对抗,/kəm'pit/,/kəm'piːt/,The banks have long competed with American Express's charge cards and various shop cards.,这些银行长期以来一直与美国运通公司的记账卡和各种商店卡竞争。
en:tolerant:adjective:2,tolerant,adjective,宽容的， 容忍的,adj 宽容的， 容忍的,/'tɑlərənt/,/'tɒlərənt/,a tolerant society,宽容的社会
en:dispatch:verb:3,dispatch,verb,派遣，调遣，发送,vt 派遣，调遣，发送；n 急件， 快信； 新闻报道； 派遣， 调遣,/dɪ'spætʃ/,/dɪ'spætʃ/,Goods are normally dispatched within 24 hours.,货物一般在24小时内派送。
en:emergency:noun:1,emergency,noun,紧急情况， 突然事件,n 紧急情况， 突然事件,/ɪ'mɝdʒənsi/,/i'mɜːdʒənsi/,Lifeguards are trained to deal with emergencies.,救生员接受过应对紧急情况的训练。
en:dim:adjective:2,dim,adjective,昏暗的，朦胧的；模糊不清的,adj 昏暗的，朦胧的；模糊不清的；v 变暗淡,/dɪm/,/dɪm/,in the dim light of the early dawn,在微弱的晨曦里
en:paralyze:verb:2,paralyze,verb,使瘫痪， 使麻痹； 使丧失作用； 使惊愕， 使呆若木鸡,vt 使瘫痪， 使麻痹； 使丧失作用； 使惊愕， 使呆若木鸡,"/'pærə,laɪz/",/'pærəlaɪz/,,
en:interpersonal:adjective:1,interpersonal,adjective,人与人之间的， 关于人与人之间关系的,adj 人与人之间的， 关于人与人之间关系的,/'ɪntɚ'pɝsnl/,/ˌɪntə'pɜːsənl/,interpersonal skills,人际交往技巧
en:exemplary:adjective:1,exemplary,adjective,可作楷模的， 典范的,adj 可作楷模的， 典范的,/ɪɡ'zɛmpləri/,/ɪg'zempləri/,a company with an exemplary record on environmental issues,在处理环境问题方面可作为楷模的公司
en:faculty:noun:2,faculty,noun,才能， 能力； 系， 科； 全体教员,n 才能， 能力； 系， 科； 全体教员,/'fæklti/,/'fæklti/,Both faculty and students oppose the measures.,教师和学生都反对这些措施。
en:layoff:noun:1,layoff,noun,解雇； 裁员； 歇工期， 停工期,n 解雇； 裁员； 歇工期， 停工期,"/'le,ɔf/",/'leɪɒf/,"It will close more than 200 stores nationwide resulting in the layoffs of an estimated 2,000 employees.",在全国范围内将关闭二百多家商店，造成约两千人失业。
en:wretched:adjective:2,wretched,adjective,极不愉快的， 难受的， 可怜的； 令人苦恼的， 讨厌的； 拙劣的,adj 极不愉快的， 难受的， 可怜的； 令人苦恼的， 讨厌的； 拙劣的,/'rɛtʃɪd/,/'retʃɪd/,"the poor, wretched girl",极其不幸的可怜姑娘
en:absurd:adjective:2,absurd,adjective,荒谬的， 荒唐的,adj 荒谬的， 荒唐的,/əbˈsɝ​d/,/əb'sɜːd/,It seems an absurd idea.,这似乎是个荒唐的想法。
en:modesty:noun:2,modesty,noun,谦虚,n 谦虚,/'mɑdəsti/,/'mɒdəsti/,"‘Anyone else would have done the same thing,’ he said with typical modesty.",换了谁都会这么做的。”他带着一贯的谦虚说道。
en:considerate:adjective:1,considerate,adjective,考虑周到的， 体贴的， 体谅的,adj 考虑周到的， 体贴的， 体谅的,/kənˈsɪdərɪt/,/kən'sɪdərət/,"I think he's the most charming, most considerate man I've ever known.",我觉得他是我所认识的最有魅力、最体贴的男士。
en:glamor:noun:1,glamor,noun,魅力， 诱惑力,n 魅力， 诱惑力,/'glæmɚ/,/'glæmə/,This is the power of glamor of debate!,这就是辩论的力量和魅力！
en:clue:noun:2,clue,noun,线索， 暗示， 提示,n 线索， 暗示， 提示,/klʊ/,/kluː/,Police have found a vital clue .,警方发现了至关重要的线索。
en:bracket:noun:1,bracket,noun,括号；等级段，档次；壁架，托架,n 括号；等级段，档次；壁架，托架；vt 把…置于括号内； 把…归入同一类,/'brækɪt/,/'brækɪt/,the highest tax bracket,最高税级
en:legal:adjective:1,legal,adjective,法律的； 合法的,adj 法律的； 合法的,/'ligl/,/'liːgl/,What the company has done is perfectly legal.,公司所做的这一切完全合法。
en:midst:noun:1,midst,noun,中部； 中间； 当中,n 中部； 中间； 当中,/mɪdst/,/'mɪdst/,We were sitting in the midst of an elegant and well-dressed audience.,我们坐在一群举止优雅、衣着考究的观众中间。
en:trait:noun:2,trait,noun,特征， 特点， 特性,n 特征， 特点， 特性,/tret/,/treɪt/,The study found that some alcoholics had clear personality traits showing up early in childhood.,这项研究发现一些酗酒者早在孩童时就表现出明显的个性特征。
en:radius:noun:2,radius,noun,半径， 半径范围,n 半径， 半径范围,/'redɪəs/,/'reɪdiəs/,The shock of the explosion was felt over a radius of forty miles.,爆炸引起的剧烈震动在方圆40英里内都能感觉得到。
en:disintegration:noun:1,disintegration,noun,破裂， 分裂； 瓦解,n 破裂， 分裂； 瓦解,"/dɪs,ɪntə'greʃən/",/dɪsˌɪntɪ'greɪʃn/,"The act or an instance of breaking up, as a division, dispersal, or disintegration.",分散，分离分离的行为或实例，如分裂、分散或分解。
en:signal:adjective:1,signal,adjective,显著的， 重大的,adj 显著的， 重大的；n 信号，暗号；标志，表示；vt 发信号；标志着,/'sɪgnl/,/'sɪgnəl/,He pressed the red alarm signal to see if it was on or off.,他按了一下红色报警信号钮，检查一下它是开著的还是关著的。
en:impair:verb:2,impair,verb,损害， 损伤； 削弱,vt 损害， 损伤； 削弱,/ɪm'pɛr/,/ɪm'peə/,The illness had impaired his ability to think and concentrate.,这种疾病损害了他的思维能力和注意力。
en:dolphin:noun:2,dolphin,noun,海豚,n 海豚,/'dɑlfɪn/,/'dɒlfɪn/,I like dolphin.,我喜欢海豚。
en:sightseeing:noun:1,sightseeing,noun,观光， 游览,n 观光， 游览,/'saɪtsiɪŋ/,/'saɪtˌsiːɪŋ/,"She swam and sunbathed, went sightseeing and relaxed.",她游泳，晒日光浴，观光，放松。
en:stray:verb:2,stray,verb,走失，迷路；分心，走神；离题,vi 走失，迷路；分心，走神；离题；adj 迷路的，走失的；孤立的，零星的；n 走失的家畜,/stre/,/streɪ/,Tourists often get lost and stray into dangerous areas.,旅游者们经常迷路走进一些危险区域。
en:planet:noun:1,planet,noun,行星,n 行星,/'plænɪt/,/'plænɪt/,The picture shows six of the nine planets in the solar system.,这张图片展示太阳系9个行星中的6个行星。
en:exhaust:verb:1,exhaust,verb,使筋疲力尽，用尽；详尽论述,vt 使筋疲力尽，用尽；详尽论述；n 排气装置； 废气,/ɪɡ'zɔst/,/ɪg'zɔːst/,A full day’s teaching exhausts me.,讲一整天课令我精疲力竭。
en:thereafter:adverb:2,thereafter,adverb,之后， 以后,adv 之后， 以后,"/,ðɛr'æftɚ/",/ˌðeər'ɑːftə/,"10,000 men had volunteered by the end of September; thereafter, approximately 1,000 men enlisted each month.","到9月底时已有10,000人志愿参军，此后，每个月差不多有1,000人应征入伍。"
en:soluble:adjective:1,soluble,adjective,可溶的； 可解决的,adj 可溶的； 可解决的,/'sɑljəbl/,/'sɒljəbl/,soluble aspirin,可溶性阿司匹林
en:feast:verb:1,feast,verb,尽情地吃， 宴饮； 参加宴会,vi 尽情地吃， 宴饮； 参加宴会；n 盛宴，筵席；节日,/fist/,/fiːst/,They feasted well into the afternoon on mutton and corn stew.,他们尽情享用玉米炖羊肉，一直吃到下午。
en:vision:noun:2,vision,noun,想象力， 梦幻； 视力， 视觉,n 想象力， 梦幻； 视力， 视觉,/'vɪʒən/,/'vɪʒn/,She suffered temporary loss of vision after being struck on the head.,她头部受撞击以后出现暂时性失明。
en:accompany:verb:1,accompany,verb,陪同， 伴随； 为…伴奏,v 陪同， 伴随； 为…伴奏,/ə'kʌmpəni/,/ə'kʌmpəni/,Children under 14 must be accompanied by an adult.,14岁以下儿童必须有成人陪同。
en:armor:noun:1,armor,noun,盔甲， 装甲； 保护物,n 盔甲， 装甲； 保护物,/'ɑrmɚ/,/'ɑːmə/,armor plate,装甲板
en:acceptance:noun:1,acceptance,noun,接受， 承认； 容忍,n 接受， 承认； 容忍,/ək'sɛptəns/,/ək'septəns/,"He wrote a letter of acceptance (= a letter in which you agree to accept a job, university place etc ) to the university.",他给那所大学写了一封接受函。
en:beneficial:adjective:1,beneficial,adjective,有利的， 有益的,adj 有利的， 有益的,"/,bɛnɪ'fɪʃl/",/ˌbenɪ'fɪʃl/,a drug that has a beneficial effect on the immune system,有益于免疫系统的一种药物
en:paradise:noun:2,paradise,noun,天堂， 乐园,n 天堂， 乐园,/'pærə'daɪs/,/'pærədaɪs/,The market is a shopper’s paradise.,这个市场是购物者的乐园。
en:tackle:verb:3,tackle,verb,对付，处理；与…交涉；阻截，擒抱,vt 对付，处理；与…交涉；阻截，擒抱；n 阻截， 擒抱； 用具， 钓具； 辘轳， 滑车,/'tækl/,/'tækl/,There is more than one way to tackle the problem.,解决这个问题不止一个办法。
en:reckon:verb:3,reckon,verb,认为， 估计； 指望， 盼望； 测算， 测量,vt 认为， 估计； 指望， 盼望； 测算， 测量,/'rɛkən/,/'rekən/,‘There’s nothing we can do about it.’ ‘You reckon (= used to express doubt or disagreement ) ?’,“这件事我们无能为力。”“是吗？”
en:confusion:noun:1,confusion,noun,困惑， 糊涂； 混淆； 骚乱,n 困惑， 糊涂； 混淆； 骚乱,/kən'fjʊʒən/,/kən'fjuːʒn/,"To avoid confusion, the teams wore different colours.",为了避免混淆，各队穿着不同颜色的服装。
en:distract:verb:3,distract,verb,转移， 使分心,vt 转移， 使分心,/dɪ'strækt/,/dɪ'strækt/,Try not to distract the other students.,尽量不要让其他学生分心。
en:hinge:verb:1,hinge,verb,以…为转移,vi 以…为转移；n 铰链；vt 装铰链,/hɪndʒ/,/hɪndʒ/,Your arm should hinge from the shoulder.,你的手臂应该像从肩膀铰链住一般。
en:virtual:adjective:3,virtual,adjective,实质上的， 事实上的， 实际上的,adj 实质上的， 事实上的， 实际上的,/ˈvɝ​tʃʊəl/,/'vɜːtʃuəl/,Argentina came to a virtual standstill while the game was being played.,阿根廷在比赛进行期间全国上下事实上进入了停顿状态。
en:squeeze:verb:2,squeeze,verb,压榨，挤,v 压榨，挤；n 榨取， 勒索,/skwiz/,/skwiːz/,She smiled as he squeezed her hand.,他捏了捏她的手，她笑了。
en:blank:adjective:1,blank,adjective,空白的；茫然的，无表情的,adj 空白的；茫然的，无表情的；n 空白； 空白表格,/blæŋk/,/blæŋk/,Leave the last page blank .,最后一页留空。
en:additional:adjective:1,additional,adjective,附加的， 追加的,adj 附加的， 追加的,/ə'dɪʃənl/,/ə'dɪʃənl/,Additional information can be obtained from the centre.,可以从中心获取更多信息。
en:worthy:adjective:1,worthy,adjective,有价值的， 值得的,adj 有价值的， 值得的,/wɜði/,/'wɜːði/,Leeds United were worthy winners of the competition.,利兹联队是比赛当之无愧的获胜者。
en:primarily:adverb:1,primarily,adverb,首先， 主要地,adv 首先， 主要地,/praɪ'mɛrəli/,/praɪ'merəlɪ/,The advertisement is aimed primarily at children.,这则广告的对象主要是儿童。
en:telecommunications:noun:1,telecommunications,noun,通信， 电信,n 通信， 电信,/'tɛləkə'mjʊnə'keʃənz/,/'telikəˌmjuːnɪ'keɪʃnz/,a new telecommunications system,新的电信系统
en:ferry:noun:2,ferry,noun,渡船,n 渡船；vt 渡运,/'fɛri/,/'feri/,They had recrossed the River Gambia by ferry.,他们乘船又一次渡过了冈比亚河。
en:ignore:verb:2,ignore,verb,不顾， 不理； 忽视,vt 不顾， 不理； 忽视,/ɪɡ'nɔr/,/ɪg'nɔː/,You can’t ignore the fact that many criminals never go to prison.,你不能无视很多罪犯从未获刑的事实。
en:hemisphere:noun:2,hemisphere,noun,地球的半球； 大脑半球,n 地球的半球； 大脑半球,/'hɛmɪsfɪr/,/'hemɪsfɪə/,the Northern hemisphere,北半球
en:reception:noun:2,reception,noun,招待会， 欢迎会； 接受， 接纳； 接待， 迎接； 接收效果,n 招待会， 欢迎会； 接受， 接纳； 接待， 迎接； 接收效果,/rɪ'sɛpʃən/,/rɪ'sepʃn/,She was unsure of her reception after everything that had happened.,发生了这些事后，她对自己是否还受欢迎没把握。
en:applaud:verb:2,applaud,verb,鼓掌，喝彩,vi 鼓掌，喝彩；vt 向…鼓掌， 向…喝彩； 称赞， 赞许,/ə'plɔd/,/ə'plɔːd/,The audience applauded loudly.,观众掌声雷动。
en:outward:adverb:1,outward,adverb,向外地,adv 向外地；adj 外面的，外表的,/'aʊtwɚd/,/'autwəd/,The top door opened outward.,最上面的门向外开着。
en:lunar:adjective:2,lunar,adjective,月的， 月球的,adj 月的， 月球的,/'lunɚ/,/'luːnə/,studies of the lunar surface,对月球表面的研究
en:poetry:noun:2,poetry,noun,诗， 诗歌， 诗集,n 诗， 诗歌， 诗集,/'poətri/,/'pəuətri/,He reads a lot of poetry.,他大量阅读诗歌。
en:jury:noun:2,jury,noun,陪审团， 评奖团,n 陪审团， 评奖团,/'dʒʊri/,/'dʒuəri/,the members of the jury,陪审团成员
en:arrogant:adjective:2,arrogant,adjective,傲慢的， 自大的,adj 傲慢的， 自大的,/'ærəɡənt/,/'ærəgənt/,He was unbearably arrogant.,他的傲慢让人无法忍受。
en:idiot:noun:2,idiot,noun,白痴； 傻子， 笨蛋,n 白痴； 傻子， 笨蛋,/'ɪdɪət/,/'ɪdiət/,"It was all your fault, you idiot.",全是你的错，你这笨蛋。
en:relay:noun:1,relay,noun,接力赛；中继转播,n 接力赛；中继转播；vt 传送， 传达， 转述； 中继转播,/rɪ'le/,/'riːleɪ/,the 100 metres relay,一百米接力赛
en:priest:noun:1,priest,noun,神父， 牧师,n 神父， 牧师,/prist/,/priːst/,He had trained to be a Catholic priest.,他接受培训成了一名天主教神父。
en:monitor:noun:1,monitor,noun,班长；监视器，检测器；显示器,n 班长；监视器，检测器；显示器；vt 监听， 检测,/'mɔnɪtɚ/,/'mɒnɪtə/,a heart monitor,心脏监测仪
en:solo:adverb:1,solo,adverb,以独力，单独地,adv 以独力，单独地；adj 单独的，单独进行的；n 独奏， 独唱， 独舞,/'solo/,/'səuləu/,Brokaw solos brilliantly on this album.,布罗考在这张专辑中的独唱非常出色。
en:tuition:noun:2,tuition,noun,教学， 讲授， 指导； 学费,n 教学， 讲授， 指导； 学费,/tʊ'ɪʃən/,/tju'ɪʃn/,I had to have extra tuition in maths.,我不得不上数学补习课。
en:permeate:verb:2,permeate,verb,弥漫， 遍布， 散布； 渗入， 渗透,v 弥漫， 遍布， 散布； 渗入， 渗透,/'pɝmɪet/,/'pɜːmieɪt/,The smell of diesel oil permeated the air.,空气里充斥着柴油的气味。
en:utopian:adjective:1,utopian,adjective,乌托邦的； 理想的,adj 乌托邦的； 理想的,,/juː'təupiən/,His was a utopian vision of nature in its purest form.,他对大自然的看法是一种最纯粹的乌托邦式看法。
en:schedule:noun:2,schedule,noun,时刻表，日程安排表；清单，明细表,n 时刻表，日程安排表；清单，明细表；vt 安排， 排定,/ˈskedʒʊl; skɛdʒʊl/,/'ʃedjuːl/,How can he fit everything into his busy schedule ?,他是怎么把所有的事情都排进自己忙碌的时间表的？
en:tame:adjective:1,tame,adjective,驯服的，顺从的；沉闷的，乏味的,adj 驯服的，顺从的；沉闷的，乏味的；vt 制服， 控制并利用； 驯化， 驯服,/teɪm/,/teɪm/,Most of the criticism has been pretty tame.,评论的大部分内容很乏味。
en:adjoin:verb:2,adjoin,verb,贴近； 与…毗连,vt 贴近； 与…毗连,/ə'dʒɔɪn/,/ə'dʒɔɪn/,A vacant plot of land adjoins his house.,有一块空地紧挨着他家。
en:universe:noun:1,universe,noun,宇宙， 世界； 领域， 范围,n 宇宙， 世界； 领域， 范围,/'junɪvɝs/,/'juːnɪvɜːs/,Einstein's equations showed the universe to be expanding.,爱因斯坦的方程式表明宇宙正在扩大。
en:inherit:verb:2,inherit,verb,继承,vt 继承,/ɪn'hɛrɪt/,/ɪn'herɪt/,inherited wealth,继承的财富
en:overwhelming:adjective:3,overwhelming,adjective,势不可挡的， 压倒的； 巨大的,adj 势不可挡的， 压倒的； 巨大的,"/,ovɚ'wɛlmɪŋ/",/ˌəuvə'welmɪŋ/,There is overwhelming evidence that smoking damages your health.,有难以辩驳的证据表明吸烟有损健康。
en:interpret:verb:3,interpret,verb,解释， 说明； 口译,v 解释， 说明； 口译,/ɪn'tɝprɪt/,/ɪn'tɜːprɪt/,"They spoke good Spanish, and promised to interpret for me.",他们西班牙语说得很好，答应替我翻译。
en:peculiar:adjective:2,peculiar,adjective,奇怪的， 古怪的； 特有的,adj 奇怪的， 古怪的； 特有的,/pɪ'kjulɪɚ/,/pɪ'kjuːlɪə/,There was a peculiar smell in the kitchen.,厨房里有一股怪味。
en:idiom:noun:1,idiom,noun,习语， 成语； 风格， 特色,n 习语， 成语； 风格， 特色,/'ɪdɪəm/,/'ɪdiəm/,the new musical idiom,新的音乐风格
en:diplomat:noun:1,diplomat,noun,外交官， 外交家； 有交际手腕的人， 圆滑的人,n 外交官， 外交家； 有交际手腕的人， 圆滑的人,/'dɪpləmæt/,/'dɪpləmæt/,French diplomats,法国外交官
en:hug:verb:2,hug,verb,紧抱在一起，互相拥抱,vi 紧抱在一起，互相拥抱；vt 拥抱；紧抱，怀抱；n 紧抱， 热烈拥抱,/hʌɡ/,/hʌg/,We stood there crying and hugging each other.,我们站在那里哭着互相拥抱。
en:grant:noun:2,grant,noun,授给物,n 授给物；vt 授予， 给予,/ɡrænt/,/grɑːnt/,Britain could grant Spain’s request .,英国可能会同意西班牙的请求。
en:muscular:adjective:2,muscular,adjective,肌肉发达的， 强壮的； 肌肉的,adj 肌肉发达的， 强壮的； 肌肉的,/'mʌskjəlɚ/,/'mʌskjələ/,"She was fast and strong, with a slender, muscular body.",她动作敏捷，身体强壮，身材苗条，肌肉结实。
en:sparkle:verb:1,sparkle,verb,发光，闪耀，闪烁；活跃，焕发,vi 发光，闪耀，闪烁；活跃，焕发；n 闪光， 闪耀， 闪烁； 活力， 生气,/'spɑrkl/,/'spɑːkl/,The sea sparkled in the sun.,阳光下大海碧波闪耀。
en:hum:verb:1,hum,verb,哼曲子；发嗡嗡声,vi 哼曲子；发嗡嗡声；vt 哼；n 嗡嗡声， 营营声， 嘈杂声,/hʌm/,/hʌm/,He began to hum a tune.,他开始哼唱一支曲子。
en:staple:adjective:1,staple,adjective,主要的； 经常需要的,adj 主要的； 经常需要的；n 订书钉，U形钉；主食；主要产品；vt 用订书钉订,/'stepl/,/'steɪpl/,Oil is Nigeria’s staple export.,石油是尼日利亚的主要出口产品。
en:discount:noun:2,discount,noun,折扣,n 折扣；vt 把…打折扣； 不全信； 漠视， 低估,/dɪs'kaʊnt/,/'dɪskaʊnt/,They are often available at a discount.,它们经常可以以折扣价买到。
en:construct:verb:1,construct,verb,建造； 构思,vt 建造； 构思；n 建筑物； 构想； 观念,/kən'strʌkt/,/kən'strʌkt/,There are plans to construct a new road bridge across the river.,有计划要建造一条新的跨河公路桥。
en:royalty:noun:2,royalty,noun,王族； 版税,n 王族； 版税,/'rɔɪəlti/,/'rɔɪəlti/,the royalties from his latest book,他新书的版税
en:convert:verb:3,convert,verb,转变， 转化； 改变,vt 转变， 转化； 改变,/kən'vɝt/,/kən'vɜːt/,a 19th-century converted barn,由19世纪谷仓改建的房子
en:attempt:verb:1,attempt,verb,尝试， 试图， 努力,vt 尝试， 试图， 努力,/ə'tɛmpt/,/ə'tempt/,Weather conditions prevented them from attempting the jump.,天气状况使他们无法尝试跳伞。
en:rivalry:noun:1,rivalry,noun,竞争， 竞赛； 对抗,n 竞争， 竞赛； 对抗,/'raɪvlri/,/'raɪvlri/,The two players have developed a friendly rivalry .,这两名选手之间已形成一种友好的竞争关系。
en:relish:verb:1,relish,verb,享受，从…中获得乐趣,vt 享受，从…中获得乐趣；n 享受， 滋味， 乐趣； 调味品,/'rɛlɪʃ/,/'relɪʃ/,a hot dog with mustard and relish,配芥末酱和调味汁的热狗
en:fluorescent:adjective:1,fluorescent,adjective,荧光的， 发荧光的,adj 荧光的， 发荧光的,"/,flɔ'rɛsnt/",/ˌflɔː'resnt/,a fluorescent pink T-shirt,发亮的粉红色 T 恤衫
en:division:noun:2,division,noun,分， 分割； 部门， 科， 处； 除法,n 分， 分割； 部门， 科， 处； 除法,/də'vɪʒən/,/dɪ'vɪʒn/,the traditional division of labour (= the way that particular tasks are shared ) between husband and wife,夫妻之间传统的分工
en:superficial:adjective:3,superficial,adjective,表面的， 肤浅的,adj 表面的， 肤浅的,"/,supɚ'fɪʃl/",/ˌsuːpə'fɪʃl/,They only have the most superficial understanding of prison life.,他们对监狱生活只有最粗浅的了解。
en:executive:adjective:1,executive,adjective,执行的；行政的,adj 执行的；行政的；n 执行者,/ɪɡ'zɛkjətɪv/,/ɪg'zekjətɪv/,a commission with executive powers,有执行权的委员会
en:navigation:noun:1,navigation,noun,航行， 航海， 航空； 导航， 领航,n 航行， 航海， 航空； 导航， 领航,/'nævə'geʃən/,/ˌnævɪ'geɪʃn/,compasses and other instruments of navigation,罗盘及其他导航仪器
en:melt:verb:2,melt,verb,融化； 溶化； 消散,v 融化； 溶化； 消散,/mɛlt/,/melt/,"It was warmer now, and the snow was beginning to melt.",现在天气暖和了，雪开始融化。
en:stalk:verb:1,stalk,verb,高视阔步地走,vi 高视阔步地走；n 茎，梗，柄；vt 悄悄地跟踪,/stɔk/,/stɔːk/,celery stalks,芹菜茎
en:whereas:conjunction:2,whereas,conjunction,然而， 但是， 尽管,conj 然而， 但是， 尽管,/'wɛr'æz/,/ˌweər'æz/,The old system was fairly complicated whereas the new system is really very simple.,旧系统相当复杂，而新系统却很简单。
en:pitch:verb:1,pitch,verb,投掷， 使猛然倒下； 表达， 定下特定程度； 定调； 架设， 搭， 扎； 颠簸,v 投掷， 使猛然倒下； 表达， 定下特定程度； 定调； 架设， 搭， 扎； 颠簸；n 球场；程度，强度；高度，高音；沥青,/pɪtʃ/,/pɪtʃ/,She crumpled up the page and pitched it into the fire.,她把那页纸揉成团，扔进了火里。
en:casualty:noun:2,casualty,noun,伤亡人员， 死伤者； 受害人， 损失的东西,n 伤亡人员， 死伤者； 受害人， 损失的东西,/'kæʒuəlti/,/'kæʒuəlti/,Our aim is to reduce road casualties .,我们的目标是减少交通事故的伤亡人数。
en:gauge:noun:1,gauge,noun,测量仪表；厚度，直径；规格、尺寸,n 测量仪表；厚度，直径；规格、尺寸；vt 估计， 判断； 计量， 度量,/gedʒ/,/geɪdʒ/,a 12-gauge shotgun,12号口径的猎枪
en:oriental:adjective:1,oriental,adjective,东方的； 东方人的； 东方文化的,adj 东方的； 东方人的； 东方文化的,/ˌɔrɪˈɛntl/,/ˌɒːri'entl/,a beautiful oriental rug,漂亮的东方地毯
en:electrical:adjective:1,electrical,adjective,电的； 电气科学的,adj 电的； 电气科学的,/ɪ'lɛktrɪkl/,/ɪ'lektrɪkl/,The fire was caused by an electrical fault.,大火是电力故障引起的。
en:stall:verb:1,stall,verb,熄火； 拖延， 推迟,v 熄火； 拖延， 推迟；n 货摊；,/stɔl/,/stɔːl/,Quit stalling and answer my question!,别拖延时间，快回答我的问题！
en:protest:verb:1,protest,verb,['prəutest],v ['prəutest]；n 抗议， 反对,/prəˈtɛst;protɛst/,/prə'test/,‘I don’t see why I should take the blame for this!’ she protested.,“我不明白为什么我要对此承担责任！”她抗议道。
en:sensitive:adjective:1,sensitive,adjective,敏感的， 灵敏的； 神经过敏的， 容易生气的； 易受伤害的,adj 敏感的， 灵敏的； 神经过敏的， 容易生气的； 易受伤害的,/'sɛnsətɪv/,/'sensətɪv/,a very sensitive child,一个很敏感的小孩
en:classification:noun:1,classification,noun,分类， 分级， 分类法； 类别， 级别,n 分类， 分级， 分类法； 类别， 级别,"/,klæsɪfɪ'keʃən/",/ˌklæsɪfɪ'keɪʃn/,the classification of wines according to quality,葡萄酒按品质的分类
en:brew:verb:1,brew,verb,冲泡；酝酿，行将发生,vi 冲泡；酝酿，行将发生；vt 酿造；冲泡；n 冲泡的饮料,/brʊ/,/bruː/,Every beer on the menu was brewed locally.,酒单上的所有啤酒都是本地酿造的。
en:vacant:adjective:1,vacant,adjective,空的， 未被占用的； 空缺的； 茫然的， 空虚的,adj 空的， 未被占用的； 空缺的； 茫然的， 空虚的,/'vekənt/,/'veɪkənt/,Only a few apartments were still vacant.,只有几套公寓仍然空着。
en:menace:noun:2,menace,noun,具有危险性的人；威胁，威吓,n 具有危险性的人；威胁，威吓；vt 威胁， 威吓,/'mɛnəs/,/'menəs/,the growing menace of oil pollution at sea,日益严重的海洋石油污染
en:afford:verb:1,afford,verb,担负得起； 提供,vt 担负得起； 提供,/ə'fɔrd/,/ə'fɔːd/,The room affords a beautiful view over the city.,这房间可以俯瞰城市美景。
en:invalid:adjective:1,invalid,adjective,无效的，作废的；无可靠根据的，站不住脚的,adj 无效的，作废的；无可靠根据的，站不住脚的；n 病弱者， 残疾者,/ˈɪnvəlɪd；ɪnˈvælɪd/,/ɪn'vælɪd/,"Without the right date stamped on it, your ticket will be invalid.",票上若没有加盖正确日期就是废票。
en:curse:verb:1,curse,verb,诅咒，咒骂，天谴,v 诅咒，咒骂，天谴；n 祸害， 祸根； 咒骂， 诅咒， 咒语,/kɝs/,/kɜːs/,Gilbert was cursing under his breath.,吉尔伯特在低声咒骂。
en:legitimate:adjective:1,legitimate,adjective,合情合理的；合理的，法律认可的,adj 合情合理的；合理的，法律认可的；vt 使合法,/ləˈdʒɪtəmɪt/,/lɪ'dʒɪtɪmət/,That’s a perfectly legitimate question.,那个问题完全合乎情理。
en:appease:verb:1,appease,verb,平息， 抚慰； 姑息,vt 平息， 抚慰； 姑息,/ə'piz/,/ə'piːz/,They attempted to appease international opposition by promising to hold talks.,他们答应举行会谈，试图以此平息国际上的反对声音。
en:sieve:noun:1,sieve,noun,筛子，漏勺,n 筛子，漏勺；vt 筛， 滤,/sɪv/,/sɪv/,We can separate the stones out with a sieve.,我们可以用一个筛子把石头分离出来。
en:whereby:adverb:2,whereby,adverb,凭此； 借以； 由于,adv 凭此； 借以； 由于,/wɛr'bai/,/weə'baɪ/,a proposal whereby EU citizens would be allowed to reside anywhere in the EU,允许欧盟公民在欧盟任何地方居住的一项提议
en:evaluate:verb:2,evaluate,verb,评价， 估…的价,vt 评价， 估…的价,/ɪ'væljʊ'et/,/ɪ'væljueɪt/,You should be able to evaluate your own work.,你应该能够评估自己的工作。
en:status:noun:1,status,noun,地位， 身份； 情形， 状况,n 地位， 身份； 情形， 状况,/ˈstetəs/,/'steɪtəs/,These documents have no legal status in Britain.,这些文件在英国并无法律效力。
en:machinery:noun:1,machinery,noun,机器， 机械,n 机器， 机械,/mə'ʃinəri/,/mə'ʃiːnəri/,...quality tools and machinery.,…优质工具和机械。
en:shield:noun:1,shield,noun,防护物，护罩；盾,n 防护物，护罩；盾；vt 保护， 防护,/ʃild/,/ʃiːld/,He used his left hand as a shield against the reflecting sunlight.,他用左手遮挡反射过来的阳光。
en:skip:verb:3,skip,verb,跳，蹦跳；跳绳,vi 跳，蹦跳；跳绳；vt 跳过，略过，漏过；n 跳， 蹦跳,/skɪp/,/skɪp/,I decided to skip the first chapter.,我决定跳过第一章。
en:instantaneous:adjective:3,instantaneous,adjective,瞬间的， 即刻的,adj 瞬间的， 即刻的,"/,ɪnstən'tenɪəs/",/ˌɪnstən'teɪniəs/,modern methods of instantaneous communication,现代的即时通信方法
en:phenomenon:noun:2,phenomenon,noun,现象， 迹象； 非凡的人,n 现象， 迹象； 非凡的人,/fə'nɑmɪnən/,/fə'nɒmɪnən/,Homelessness is not a new phenomenon .,无家可归已不是什么新现象。
en:quarterly:adverb:1,quarterly,adverb,按季度，一季一次,adv 按季度，一季一次；adj 季度的，每季一次的；n 季刊,/'kwɔrtɚli/,/'kwɔːtəli/,It makes no difference whether dividends are paid quarterly or annually.,红利是按季度还是按年度支付没有区别。
en:notify:verb:2,notify,verb,通知， 告知； 报告,vt 通知， 告知； 报告,/'notə'fai/,/'nəutɪfaɪ/,The skipper notified the coastguard of the tragedy.,船长通知了海岸警卫队这一灾难。
en:bibliography:noun:1,bibliography,noun,参考书目； 书目,n 参考书目； 书目,"/,bɪblɪ'ɑɡrəfi/",/ˌbɪbli'ɒgrəfi/,At the end of this chapter there is a select bibliography of useful books.,本章末尾附着有用书籍的精选书目。
en:stream:verb:1,stream,verb,流出， 涌出,v 流出， 涌出；n 河，溪流；一股，一串,/strim/,/striːm/,Tears streamed down their faces.,泪水顺着他们的脸颊流下来。
en:recur:verb:1,recur,verb,再发生， 重现,vi 再发生， 重现,/rɪ'kɝ/,/rɪ'kɜː/,There is a danger that the disease may recur.,这种病有复发的危险。
en:coalition:noun:1,coalition,noun,结合体， 同盟； 结合， 联合,n 结合体， 同盟； 结合， 联合,/ˌkoʊəˈlɪʃn/,/ˌkəuə'lɪʃn/,the centre-right coalition government,政治上中间偏右的联合政府
en:generalize:verb:2,generalize,verb,概括， 归纳， 推断； 普及,vt 概括， 归纳， 推断； 普及,/'dʒɛnrəlaɪz/,/'dʒenrəlaɪz/,"Critics love to generalize, to formulate trends into which all new work must be fitted, however contradictory.",评论家喜欢概括，归纳出所有新作品都必须符合的趋势，不管它们是如何地不符。
en:accumulate:verb:2,accumulate,verb,积累， 堆积,v 积累， 堆积,/ə'kjumjəlet/,/ə'kjuːmjəleɪt/,It is unjust that a privileged few should continue to accumulate wealth.,少数特权阶级继续积聚财富，这是不公平的。
en:crime:noun:1,crime,noun,罪， 罪行， 犯罪,n 罪， 罪行， 犯罪,/kraɪm/,/kraɪm/,We moved here because there was very little crime.,我们搬到这里来是因为这里的犯罪率很低。
en:dwarf:adjective:1,dwarf,adjective,矮小的，发育不全的,adj 矮小的，发育不全的；n 矮子，侏儒；vt 使显得矮小， 使相形见绌,/dwɔrf/,/dwɔːf/,a dwarf conifer,矮生针叶树
en:heave:verb:2,heave,verb,举起，提起；扔；发出；起伏，隆起；呕吐，恶心,v 举起，提起；扔；发出；起伏，隆起；呕吐，恶心；n 举起， 升降,/hiv/,/hiːv/,John heaved the metal bar over the fence.,约翰把金属棒扔过了篱笆。
en:leisure:noun:1,leisure,noun,空闲时间； 悠闲,n 空闲时间； 悠闲,/'liʒɚ/,/'leʒə/,Most people now enjoy shorter working hours and more leisure time.,现在大多数人都喜欢工作时间短些，闲暇时间多些。
en:nourish:verb:2,nourish,verb,养育， 喂养， 滋养； 怀有， 增强,vt 养育， 喂养， 滋养； 怀有， 增强,/'nɜrɪʃ/,/'nʌrɪʃ/,The cream contains vitamin A to nourish the skin.,这种护肤霜含有滋养肌肤的维生素A。
en:grease:noun:2,grease,noun,油脂；润滑脂，润滑油,n 油脂；润滑脂，润滑油；vt 用油脂涂， 给…加润滑油,/gris/,/griːs/,...grease-stained hands.,…沾满了油渍的手。
en:allege:verb:1,allege,verb,断言， 宣称， 硬说,vt 断言， 宣称， 硬说,/ə'lɛdʒ/,/ə'ledʒ/,She alleged that there was rampant drug use among the male members of the group.,她指称该组织中有大量的男性成员吸毒。
en:pilgrim:noun:2,pilgrim,noun,朝圣者,n 朝圣者,/'pɪlɡrɪm/,/'pɪlgrɪm/,pilgrims visiting a holy shrine,祭拜圣庙的朝圣者
en:trigger:noun:2,trigger,noun,扳机；引起反应的行动,n 扳机；引起反应的行动；vt 触发， 引起,/'trɪɡɚ/,/'trɪgə/,The hijacking became a trigger point for military action.,这次劫持事件成了引发军事行动的导火线。
en:assimilate:verb:2,assimilate,verb,被吸收， 被消化； 被同化,vi 被吸收， 被消化； 被同化；vt 吸收，消化；使同化,/ə'sɪməlet/,/ə'sɪməleɪt/,It will take time to assimilate all these facts.,充分掌握所有这些情况需要时间。
en:positive:adjective:2,positive,adjective,确实的， 明确的； 积极的， 肯定的,adj 确实的， 明确的； 积极的， 肯定的,/'pɑzətɪv/,/'pɒzətɪv/,At least something positive has come out of the situation.,至少这个情况也产生了一些积极的东西。
en:segregate:verb:1,segregate,verb,使隔离， 使分开,vt 使隔离， 使分开,/'sɛɡrɪɡet/,/'segrɪgeɪt/,A large detachment of police was used to segregate the two rival camps of protesters.,一大队分遣警察被派来隔离两群敌对的抗议者。
en:addict:noun:1,addict,noun,有瘾的人； 入迷的人,n 有瘾的人； 入迷的人；vt 使成瘾， 使入迷,/'ædɪkt (for n.); əˈdɪkt (for v.)/,/'ædɪkt (for n.); əˈdɪkt (for v.)/,He's only 24 years old and a drug addict.,他只有24岁，可已经是一个瘾君子。
en:prospect:noun:2,prospect,noun,前景， 前途， 可能性； 景象， 景色； 可能成为主顾的人， 有希望的候选人,n 前景， 前途， 可能性； 景象， 景色； 可能成为主顾的人， 有希望的候选人,/'prɑspɛkt/,/'prɒspekt/,There is every prospect (= a strong possibility ) of the weather remaining dry this week.,本周天气很有可能持续干燥。
en:withhold:verb:1,withhold,verb,拒绝， 不给； 抑制， 制止,vt 拒绝， 不给； 抑制， 制止,/wɪð'hold/,/wɪð'həuld/,I withheld payment until they had completed the work.,我扣着钱，直到他们完工。
en:comparable:adjective:2,comparable,adjective,可比较的； 类似的； 比得上的,adj 可比较的； 类似的； 比得上的,/'kɑmpərəbl/,/'kɔmpərəbl/,A car of comparable size would cost far more abroad.,同样大小的汽车在国外要贵得多。
en:discreet:adjective:1,discreet,adjective,谨慎的， 慎重的， 审慎的,adj 谨慎的， 慎重的， 审慎的,/dɪ'skrit/,/dɪ'skriːt/,He assured her that he would be discreet.,他向她保证会谨慎行事。
en:specialize:verb:3,specialize,verb,专攻，专门研究,vi 专攻，专门研究；vt 使适应特殊目的， 使专用于,/'spɛʃəlaɪz/,/'speʃəlaɪz/,"""I think the feedback can be helpful because we all have blinders on when we fall in love, "" says Eva Ritvo, a Miami psychiatrist who specialize sin marriage and family therapy.",专门从事婚姻与家庭疗法研究的迈阿密精神病专家瑞塔沃说：“我认为信息回馈是有用的，因为人们在恋爱时都会变得盲目。
en:instance:noun:1,instance,noun,例子， 实例， 事例,n 例子， 实例， 事例,/'ɪnstəns/,/'ɪnstəns/,"We need to rethink the way we consume energy. Take, for instance, our approach to transport.",我们需要重新考虑我们使用能源的方式，例如我们的运输方式。
en:presumably:adverb:2,presumably,adverb,大概， 可能， 据推测,adv 大概， 可能， 据推测,/prɪ'zuməbli/,/prɪ'zjuːməbli/,"It’s raining, which presumably means that your football match will be cancelled.",下雨了，这可能意味着你们的足球比赛要取消。
en:bonus:noun:1,bonus,noun,奖金， 红利； 额外给予的东西,n 奖金， 红利； 额外给予的东西,/'bonəs/,/'bəunəs/,Long-term savers qualify for a cash bonus.,长期储户可获现金红利。
en:recognition:noun:2,recognition,noun,认出， 识别； 承认， 确认， 认可； 赏识， 表彰， 报偿,n 认出， 识别； 承认， 确认， 认可； 赏识， 表彰， 报偿,"/,rɛkəɡ'nɪʃən/",/ˌrekəg'nɪʃn/,He has achieved recognition and respect as a scientist.,作为科学家，他得到人们的赞赏和尊敬。
en:banquet:noun:2,banquet,noun,宴会， 盛宴,n 宴会， 盛宴,/'bæŋkwɪt/,/'bæŋkwɪt/,a state banquet (= one attended by heads of government and other important people ),国宴
en:thrill:verb:2,thrill,verb,非常兴奋， 非常激动,v 非常兴奋， 非常激动；n 兴奋，激动；引起激动的事物,/θrɪl/,/θrɪl/,His music continues to thrill audiences.,他的音乐依然能扣人心弦。
en:aisle:noun:1,aisle,noun,过道， 通道,n 过道， 通道,/aɪl/,/aɪl/,Would you like a window seat or an aisle seat (= seat next to the aisle ) ?,您想要靠窗的座位还是靠过道的座位？
en:convene:verb:1,convene,verb,开会，集合,vi 开会，集合；vt 召集,/kən'vin/,/kən'viːn/,a report by experts convened by the National Institutes of Health,由全国健康协会召集的专家提出的一份报告
en:arrangement:noun:1,arrangement,noun,整理， 排列； 安排； 准备工作,n 整理， 排列； 安排； 准备工作,/ə'rendʒmənt/,/ə'reɪndʒmənt/,Have you made all your travel arrangements?,你的旅行都安排好了吗？
en:revenue:noun:3,revenue,noun,收入， 收益； 税收， 岁入,n 收入， 收益； 税收， 岁入,/'rɛvənu/,/'revənjuː/,advertising revenue,广告收入
en:solution:noun:2,solution,noun,解决； 解决办法； 溶液,n 解决； 解决办法； 溶液,/sə'luʃən/,/sə'luːʃn/,The best solution would be for them to separate.,最好的解决方法是他们分开。
en:monopoly:noun:3,monopoly,noun,垄断， 专卖； 垄断物， 垄断商品， 专卖商品,n 垄断， 专卖； 垄断物， 垄断商品， 专卖商品,/mə'nɑpəli/,/mə'nɒpəli/,a monopoly in copper trading,对铜交易的垄断
en:opponent:noun:2,opponent,noun,对手； 敌手， 对抗者,n 对手； 敌手， 对抗者,/ə'ponənt/,/ə'pəunənt/,Graf’s opponent in today’s final will be Sukova.,格拉芙今天的决赛对手将是苏科娃。
en:accelerate:verb:2,accelerate,verb,使加快， 使增速,vt 使加快， 使增速,/əkˈsɛləˌret/,/ək'seləreɪt/,measures to accelerate the rate of economic growth,加快经济增长速度的措施
en:supplementary:adjective:1,supplementary,adjective,增补的， 补充的,adj 增补的， 补充的,"/,sʌplɪ'mɛntri/",/ˌsʌplɪ'mentri/,supplementary information,补充信息
en:grain:noun:1,grain,noun,谷物， 谷粒， 颗粒； 少量， 微量,n 谷物， 谷粒， 颗粒； 少量， 微量,/ɡren/,/greɪn/,There were crumbs and grains of sugar on the table.,桌子上有面包屑和糖粒。
en:credit:noun:1,credit,noun,信贷，赊欠；赞扬，荣誉；学分；信任,n 信贷，赊欠；赞扬，荣誉；学分；信任；vt 相信； 把…记入贷方； 把…归于,/'krɛdɪt/,/'kredɪt/,The store agreed to let him have credit.,商店同意他赊购。
en:oxygen:noun:1,oxygen,noun,氧， 氧气,n 氧， 氧气,/'ɑksɪdʒən/,/'ɒksɪdʒən/,The human brain needs to be without oxygen for only four minutes before permanent damage occurs.,人脑缺氧只需4分钟就会造成永久性损伤。
en:intensive:adjective:1,intensive,adjective,加强的； 精耕细作的,adj 加强的； 精耕细作的,/ɪn'tɛnsɪv/,/ɪn'tensɪv/,a one-week intensive course in English,为期一周的英语强化课程
en:alter:verb:1,alter,verb,改变， 变更， 变动,vt 改变， 变更， 变动,/'ɔltɚ/,/'ɔːltə/,Her face hadn’t altered much over the years.,过了这么多年，她的容貌并没有多大改变。
en:combine:verb:1,combine,verb,结合，联合；化合,v 结合，联合；化合；n 联合企业； 联合收割机,/kəm'baɪn/,/kəm'baɪn/,Diets are most effective when combined with exercise.,节食和锻炼相结合是最有效的。
en:ideal:adjective:1,ideal,adjective,理想的，观念的，空想的,adj 理想的，观念的，空想的；n 理想， 理想的东西,/aɪ'diəl/,/aɪ'diːəl/,advice on how to reach your ideal weight,如何达到理想体重的建议
en:occur:verb:2,occur,verb,发生， 出现， 存在； 被想起， 被想到,vi 发生， 出现， 存在； 被想起， 被想到,/ə'kɝ/,/ə'kɜː/,A third of accidental deaths occur in the home.,有三分之一的意外死亡发生在家里。
en:illustrate:verb:2,illustrate,verb,说明,vt 说明,/'ɪləstret/,/'ɪləstreɪt/,Let me give an example to illustrate the point.,让我举个例子来说明这一点。
en:hose:noun:2,hose,noun,软管，水龙带,n 软管，水龙带；vt 用软管淋浇,/hoz/,/həuz/,Water in the engine compartment is sucked away by a hose.,发动机舱里的水由一条软管吸走。
en:definitive:adjective:1,definitive,adjective,最可靠的， 权威性的； 决定性的,adj 最可靠的， 权威性的； 决定性的,/dɪ'fɪnətɪv/,/dɪ'fɪnətɪv/,a definitive agreement to buy the company,收购这家公司的最终协议
en:streak:verb:1,streak,verb,飞跑，疾驶,vi 飞跑，疾驶；n 条纹，条痕；个性特征；一阵子，一连串；vt 在…上加条纹,/strik/,/striːk/,A meteorite streaked across the sky.,一颗流星划过天空。
en:pressure:noun:2,pressure,noun,压，压强；压迫,n 压，压强；压迫；vt 对…施加压力， 迫使， 说服,/'prɛʃɚ/,/'preʃə/,They are putting pressure on people to vote yes.,他们正在向民众施加压力，要求他们投赞成票。
en:dentist:noun:2,dentist,noun,牙科医生,n 牙科医生,/'dɛntɪst/,/'dentɪst/,Visit your dentist twice a year for a checkup.,每年看两次牙医做检查。
en:brood:verb:2,brood,verb,沉思，考虑；孵蛋,vi 沉思，考虑；孵蛋；n 一窝； 全体孩子,/brud/,/bruːd/,Don’t sit at home brooding all day.,别整天坐在家里闷闷不乐的。
en:literacy:noun:2,literacy,noun,识字， 有文化， 读写能力,n 识字， 有文化， 读写能力,/'lɪtərəsi/,/'lɪtərəsi/,a new adult literacy campaign,新一轮成人识字[扫盲]运动
en:originate:verb:2,originate,verb,起源于，来自，产生,vi 起源于，来自，产生；vt 创造， 创始， 开创,/əˈrɪdʒəˌnet/,/ə'rɪdʒɪneɪt/,The disease originated in Africa.,这种疾病起源于非洲。
en:specialist:noun:2,specialist,noun,专家,n 专家,/'spɛʃəlɪst/,/'speʃəlɪst/,a heart specialist,心脏专科医生
en:background:noun:1,background,noun,出身背景， 经历； 背景资料； 背景， 底子,n 出身背景， 经历； 背景资料； 背景， 底子,/'bækɡraʊnd/,/'bækgraund/,Students with a background in chemistry will probably find the course easier.,学过化学的学生可能会觉得这门课程容易些。
en:millionaire:noun:2,millionaire,noun,百万富翁， 大富翁,n 百万富翁， 大富翁,"/,mɪljə'nɛr/",/ˌmɪljə'neə/,an American millionaire,一位美国百万富翁
en:transit:noun:1,transit,noun,运输， 载运,n 运输， 载运,/'træzɪt/,/'trænzɪt/,baggage that is lost or damaged in transit,在运输过程中丢失或损坏的行李
en:adolescent:adjective:1,adolescent,adjective,青春期的； 青少年的,adj 青春期的； 青少年的；n 青少年,"/,ædə'lɛsnt/",/ˌædə'lesnt/,It is important that an adolescent boy should have an adult in whom he can confide.,一个青春期男孩应该有一个他能倾吐心声的成年人，这是很重要的。
en:nonetheless:adverb:1,nonetheless,adverb,尽管如此， 依然， 然而,adv 尽管如此， 依然， 然而,/'nʌnðə'lɛs/,/ˌnʌnðə'les/,The region was extremely beautiful. Nonetheless Gerard could not imagine spending the rest of his life there.,那个地区非常漂亮，然而杰拉德却无法想象自己要在那里度过余生。
en:dispose:verb:1,dispose,verb,去掉， 销毁； 处理， 解决； 使倾向于,v 去掉， 销毁； 处理， 解决； 使倾向于,/dɪ'spoz/,/dɪ'spəuz/,Chinese vases are disposed around the gallery.,中国花瓶摆放在展馆四周。
en:petty:adjective:2,petty,adjective,小的， 琐碎的； 不重要的； 气量小的， 心胸狭窄的,adj 小的， 琐碎的； 不重要的； 气量小的， 心胸狭窄的,/'pɛti/,/'peti/,petty squabbles,小口角
en:glow:verb:1,glow,verb,发光； 燃烧,vi 发光； 燃烧；n 白热光；脸红；激情,/ɡlo/,/gləu/,The bedside lamp glowed dimly.,床头灯发出暗淡的光。
en:sentiment:noun:2,sentiment,noun,意见， 观点； 感情， 情绪,n 意见， 观点； 感情， 情绪,/'sɛntɪmənt/,/'sentɪmənt/,Similar sentiments were expressed by many politicians.,许多政治家都表达了相同的观点。
en:differentiation:noun:1,differentiation,noun,区别,n 区别,"/,dɪfə,rɛnʃi'eʃən/",/ˌdɪfəˌrenʃi'eɪʃn/,"Excuse me each other a debate on the web, the virtual space, the interaction between people often with a mask, this month, the mirror with water flowers have what differentiation?",请问对方辩友，在网上这种虚拟空间中，人与人之间的交往往往带着一个假面具，这与水中月、镜中花有什么区别？
en:constitution:noun:2,constitution,noun,宪法， 章程； 组成； 设立,n 宪法， 章程； 组成； 设立,/'kɑnstə'tʊʃən/,/ˌkɒnstɪ'tjuːʃn/,The right to speak freely is written into the Constitution of the United States.,言论自由的权利被写入美国宪法。
en:patent:adjective:2,patent,adjective,专利的，受专利保护的,adj 专利的，受专利保护的；n 专利，专利权；vt 得到…的专利权,/'pætnt/,/'pætnt/,a patent lock,专利锁
en:cocaine:noun:1,cocaine,noun,可卡因， 古柯碱,n 可卡因， 古柯碱,/ko'ken/,/kəu'keɪn/,"To investigate, his team injected cocaine, capsaicin or both at once into the abdomens of several groups of about 30 mice.",他的团队将辣椒素或可卡因中的一种，或同时将两种注射进几组老鼠的腹部，每组约30只。
en:groove:noun:2,groove,noun,沟， 槽,n 沟， 槽,/ɡruv/,/gruːv/,The bolt slid easily into the groove.,插销顺畅地滑入凹槽。
en:abundance:noun:2,abundance,noun,大量， 丰富， 充足,n 大量， 丰富， 充足,/ə'bʌndəns/,/ə'bʌndəns/,This area of Mexico has an abundance of safe beaches and a pleasing climate.,墨西哥的这个地区有大量的安全沙滩与宜人的气候。
en:racket:noun:1,racket,noun,喧嚷， 吵闹； 敲诈， 勒索， 诈骗； 球拍,n 喧嚷， 吵闹； 敲诈， 勒索， 诈骗； 球拍,/'rækɪt/,/'rækɪt/,The old machine used to make an awful racket .,这台旧机器以前噪音大得吓人。
en:conceive:verb:2,conceive,verb,构想出， 设想； 怀孕,vi 构想出， 设想； 怀孕；vt 想出，认为；怀,/kən'siv/,/kən'siːv/,Scientists first conceived the idea of the atomic bomb in the 1930’s.,在20世纪30年代，科学家第一次有了原子弹的设想。
en:sour:adjective:1,sour,adjective,酸的；馊的，酸味的；脾气坏的,adj 酸的；馊的，酸味的；脾气坏的；v 变酸， 变馊； 变得乖戾,/'saʊɚ/,/'sauə/,Rachel sampled the wine. It was sour.,雷切尔尝了尝葡萄酒，是酸的。
en:transform:verb:3,transform,verb,使改观， 改革； 变换， 把…转换成,vt 使改观， 改革； 变换， 把…转换成,/træns'fɔrm/,/træns'fɔːm/,Increased population has transformed the landscape.,人口的增加使景观发生了变化。
en:napkin:noun:2,napkin,noun,餐巾,n 餐巾,/'næpkɪn/,/'næpkɪn/,...taking tiny bites of a hot dog and daintily wiping my lips with a napkin.,…小口咬着热狗并用餐巾文雅地擦着我的嘴唇。
en:reckless:adjective:3,reckless,adjective,鲁莽的， 不考虑后果的,adj 鲁莽的， 不考虑后果的,/'rɛkləs/,/'rekləs/,He was accused of causing death by reckless driving .,他被控因鲁莽驾驶致人死亡。
en:paradox:noun:2,paradox,noun,似乎矛盾而正确的说法； 自相矛盾的人,n 似乎矛盾而正确的说法； 自相矛盾的人,/'pærədɑks/,/'pærədɒks/,It’s a paradox that in such a rich country there can be so much poverty.,在如此富有的国家却有这么多的贫穷现象，真是矛盾。
en:magnitude:noun:2,magnitude,noun,重要性， 重大； 巨大， 广大,n 重要性， 重大； 巨大， 广大,/'mæɡnɪtud/,/'mægnɪtjuːd/,an increase of this order of magnitude,如此大幅度的增长
en:justification:noun:1,justification,noun,正当的理由， 借口,n 正当的理由， 借口,"/,dʒʌstɪfɪ'keʃən/",/ˌdʒʌstɪfɪ'keɪʃn/,"Hoggart felt, with some justification, that his colleagues had let him down.",霍加特觉得同事令他失望，这是有理由的。
en:genuine:adjective:2,genuine,adjective,真的， 真正的； 真诚的,adj 真的， 真正的； 真诚的,/'dʒɛnjʊɪn/,/'dʒenjuɪn/,‘Did he really?’ Her surprise seemed genuine.,“他真的这样？”她好像是真的惊讶。
en:execution:noun:2,execution,noun,死刑； 实行， 执行， 履行； 演奏， 表演,n 死刑； 实行， 执行， 履行； 演奏， 表演,"/,ɛksɪ'kjuʃən/",/ˌeksɪ'kjuːʃn/,a public execution,当众处死
en:immune:adjective:1,immune,adjective,免疫的， 有免疫力的， 不受影响的； 免除的， 豁免的,adj 免疫的， 有免疫力的， 不受影响的； 免除的， 豁免的,/ɪ'mjʊn/,/ɪ'mjuːn/,"Once we’ve had the disease, we’re immune for life.",我们一旦得过这种病，就获得了终身免疫力。
en:brochure:noun:1,brochure,noun,小册子,n 小册子,/bro'ʃʊr/,/'brəuʃə(r)/,a holiday brochure,度假手册
en:stern:adjective:1,stern,adjective,严厉的，严格的，严峻的,adj 严厉的，严格的，严峻的；n 船尾,/stɝn/,/stɜːn/,sterner penalties for drug offences,对毒品犯罪的更为严厉的惩罚
en:rotary:adjective:1,rotary,adjective,旋转的， 转动的,adj 旋转的， 转动的,/'rotəri/,/'rəutəri/,the rotary movement of the helicopter blades,直升机螺旋桨叶的转动
en:compound:adjective:1,compound,adjective,复合的，化合的,adj 复合的，化合的；n 化合物，复合物；复合词；vt 使恶化， 加重； 使化合， 使合成,/'kɑmpaʊnd/,/'kɒmpaund/,...the big compound eyes of dragonflies.,…蜻蜓的大复眼。
en:dub:verb:1,dub,verb,给…起绰号， 把…称为； 为配音， 译制,vt 给…起绰号， 把…称为； 为配音， 译制,/dʌb/,/dʌb/,"Today's session has been widely dubbed as a ""make or break"" meeting.",今天的会议被大众称为“不成则散”的会议。
en:masculine:adjective:2,masculine,adjective,男性的， 男子的； 男子气的,adj 男性的， 男子的； 男子气的,/'mæskjəlɪn/,/'mæːskjəlɪn/,"They’re nice curtains, but I’d prefer something a little more masculine.",这些窗帘很好，但我更喜欢男性化一点的。
en:extraordinary:adjective:1,extraordinary,adjective,非同寻常的， 特别的,adj 非同寻常的， 特别的,/ɪkˈstrɔrdənerɪ; ɪkˈstrɔrdnˌɛrɪ/,/ɪk'strɔːdnri/,It took an extraordinary amount of work.,这费了相当多的功夫。
en:witness:noun:1,witness,noun,证据；目击者，证人,n 证据；目击者，证人；vt 目击； 为…作证， 证明,/ˈwɪtnɪs/,/'wɪtnəs/,Police have appealed for witnesses to come forward.,警方呼吁目击者站出来。
en:conventional:adjective:2,conventional,adjective,普通的； 习惯的， 常规的； 因循守旧的,adj 普通的； 习惯的， 常规的； 因循守旧的,/kən'vɛnʃənl/,/kən'venʃənl/,Internet connections through conventional phone lines are fairly slow.,通过传统的电话线来连接因特网速度很慢。
en:regulation:noun:3,regulation,noun,规章， 规则； 管理， 控制， 调节,n 规章， 规则； 管理， 控制， 调节,/ˌrɛɡjəˈleʃən/,/ˌregju'leɪʃn/,There seem to be so many rules and regulations these days.,如今好像条条框框很多。
en:conform:verb:2,conform,verb,遵守， 适应； 顺从； 相似， 一致， 符合,vi 遵守， 适应； 顺从； 相似， 一致， 符合,/kən'fɔrm/,/kən'fɔːm/,the pressure on schoolchildren to conform,小学生要顺应社会的压力
en:circulation:noun:3,circulation,noun,循环， 流通； 流传， 传播， 发行； 发行量； 流通,n 循环， 流通； 流传， 传播， 发行； 发行量； 流通,"/,sɝkjə'leʃən/",/ˌsɜːkjə'leɪʃn/,Exercise improves the circulation.,运动能促进血液循环。
en:authentic:adjective:1,authentic,adjective,真的， 真正的； 可靠的， 可信的,adj 真的， 真正的； 可靠的， 可信的,/ɔ'θɛntɪk/,/ɔː'θentɪk/,an authentic account,真实可信的说法
en:mere:adjective:1,mere,adjective,仅仅的， 纯粹的,adj 仅仅的， 纯粹的,/mɪr/,/mɪə/,She lost the election by a mere 20 votes.,她仅仅以20票之差落选。
en:accommodation:noun:1,accommodation,noun,住处， 膳宿,n 住处， 膳宿,"/ə,kɑmə'deʃən/",/əˌkɒmə'deɪʃn/,The price for the holiday includes flights and accommodation.,度假的价格包括机票和住宿。
en:evident:adjective:1,evident,adjective,明显的， 明白的,adj 明显的， 明白的,/'ɛvɪdənt/,/'evɪdənt/,Bob ate his lunch with evident enjoyment.,显然鲍勃吃午饭吃得津津有味。
en:suburb:noun:1,suburb,noun,郊区， 郊外， 近郊,n 郊区， 郊外， 近郊,/'sʌbɝb/,/'sʌbɜːb/,a London suburb,一个伦敦郊区
en:pumpkin:noun:2,pumpkin,noun,南瓜,n 南瓜,/'pʌmpkɪn/,/'pʌmpkɪn/,pumpkin pie,南瓜饼
en:annoy:verb:1,annoy,verb,使恼怒； 打搅,vt 使恼怒； 打搅,/ə'nɔɪ/,/ə'nɔɪ/,What annoyed him most was that he had received no apology.,最令他生气的是没人向他道歉。
en:profess:verb:1,profess,verb,表示， 承认； 宣称信仰,vt 表示， 承认； 宣称信仰,/prə'fɛs/,/prə'fes/,She professed to hate her nickname.,她声称讨厌她的绰号。
en:psychological:adjective:1,psychological,adjective,心理的,adj 心理的,"/,saɪkə'lɑdʒɪkl/",/ˌsaɪkə'lɒdʒɪkl/,Sleep disorders are a serious psychological problem .,睡眠障碍是严重的心理疾病。
en:credible:adjective:1,credible,adjective,可信的， 可靠的,adj 可信的， 可靠的,/'krɛdəbl/,/'kredəbl/,Her excuse was barely credible.,她的借口无法让人信服。
en:empirical:adjective:2,empirical,adjective,以经验为依据的， 经验主义的， 经验的,adj 以经验为依据的， 经验主义的， 经验的,/ɪm'pɪrɪkl/,/ɪm'pɪrɪkl/,"{""COLLOINEXA"":[""empirical evidence""]}",实验证据
en:commit:verb:1,commit,verb,犯， 干； 使承诺； 把…托付给； 调拨…供使用， 拨出,vt 犯， 干； 使承诺； 把…托付给； 调拨…供使用， 拨出,/kə'mɪt/,/kə'mɪt/,Women commit fewer crimes than men.,女性犯罪比男性少。
en:curb:verb:2,curb,verb,控制，约束,vt 控制，约束；n 控制， 约束； 路缘,/kɝb/,/kɜːb/,measures to curb the spread of the virus,控制病毒扩散的措施
en:crash:verb:2,crash,verb,倒下，坠落；发出撞击声；垮台，破产,vi 倒下，坠落；发出撞击声；垮台，破产；vt 碰撞，砸碎；冲，闯；n 碰撞； 破裂声,/kræʃ/,/kræʃ/,We watched the waves crashing against the rocks.,我们看着海浪哗啦哗啦地冲击岩石。
en:character:noun:2,character,noun,性格， 特性； 性质； 人物， 角色； 符号， 字,n 性格， 特性； 性质； 人物， 角色； 符号， 字,/'kærɪktɚ/,/'kærəktə/,He has a cheerful but quiet character.,他的性格乐观文静。
en:reflect:verb:2,reflect,verb,反映， 显示； 反射， 映现； 深思， 考虑， 反省,v 反映， 显示； 反射， 映现； 深思， 考虑， 反省,/rɪ'flɛkt/,/rɪ'flekt/,The drop in consumer spending reflects concern about the economy.,消费支出的下降反映出人们对经济的担忧。
en:outfit:noun:1,outfit,noun,全套服装； 一组人； 全套装备， 全套工具,n 全套服装； 一组人； 全套装备， 全套工具,/'aʊtfɪt/,/'autfɪt/,She bought a new outfit for the party.,她为了这次派对买了套新衣服。
en:contribution:noun:2,contribution,noun,贡献； 促成作用； 捐款， 捐献物； 稿件,n 贡献； 促成作用； 捐款， 捐献物； 稿件,"/,kɑntrɪ'bjuʃən/",/ˌkɒntrɪ'bjuːʃn/,a campaign contribution,竞选捐款
en:ongoing:adjective:2,ongoing,adjective,持续的， 继续的,adj 持续的， 继续的,/'ɑnɡoɪŋ/,/'ɒngəuɪŋ/,their ongoing search for a new director,他们仍在寻找一个新主任
en:massacre:verb:1,massacre,verb,大规模屠杀，残杀；彻底击败,vt 大规模屠杀，残杀；彻底击败；n 大屠杀， 残杀； 惨败,/'mæsəkɚ/,/'mæsəkə/,The army massacred more than 150 unarmed civilians.,军队屠杀了150多名手无寸铁的平民。
en:reassure:verb:1,reassure,verb,使放心,vt 使放心,"/,riə'ʃʊr/",/ˌriːə'ʃuə/,Teachers reassured anxious parents.,老师们安慰焦急的父母。
en:bang:verb:1,bang,verb,猛击， 猛撞； 发出砰的一声， 砰砰地响； 砰地敲,v 猛击， 猛撞； 发出砰的一声， 砰砰地响； 砰地敲；n 巨响；枪声；猛击,/bæŋ/,/bæŋ/,The baby kept banging the table with his spoon.,宝宝不停地拿调羹敲桌子。
en:magnetic:adjective:1,magnetic,adjective,磁的； 有吸引力的,adj 磁的； 有吸引力的,/mæg'nɛtɪk/,/mæg'netɪk/,magnetic forces,磁力
en:cholesterol:noun:1,cholesterol,noun,胆固醇,n 胆固醇,/kə'lɛstərɔl/,/kə'lestərɒl/,So why would you want to lower your cholesterol?,那么为什么你想降低你的胆固醇呢？
en:orbit:noun:2,orbit,noun,轨道,n 轨道；vt 作轨道运行,/'ɔrbɪt/,/'ɔːbɪt/,Mars and Earth have orbits which change with time.,火星和地球的轨道随着时间而发生改变。
en:band:noun:1,band,noun,乐队；群，伙；带；条纹；波段,n 乐队；群，伙；带；条纹；波段；vt 用带绑扎,/bænd/,/bænd/,The band was playing old Beatles songs.,乐队正在演奏披头士的老歌。
en:negligible:adjective:2,negligible,adjective,可忽略不计的， 微不足道的,adj 可忽略不计的， 微不足道的,/'nɛɡlɪdʒəbl/,/'neglɪdʒəbl/,The damage done to his property was negligible.,对他财产造成的损失微不足道。
en:setback:noun:1,setback,noun,挫折， 倒退， 失败,n 挫折， 倒退， 失败,/'sɛtbæk/,/'setbæk/,The team’s hopes of playing in Europe suffered a setback last night.,球队赴欧洲参加比赛的希望昨晚遇到了阻碍。
en:resident:adjective:1,resident,adjective,居住的， 定居的； 住校的， 住院的,adj 居住的， 定居的； 住校的， 住院的；n 居民，定居者；住院医生,/'rɛzɪdənt/,/'rezɪdənt/,a resident tutor,住校辅导老师
en:symbolic:adjective:1,symbolic,adjective,符号的； 象征性的,adj 符号的； 象征性的,/sɪm'bɑlɪk/,/sɪm'bɒlɪk/,Each element of the ceremony has a symbolic meaning .,仪式的每一个元素都具有象征意义。
en:distinguish:verb:2,distinguish,verb,区别， 辨别， 识别； 使杰出； 使著名,vt 区别， 辨别， 识别； 使杰出； 使著名,/dɪ'stɪŋɡwɪʃ/,/dɪ'stɪŋgwɪʃ/,The light was too dim for me to distinguish anything clearly.,光线太暗，我什么也看不清。
en:mall:noun:2,mall,noun,购物中心,n 购物中心,/mɔl/,/mɔːl/,Let’s meet at the mall and go see a movie.,我们在购物中心碰头，然后去看电影吧。
en:module:noun:2,module,noun,组件， 模块， 模件； 舱,n 组件， 模块， 模件； 舱,/'mɑdʒul/,/'mɒdjuːl/,A rescue plan could be achieved by sending an unmanned module to the space station.,营救计划可以通过向空间站发送一个无人舱来完成。
en:howl:noun:2,howl,noun,嗥叫； 呼啸； 吼叫， 哀号,n&vi 嗥叫； 呼啸； 吼叫， 哀号,/haʊl/,/haul/,wind howling in the trees,在林间呼啸的风
en:execute:verb:1,execute,verb,将…处死； 实施,vt 将…处死； 实施,/'ɛksɪkjut/,/'eksɪkjuːt/,13 people were summarily executed (= killed without any trial or legal process ) by the guerrillas.,有13人被游击队员就地处决。
en:substantial:adjective:2,substantial,adjective,可观的， 大量的； 物质的， 坚固的； 实质的， 真实的,adj 可观的， 大量的； 物质的， 坚固的； 实质的， 真实的,/səbˈstænʃəl/,/səb'stænʃl/,We have the support of a substantial number of parents.,我们有相当多家长的支持。
en:benefit:verb:1,benefit,verb,得益,vi 得益；n 利益，恩惠；救济金，保险金，津贴；vt 有益于,/'bɛnɪfɪt/,/'benɪfɪt/,They are working together to benefit the whole community.,他们在为整个社区的利益共同努力。
en:booth:noun:1,booth,noun,小房间， 公用电话亭， 岗亭； 售货棚， 货摊,n 小房间， 公用电话亭， 岗亭； 售货棚， 货摊,/bʊθ/,/buːð/,a voting booth,投票间
en:enthusiastic:adjective:2,enthusiastic,adjective,满腔热情的， 热心的， 极感兴趣的,adj 满腔热情的， 热心的， 极感兴趣的,"/ɪn,θuzɪ'æstɪk/",/ɪnˌθjuːzi'æstɪk/,an enthusiastic supporter of reform,改革的热心支持者
en:disastrous:adjective:2,disastrous,adjective,灾难性的， 造成灾害的； 极坏的， 很糟的,adj 灾难性的， 造成灾害的； 极坏的， 很糟的,/dɪ'zæstrəs/,/dɪ'zɑːstrəs/,a disastrous first marriage,以失败告终的第一次婚姻
en:unique:adjective:2,unique,adjective,唯一的， 独一无二的； 极不寻常的， 极好的,adj 唯一的， 独一无二的； 极不寻常的， 极好的,/jʊ'nik/,/ju'niːk/,a unique opportunity to study these rare creatures,研究这些珍稀动物的难得机会
en:processing:noun:1,processing,noun,处理,n 处理,/proˈsɛsɪŋ/,/prəu'sesɪŋ/,Can you guess what the extra processing is here?,您可以猜出这里的额外处理是什么吗？
en:boost:verb:2,boost,verb,推动， 促进， 激励； 替…做广告， 宣扬； 提高， 使增长,v 推动， 促进， 激励； 替…做广告， 宣扬； 提高， 使增长；n 提高，增长；推动，激励,/bʊst/,/buːst/,The new resort area has boosted tourism.,新的度假区促进了旅游业的发展。
en:impulse:noun:2,impulse,noun,冲动， 一时的念头； 推动， 驱使； 脉冲,n 冲动， 一时的念头； 推动， 驱使； 脉冲,/'ɪmpʌls/,/'ɪmpʌls/,The eye converts light signals to nerve impulses.,眼睛把光信号转变成神经冲动。
en:sober:adjective:1,sober,adjective,未醉的，有节制的；严肃的，持重的；素淡的，暗淡的,adj 未醉的，有节制的；严肃的，持重的；素淡的，暗淡的；v 醒酒， 清醒,/'sobɚ/,/'səubə/,He’s a nice guy when he’s sober.,他没喝醉时是个不错的家伙。
en:crystallize:verb:1,crystallize,verb,结晶； 变得清晰而明确； 使具体化,v 结晶； 变得清晰而明确； 使具体化,/'krɪstə'laɪz/,/'krɪstəlaɪz/,The liquid will crystallize at 50 degrees centigrade.,这种液体在50摄氏度时结晶。
en:religious:adjective:1,religious,adjective,宗教的； 笃信宗教的， 虔诚的,adj 宗教的； 笃信宗教的， 虔诚的,/rɪ'lɪdʒəs/,/rɪ'lɪdʒəs/,I don’t share her religious beliefs .,她的宗教信仰和我的不同。
en:infectious:adjective:3,infectious,adjective,传染的， 有传染性的； 有感染力的,adj 传染的， 有传染性的； 有感染力的,/ɪn'fɛkʃəs/,/ɪn'fekʃəs/,infectious diseases,传染性疾病
en:shelter:verb:1,shelter,verb,掩蔽， 躲避， 庇护,v 掩蔽， 躲避， 庇护；n 掩蔽处，躲避处；掩蔽，保护,/'ʃɛltɚ/,/'ʃeltə/,Collins was arrested for sheltering enemy soldiers.,科林斯因收留敌兵而被逮捕。
en:prominent:adjective:2,prominent,adjective,突出的， 杰出的； 突起的； 凸出的,adj 突出的， 杰出的； 突起的； 凸出的,/'prɑmɪnənt/,/'prɒmɪnənt/,a prominent Russian scientist,杰出的俄罗斯科学家
en:expel:verb:3,expel,verb,把…除名， 把…开除； 驱逐， 赶走， 放逐； 排出， 喷出,vt 把…除名， 把…开除； 驱逐， 赶走， 放逐； 排出， 喷出,/ɪk'spɛl/,/ɪk'spel/,More than five-thousand high school students have been expelled for cheating.,五千多名中学生因考试作弊而被开除。
en:superiority:noun:2,superiority,noun,优越， 优等,n 优越， 优等,"/su,pɪrɪ'ɔrəti/",/suːˌpɪəri'ɒrəti/,Janet always spoke with an air of superiority.,珍妮特说话时总显得盛气凌人。
en:outset:noun:1,outset,noun,开始， 开端,n 开始， 开端,/'aʊtsɛt/,/'autset/,It was clear from the outset that there were going to be problems.,从一开始就很清楚会有问题出现的。
en:latitude:noun:2,latitude,noun,纬度； 纬度地区； 回旋余地， 自由,n 纬度； 纬度地区； 回旋余地， 自由,/'lætɪtud/,/'lætɪtjuːd/,The birds breed in northern latitudes.,这些鸟在北纬地区繁殖。
en:scan:verb:1,scan,verb,细看，审视，浏览,vt 细看，审视，浏览；n 扫描,/skæn/,/skæn/,"He scanned the horizon, but there was no sign of the ship.",他朝地平线处仔细眺望，但是找不到那艘船的踪影。
en:association:noun:2,association,noun,协会， 团体； 联合， 交往,n 协会， 团体； 联合， 交往,"/ə,soʃɪ'eʃən/",/əˌsəusi'eɪʃn/,the Association of Master Builders,建筑师协会
en:fundamental:adjective:1,fundamental,adjective,基础的，基本的,adj 基础的，基本的；n 基本原则,"/,fʌndə'mɛntl/",/ˌfʌndə'mentl/,We have to tackle the fundamental cause of the problem.,我们必须解决问题的根本原因。
en:eliminate:verb:2,eliminate,verb,消灭， 消除， 排除； 淘汰,vt 消灭， 消除， 排除； 淘汰,/ɪ'lɪmɪnet/,/ɪ'lɪmɪneɪt/,Our team was eliminated in the first round.,我们队第一轮就被淘汰了。
en:cute:adjective:1,cute,adjective,漂亮的， 娇小可爱的； 聪明伶俐的， 精明的,adj 漂亮的， 娇小可爱的； 聪明伶俐的， 精明的,/kjʊt/,/kjuːt/,a cute little puppy,一只逗人爱的小狗
en:entitle:verb:3,entitle,verb,给…权利； 给题名,vt 给…权利； 给题名,/ɪn'taɪtl/,/ɪn'taɪtl/,a documentary entitled ‘The Price of Perfection’,一部名为《完美的代价》的纪录片
en:outline:noun:1,outline,noun,提纲，要点；外形；略图,n 提纲，要点；外形；略图；vt 概述； 描…的外形,/'aʊtlaɪn/,/'autlaɪn/,a research proposal outline,研究计划梗概
en:partition:noun:2,partition,noun,分隔物，隔墙；分割，划分,n 分隔物，隔墙；分割，划分；vt 隔开； 分割， 瓜分,/pɑr'tɪʃən/,/pɑː'tɪʃn/,...new offices divided only by glass partitions.,…仅仅用玻璃隔板隔开的新办公室。
en:nominal:adjective:1,nominal,adjective,名义上的， 有名无实的； 很少的， 象征性的； 名词性的,adj 名义上的， 有名无实的； 很少的， 象征性的； 名词性的,/'nɑmɪnl/,/'nɒmɪnl/,the nominal head of the rebellion,这次叛乱名义上的领导人
en:excess:adjective:1,excess,adjective,过量的， 额外的,adj 过量的， 额外的；n 超越，过量，过度['3ks3s],/'ɛk'sɛs/,/ɪk'ses/,Cut any excess fat from the meat.,将肉中多余的肥肉切掉。
en:glance:verb:1,glance,verb,看一下,vi 看一下；n 一瞥,/ɡlæns/,/glɑːns/,Wyatt glanced around the restaurant.,怀亚特环视了一下餐馆。
en:perspective:noun:2,perspective,noun,视角， 观点； 远景， 景观； 透视画法， 透视图,n 视角， 观点； 远景， 景观； 透视画法， 透视图,/pɚ'spɛktɪv/,/pə'spektɪv/,the artist’s use of perspective,那位画家对透视法的运用
en:galaxy:noun:1,galaxy,noun,星系； 银河系， 银河； 一群,n 星系； 银河系， 银河； 一群,/'ɡæləksi/,/'gæləksi/,Astronomers have discovered a distant galaxy.,天文学家们发现了一个遥远的星系。
en:equality:noun:1,equality,noun,等同； 平等； 相等,n 等同； 平等； 相等,/ɪ'kwɑləti/,/i'kwɒləti/,...equality of the sexes.,…性别平等。
en:destruction:noun:1,destruction,noun,破坏， 毁灭； 消灭,n 破坏， 毁灭； 消灭,/dɪ'strʌkʃən/,/dɪ'strʌkʃn/,"{""COLLOINEXA"":[""weapons of mass destruction""]}",大规模杀伤性武器
en:rebellion:noun:2,rebellion,noun,反叛， 反抗,n 反叛， 反抗,/rɪ'bɛljən/,/rɪ'beljən/,an armed rebellion,武装叛乱
en:expression:noun:1,expression,noun,词语； 表达， 表情,n 词语； 表达， 表情,/ɪk'sprɛʃən/,/ɪk'spreʃn/,Student leaders are demanding greater freedom of expression (= the right to say what you think without being punished ).,学生领袖要求得到更多的言论自由。
en:reaction:noun:1,reaction,noun,反应， 反作用,n 反应， 反作用,/rɪ'ækʃən/,/ri'ækʃn/,What was Jeff’s reaction when you told him about the job?,你告诉杰夫这个工作时，他是什么反应？
en:accordance:noun:1,accordance,noun,一致， 和谐， 符合,n 一致， 和谐， 符合,/ə'kɔrdns/,/ə'kɔːdns/,"If your pursuit of personal career and ideal are in accordance with ours, if you are seeking for the pleasure from sharing the same ambitions, please join us!",如果您想谋求个人事业、理想与公司的事业和理想高度一致，如果您追求的是志同道合的工作愉悦，请加入我们！
en:weary:verb:1,weary,verb,厌烦， 不耐烦,vi 厌烦， 不耐烦；adj 疲劳的，疲倦的；使人疲劳的，令人厌倦的,/'wɪri/,/'wɪəri/,"She found Rachel in the kitchen, looking old and weary.",她发现雷切尔在厨房里，看上去苍老而疲惫。
en:appeal:verb:1,appeal,verb,求助，诉请；要求；有吸引力,vi 求助，诉请；要求；有吸引力；vt 控诉，移交上级法院审理；n 吸引力； 呼吁； 上诉,/ə'pil/,/ə'piːl/,The idea of working abroad really appeals to me.,去国外工作的这个想法对我很有吸引力。
en:swamp:noun:1,swamp,noun,沼泽,n 沼泽；vt 淹没， 浸没； 难倒， 压倒,/swɑmp/,/swɒmp/,I spent one whole night by a swamp behind the road listening to frogs.,我整个晚上都在这条路后面的一个沼泽地旁听蛙鸣。
en:entrepreneur:noun:2,entrepreneur,noun,企业家,n 企业家,/ˌɑntrəprəˈnɝ​/,/ˌɒntrəprə'nɜː/,How would you define personal growth as an entrepreneur?,你会如何定义，一个企业家的个人成长？
en:dedicate:verb:2,dedicate,verb,题献词于上； 把献给， 把用于,vt 题献词于上； 把献给， 把用于,/'dɛdɪket/,/'dedɪkeɪt/,"She dedicated her first album to Woody Allen, who she says understands her obsession.",她把她的第一张唱片献给伍迪·艾伦，她说艾伦理解她的痴迷。
en:peninsula:noun:1,peninsula,noun,半岛,n 半岛,/pə'nɪnsələ/,/pə'nɪnsjələ/,the Korean peninsula,朝鲜半岛
en:extensive:adjective:1,extensive,adjective,广阔的； 广泛的,adj 广阔的； 广泛的,/ɪk'stɛnsɪv/,/ɪk'stensɪv/,The house stands in extensive grounds.,这栋房子占地面积很大。
en:residential:adjective:1,residential,adjective,居住的， 住宅的； 寄宿的， 住在住所的,adj 居住的， 住宅的； 寄宿的， 住在住所的,"/,rɛzɪ'dɛnʃl/",/ˌrezɪ'denʃl/,a quiet residential neighbourhood,安静的住宅区
en:definitely:adverb:1,definitely,adverb,一定地， 明确地,adv 一定地， 明确地,/'dɛfɪnətli/,/'defɪnətli/,‘Do you reckon Margot will be there?’ ‘ Definitely not .’,“你估计玛戈会在那里吗？” “肯定不会。”
en:stab:noun:1,stab,noun,刺， 戳,n&v 刺， 戳,/stæb/,/stæb/,He was stabbed to death in a fight.,他在一次打斗中被捅死了。
en:abandon:verb:1,abandon,verb,离弃， 丢弃； 遗弃； 抛弃； 放弃,vt 离弃， 丢弃； 遗弃； 抛弃； 放弃,/ə'bændən/,/ə'bændən/,How could she abandon her own child?,她怎么能抛弃自己的孩子呢？
en:collaboration:noun:1,collaboration,noun,合作， 协作； 勾结,n 合作， 协作； 勾结,"/kə,læbə'reʃən/",/kəˌlæbə'reɪʃn/,The company is building the centre in collaboration with the Institute of Offshore Engineering.,该公司正与海洋工程学院合建这座中心。
en:inspire:verb:2,inspire,verb,鼓舞； 给…以灵感,vt 鼓舞； 给…以灵感,/ɪn'spaɪɚ/,/ɪn'spaɪə/,We need someone who can inspire the team.,我们需要一个能鼓舞团队士气的人。
en:impart:verb:3,impart,verb,告知， 透露； 赋予， 给予,vt 告知， 透露； 赋予， 给予,/ɪm'pɑrt/,/ɪm'pɑːt/,She had information that she couldn’t wait to impart.,她得到了消息，迫不及待地想告诉别人。
en:bureaucracy:noun:3,bureaucracy,noun,官僚主义， 官僚作风； 官僚机构； 官僚制度； 官僚,n 官僚主义， 官僚作风； 官僚机构； 官僚制度； 官僚,/bjʊ'rɑkrəsi/,/bjuə'rɒkrəsi/,the reduction of unnecessary bureaucracy,消除不必要的官僚体制
en:household:adjective:1,household,adjective,家庭的， 家喻户晓的,adj 家庭的， 家喻户晓的；n 家庭，户；家务,/'haʊshold/,/'haushəuld/,household chores,家务杂活
en:glide:noun:1,glide,noun,滑行， 滑动； 滑翔,n 滑行， 滑动； 滑翔,/ɡlaɪd/,/glaɪd/,,
en:adverse:adjective:2,adverse,adjective,不利的， 有害的,adj 不利的， 有害的,"/ædˈvɚs, ˈædˌvɚs/",/'ædvɜːs/,They fear it could have an adverse effect on global financial markets.,他们担心这会对全球金融市场产生不利影响。
en:bulletin:noun:2,bulletin,noun,简明新闻， 最新消息； 公告， 布告， 公报； 学报， 期刊,n 简明新闻， 最新消息； 公告， 布告， 公报； 学报， 期刊,/'bʊlətɪn/,/'bulətɪn/,...the early morning news bulletin.,…早间新闻快报。
en:devote:verb:1,devote,verb,将…奉献给， 把…专用,vt 将…奉献给， 把…专用,/dɪ'vot/,/dɪ'vəut/,He decided to devote the rest of his life to scientific investigation.,他决定把余生奉献给科学研究。
en:junction:noun:2,junction,noun,联结点， 交叉点， 枢纽,n 联结点， 交叉点， 枢纽,/'dʒʌŋkʃən/,/'dʒʌŋkʃn/,the junction of Abbot Road and Mill Street,阿伯特路与米尔街的交叉口
en:crumble:verb:1,crumble,verb,崩溃， 瓦解,vi 崩溃， 瓦解；vt 弄碎,/'krʌmbl/,/'krʌmbl/,The Empire began to crumble during the 13th century.,这个帝国在13世纪时开始崩溃。
en:agent:noun:1,agent,noun,代理人， 代理商； 政府代表； 动因， 原因； 剂,n 代理人， 代理商； 政府代表； 动因， 原因； 剂,/'edʒənt/,/'eɪdʒənt/,Our agent in Rio deals with all our Brazilian business.,我们在里约热内卢的业务代表处理我们在巴西的全部业务。
en:abortion:noun:1,abortion,noun,流产， 堕胎,n 流产， 堕胎,/ə'bɔrʃən/,/ə'bɔːʃn/,She decided to have an abortion .,她决定做人工流产。
en:salvation:noun:1,salvation,noun,拯救， 解救； 解救措施,n 拯救， 解救； 解救措施,/sæl'veʃən/,/sæl'veɪʃn/,The church's message of salvation has changed the lives of many.,这个教会的灵魂得救的训诫已经改变了很多人的一生。
en:instinct:noun:1,instinct,noun,本能； 直觉， 生性,n 本能； 直觉， 生性,/'ɪnstɪŋkt/,/'ɪnstɪŋkt/,Her instinct told her that something was wrong.,直觉告诉她有些不对劲。
en:cannon:noun:1,cannon,noun,加农炮， 大炮， 火炮,n 加农炮， 大炮， 火炮,/'kænən/,/'kænən/,"The cannons boom, the band plays.",炮声隆隆，鼓乐齐鸣。
en:invest:verb:1,invest,verb,投资， 投入； 授予,v 投资， 投入； 授予,/ɪn'vɛst/,/ɪn'vest/,I’ve got a few thousand dollars I’m looking to invest.,我有几千美元想作投资。
en:reputation:noun:1,reputation,noun,名誉， 名气， 名声,n 名誉， 名气， 名声,"/,rɛpju'teʃən/",/ˌrepju'teɪʃn/,Alice Munro has a reputation for being a very depressing writer.,艾丽斯•门罗有文风抑郁的名声。
en:project:verb:1,project,verb,伸出； 投射； 放映,v 伸出； 投射； 放映；n 方案， 计划； 课题， 项目； 工程,/prəˈdʒɛkt; prɑdʒɛkt/,/prəˈdʒekt; ˈprɒdʒekt/,Bradley projects a natural warmth and sincerity.,布拉德利表现出一种自然的热情和真诚。
en:shrug:noun:1,shrug,noun,耸肩,n&v 耸肩,/ʃrʌɡ/,/ʃrʌg/,I just shrugged my shoulders and ignored him.,我只是耸耸肩，没有理睬他。
en:arena:noun:1,arena,noun,表演场地， 竞技场； 活动场所,n 表演场地， 竞技场； 活动场所,/ə'rinə/,/ə'riːnə/,a sports arena,运动场
en:independence:noun:1,independence,noun,独立； 自主； 自立,n 独立； 自主； 自立,"/,ɪndɪ'pɛndəns/",/ˌɪndɪ'pendəns/,The country has made great advances since independence.,该国自独立以来发展迅速。
en:shrub:noun:2,shrub,noun,灌木,n 灌木,/ʃrʌb/,/ʃrʌb/,...flowering shrubs.,…开花的灌木。
en:presentation:noun:3,presentation,noun,提供， 显示； 外观， 图像； 授予， 赠送； 报告， 介绍； 表演,n 提供， 显示； 外观， 图像； 授予， 赠送； 报告， 介绍； 表演,"/,prizɛn'teʃən/",/ˌprezn'teɪʃn/,the presentation ceremony,颁奖仪式
en:nominate:verb:3,nominate,verb,提名， 任命； 推荐， 指定,vt 提名， 任命； 推荐， 指定,/'nɑmɪnet/,/'nɒmɪneɪt/,This week one of them will be nominated by the Democratic Party for the presidency of the United States.,本周他们中的一人将被民主党提名为美国总统职位的候选人。
en:loom:verb:1,loom,verb,阴森地逼近， 隐现； 即将来临,vi 阴森地逼近， 隐现； 即将来临；n 织布机,/lum/,/luːm/,An economic crisis is looming on the horizon .,经济危机正在逼近。
en:stationary:adjective:1,stationary,adjective,固定的， 静止不动的,adj 固定的， 静止不动的,/'steʃənɛri/,/'steɪʃənri/,How did you manage to drive into a stationary vehicle?,你是怎么开车的，竟会撞上一辆停着的车子？
en:restrain:verb:2,restrain,verb,阻止， 控制； 抑制， 遏制,vt 阻止， 控制； 抑制， 遏制,/rɪ'stren/,/rɪ'streɪn/,Renwick restrained a feeling of annoyance.,伦威克忍住了不悦的情绪。
en:awkward:adjective:3,awkward,adjective,笨拙的， 尴尬的； 难操纵的， 使用不便的； 不灵巧的,adj 笨拙的， 尴尬的； 难操纵的， 使用不便的； 不灵巧的,/'ɔkwɚd/,/'ɔːkwəd/,I hoped he would stop asking awkward questions .,我希望他不要再问令人难堪的问题。
en:ruin:verb:2,ruin,verb,毁坏,v 毁坏；n 毁灭；废墟,/'ruɪn/,/'ruːɪn/,This illness has ruined my life.,这个病毁掉了我的生活。
en:beforehand:adverb:2,beforehand,adverb,预先， 事先,adv 预先， 事先,/bɪ'fɔrhænd/,/bɪ'fɔːhænd/,The police need to be briefed beforehand on how to deal with this sort of situation.,需要事先告诉警察这种情况怎样处理。
en:formidable:adjective:3,formidable,adjective,可怕的， 令人敬畏的； 难以克服的， 难对付的,adj 可怕的， 令人敬畏的； 难以克服的， 难对付的,/'fɔrmɪdəbl/,/'fɔːmɪdəbl/,"The building is grey, formidable, not at all picturesque.",那幢建筑呈灰色，气势凛然，与漂亮沾不上边。
en:impatient:adjective:1,impatient,adjective,不耐烦的， 急躁的； 热切的， 急切的,adj 不耐烦的， 急躁的； 热切的， 急切的,/ɪm'peʃnt/,/ɪm'peɪʃnt/,He turned away with an impatient gesture.,他做了个不耐烦的手势转过身去。
en:invert:verb:1,invert,verb,使倒转， 使倒置， 使颠倒,vt 使倒转， 使倒置， 使颠倒,/'ɪnvɝt/,/ɪn'vɜːt/,Invert the cake onto a serving plate.,把蛋糕倒扣过来放到一个盘子上。
en:cradle:noun:2,cradle,noun,摇篮；策源地，发源地,n 摇篮；策源地，发源地；vt 轻轻地抱， 捧,/'kredl/,/'kreɪdl/,She rocked the cradle to quieten the child.,她摇动摇篮，让宝宝安静下来。
en:discrete:adjective:1,discrete,adjective,分离的， 不相关联的,adj 分离的， 不相关联的,/dɪ'skrit/,/dɪ'skriːt/,The change happens in a series of discrete steps.,这个变化在一系列分离的步骤中发生。
en:assurance:noun:2,assurance,noun,把握， 信心； 保证， 表示保证的话； 保险,n 把握， 信心； 保证， 表示保证的话； 保险,/ə'ʃʊrəns/,/ə'ʃuərəns/,"Despite my repeated assurances, Rob still looked very nervous.",尽管我再三保证，罗布看起来还是很紧张。
en:psychiatrist:noun:1,psychiatrist,noun,精神科医生， 精神病专家,n 精神科医生， 精神病专家,/saɪ'kaɪətrɪst/,/saɪ'kaɪətrɪst/,"A colleague urged him to see a psychiatrist, but Faulkner refused.",一位同事竭力劝福克纳去看精神病医生，但他拒绝了。
en:squad:noun:1,squad,noun,班， 小队， 小组,n 班， 小队， 小组,/skwɑd/,/skwɒd/,a drill squad,操练小队
en:disrupt:verb:1,disrupt,verb,使中断； 扰乱,vt 使中断； 扰乱,/dɪs'rʌpt/,/dɪs'rʌpt/,Traffic was disrupted by a hoax bomb.,有人虚报有炸弹，造成了交通混乱。
en:scar:verb:1,scar,verb,留下伤痕,v 留下伤痕；n 伤疤，伤痕；创伤,/skɑr/,/skɑː/,His hands were badly scarred by the fire.,他的双手被那次大火烧得疤痕累累。
en:sergeant:noun:1,sergeant,noun,中士， 警官,n 中士， 警官,/'sɑrdʒənt/,/'sɑːdʒənt/,"Right, but how do you know there's a sergeant there?",正确，可是你怎么知道那儿有一个中士？
en:vital:adjective:3,vital,adjective,生死攸关的， 极其重要的； 生命的， 有生命力的,adj 生死攸关的， 极其重要的； 生命的， 有生命力的,/'vaɪtl/,/'vaɪtl/,The work she does is absolutely vital.,她所做的工作至关重要。
en:eccentric:adjective:2,eccentric,adjective,古怪的，怪癖的，异乎寻常的,adj 古怪的，怪癖的，异乎寻常的；n 古怪的人， 怪癖的人,/ɪk'sɛntrɪk/,/ɪk'sentrɪk/,His eccentric behaviour lost him his job.,他古怪的行为使他丢了工作。
en:conflict:verb:1,conflict,verb,冲突， 抵触,vi 冲突， 抵触；n 冲突， 抵触； 争论； 战斗， 战争,/'kɑnflɪkt/,/'kɒnflɪkt/,Personal ethics and professional ethics sometimes conflict.,个人道德与职业道德之间有时会相冲突。
en:appliance:noun:1,appliance,noun,用具， 器具， 器械,n 用具， 器具， 器械,/ə'plaɪəns/,/ə'plaɪəns/,"He could also learn to use the vacuum cleaner, the washing machine and other household appliances.",他还能学习使用吸尘器、洗衣机和其他家用电器。
en:alloy:noun:1,alloy,noun,合金,n 合金；vt 将…铸成合金,/'ælɔɪ/,/'ælɒɪ/,Brass is an alloy of copper and zinc.,黄铜是铜和锌的合金。
en:delusion:noun:1,delusion,noun,欺骗； 哄骗,n 欺骗； 哄骗,/dɪ'luʒn/,/dɪ'luːʒn/,,
en:mass:adjective:1,mass,adjective,大量的，大规模的,adj 大量的，大规模的；v 聚集， 集中；n 众多，大量；团，块，堆；群众；质量,/mæs/,/mæs/,a mass protest,大规模的抗议
en:detect:verb:2,detect,verb,察觉， 发觉； 侦查出,vt 察觉， 发觉； 侦查出,/dɪ'tɛkt/,/dɪ'tekt/,Many forms of cancer can be cured if detected early.,如果发现得早，许多种癌症都可以治愈。
en:update:verb:1,update,verb,更新；使现代化,vt 更新；使现代化；n 最新信息,"/,ʌp'det/",/ˌʌp'deɪt/,The files need updating.,这些档案需要更新。
en:renaissance:noun:1,renaissance,noun,文艺复兴， 文艺复兴时期； 复兴， 再生,n 文艺复兴， 文艺复兴时期； 复兴， 再生,/ˈrenəsɑ:ns; ˌrɛnəˈsɑns/,/rɪ'neɪsns/,...the Renaissance masterpieces in London's galleries.,…伦敦美术馆里文艺复兴时期的杰作。
en:poisonous:adjective:1,poisonous,adjective,有毒的； 恶毒的,adj 有毒的； 恶毒的,/'pɔɪzənəs/,/'pɔɪzənəs/,Some mushrooms are extremely poisonous.,一些蘑菇有剧毒。
en:condemn:verb:1,condemn,verb,谴责， 指责； 判…刑， 宣告…有罪,vt 谴责， 指责； 判…刑， 宣告…有罪,/kən'dɛm/,/kən'dem/,Politicians were quick to condemn the bombing.,政治家们立即对爆炸事件进行了谴责。
en:assistance:noun:1,assistance,noun,协助， 援助,n 协助， 援助,/ə'sɪstəns/,/ə'sɪstəns/,We offer financial assistance to students.,我们向学生提供经济援助。
en:auction:noun:1,auction,noun,拍卖,n&vt 拍卖,/'ɔkʃən/,/'ɔːkʃn/,"The painting is expected to fetch up to $400,000 at auction.",这幅画预计在拍卖会上能卖到40万美元。
en:propel:verb:2,propel,verb,推进， 推动； 激励， 驱使,vt 推进， 推动； 激励， 驱使,/prə'pɛl/,/prə'pel/,a boat propelled by a small motor,由小马达驱动的小船
en:admit:verb:1,admit,verb,承认,vi 承认；vt 承认，供认；准许…进入,/əd'mɪt/,/əd'mɪt/,"‘Okay, so maybe I was a little bit scared,’ Jenny admitted.",“行了，也许我是有点害怕。”珍妮承认道。
en:uneven:adjective:2,uneven,adjective,不平坦的， 不平滑的； 不一致的， 不相等的,adj 不平坦的， 不平滑的； 不一致的， 不相等的,/ʌn'ivən/,/ʌn'iːvn/,She walked back carefully over the uneven ground.,她小心翼翼地从凹凸不平的地面上走回来。
en:definition:noun:1,definition,noun,定义， 释义， 定界； 清晰， 鲜明,n 定义， 释义， 定界； 清晰， 鲜明,"/,dɛfɪ'nɪʃən/",/ˌdefɪ'nɪʃn/,a dictionary definition,词典里的释义
en:mansion:noun:2,mansion,noun,大厦， 宅邸,n 大厦， 宅邸,/'mænʃən/,/'mænʃn/,a beautiful country mansion,漂亮的乡村宅第
en:mask:noun:2,mask,noun,面具，面罩，口罩；伪装,n 面具，面罩，口罩；伪装；vt 遮盖， 掩饰,/mæsk/,/mɑːsk/,a surgical face mask,外科手术口罩
en:patrol:verb:1,patrol,verb,巡逻，巡查,v 巡逻，巡查；n 巡逻， 巡查； 巡逻兵， 巡逻队,/pə'trol/,/pə'trəul/,Armed guards patrolled the grounds.,武装卫兵巡逻场地。
en:nickel:noun:2,nickel,noun,镍； 五分镍币， 五分钱,n 镍； 五分镍币， 五分钱,/'nɪkl/,/'nɪkl/,"...a large glass jar filled with pennies, nickels, dimes, and quarters.",…一个装满1分、5分、10分和25分硬币的大玻璃罐。
en:patron:noun:2,patron,noun,资助人， 赞助人； 老主顾， 顾客,n 资助人， 赞助人； 老主顾， 顾客,/'petrən/,/'peɪtrən/,a wealthy patron,富有的赞助人
en:entail:verb:2,entail,verb,使承担； 使成为必要， 需要,vt 使承担； 使成为必要， 需要,/ɪn'tel/,/ɪn'teɪl/,A new computer system entails a lot of re-training.,使用新的计算机系统需要大量的再培训。
en:inferior:adjective:2,inferior,adjective,下等的，劣等的,adj 下等的，劣等的；n 下级， 下属,/ɪn'fɪrɪɚ/,/ɪn'fɪəriə/,I felt very inferior among all those academics.,与那些大学教师在一起，我自惭形秽。
en:apply:verb:1,apply,verb,应用，实施，使用；适用；申请，请求,vi 应用，实施，使用；适用；申请，请求；vt 涂， 敷， 施,/ə'plaɪ/,/ə'plaɪ/,We need to apply for planning permission to build a garage.,我们建车库需要申请规划许可。
en:propaganda:noun:2,propaganda,noun,宣传,n 宣传,/'prɑpə'gændə/,/ˌprɒpə'gændə/,the spreading of political propaganda,政治宣传的开展
en:overlook:verb:2,overlook,verb,忽视； 宽恕； 俯瞰,vt 忽视； 宽恕； 俯瞰,"/,ovɚ'lʊk/",/ˌəuvə'luk/,It is easy to overlook a small detail like that.,那样的小细节很容易被忽略。
en:refuge:noun:1,refuge,noun,庇护所， 避难处； 庇护,n 庇护所， 避难处； 庇护,/'rɛfjʊdʒ/,/'refjuːdʒ/,a wildlife refuge,野生动物保护区
en:dramatic:adjective:1,dramatic,adjective,引人注目的， 激动人心的； 戏剧的,adj 引人注目的， 激动人心的； 戏剧的,/drə'mætɪk/,/drə'mætɪk/,A superb goal by Owen earned United a dramatic victory yesterday.,昨天欧文的一个超级入球为联队赢得了激动人心的胜利。
en:incredible:adjective:2,incredible,adjective,不能相信的， 不可信的， 难以置信的； 惊人的,adj 不能相信的， 不可信的， 难以置信的； 惊人的,/ɪn'krɛdəbl/,/ɪn'kredəbl/,It’s incredible that he survived the fall.,他跌下去竟然能够生还，真不可思议。
en:certainty:noun:2,certainty,noun,必然的事， 确定的事实； 确信， 确实,n 必然的事， 确定的事实； 确信， 确实,/'sɝtnti/,/'sɜːtnti/,The result is impossible to predict with any degree of certainty .,这一结果完全无法确切预测。
en:corrode:verb:1,corrode,verb,腐蚀， 侵蚀,v 腐蚀， 侵蚀,/kə'rod/,/kə'rəud/,Acidic water will corrode the pipes.,酸性水会腐蚀管子。
en:spine:noun:1,spine,noun,脊柱， 脊椎； 刺， 刺毛； 书脊,n 脊柱， 脊椎； 刺， 刺毛； 书脊,/spaɪn/,/spaɪn/,cactus spines,仙人掌的刺
en:commend:verb:2,commend,verb,称赞， 表扬； 推荐,vt 称赞， 表扬； 推荐,/kə'mɛnd/,/kə'mend/,The paper was highly commended in the UK Press Awards.,该报获得了“英国新闻奖”的高度褒奖。
en:parasite:noun:1,parasite,noun,寄生生物； 寄生虫,n 寄生生物； 寄生虫,/'pærəsaɪt/,/'pærəsaɪt/,Kangaroos harbour a vast range of parasites.,袋鼠身上有各种各样的寄生虫。
en:artificial:adjective:2,artificial,adjective,人工的， 人为的； 矫揉造作的； 模拟的,adj 人工的， 人为的； 矫揉造作的； 模拟的,"/,ɑrtɪ'fɪʃl/",/ˌɑːtɪ'fɪʃl/,artificial flowers,假花
en:deficiency:noun:2,deficiency,noun,缺乏， 不足； 缺点， 缺陷,n 缺乏， 不足； 缺点， 缺陷,/dɪ'fɪʃənsi/,/dɪ'fɪʃnsi/,They did blood tests on him for signs of vitamin deficiency.,他们给他做了血检看是否有缺乏维生素的迹象。
en:imaginary:adjective:1,imaginary,adjective,想象中的， 假想的,adj 想象中的， 假想的,/ɪ'mædʒɪnɛri/,/ɪ'mædʒɪnəri/,"As she listened, she played an imaginary piano on her knees.",她边听边在膝盖上作弹钢琴状。
en:formula:noun:2,formula,noun,公式， 式； 原则， 方案； 配方,n 公式， 式； 原则， 方案； 配方,/'fɔrmjələ/,/'fɔːmjələ/,We’re still searching for a peace formula.,我们仍在寻找和平方案。
en:disgust:noun:1,disgust,noun,厌恶， 憎恶,n&vt 厌恶， 憎恶,/dɪs'ɡʌst/,/dɪs'gʌst/,He reached into the bin with a look of disgust on his face.,他把手伸进垃圾箱，脸上带着厌恶的表情。
en:transcend:verb:2,transcend,verb,超出， 超越范围,vt 超出， 超越范围,/træn'sɛnd/,/træn'send/,The desire for peace transcended political differences.,对和平的渴望超越了政治分歧。
en:tribute:noun:2,tribute,noun,颂词， 称赞， 礼物； 贡品,n 颂词， 称赞， 礼物； 贡品,/'trɪbjut/,/'trɪbjuːt/,The players wore black armbands as a tribute to their late teammate.,球员们戴着黑纱悼念已故的队友。
en:mob:noun:1,mob,noun,暴民，乌合之众,n 暴民，乌合之众；vt 成群围住， 聚众袭击,/mɑb/,/mɒb/,They were immediately surrounded by the mob.,他们立刻被那帮暴民包围了。
en:subordinate:adjective:3,subordinate,adjective,下级的，级别低的；次要的，从属的,adj 下级的，级别低的；次要的，从属的；n 部属， 下级；vt 使处于次要地位， 使从属于,/səˈbɔːdɪnɪt (for n. &adj.) ; səˈbɔːdɪˌnet (for v.)/,/sə'bɔːdɪnət/,a subordinate officer,下级官员
en:trend:verb:1,trend,verb,伸向，倾向,vi 伸向，倾向；n 倾向,/trɛnd/,/trend/,The current trend is towards more part-time employment.,当前的趋势是雇用更多的兼职人员。
en:achievement:noun:1,achievement,noun,完成； 成就， 成绩,n 完成； 成就， 成绩,/ə'tʃivmənt/,/ə'tʃiːvmənt/,His great achievement is to make all the players into a united team.,他的伟大成就在于把所有选手组织成一支团结的队伍。
en:sturdy:adjective:2,sturdy,adjective,强壮的， 结实的， 坚固的； 坚定的， 坚强的,adj 强壮的， 结实的， 坚固的； 坚定的， 坚强的,/'stɝdi/,/'stɜːdi/,That chair doesn’t look very sturdy.,那把椅子看上去不太结实。
en:desirable:adjective:1,desirable,adjective,吸引人的， 可取的,adj 吸引人的， 可取的,/dɪ'zaɪərəbl/,/dɪ'zaɪərəbl/,The ability to speak a foreign language is highly desirable .,能说一门外语是非常理想的。
en:consist:verb:1,consist,verb,由…组成； 在于； 一致,vi 由…组成； 在于； 一致,/kən'sɪst/,/kən'sɪst/,My diet consisted almost exclusively of chocolate-covered cookies and glasses of milk.,我的饮食几乎只包含裹上巧克力的曲奇饼和一杯杯牛奶。
en:reliable:adjective:2,reliable,adjective,可靠的， 可依赖的,adj 可靠的， 可依赖的,/rɪ'laɪəbl/,/rɪ'laɪəbl/,a birth control method that is cheap and reliable,既便宜又可靠的避孕方法
en:compatible:adjective:2,compatible,adjective,兼容的； 能和睦相处的， 合得来的,adj 兼容的； 能和睦相处的， 合得来的,/kəm'pætəbl/,/kəm'pætəbl/,The new software is IBM compatible (= can be used with IBM computers ) .,这个新软件与IBM的计算机兼容。
en:incentive:noun:2,incentive,noun,刺激， 鼓励,n 刺激， 鼓励,/ɪn'sɛntɪv/,/ɪn'sentɪv/,"As an added incentive, there’s a bottle of champagne for the best team.",给最优秀的队发一瓶香槟作为额外的鼓励。
en:critic:noun:1,critic,noun,批评家， 爱挑剔的人,n 批评家， 爱挑剔的人,/'krɪtɪk/,/'krɪtɪk/,Mather was a film critic for many years.,马瑟做过多年的电影评论家。
en:preliminary:adjective:1,preliminary,adjective,预备的，初步的,adj 预备的，初步的；n 初步做法， 起始行为,/prɪ'lɪmɪnɛri/,/prɪ'lɪmɪnəri/,the preliminary stages of the competition,竞赛的预赛阶段
en:obstacle:noun:2,obstacle,noun,障碍， 障碍物； 妨害,n 障碍， 障碍物； 妨害,/'ɑbstəkl/,/'ɒbstəkl/,The tax puts obstacles in the way of companies trying to develop trade overseas.,这项税收为想在海外发展贸易的公司设置了障碍。
en:profession:noun:1,profession,noun,职业； 公开表示,n 职业； 公开表示,/prə'fɛʃən/,/prə'feʃn/,the medical profession,医学界
en:van:noun:1,van,noun,大篷车， 运货车,n 大篷车， 运货车,/væn/,/væn/,a delivery van,运货车
en:dizzy:adjective:2,dizzy,adjective,头晕目眩的，眩晕的；头晕的,adj 头晕目眩的，眩晕的；头晕的；vt 令人发晕,/'dɪzi/,/'dɪzi/,The heat and the champagne made him feel dizzy .,高温和香槟酒使他感到眩晕。
en:resemblance:noun:2,resemblance,noun,相似， 形似,n 相似， 形似,/rɪ'zɛmbləns/,/rɪ'zembləns/,There was a remarkable resemblance between him and Pete.,他和皮特有一个惊人的相似之处。
en:exceptional:adjective:3,exceptional,adjective,优越的， 杰出的； 例外的， 独特的， 异常的,adj 优越的， 杰出的； 例外的， 独特的， 异常的,/ɪk'sɛpʃənl/,/ɪk'sepʃənl/,an exceptional student,出类拔萃的学生
en:constitute:verb:2,constitute,verb,组成， 形成； 设立； 任命,vt 组成， 形成； 设立； 任命,/'kɑnstətut/,/'kɒnstɪtjuːt/,We must redefine what constitutes a family.,我们必须对家庭的构成重新定义。
en:cherish:verb:2,cherish,verb,珍爱， 珍视； 爱护， 抚育； 抱有， 怀有,vt 珍爱， 珍视； 爱护， 抚育； 抱有， 怀有,/'tʃɛrɪʃ/,/'tʃerɪʃ/,He cherished his privacy.,他很注重自己的隐私。
en:discrepancy:noun:1,discrepancy,noun,不符合， 不一致,n 不符合， 不一致,/dɪs'krɛpənsi/,/dɪs'krepənsi/,A modification of the common-origin theory accounts for the density discrepancy .,关于共同起源的理论，有一种改进的论点解释了密度的不符。
en:spectrum:noun:2,spectrum,noun,谱， 光谱， 频谱； 范围， 幅度， 系列,n 谱， 光谱， 频谱； 范围， 幅度， 系列,/'spɛktrəm/,/'spektrəm/,The two articles here represent opposite ends of the spectrum .,这里的两篇文章代表了两个极端的观点。
en:convince:verb:2,convince,verb,使确信， 使信服， 说服,vt 使确信， 使信服， 说服,/kən'vɪns/,/kən'vɪns/,"Her arguments didn’t convince everyone, but changes were made.",她的论点不能说服每个人，但还是引起了一些变化。
en:prolong:verb:3,prolong,verb,延长， 拉长， 拖延,vt 延长， 拉长， 拖延,/prəˈlɑːŋ/,/prə'lɒŋ/,I was trying to think of some way to prolong the conversation.,我在想方设法拖长这次谈话。
en:missionary:noun:2,missionary,noun,传教士,n 传教士,/'mɪʃənɛri/,/'mɪʃənri/,My mother would still like me to be a missionary in Africa.,我母亲还是想让我在非洲做一名传教士。
en:terminate:verb:2,terminate,verb,停止， 终止,v 停止， 终止,/'tɝmɪnet/,/'tɜːmɪneɪt/,The court ruled that the contract must be terminated.,法庭裁决该合同必须终止。
en:valve:noun:2,valve,noun,阀， 活门； 瓣膜， 活瓣,n 阀， 活门； 瓣膜， 活瓣,/vælv/,/vælv/,heart valves,心脏瓣膜
en:refund:noun:1,refund,noun,退款,n 退款；vt 退还,/ˈrifʌnd/,/ˈriːfʌnd/,They refused to give me a refund .,他们拒绝给我退款。
en:remnant:noun:1,remnant,noun,残留部分,n 残留部分,/'rɛmnənt/,/'remnənt/,Beneath the present church were remnants of Roman flooring.,在目前的这座教堂下面还有残余的古罗马地板。
en:internal:adjective:1,internal,adjective,内的， 国内的； 内心的,adj 内的， 国内的； 内心的,/ɪn'tɝnl/,/ɪn'tɜːnl/,We have no interest in interfering in the internal affairs of other countries.,我们对干涉其他国家内政不感兴趣。
en:literary:adjective:2,literary,adjective,文学的； 文人的， 书卷气的,adj 文学的； 文人的， 书卷气的,/lɪtərɛri/,/'lɪtərəri/,a literary prize,文学奖
en:classical:adjective:1,classical,adjective,古典的， 经典的,adj 古典的， 经典的,/'klæsɪkl/,/'klæsɪkl/,the classical theory of relativity,经典相对论
en:privilege:noun:2,privilege,noun,特权； 优惠,n 特权； 优惠,/ˈprɪvəlɪdʒ/,/'prɪvəlɪdʒ/,He had no special privileges and was treated just like every other prisoner.,他不享受特权，待遇和任何其他犯人一样。
en:substitute:noun:1,substitute,noun,代替人，代用品,n 代替人，代用品；vt 用…代替,/'sʌbstɪtut/,/'sʌbstɪtjuːt/,Germany brought on a substitute at half time.,德国队在比赛半场时换上一名替补队员。
en:mortgage:noun:2,mortgage,noun,抵押，抵押借款,n 抵押，抵押借款；vt 抵押,/'mɔrɡɪdʒ/,/'mɔːgɪdʒ/,Your building society or bank will help arrange a mortgage.,你加入的购房互助协会或银行将会给你安排抵押贷款。
en:blaze:verb:2,blaze,verb,熊熊燃烧，着火；发光，放光彩；迸发，爆发,vi 熊熊燃烧，着火；发光，放光彩；迸发，爆发；n 火焰， 烈火； 光辉， 强烈的光； 迸发， 爆发； 灿烂， 炫耀,/blez/,/bleɪz/,"The room was warm, with a fire blazing in the hearth.",房间里暖融融的，壁炉里的火熊熊燃烧。
en:moreover:adverb:1,moreover,adverb,而且， 再者， 此外,adv 而且， 再者， 此外,/mɔr'ovɚ/,/mɔːr'əuvə/,"The rent is reasonable and, moreover, the location is perfect.",租金合理，而且位置也非常好。
en:scatter:verb:1,scatter,verb,撒， 散播； 使散开， 驱散,vt 撒， 散播； 使散开， 驱散,/'skætɚ/,/'skætə/,The sound of gunfire made the crowd scatter in all directions.,枪声使人群四散奔逃。
en:violate:verb:2,violate,verb,违反， 违背； 亵渎； 侵犯， 妨碍,vt 违反， 违背； 亵渎； 侵犯， 妨碍,/'vaɪəlet/,/'vaɪəleɪt/,34 protesters were arrested for violating criminal law.,34名抗议者因违反刑法而被逮捕。
en:federal:adjective:1,federal,adjective,联邦的， 联盟的,adj 联邦的， 联盟的,/'fɛdərəl/,/'fedərəl/,Switzerland is a federal republic.,瑞士是一个联邦共和国。
en:verify:verb:1,verify,verb,证实， 查证， 证明,vt 证实， 查证， 证明,/'vɛrɪfaɪ/,/'verɪfaɪ/,His statement was verified by several witnesses.,他的说法得到了几位证人的证实。
en:excursion:noun:2,excursion,noun,远足， 短途旅行,n 远足， 短途旅行,/ɪk'skɝʒn/,/ɪk'skɜːʃn/,a shopping excursion,购物游
en:inaugurate:verb:2,inaugurate,verb,开始， 开展； 为…举行就职典礼； 为…举行开幕式， 为…举行落成仪式,vt 开始， 开展； 为…举行就职典礼； 为…举行开幕式， 为…举行落成仪式,/ɪ'nɔɡjəret/,/ɪ'nɔːgjəreɪt/,The Turner Prize was inaugurated in 1984.,特纳奖于1984年正式设立。
en:undergo:verb:1,undergo,verb,经历； 经受， 忍受,vt 经历； 经受， 忍受,"/,ʌndɚ'ɡo/",/ˌʌndə'gəu/,The country has undergone massive changes recently.,这个国家最近经历了巨大的变化。
en:reward:noun:1,reward,noun,报答，奖赏；报酬，酬金,n 报答，奖赏；报酬，酬金；vt 报答， 酬谢， 奖励,/rɪ'wɔrd/,/rɪ'wɔːd/,The school has a system of rewards and punishments to encourage good behaviour.,学校有奖惩制度以鼓励良好行为。
en:graze:verb:2,graze,verb,吃青草,vi 吃青草；vt 放牧；擦伤；擦过，掠过；n 擦破,/ɡrez/,/greɪz/,fields where they used to graze their sheep,他们过去放羊的田野
en:coupon:noun:1,coupon,noun,礼券， 优惠券； 配给券， 票证,n 礼券， 优惠券； 配给券， 票证,/'kupɑn/,/'kuːpɒn/,The coupon entitles you to ten cents off your next purchase.,这张优惠券可以让你在下次购物时节省10分钱。
en:multitude:noun:2,multitude,noun,大量， 许多； 大众， 民众,n 大量， 许多； 大众， 民众,"/ˈmʌltɪˌtud, -ˌtjud/",/'mʌltɪtjuːd/,Political power has been placed in the hands of the multitude.,政治权力已交到民众手中。
en:inhabit:verb:1,inhabit,verb,居住于， 栖居于,vt 居住于， 栖居于,/ɪn'hæbɪt/,/ɪn'hæbɪt/,The woods are inhabited by many wild animals.,很多野生动物栖居在这片森林里。
en:siege:noun:2,siege,noun,包围， 围困,n 包围， 围困,/sidʒ/,/siːdʒ/,The siege lasted almost four months.,这次封锁历时近四个月。
en:abstract:adjective:3,abstract,adjective,抽象的，抽象派的,adj 抽象的，抽象派的；n 摘要，梗概；抽象派艺术作品,/'æbstrækt/,/'æbstrækt/,"By the age of seven, children are capable of thinking in abstract terms .",儿童到了七岁就具有抽象思维的能力。
en:agenda:noun:2,agenda,noun,议程,n 议程,/ə'dʒɛndə/,/ə'dʒendə/,The Republicans have stuck to their conservative agenda.,共和党人坚持自己的保守议题。
en:degenerate:verb:1,degenerate,verb,衰退，堕落，蜕化,vi 衰退，堕落，蜕化；adj 衰退的，堕落的；n 堕落者,/dɪ'dʒɛnəret/,/dɪ'dʒenəreɪt/,"Inactivity can make your joints stiff, and the bones may begin to degenerate.",不活动会使关节僵硬，骨骼因此可能会开始退化。
en:nurture:noun:1,nurture,noun,养育， 培育， 滋养,n&vt 养育， 培育， 滋养,/'nɝtʃɚ/,/'nɜːtʃə/,plants nurtured in the greenhouse,在温室里培育的植物
en:destructive:adjective:3,destructive,adjective,破坏的， 毁灭的,adj 破坏的， 毁灭的,/dɪ'strʌktɪv/,/dɪ'strʌktɪv/,the destructive power of modern weapons,现代武器的破坏力
en:appearance:noun:1,appearance,noun,出现， 来到； 外观,n 出现， 来到； 外观,/ə'pɪrəns/,/ə'pɪərəns/,He was always criticising his wife’s appearance.,他老是批评妻子的外表。
en:culture:noun:1,culture,noun,文化， 文明； 教养； 培养； 培养菌,n 文化， 文明； 教养； 培养； 培养菌,/'kʌltʃɚ/,/'kʌltʃə/,We speak Danish at home so that the boys don’t lose touch with their language and culture.,我们在家说丹麦语，这样男孩子们就不会脱离他们的语言和文化。
en:paternity:noun:1,paternity,noun,父权， 父子关系,n 父权， 父子关系,/pə'tɝnəti/,/pə'tɜːnəti/,The paternity of the child is in dispute.,这个孩子的生父是谁尚有疑问。
en:hasty:adjective:2,hasty,adjective,草率的， 轻率的； 急速的， 匆忙的， 仓促完成的,adj 草率的， 轻率的； 急速的， 匆忙的， 仓促完成的,/'hesti/,/'heɪsti/,He soon regretted his hasty decision.,他很快就对自己仓促作出的决定感到后悔了。
en:anonymous:adjective:2,anonymous,adjective,无名的， 不具名的； 匿名的； 无特色的， 无个性特征的,adj 无名的， 不具名的； 匿名的； 无特色的， 无个性特征的,/ə'nɑnəməs/,/ə'nɒnɪməs/,the anonymous author of a collection of poems,一本诗集的佚名作者
en:fake:adjective:1,fake,adjective,假的，伪造的,adj 假的，伪造的；n 假货；骗子；vt 伪造， 捏造； 伪装,/feɪk/,/feɪk/,fake fur,人造毛皮
en:span:noun:2,span,noun,跨距，一段时间,n 跨距，一段时间；vt 持续， 贯穿， 包括； 横跨， 跨越,/spæn/,/spæn/,It’ll be difficult to hire that many new staff in such a short time span .,在这么短的时间里要想招聘到那么多新员工是很难的。
en:escort:noun:1,escort,noun,护卫者，护送者,n 护卫者，护送者；vt 护送， 护卫,/ˈeskɔːrt/,/'eskɔːt/,a police escort,警察护卫队
en:bizarre:adjective:2,bizarre,adjective,奇形怪状的， 怪诞的,adj 奇形怪状的， 怪诞的,/bɪ'zɑr/,/bɪ'zɑː(r)/,a bizarre coincidence,奇怪的巧合
en:existence:noun:2,existence,noun,存在， 实在； 生存,n 存在， 实在； 生存,/ɪɡ'zɪstəns/,/ɪg'zɪstəns/,Scientists have many theories about how the universe first came into existence (= started to exist ).,关于宇宙的起源，科学家有多种理论。
en:ascribe:verb:2,ascribe,verb,把…归因于， 把…归属于,vt 把…归因于， 把…归属于,/ə'skraɪb/,/ə'skraɪb/,An autopsy eventually ascribed the baby's death to sudden infant death syndrome.,一次尸检最终把这名婴儿的死亡归因于婴儿猝死综合症。
en:threshold:noun:3,threshold,noun,门槛， 门口； 入门， 开端， 起始点,n 门槛， 门口； 入门， 开端， 起始点,/'θrɛʃhold/,/'θreʃhəuld/,She opened the door and stepped across the threshold.,她打开门，跨过门槛。
en:float:verb:2,float,verb,浮动， 漂浮， 飘动,v 浮动， 漂浮， 飘动,/flot/,/fləut/,I looked up at the clouds floating in the sky.,我仰望着天上的浮云。
en:minority:noun:2,minority,noun,少数； 少数民族,n 少数； 少数民族,/maɪ'nɔrəti/,/maɪ'nɒrəti/,Gaelic is still spoken in Ireland by a tiny minority.,爱尔兰仍有极少数人在说盖尔语。
en:axis:noun:2,axis,noun,轴， 轴线， 中心线； 坐标轴， 基准线,n 轴， 轴线， 中心线； 坐标轴， 基准线,/'æksɪs/,/'æksɪs/,The Earth rotates on an axis between the north and south poles.,地球绕着南北两极之间的地轴自转。
en:pole:noun:1,pole,noun,杆； 极， 磁极， 电极,n 杆； 极， 磁极， 电极,/pol/,/pəul/,a telephone pole,电话线杆
en:preferable:adjective:1,preferable,adjective,更可取的， 更好的， 更合意的,adj 更可取的， 更好的， 更合意的,/'prɛfrəbl/,/'prefrəbl/,"For this dish, fresh herbs and garlic are preferable.",做这道菜，用新鲜香草和大蒜更好。
en:reference:noun:2,reference,noun,提到， 论及； 参考， 查阅； 引文； 参考书目； 证明书， 推荐信,n 提到， 论及； 参考， 查阅； 引文； 参考书目； 证明书， 推荐信,/'rɛfrəns/,/'refrəns/,Keep their price list on file for future reference (= so that it can be looked at in the future ) .,将他们的价目表存档，以供日后参考。
en:spite:noun:2,spite,noun,恶意，怨恨；不顾,n 恶意，怨恨；不顾；vt 刁难， 欺侮,/spaɪt/,/spaɪt/,We went out in spite of the rain.,尽管下着雨，我们还是出去了。
en:defendant:noun:1,defendant,noun,被告,n 被告,/dɪ'fɛndənt/,/dɪ'fendənt/,We find the defendant not guilty.,我们裁定被告无罪。
en:arrange:verb:1,arrange,verb,安排， 准备； 整理,v 安排， 准备； 整理,/ə'rendʒ/,/ə'reɪndʒ/,Contact your local branch to arrange an appointment.,请联络当地分部安排预约。
en:olive:noun:2,olive,noun,橄榄， 橄榄树,n 橄榄， 橄榄树,/'ɑlɪv/,/'ɒlɪv/,an olive grove,一片橄榄树林
en:coarse:adjective:1,coarse,adjective,粗的， 粗糙的； 粗劣的； 粗俗的,adj 粗的， 粗糙的； 粗劣的； 粗俗的,/kɔrs/,/kɔːs/,a jacket of coarse wool,粗羊毛夹克衫
en:exaggerate:verb:2,exaggerate,verb,夸大， 夸张,v 夸大， 夸张,/ɪɡ'zædʒəret/,/ɪg'zædʒəreɪt/,I couldn’t sleep for three days – I’m not exaggerating.,我三天没睡觉了——一点不夸张。
en:streamline:verb:1,streamline,verb,使成流线型； 精简， 使效率更高,vt 使成流线型； 精简， 使效率更高,/'strimlaɪn/,/'striːmlaɪn/,efforts to streamline the production process,简化生产过程的努力
en:imply:verb:1,imply,verb,暗示， 意指,vt 暗示， 意指,/ɪm'plai/,/ɪm'plaɪ/,an implied threat,隐含的威胁
en:offset:verb:2,offset,verb,补偿， 抵消,vt 补偿， 抵消,"/,ɔf'sɛt/",/'ɒfset/,Cuts in food prices will be offset by direct payments to farmers.,食品降价将通过直接付款给农民的方式进行补偿。
en:commitment:noun:2,commitment,noun,承诺， 许诺， 保证； 信奉， 献身； 承担的义务,n 承诺， 许诺， 保证； 信奉， 献身； 承担的义务,/kə'mɪtmənt/,/kə'mɪtmənt/,Are you ready to make a long-term commitment ?,你是否准备好作出长久的承诺？
en:cavity:noun:2,cavity,noun,洞， 穴， 凹处； 龋洞,n 洞， 穴， 凹处； 龋洞,/'kævəti/,/'kævəti/,...a cavity in the roof.,…屋顶的一个洞。
en:coward:noun:1,coward,noun,胆小鬼， 懦夫,n 胆小鬼， 懦夫,/'kaʊɚd/,/'kauəd/,Try it. Don’t be such a coward.,试一下，别那么胆小。
en:fossil:noun:2,fossil,noun,化石； 食古不化的人， 老顽固,n 化石； 食古不化的人， 老顽固,/'fɑsl/,/'fɒsl/,fossils of early reptiles,早期爬行动物的化石
en:poke:verb:2,poke,verb,伸出，突出,vi 伸出，突出；vt 戳，捅；用…戳，把…戳向；伸出，突出；n 戳， 捅,/pok/,/pəuk/,One of the nurses poked her head around the door.,其中一名护士从门里探出头来。
en:rejection:noun:1,rejection,noun,拒绝,n 拒绝,/rɪ'dʒɛkʃən/,/rɪ'dʒekʃn/,They sent me a rejection letter.,他们给我发了一封回绝信。
en:fixture:noun:3,fixture,noun,固定装置； 固定在某位置的人,n 固定装置； 固定在某位置的人,/'fɪkstʃɚ/,/'fɪkstʃə/,light fixtures,照明设备
en:manufacture:verb:2,manufacture,verb,制造，加工,vt 制造，加工；n 制造， 制造业,/'mænjə'fæktʃɚ/,/ˌmænju'fæktʃə/,the company that manufactured the drug,生产这种药的公司
en:collision:noun:1,collision,noun,碰撞； 冲突， 抵触,n 碰撞； 冲突， 抵触,/kə'lɪʒən/,/kə'lɪʒn/,Two people were killed in a head-on collision (= between two vehicles that are moving directly towards each other ) on highway 218.,218号公路上有两辆汽车迎面相撞，两人死亡。
en:sequence:noun:2,sequence,noun,连续， 接续， 一连串； 次序， 顺序,n 连续， 接续， 一连串； 次序， 顺序,/'sikwəns/,/'siːkwəns/,Be careful to perform the actions in the correct sequence .,注意要按正确的顺序来完成动作。
en:recruit:verb:2,recruit,verb,招募， 吸收,vt 招募， 吸收,/rɪ'krut/,/rɪ'kruːt/,We’re having difficulty recruiting enough qualified staff.,我们难以招聘到足够的合格职员。
en:provision:noun:2,provision,noun,供应； 准备， 预备； 条款， 规定； 给养， 口粮,n 供应； 准备， 预备； 条款， 规定； 给养， 口粮,/prə'vɪʒn/,/prə'vɪʒn/,He made provisions for his wife and his children in his will.,在遗嘱里他为妻子和孩子都做好了安排。
en:calorie:noun:2,calorie,noun,大卡； 卡,n 大卡； 卡,/'kæləri/,/'kæləri/,A potato has about 90 calories.,一个马铃薯大约有90卡路里的热量。
en:slogan:noun:1,slogan,noun,标语， 口号； 广告语,n 标语， 口号； 广告语,/'slogən/,/'sləugən/,an advertising slogan,一句广告口号
en:invariably:adverb:2,invariably,adverb,不变地， 始终如一地， 总是,adv 不变地， 始终如一地， 总是,/ɪn'vɛrɪəbli/,/ɪn'veəriəbli/,It invariably rains when I go there.,我每次去那儿都下雨。
en:commence:verb:2,commence,verb,开始,v 开始,/kə'mɛns/,/kə'mens/,Work will commence on the new building immediately.,新大楼即将破土动工。
en:tract:noun:1,tract,noun,传单， 小册子； 大片,n 传单， 小册子； 大片,/trækt/,/trækt/,vast tracts of woodland,大片大片的林地
en:configuration:noun:1,configuration,noun,配置， 布局， 构造,n 配置， 布局， 构造,"/kən,fɪɡjə'reʃən/",/kənˌfɪgə'reɪʃn/,"...Stonehenge, in southwestern England, an ancient configuration of giant stones.",…史前巨石柱群，位于英国西南部，是一座古代巨石阵列。
en:mercury:noun:2,mercury,noun,水银， 汞,n 水银， 汞,,/'mɜːkjəri/,He said that all metals were composed of mercury and sulphur in different proportions .,他说一切金属都是由水银和硫黄按不同比例构成的。
en:frequent:adjective:2,frequent,adjective,时常发生的， 常见的,adj 时常发生的， 常见的,/'frikwənt/,/'friːkwənt/,Trains rushed past at frequent intervals .,火车频频驶过。
en:chunk:noun:1,chunk,noun,厚片， 大块； 相当大的部分,n 厚片， 大块； 相当大的部分,/tʃʌŋk/,/tʃʌŋk/,ice chunks,大冰块
en:interact:verb:3,interact,verb,相互作用， 相互影响,vi 相互作用， 相互影响,"/,ɪntɚ'ækt/",/ˌɪntər'ækt/,"While the other children interacted and played together, Ted ignored them.",当其他孩子们相互交往、一起玩耍时，泰德却不理他们。
en:commonplace:adjective:2,commonplace,adjective,普通的，平庸的,adj 普通的，平庸的；n 寻常的事物， 平庸的东西,/'kɑmən'ples/,/'kɒmənpleɪs/,Car thefts are commonplace in this part of town.,镇上的这个地段盗车案屡见不鲜。
en:aggregate:adjective:1,aggregate,adjective,总计的， 合计的,adj 总计的， 合计的；n 总数，合计；vt 总计达， 合计； 使聚集， 使积聚,/'æɡrɪɡət; (for v.) æɡrɪˌɡet/,/'ægrɪgət; (for v.) ˈægrɪgeɪt/,an increase in the aggregate production,总产量的增长
en:seemingly:adverb:2,seemingly,adverb,表面上， 看上去,adv 表面上， 看上去,/'simɪŋli/,/'siːmɪŋli/,seemingly unrelated bits of information,似乎互不相关的零星信息
en:attendant:adjective:1,attendant,adjective,伴随的， 随之产生的,adj 伴随的， 随之产生的；n 服务人员，侍者，随从,/ə'tɛndənt/,/ə'tendənt/,a car park attendant,停车场的服务员
en:array:noun:1,array,noun,展示；陈列，一系列；排列，队形；衣服，盛装；,n 展示；陈列，一系列；排列，队形；衣服，盛装；,/ə're/,/ə'reɪ/,a bewildering array of options,一大堆眼花缭乱的选择
en:parameter:noun:2,parameter,noun,界限， 范围； 参数,n 界限， 范围； 参数,/pə'ræmɪtɚ/,/pə'ræmɪtə/,The inquiry has to stay within the parameters laid down by Congress.,调查必须局限于国会设定的范围之内。
en:extinct:adjective:2,extinct,adjective,灭绝的， 绝种的； 不再活跃的， 熄灭了的， 已废弃的,adj 灭绝的， 绝种的； 不再活跃的， 熄灭了的， 已废弃的,/ɪk'stɪŋkt/,/ɪk'stɪŋkt/,Dinosaurs have been extinct for millions of years.,恐龙已灭绝数千万年了。
en:discriminate:verb:2,discriminate,verb,区别， 辨别； 有差别地对待， 歧视,vi 区别， 辨别； 有差别地对待， 歧视,/dɪ'skrɪmɪnet/,/dɪ'skrɪmɪneɪt/,He is incapable of discriminating between a good idea and a terrible one.,他没能力在一个好主意和一个坏主意之间进行区分。
en:degrade:verb:2,degrade,verb,降低…的身份， 有辱…的人格； 使降解， 使退化,vt 降低…的身份， 有辱…的人格； 使降解， 使退化,/dɪ'ɡred/,/dɪ'greɪd/,a movie that degrades women,贬损女性的影片
en:opaque:adjective:2,opaque,adjective,不透明的， 不透光的； 难理解的， 晦涩的,adj 不透明的， 不透光的； 难理解的， 晦涩的,/o'pek/,/əu'peɪk/,a shower with an opaque glass door,装有不透明玻璃门的淋浴间
en:repay:verb:2,repay,verb,归还； 报答,vt 归还； 报答,/ri'pɛi/,/rɪ'peɪ/,I’d like to buy them something to repay all their kindness.,我想给他们买点东西来报答他们的好意。
en:monetary:adjective:2,monetary,adjective,钱的， 货币的； 金融的,adj 钱的， 货币的； 金融的,/'mʌnɪtɛri/,/'mʌnɪtri/,the government’s tight monetary policy,政府从紧的货币政策
en:grave:adjective:2,grave,adjective,严重的， 严肃的,adj 严重的， 严肃的；n 坟墓,/ɡrev/,/greɪv/,Matthew’s life is in grave danger .,马修的生命危在旦夕。
en:advantage:noun:1,advantage,noun,优点， 优势； 好处,n 优点， 优势； 好处,/əd'væntɪdʒ/,/əd'vɑːntɪdʒ/,Younger workers tend to be at an advantage (= have an advantage ) when applying for jobs.,年轻点的工人申请工作时往往处于优势地位。
en:controversy:noun:3,controversy,noun,争论， 辩论,n 争论， 辩论,/ˈkɑntrəvɝ​sɪ/,/'kɒntrəvɜːsi/,a political controversy,政治争议
en:command:noun:1,command,noun,命令， 指挥； 控制,n&vt 命令， 指挥； 控制,/kə'mænd/,/kə'mɑːnd/,"By 1944, Fletcher had command of a B-17 bomber and a ten-man crew.",到1944年，弗莱彻已负责指挥一架B-17轰炸机和十名机组人员。
en:compulsory:adjective:2,compulsory,adjective,必须做的， 强制性的； 必修的,adj 必须做的， 强制性的； 必修的,/kəmˈpʌlsərɪ/,/kəm'pʌlsəri/,He believes that the study of history should be compulsory in school.,他认为在学校里学习历史应该是强制性的。
en:performance:noun:1,performance,noun,演出； 履行， 执行， 完成； 工作情况， 表现， 工作性能,n 演出； 履行， 执行， 完成； 工作情况， 表现， 工作性能,/pɚ'fɔrməns/,/pə'fɔːməns/,This evening’s performance will begin at 8.00 pm.,今晚的演出8点开始。
en:serial:adjective:1,serial,adjective,连续的， 顺序排列的,adj 连续的， 顺序排列的；n 连续剧，连载故事,/'sɪrɪəl/,/'sɪəriəl/,Keep the questions in the same serial order .,让这些问题保持原来的顺序。
en:anticipate:verb:2,anticipate,verb,预料， 预期， 期望； 先于…行动， 提前使用,vt 预料， 预期， 期望； 先于…行动， 提前使用,/æn'tɪsə'pet/,/æn'tɪsɪpeɪt/,Sales are better than anticipated.,销量比预期要好。
en:detach:verb:2,detach,verb,拆卸； 使分开， 使分离,vt 拆卸； 使分开， 使分离,/dɪ'tætʃ/,/dɪ'tætʃ/,Please detach and fill out the application form.,请撕下申请表并填好。
en:slash:verb:2,slash,verb,砍；大幅度削减,vt 砍；大幅度削减；n 砍， 砍痕； 斜线号,/slæʃ/,/slæʃ/,Someone had slashed the tires.,有人把轮胎割破了。
en:fabricate:verb:2,fabricate,verb,捏造， 伪造， 编造； 建造,vt 捏造， 伪造， 编造； 建造,/'fæbrɪket/,/'fæbrɪkeɪt/,The police were accused of fabricating evidence.,警方被控捏造证据。
en:comic:adjective:1,comic,adjective,喜剧的，滑稽的,adj 喜剧的，滑稽的；n 连环漫画； 喜剧演员,/'kɑmɪk/,/'kɒmɪk/,a comic novel,滑稽小说
en:perfection:noun:2,perfection,noun,完美， 完善,n 完美， 完善,/pɚ'fɛkʃən/,/pə'fekʃn/,My father expected perfection from all of us.,父亲期望我们都尽善尽美。
en:vague:adjective:1,vague,adjective,不明确的； 含糊的； 暧昧的,adj 不明确的； 含糊的； 暧昧的,/veɡ/,/veɪg/,The governor gave only a vague outline of his tax plan.,州长只是含糊地大致说了一下他的税务计划。
en:pope:noun:2,pope,noun,教皇， 罗马主教,n 教皇， 罗马主教,/pop/,/pəup/,The highlight of the pope's visit will be his message to the people.,教皇访问的亮点是，他将给人们传达训诫。
en:exception:noun:1,exception,noun,例外， 除外,n 例外， 除外,/ɪk'sɛpʃən/,/ɪk'sepʃn/,"It’s been cold, but today’s an exception.",天气一直寒冷，但今天是个例外。
en:ego:noun:1,ego,noun,自我， 自己， 自尊,n 自我， 自己， 自尊,/'iɡo/,/'iːgəu/,That promotion really boosted her ego (= made her feel better about herself ).,那次晋升确实增强了她的自信心。
en:urge:verb:3,urge,verb,鼓励；推进，催促；竭力主张，强烈要求,vt 鼓励；推进，催促；竭力主张，强烈要求；n 冲动， 强烈的欲望,/ɝdʒ/,/ɜːdʒ/,The charity urged quick action.,慈善机构敦促迅速采取行动。
en:spouse:noun:1,spouse,noun,配偶,n 配偶,/spaʊs/,/spaus/,Spouses were invited to the company picnic.,配偶受到邀请参加公司的野餐会。
en:score:noun:1,score,noun,得分，比数，成绩；二十,n 得分，比数，成绩；二十；vt 分， 给…打分； 画线于； 获胜,/skɔ/,/skɔː/,At half-time the score was one all.,半场时的比分是一比一。
en:isle:noun:1,isle,noun,小岛， 岛,n 小岛， 岛,/aɪl/,/aɪl/,the British Isles,不列颠群岛
en:enclosure:noun:2,enclosure,noun,四周有篱笆的场地， 围场； 附件,n 四周有篱笆的场地， 围场； 附件,/ɪn'kloʒɚ/,/ɪn'kləuʒə/,the bear enclosure at the zoo,动物园中的熊园
en:graduate:adjective:1,graduate,adjective,研究生的,adj 研究生的；v 毕业；n 毕业生；研究生,/ˈɡrædʒuˌet/,/ˈɡradʒʊeɪt/,a graduate student,研究生
en:famine:noun:1,famine,noun,饥荒； 严重的缺乏,n 饥荒； 严重的缺乏,/'fæmɪn/,/'fæmɪn/,the great potato famine in Ireland,爱尔兰严重的土豆荒
en:quota:noun:2,quota,noun,定额， 限额， 配额,n 定额， 限额， 配额,/'kwotə/,/'kwəutə/,The government has decided to scrap quotas on car imports.,政府决定取消汽车进口配额。
en:unanimous:adjective:2,unanimous,adjective,全体一致的， 一致同意的,adj 全体一致的， 一致同意的,/jʊ'nænəməs/,/ju'nænɪməs/,It was decided by a unanimous vote that the school should close.,关闭学校是大家一致通过的决定。
en:scorn:noun:1,scorn,noun,轻蔑，鄙视,n 轻蔑，鄙视；vt 轻蔑， 鄙视； 拒绝， 不屑,/skɔrn/,/skɔːn/,Researchers greeted the proposal with scorn.,研究者们对这个提议报以轻蔑的态度。
en:thermal:adjective:2,thermal,adjective,热的， 由热造成的； 保暖的,adj 热的， 由热造成的； 保暖的,/'θɝml/,/'θɜːml/,thermal energy,热能
en:sulfur:noun:1,sulfur,noun,硫,n 硫,/'sʌlfɚ/,/'sʌlfə/,"She knelt down, hands on the thighs, breathe in the smell of sulfur.",她跪了下来，双手放在大腿上，吸进了硫磺的气味。
en:visual:adjective:1,visual,adjective,看的， 视觉的,adj 看的， 视觉的,/'vɪʒʊəl/,/'vɪʒuəl/,Artists translate their ideas into visual images.,画家把自己的思想转换成视觉画面。
en:terrain:noun:1,terrain,noun,地形， 地势,n 地形， 地势,/tɛˈren/,/tə'reɪn/,rocky terrain,多石的地形
en:grief:noun:2,grief,noun,悲伤， 悲痛； 悲伤的事， 悲痛的缘由,n 悲伤， 悲痛； 悲伤的事， 悲痛的缘由,/ɡrif/,/griːf/,Every change in our lives brings with it griefs.,我们生活当中的每一个变化都有让人伤心的一面。
en:rap:verb:1,rap,verb,说唱,vi 说唱；vt 敲击，急敲；突然厉声说出；责备，训斥；n 敲击， 急敲,/ræp/,/ræp/,"‘Come on,’ he rapped impatiently.",“得了吧。”他不耐烦地厉声说道。
en:upgrade:verb:2,upgrade,verb,提升，使升级,vt 提升，使升级；n 向上的斜坡,"/,ʌp'ɡred/",/ˌʌp'greɪd/,Helicopters have been upgraded and modernized.,直升机已经升级并且装上现代化设备。
en:instruct:verb:1,instruct,verb,教， 指示； 通知； 教育,vt 教， 指示； 通知； 教育,/ɪn'strʌkt/,/ɪn'strʌkt/,"Eva went straight to the hotel, as instructed (= as she had been told ).",伊娃按照指示径直去了宾馆。
en:appendix:noun:2,appendix,noun,阑尾； 附录,n 阑尾； 附录,/ə'pɛndɪks/,/ə'pendɪks/,Christine had to go into hospital to have her appendix out (= have it removed ) .,克里丝蒂娜不得不去医院切除阑尾。
en:virtually:adverb:2,virtually,adverb,事实上， 实质上,adv 事实上， 实质上,/ˈvɜrtʃuəli/,/'vɜːtʃuəli/,Virtually all cooking was done over coal-fired ranges.,事实上所有的烹饪都是在烧煤的炉灶上完成的。
en:agreeable:adjective:2,agreeable,adjective,令人愉快的， 惬意的； 同意的， 乐意的,adj 令人愉快的， 惬意的； 同意的， 乐意的,/ə'ɡriəbl/,/ə'griːəbl/,We spent a most agreeable couple of hours.,我们非常愉快地度过了几个小时。
en:economy:noun:1,economy,noun,经济； 节约， 节省,n 经济； 节约， 节省,/ɪˈkɑnəmɪ/,/i'kɒnəmi/,The council must make economies to meet government spending targets.,市政会必须采取节约措施以达到政府的开支指标。
en:community:noun:1,community,noun,社区， 社会， 公社； 团体， 界； 群落,n 社区， 社会， 公社； 团体， 界； 群落,/kəˈmjunətɪ/,/kə'mjuːnəti/,The new arts centre will serve the whole community.,这座新的艺术中心将为整个社区服务。
en:version:noun:2,version,noun,译文， 说法， 改写本,n 译文， 说法， 改写本,/'vɝʒn/,/'vɜːʃn/,Could Donna’s version of what happened that night be correct?,唐娜对那晚发生的事情的描述是否正确呢？
en:sprinkle:verb:1,sprinkle,verb,撒，洒,v 撒，洒；n 少量， 少数,/'sprɪŋkl/,/'sprɪŋkl/,Sprinkle the meat with salt and place in the pan.,给肉撒点盐，然后放进平锅里。
en:bronze:noun:2,bronze,noun,青铜， 青铜色， 古铜色； 青铜制品， 铜牌,n 青铜， 青铜色， 古铜色； 青铜制品， 铜牌,/brɑnz/,/brɒnz/,a bell cast in bronze,青铜浇铸的一口钟
en:conception:noun:2,conception,noun,思想， 观念， 概念； 构想， 设想； 怀孕,n 思想， 观念， 概念； 构想， 设想； 怀孕,/kən'sɛpʃən/,/kən'sepʃn/,the original conception of the book,此书最初的构想
en:municipal:adjective:3,municipal,adjective,市的， 市政的,adj 市的， 市政的,/mju'nɪsɪpl/,/mjuː'nɪsɪpl/,the municipal waste dump,城市垃圾场
en:detain:verb:2,detain,verb,拘留， 扣留； 留住， 耽搁,vt 拘留， 扣留； 留住， 耽搁,/dɪ'ten/,/dɪ'teɪn/,Two suspects have been detained by the police for questioning .,两名嫌疑人被警方拘留审问。
en:institute:noun:2,institute,noun,研究所，学院,n 研究所，学院；vt 建立， 设立,/'ɪnstɪtut/,/'ɪnstɪtjuːt/,research institutes,研究所
en:endure:verb:2,endure,verb,忍受， 容忍； 持久， 持续,v 忍受， 容忍； 持久， 持续,/ɪn'dʊr/,/ɪn'djuə/,It seemed impossible that anyone could endure such pain.,似乎谁都不可能忍受这样的疼痛。
en:detail:noun:2,detail,noun,细节，枝节；零件,n 细节，枝节；零件；vt 详细说明,/dɪˈtel/,/'diːteɪl/,This issue will be discussed in more detail in Chapter 5.,这个问题将在第五章里作更为详细的论述。
en:subculture:noun:1,subculture,noun,亚文化,n 亚文化,/'sʌbkʌltʃɚ/,/'sʌbkʌltʃə/,the drug subculture of the inner city,旧城区的吸毒亚文化群
en:appropriate:adjective:2,appropriate,adjective,适当的，恰当的,adj 适当的，恰当的；vt 私吞； 拨款供专用,/əˈproprɪət;(for v.) əˈproprɪet/,/ə'prəupriət/,The timing of the announcement was particularly appropriate .,通告发布的时机很合适。
en:criterion:noun:2,criterion,noun,标准， 准则,n 标准， 准则,/kraɪˈtɪriən/,/kraɪ'tɪəriən/,the criteria we use to select candidates,我们挑选候选人的标准
en:essence:noun:2,essence,noun,本质， 实质， 要素； 精髓， 精华,n 本质， 实质， 要素； 精髓， 精华,/'ɛsns/,/'esns/,In essence his message was very simple.,实质上他想表达的意思很简单。
en:pore:verb:1,pore,verb,仔细阅读， 审视,vi 仔细阅读， 审视；n 毛孔，细孔,/pɔr/,/pɔː/,We spent hours poring over travel brochures.,我们花了几个小时仔细研究旅游宣传册。
en:utility:noun:1,utility,noun,效用， 有用,n 效用， 有用,/ju'tɪləti/,/juː'tɪləti/,It’s a simple shareware utility that allows you to print signs and banners.,这是个简单的共享应用软件，你可以用它来打印标牌和横幅。
en:manual:adjective:2,manual,adjective,用手的，手工做的,adj 用手的，手工做的；n 手册， 指南,/'mænjuəl/,/'mænjuəl/,People in manual occupations have a lower life expectancy.,干体力活的人预期寿命较短。
en:maneuver:verb:1,maneuver,verb,设法变动位置； 用策略， 耍花招,vi 设法变动位置； 用策略， 耍花招；n 谨慎而熟练的动作；策略，花招；演习；vt 设法使变动位置；操纵，控制,/mə'nʊvɚ; mə'njʊvɚ/,/mə'nuːvə/,,
en:symphony:noun:2,symphony,noun,交响乐， 交响曲； 和谐， 协调,n 交响乐， 交响曲； 和谐， 协调,/'sɪmfəni/,/'sɪmfəni/,Bruckner’s Fifth Symphony,布鲁克纳的《第五交响曲》
en:eloquent:adjective:2,eloquent,adjective,雄辩的， 口才流利的， 有说服力的； 明白显示出的,adj 雄辩的， 口才流利的， 有说服力的； 明白显示出的,/'ɛləkwənt/,/'eləkwənt/,an eloquent appeal for support,极具说服力的求助呼吁
en:optimistic:adjective:2,optimistic,adjective,乐观的， 乐观主义的,adj 乐观的， 乐观主义的,"/,ɑptɪ'mɪstɪk/",/ˌɒptɪ'mɪstɪk/,Andrew took a more optimistic view.,安德鲁抱有更为乐观的想法。
en:dual:adjective:1,dual,adjective,双的， 两重的,adj 双的， 两重的,/'dʊəl/,/'djuːəl/,a dual system of education,二元[双元]教育体系
en:submarine:adjective:1,submarine,adjective,水底的， 海底的,adj 水底的， 海底的；n 潜水艇,"/,sʌbmə'rin/",/ˌsʌbmə'riːn/,submarine plant life,海生植物
en:aspect:noun:2,aspect,noun,方面； 朝向、 方向； 样子， 外表,n 方面； 朝向、 方向； 样子， 外表,/'æspɛkt/,/'æspekt/,a south-facing aspect,朝南方向
en:aggressive:adjective:2,aggressive,adjective,侵略的， 好斗的； 敢作敢为的； 有进取心的,adj 侵略的， 好斗的； 敢作敢为的； 有进取心的,/ə'ɡrɛsɪv/,/ə'gresɪv/,Jim’s voice became aggressive.,吉姆的声音凶了起来。
en:stump:verb:1,stump,verb,脚步沉重地走,vi 脚步沉重地走；n 树桩；残根，残余部分；vt 把…难住，使为难；在…做巡回演说,/stʌmp/,/stʌmp/,an old tree stump,老树墩
en:behavior:noun:1,behavior,noun,行为， 举止， 表现,n 行为， 举止， 表现,/bɪ'hevjɚ/,/bɪ'heɪvjə/,dynamic behavior,动态行为；动态特性；能动行为
en:federation:noun:1,federation,noun,联合会； 联邦,n 联合会； 联邦,/'fɛdə'reʃən/,/ˌfedə'reɪʃn/,the National Federation of Women’s Institutes,〔英国及英联邦国家〕妇女协会全国联合会
en:minimize:verb:2,minimize,verb,使减少到最低限度； 极力贬低， 对…作最低估计,vt 使减少到最低限度； 极力贬低， 对…作最低估计,/'mɪnɪmaɪz/,/'mɪnɪmaɪz/,Concerned people want to minimize the risk of developing cancer.,忧心忡忡的人们想把患上癌症的风险降到最低。
en:descend:verb:1,descend,verb,下来，下降,vi 下来，下降；vt 走下， 爬下,/dɪ'sɛnd/,/dɪ'send/,Our plane started to descend.,我们的飞机开始下降。
en:signify:verb:3,signify,verb,有重要性,vi 有重要性；vt 表示…的意思，意味，预示,/'sɪɡnɪfaɪ/,/'sɪgnɪfaɪ/,These figures don’t really signify in the overall results.,这些数字对于总体结果影响不是很大。
en:logical:adjective:1,logical,adjective,逻辑的， 合乎常理的,adj 逻辑的， 合乎常理的,/'lɑdʒɪkl/,/'lɒdʒɪkl/,"It’s a logical site for a new supermarket, with the housing development nearby.",附近有住宅区，新的超级市场选址在此是合情合理的。
en:reconciliation:noun:1,reconciliation,noun,和解， 调和,n 和解， 调和,"/,rɛkənsɪlɪ'eʃən/",/ˌrekənsɪli'eɪʃn/,Her ex-husband had always hoped for a reconciliation.,她的前夫一直想和她重归于好。
en:weird:adjective:1,weird,adjective,古怪的， 离奇的； 怪诞的， 神秘而可怕的,adj 古怪的， 离奇的； 怪诞的， 神秘而可怕的,/wɪrd/,/wɪəd/,A really weird thing happened last night.,昨晚发生了一件非常奇怪的事。
en:characterize:verb:2,characterize,verb,成为…的特征， 以…为特征； 描绘的特性， 描述,vt 成为…的特征， 以…为特征； 描绘的特性， 描述,/'kærəktə'raɪz/,/'kærəktəraɪz/,Bright colours characterize his paintings.,明亮的色彩是他绘画作品的特点。
en:descent:noun:3,descent,noun,下降， 下倾； 斜坡， 坡道； 血统， 世系,n 下降， 下倾； 斜坡， 坡道； 血统， 世系,/dɪ'sɛnt/,/dɪ'sent/,Passengers must fasten their seat belts prior to descent.,乘客在飞机降落之前必须系好安全带。
en:ridiculous:adjective:2,ridiculous,adjective,荒谬的， 可笑的,adj 荒谬的， 可笑的,/rɪ'dɪkjələs/,/rɪ'dɪkjələs/,That’s a ridiculous idea!,那主意很荒唐！
en:turbulent:adjective:2,turbulent,adjective,动荡的， 混乱的； 汹涌的， 狂暴的,adj 动荡的， 混乱的； 汹涌的， 狂暴的,/'tɝbjələnt/,/'tɜːbjələnt/,the turbulent times of the French Revolution,法国大革命的动荡时期
en:overt:adjective:1,overt,adjective,公开的， 不隐蔽的,adj 公开的， 不隐蔽的,/o'vɝt/,/əu'vɜːt/,an overt attempt to silence their political opponents,他们想压制政敌言论的明显企图
en:refute:verb:1,refute,verb,驳斥， 驳倒,vt 驳斥， 驳倒,/ri'fjʊt/,/rɪ'fjuːt/,It was the kind of rumour that it is impossible to refute.,这是那种不可能推翻的谣言。
en:precedent:noun:2,precedent,noun,先例， 范例； 【法】 判例； 惯例,n 先例， 范例； 【法】 判例； 惯例,/'prɛsɪdənt/,/'presɪdənt/,a legal precedent,判例
en:severe:adjective:2,severe,adjective,严重的； 严厉的， 严格的； 严峻的， 艰难的； 朴素的， 不加装饰的,adj 严重的； 严厉的， 严格的； 严峻的， 艰难的； 朴素的， 不加装饰的,/səˈvɪr/,/sɪ'vɪə/,His injuries were quite severe.,他的伤势很严重。
en:emerge:verb:3,emerge,verb,出现， 涌现， 冒出,vi 出现， 涌现， 冒出,/ɪ'mɝdʒ/,/i'mɜːdʒ/,The flowers emerge in the spring.,花儿在春天开放。
en:exemplify:verb:2,exemplify,verb,是…的典型； 例示， 举例证明,vt 是…的典型； 例示， 举例证明,/ɪɡ'zɛmplɪfaɪ/,/ɪg'zemplɪfaɪ/,The building exemplifies the style of architecture which was popular at the time.,这栋大楼代表了当时流行的建筑风格。
en:lease:noun:2,lease,noun,租约，租契,n 租约，租契；vt 出租； 租得， 租有,/lis/,/liːs/,The landlord refused to renew his lease.,房东拒绝和他续签租约。
en:exploit:verb:2,exploit,verb,剥削； 利用； 开拓,vt 剥削； 利用； 开拓；n 业绩， 功绩,/ɛksplɔɪt; ɪkˈsplɔɪt/,/ˈeksplɔɪt;ɪkˈsplɔɪt/,Homeworkers can easily be exploited by employers.,在家工作的人容易被雇主剥削。
en:slap:verb:2,slap,verb,掴，掌击，拍；啪的一声放,vt 掴，掌击，拍；啪的一声放；n 掴， 掌击， 拍,/slæp/,/slæp/,Sarah slapped Aaron across the face.,萨拉在阿龙的脸上掴了一巴掌。
en:anniversary:noun:2,anniversary,noun,周年,n 周年,"/,ænɪ'vɝsəri/",/ˌænɪ'vɜːsəri/,Jack and Kim celebrated their twentieth wedding anniversary in January.,1月，杰克和金庆祝了他们的结婚20周年纪念日。
en:register:verb:1,register,verb,登记， 注册； 指示， 自动记下； 表示， 表达； 注意到， 记住； 把挂号,v 登记， 注册； 指示， 自动记下； 表示， 表达； 注意到， 记住； 把挂号；n 登记，注册；登记表，注册簿,/'rɛdʒɪstɚ/,/'redʒɪstə/,The tanker is registered in Rotterdam.,这艘油轮是在鹿特丹登记的。
en:communicate:verb:1,communicate,verb,通讯， 交际， 交流； 连接， 相通； 传达， 传播； 传染,v 通讯， 交际， 交流； 连接， 相通； 传达， 传播； 传染,/kə'mjunɪket/,/kə'mjuːnɪkeɪt/,A baby communicates its needs by crying.,婴儿用哭来表达需要。
en:evidence:noun:1,evidence,noun,根据， 证据； 证人,n 根据， 证据； 证人,/'ɛvɪdəns/,/'evɪdəns/,Murrow’s evidence was enough to convict Hayes of murder.,默罗的证词足以证明海斯犯了谋杀罪。
en:jerk:verb:2,jerk,verb,猝然一动，猛拉,v 猝然一动，猛拉；n 急推， 急拉， 急扭,/dʒɝk/,/dʒɜːk/,Wilcox jerked his head to indicate that they should move on.,威尔科克斯扭扭头，示意他们该走了。
en:fling:verb:2,fling,verb,扔，掷；使扑，使投身,vt 扔，掷；使扑，使投身；n 尽情欢乐的一阵， 一时的放纵,/flɪŋ/,/flɪŋ/,He flung his coat over the back of a chair.,他把外套扔在椅背上。
en:stun:verb:1,stun,verb,使震惊， 使目瞪口呆； 把…打昏， 使昏迷,vt 使震惊， 使目瞪口呆； 把…打昏， 使昏迷,/stʌn/,/stʌn/,Redfern stunned the crowd with a last-minute goal.,雷德芬在最后一分钟进球，使观众很是震惊。
en:acid:adjective:1,acid,adjective,酸的， 酸性的； 尖刻的， 刻薄的,adj 酸的， 酸性的； 尖刻的， 刻薄的；n 酸,/'æsɪd/,/'æsɪd/,a juicy apple with a slightly acid flavour,一个多汁、略带酸味的苹果
en:autonomy:noun:1,autonomy,noun,自治， 自治权； 人身自由， 自主权,n 自治， 自治权； 人身自由， 自主权,/ɔ'tɑnəmi/,/ɔː'tɒnəmi/,campaigners who want greater autonomy for Corsica,希望科西嘉有更多自治权的活动家
en:transmission:noun:2,transmission,noun,传播， 发射； 传送， 传递； 传染,n 传播， 发射； 传送， 传递； 传染,/træns'mɪʃən/,/trænz'mɪʃn/,worldwide data transmission,全球数据传输
en:blush:noun:1,blush,noun,脸红,n&vi 脸红,/blʌʃ/,/blʌʃ/,Wilson saw she was watching him and blushed.,威尔逊看到她在注视着自己，不由得脸红了。
en:dubious:adjective:1,dubious,adjective,怀疑的， 犹豫不决的， 无把握的； 有问题的； 靠不住的,adj 怀疑的， 犹豫不决的， 无把握的； 有问题的； 靠不住的,/'dubɪəs/,/'djuːbjəs/,The firm was accused of dubious accounting practices.,该公司被指控有不诚实的会计行为。
en:intuition:noun:1,intuition,noun,直觉； 由直觉获知的信息,n 直觉； 由直觉获知的信息,"/,ɪntu'ɪʃən/",/ˌɪntju'ɪʃn/,feminine intuition,女性的直觉
en:artillery:noun:1,artillery,noun,火炮， 大炮； 炮兵,n 火炮， 大炮； 炮兵,/ɑr'tɪləri/,/ɑː'tɪləri/,"Using tanks and heavy artillery, they seized the town.",他们使用坦克和重炮攻下了这座城市。
en:educational:adjective:1,educational,adjective,教育的， 教育性的,adj 教育的， 教育性的,"/,ɛdʒu'keʃənl/",/ˌedʒu'keɪʃənl/,the educational development of children,儿童的教育发展
en:pose:verb:3,pose,verb,造成，引起；提出，陈述；摆姿势；假装，冒充，装腔作势,v 造成，引起；提出，陈述；摆姿势；假装，冒充，装腔作势；n 样子， 姿势,/poz/,/pəuz/,Rising unemployment is posing serious problems for the administration.,失业率上升正在给政府造成严重的问题。
en:finite:adjective:2,finite,adjective,有限的， 有限制的； 限定的,adj 有限的， 有限制的； 限定的,/'faɪnaɪt/,/'faɪnaɪt/,the earth’s finite resources,地球有限的资源
en:amend:verb:2,amend,verb,修改，修订，改进,vt 修改，修订，改进；n 赔罪， 赔偿,/ə'mɛnd/,/ə'mend/,The law was amended to include women.,该法律经修改把女性也包括在内。
en:erupt:verb:2,erupt,verb,喷发， 喷出； 爆发， 突然发生,vi 喷发， 喷出； 爆发， 突然发生,/ɪ'rʌpt/,/ɪ'rʌpt/,Violence erupted after police shot a student during the demonstration.,警察向示威人群中的一名学生开枪，暴乱随之发生。
en:exquisite:adjective:1,exquisite,adjective,精美的， 精致的； 敏锐的， 有高度鉴赏力的； 剧烈的， 感觉强烈的,adj 精美的， 精致的； 敏锐的， 有高度鉴赏力的； 剧烈的， 感觉强烈的,/ɪk'skwɪzɪt/,/ɪk'skwɪzɪt/,the most exquisite craftsmanship,最精美的工艺
en:collide:verb:3,collide,verb,碰撞， 互撞； 冲突， 抵触,vi 碰撞， 互撞； 冲突， 抵触,/kə'laɪd/,/kə'laɪd/,A car and a van collided on the motorway.,一辆汽车和一辆小型货车在高速公路上相撞了。
en:remedy:noun:1,remedy,noun,补救办法，纠正办法；药品，治疗法,n 补救办法，纠正办法；药品，治疗法；vt 补救， 纠正； 医治， 治疗,/'rɛmədi/,/'remədi/,The problems in our schools do not have a simple remedy.,我们学校的问题没有简单的解决办法。
en:cardinal:adjective:1,cardinal,adjective,最重要的； 基本的,adj 最重要的； 基本的；n 红衣主教；【数】基数,/'kɑrdɪnl/,/'kɑːdɪnl/,Having clean hands is one of the cardinal rules when preparing food.,双手洁净是准备食物时的一项最基本要求。
en:consent:noun:2,consent,noun,同意， 赞成,n&vi 同意， 赞成,/kən'sɛnt/,/kən'sent/,The chairman was elected by common consent (= with most people agreeing ) .,主席是大家一致推选出来的。
en:insist:verb:1,insist,verb,坚持； 坚持要求； 坚决认为,v 坚持； 坚持要求； 坚决认为,/ɪn'sɪst/,/ɪn'sɪst/,Stay for supper – I insist!,留下来吃晚餐——一定的！
en:fusion:noun:1,fusion,noun,联合， 合并； 核聚变,n 联合， 合并； 核聚变,/'fjʊʒən/,/'fjuːʒn/,Her work is a fusion of several different styles.,她的作品是几种不同风格的融合。
en:volume:noun:1,volume,noun,卷， 册， 书卷； 容积， 体积； 音量， 响度,n 卷， 册， 书卷； 容积， 体积； 音量， 响度,/'vɑljum/,/'vɒljuːm/,the volume of trade,贸易量
en:mutual:adjective:1,mutual,adjective,相互的； 共同的,adj 相互的； 共同的,/'mjutʃuəl/,/'mjuːtʃuəl/,"I didn’t like Dev, and the feeling seemed to be mutual.",我不喜欢德夫，他好像也不喜欢我。
en:therefore:adverb:1,therefore,adverb,因此， 所以,adv 因此， 所以,/'ðɛrfɔr/,/'ðeəfɔː/,Their car was bigger and therefore more comfortable.,他们的车大些，所以更舒适些。
en:exchange:noun:1,exchange,noun,交换； 交流； 兑换,n&vt 交换； 交流； 兑换,/ɪks'tʃendʒ/,/ɪks'tʃeɪndʒ/,Four of my cassettes for your Madonna CD is a fair exchange.,我用四盒磁带换你的麦当娜激光唱片很公平。
en:indignant:adjective:1,indignant,adjective,愤怒的， 愤慨的， 义愤的,adj 愤怒的， 愤慨的， 义愤的,/ɪn'dɪɡnənt/,/ɪn'dɪgnənt/,an indignant reply,愤慨的回复
en:hesitate:verb:3,hesitate,verb,犹豫， 踌躇， 含糊； 不情愿,vi 犹豫， 踌躇， 含糊； 不情愿,/ˈhɛzətet/,/'hezɪteɪt/,Some parents hesitate to take these steps because they suspect that their child is exaggerating.,一些家长迟迟不肯采取这些措施，因为他们怀疑自己的孩子在夸大其词。
en:decimal:adjective:2,decimal,adjective,十进位的,adj 十进位的；n 小数,/'dɛsɪml/,/'desɪml/,changing to a decimal system,改为十进制
en:cynical:adjective:1,cynical,adjective,愤世嫉俗的， 怀疑的,adj 愤世嫉俗的， 怀疑的,/'sɪnɪkl/,/'sɪnɪkl/,a cynical view of human nature,认为人性本恶的一种观点
en:ventilate:verb:3,ventilate,verb,使通风； 把…公开， 公开讨论,vt 使通风； 把…公开， 公开讨论,/'vɛntɪlet/,/'ventɪleɪt/,Ventilate the room properly when stripping paint.,在刮漆的时候要适当地使房间通风。
en:scoop:verb:1,scoop,verb,舀出； 抢在之前报道新闻,v 舀出； 抢在之前报道新闻；n 勺子；抢先报道的新闻,/skup/,/skuːp/,Time and again we have scooped our rivals.,我们一再抢在对手之前登出报道。
en:companion:noun:1,companion,noun,同伴， 共事者； 伴侣,n 同伴， 共事者； 伴侣,/kəm'pænɪən/,/kəm'pæniən/,For ten years he had been her constant companion .,十年来他一直陪伴她左右。
en:culminate:verb:1,culminate,verb,告终,vi 告终,/'kʌlmɪnet/,/'kʌlmɪneɪt/,"They had an argument, which culminated in Tom getting drunk.",他们发生了争论，结果导致汤姆喝醉了酒。
en:breakdown:noun:2,breakdown,noun,垮台， 破裂； 衰竭， 衰弱； 损坏， 故障； 明细， 清单,n 垮台， 破裂； 衰竭， 衰弱； 损坏， 故障； 明细， 清单,/'brek'daʊn/,/'breɪkdaun/,Always carry a phone with you in case you have a breakdown on the motorway.,一定要随身带电话，以防汽车在高速公路上抛锚。
en:directory:noun:2,directory,noun,人名地址录； 工商行名录； 号码簿,n 人名地址录； 工商行名录； 号码簿,/dəˈrɛktəri; (also) daɪˈrɛktəri/,/də'rektəri/,I couldn’t find your number in the telephone directory.,我在电话簿上找不到你的电话号码。
en:behave:verb:1,behave,verb,表现，举止；运转，做出反应,vi 表现，举止；运转，做出反应；vt 检点自己的行为,/bɪ'hev/,/bɪ'heɪv/,She behaved in a very responsible way .,她表现得很有责任心。
en:accomplish:verb:2,accomplish,verb,达到， 完成,vt 达到， 完成,/ə'kɑmplɪʃ/,/ə'kʌmplɪʃ/,We have accomplished all we set out to do.,所有计划要做的事情，我们都已完成。
en:strand:noun:1,strand,noun,股，缕；一个组成部分,n 股，缕；一个组成部分；vt 使搁浅,/strænd/,/strænd/,She tried to blow a grey strand of hair from her eyes.,她试图吹开眼前的一缕白发。
en:constituent:adjective:2,constituent,adjective,组成的， 构成的,adj 组成的， 构成的；n 选民，选区居民；成分，组成；配料,/kən'stɪtʃuənt/,/kən'stɪtjuənt/,the EU and its constituent members,欧盟及其成员国
en:engine:noun:1,engine,noun,引擎， 发动机； 机车,n 引擎， 发动机； 机车,/'ɛndʒɪn/,/'endʒɪn/,Is the engine running smoothly?,发动机运转平稳吗？
en:irritate:verb:3,irritate,verb,使恼怒， 使烦躁； 使不适， 使疼痛,vt 使恼怒， 使烦躁； 使不适， 使疼痛,/'ɪrɪtet/,/'ɪrɪteɪt/,It really irritates me when he doesn’t help around the house.,家里的事情他一点都不帮忙，真让我恼火。
en:scope:noun:2,scope,noun,范围； 余地， 机会,n 范围； 余地， 机会,/skop/,/skəup/,measures to limit the scope of criminals’ activities,限制罪犯活动范围的措施
en:responsible:adjective:2,responsible,adjective,需负责任的， 承担责任的； 有责任感的， 负责可靠的； 责任重大的， 重要的,adj 需负责任的， 承担责任的； 有责任感的， 负责可靠的； 责任重大的， 重要的,/rɪ'spɑnsəbl/,/rɪ'spɒnsəbl/,We are determined to bring the people responsible to justice.,我们决意要将肇事者绳之以法。
en:linen:noun:1,linen,noun,日用织品； 亚麻织品， 亚麻布,n 日用织品； 亚麻织品， 亚麻布,/'lɪnɪn/,/'lɪnɪn/,bed linen,床单
en:expectancy:noun:1,expectancy,noun,预料； 期待； 盼望,n 预料； 期待； 盼望,/ɪk'spɛktənsi/,/ɪk'spektənsi/,I saw the look of expectancy in the children’s eyes.,我从孩子们的眼神中看到了期盼。
en:illuminate:verb:3,illuminate,verb,照明， 照亮； 阐明， 启发,vt 照明， 照亮； 阐明， 启发,/ɪ'lumɪnet/,/ɪ'ljuːmɪneɪt/,A single candle illuminated his face.,一支蜡烛照亮了他的脸。
en:liner:noun:2,liner,noun,衬里； 大客轮,n 衬里； 大客轮,/'laɪnɚ/,/'laɪnə/,a dustbin liner,垃圾袋
en:identify:verb:2,identify,verb,认出， 鉴定； 把…等同于,vt 认出， 鉴定； 把…等同于,/aɪ'dɛntɪfaɪ/,/aɪ'dentɪfaɪ/,He was too far away to be able to identify faces.,他离得太远，没法看面孔认出谁是谁。
en:citizenship:noun:1,citizenship,noun,"公民的身份, 公民的职责和权力","n 公民的身份, 公民的职责和权力",/'sɪtɪzənʃɪp/,/'sɪtɪzənʃɪp/,McGuirk holds dual citizenship (= the legal right of being a citizen in two countries ) in Ireland and the US.,麦吉尔克拥有爱尔兰和美国的双重国籍。
en:label:noun:1,label,noun,标签，标记，符号,n 标签，标记，符号；vt 贴标签于； 把…称为,/ˈlebəl/,/'leɪbl/,a luggage label,行李标签
en:slippery:adjective:1,slippery,adjective,滑的； 狡猾的,adj 滑的； 狡猾的,/'slɪpəri/,/'slɪpəri/,"In places, the path can be wet and slippery.",路上有些地方可能又湿又滑。
en:forum:noun:2,forum,noun,论坛， 讨论会； 专题讨论节目,n 论坛， 讨论会； 专题讨论节目,/'fɔrəm/,/'fɔːrəm/,Members of the council agreed that was an important forum for discussion.,理事会成员们一致认为那是一个用于讨论的重要论坛。
en:contempt:noun:1,contempt,noun,轻视， 蔑视,n 轻视， 蔑视,/kən'tɛmpt/,/kən'tempt/,The public is treated with contempt by broadcasters.,公众受到了节目主持人的轻蔑对待。
en:modify:verb:2,modify,verb,更改， 修改； 修饰,vt 更改， 修改； 修饰,/'mɑdɪfaɪ/,/'mɒdɪfaɪ/,The feedback will be used to modify the course for next year.,这些反馈意见将用于修改明年的课程。
en:environment:noun:1,environment,noun,环境； 外界； 围绕,n 环境； 外界； 围绕,/ɪn'vaɪrənmənt/,/ɪn'vaɪrənmənt/,Some of these chemicals are very damaging to the environment.,这些化学品中有些对环境非常有害。
en:clone:verb:1,clone,verb,无性繁殖， 克隆,v 无性繁殖， 克隆；n 无性繁殖系，克隆；复制品，翻版,/klon/,/kləun/,The idea of cloning extinct life forms still belongs to science fiction.,对绝种的生命形式进行克隆的想法仍然属于科学幻想。
en:betray:verb:1,betray,verb,背叛， 出卖； 失信于， 辜负； 泄露； 暴露， 显露,vt 背叛， 出卖； 失信于， 辜负； 泄露； 暴露， 显露,/bɪ'tre/,/bɪ'treɪ/,He felt that she had betrayed him.,他感觉她背叛了自己。
en:progressive:adjective:1,progressive,adjective,前进的； 渐进的； 进行式的,adj 前进的； 渐进的； 进行式的,/prə'ɡrɛsɪv/,/prə'gresɪv/,a progressive administration,进步的政府
en:pledge:noun:2,pledge,noun,保证，誓言,n 保证，誓言；vt 保证， 许诺,/plɛdʒ/,/pledʒ/,The meeting ended with a pledge to step up cooperation between the six states of the region.,会议以加快该地区6个州之间合作的承诺结束。
en:exempt:adjective:1,exempt,adjective,被免除的， 被豁免的,adj 被免除的， 被豁免的；vt 免除，豁免,/ɪg'zɛmpt/,/ɪg'zempt/,Men in college were exempt from military service.,在校男大学生免服兵役。
en:deliberate:adjective:3,deliberate,adjective,故意的， 蓄意的； 慎重的， 深思熟虑的,adj 故意的， 蓄意的； 慎重的， 深思熟虑的；v 仔细考虑， 思考,/dɪ'lɪbərət/,/dɪ'lɪb(ə)rət/,a deliberate attempt to humiliate her,对她的故意羞辱
en:physiological:adjective:1,physiological,adjective,生理的， 生理学的,adj 生理的， 生理学的,"/,fɪzɪə'lɑdʒɪkl/",/ˌfɪziə'lɒdʒɪkl/,"If so, this would add to a growing list of physiological and biological markers of sexual orientation.",如果是这样，这可能会给生理和生物学上的性取向标记增加一长串名单。
en:shaft:noun:2,shaft,noun,柄， 杆； 束， 光线； 轴； 竖井， 升降井,n 柄， 杆； 束， 光线； 轴； 竖井， 升降井,/ʃæft/,/ʃɑːft/,a drive shaft,驱动轴
en:aesthetic:adjective:1,aesthetic,adjective,美学的， 审美的； 悦目的， 雅致的,adj 美学的， 审美的； 悦目的， 雅致的,/esˈθetɪk; ɛsˈθɛtɪk/,/iːs'θetɪk/,"From an esthetic point of view, it’s a nice design.",从美学角度看，这是个不错的设计。
en:atmosphere:noun:2,atmosphere,noun,大气， 空气； 气氛， 环境,n 大气， 空气； 气氛， 环境,/'ætməsfɪr/,/'ætməsfɪə/,The hotel had a lovely relaxed atmosphere .,那家宾馆的气氛轻松愉快。
en:decorate:verb:1,decorate,verb,装饰， 装潢， 修饰,vt 装饰， 装潢， 修饰,/'dɛkəret/,/'dekəreɪt/,The bathroom is decorated in green and yellow.,浴室里是用绿色和黄色装潢的。
en:electrician:noun:2,electrician,noun,电工， 电气技师,n 电工， 电气技师,/ɪ'lɛk'trɪʃən/,/ɪˌlek'trɪʃn/,She said she would find an electrician for us.,她说她要给我们找一个电工技师。
en:occupation:noun:2,occupation,noun,占领， 占据； 职业； 从事的活动， 消遣,n 占领， 占据； 职业； 从事的活动， 消遣,"/,ɑkju'peʃən/",/ˌɒkju'peɪʃn/,"Please state your name, address and occupation.",请写明你的姓名、地址和职业。
en:tendency:noun:1,tendency,noun,趋向， 趋势， 倾向,n 趋向， 趋势， 倾向,/'tɛndənsi/,/'tendənsi/,children with aggressive or anti-social tendencies,具有攻击性倾向或反社会倾向的儿童
en:release:noun:1,release,noun,释放， 排放； 解除， 解脱； 放开， 松开； 发布； 发行,n&vt 释放， 排放； 解除， 解脱； 放开， 松开； 发布； 发行,/rɪ'lis/,/rɪ'liːs/,"Police arrested several men, who were later released.",警察逮捕了几个人，后来都释放了。
en:caption:noun:1,caption,noun,说明文字， 字幕,n 说明文字， 字幕,/'kæpʃən/,/'kæpʃn/,"The local paper featured me standing on a stepladder with a caption, ""Wendy climbs the ladder to success.""",当地的报纸刊登了一幅我站在活梯上的特写，下面写着：“温迪登上了成功之梯。”
en:hardy:adjective:2,hardy,adjective,能吃苦耐劳的， 坚强的； 耐寒的,adj 能吃苦耐劳的， 坚强的； 耐寒的,,/'hɑːdi/,hardy mountain goats,能适应恶劣环境的石山羊
en:purify:verb:2,purify,verb,使纯净， 提纯； 使纯洁,vt 使纯净， 提纯； 使纯洁,/'pjʊrɪfaɪ/,/'pjuərɪfaɪ/,chemicals used to purify the water,用于净化水质的化学品
en:toll:verb:1,toll,verb,敲,v 敲；n 过路费，过桥费；伤亡人数，损失,/tol/,/təul/,Church bells tolled and black flags fluttered.,教堂丧钟敲响了，黑旗飘动着。
en:variation:noun:2,variation,noun,变化， 变动， 变异； 变奏,n 变化， 变动， 变异； 变奏,"/,vɛrɪ'eʃən/",/ˌveəri'eɪʃn/,Most of his poems are variations on the theme of love.,他的大部分诗作都是有关爱情主题的形式不同的作品。
en:moral:adjective:1,moral,adjective,道德的，有道德的,adj 道德的，有道德的；n 品行， 道德规范； 寓意,/'mɔrəl/,/'mɒrəl/,It is easy to have an opinion on a moral issue like the death penalty for murder.,对于判谋杀犯死刑这种涉及伦理道德的问题，有个观点并非难事。
en:rig:verb:1,rig,verb,操纵，垄断；给装配帆及索具；用临时替代材料迅速搭起,vt 操纵，垄断；给装配帆及索具；用临时替代材料迅速搭起；n 船桅的装置， 成套器械,/rɪɡ/,/rɪg/,Some international observers have claimed the election was rigged.,一些国际观察员声称选举受到操纵。
en:eject:verb:2,eject,verb,驱逐， 逐出； 喷射， 排出； 弹出,vt 驱逐， 逐出； 喷射， 排出； 弹出,/ɪ'dʒɛkt/,/i'dʒekt/,Two engines cut out and the plane started to eject fuel as it lost height.,两个发动机突然熄火，飞机在下降的同时开始喷出燃料。
en:defect:verb:1,defect,verb,变节， 叛变,vi 变节， 叛变；n 缺点，缺陷，欠缺[dI'fekt],/‘dɪfɛkt/,/'diːfekt/,...a KGB officer who defected in 1963.,…一个1963年叛变的克格勃官员。
en:reinforce:verb:2,reinforce,verb,增强， 加强， 增援,vt 增强， 加强， 增援,"/,riɪn'fɔrs/",/ˌriːɪn'fɔːs/,The film reinforces the idea that women should be pretty and dumb.,这部影片强化了这个观点——女人要漂亮，而且要笨一些。
en:casual:adjective:1,casual,adjective,偶然的； 非正式的； 临时的， 不定期的； 漠不关心的， 冷淡的,adj 偶然的； 非正式的； 临时的， 不定期的； 漠不关心的， 冷淡的,/'kæʒʊəl/,/'kæʒuəl/,Jean felt more comfortable in casual clothes .,琼穿上便服感到更舒服。
en:slack:verb:1,slack,verb,懈怠， 懒散,vi 懈怠， 懒散；adj 懈怠的，马虎的；萧条的，清淡的，不活跃的；松的；n 松弛部分；宽松裤,/slæk/,/slæk/,He was accused of slacking and taking too many holidays.,他被指责工作不努力，休假太多。
en:rim:noun:2,rim,noun,边，缘,n 边，缘；vt 环绕边缘,/rɪm/,/rɪm/,She looked at him over the rim of her glass.,她沿玻璃杯口看着他。
en:property:noun:2,property,noun,财产， 所有物； 房产； 物业； 性质， 性能,n 财产， 所有物； 房产； 物业； 性质， 性能,/'prɑpɚti/,/'prɒpəti/,The hotel is not responsible for any loss or damage to guests’ personal property .,宾馆对住客个人财物的丢失和损坏概不负责。
en:rip:verb:2,rip,verb,扯破，撕坏,v 扯破，撕坏；n 裂口， 裂缝,/rɪp/,/rɪp/,Her clothes had all been ripped.,她的衣服都被撕破了。
en:outbreak:noun:2,outbreak,noun,爆发， 突然发生,n 爆发， 突然发生,/'aʊtbrek/,/'autbreɪk/,a cholera outbreak,霍乱的爆发
en:manipulate:verb:3,manipulate,verb,操纵， 控制； 影响； 操作， 使用,vt 操纵， 控制； 影响； 操作， 使用,/mə'nɪpjulet/,/mə'nɪpjuleɪt/,He was one of those men who manipulated people.,他是那种要摆布别人的人。
en:similar:adjective:1,similar,adjective,相似的， 类似的,adj 相似的， 类似的,/'sɪməlɚ/,/'sɪmələ/,We have similar tastes in music.,我们对音乐的品位相近。
en:contradict:verb:2,contradict,verb,反驳， 否认…的真实性； 与…发生矛盾， 与…抵触,vt 反驳， 否认…的真实性； 与…发生矛盾， 与…抵触,/'kɑntrə'dɪkt/,/ˌkɒntrə'dɪkt/,"Deborah opened her mouth to contradict, but closed it again.",黛博拉张口想要反驳，但又把嘴闭上了。
en:melody:noun:2,melody,noun,旋律， 曲调； 悦耳的音乐,n 旋律， 曲调； 悦耳的音乐,/'mɛlədi/,/'melədi/,They played some lovely melodies.,他们演奏了一些动听的曲子。
en:likelihood:noun:2,likelihood,noun,可能， 可能性,n 可能， 可能性,/'laɪklɪhʊd/,/'laɪklihud/,"If I refused, it would in all likelihood mean I’d lose my job.",如果我拒绝，那我十有八九会丢掉工作。
en:converge:verb:1,converge,verb,会合， 互相靠拢； 聚集， 集中； 趋近,vi 会合， 互相靠拢； 聚集， 集中； 趋近,/kən'vɝdʒ/,/kən'vɜːdʒ/,The two rivers converge into one near Pittsburgh.,这两条河在匹兹堡附近汇合。
en:compose:verb:1,compose,verb,组成， 构成； 创作， 为…谱曲； 使平静， 使镇静,vt 组成， 构成； 创作， 为…谱曲； 使平静， 使镇静,/kəm'poz/,/kəm'pəuz/,Barrington has composed the music for a new production of ‘A Midsummer Night’s Dream’.,巴林顿为新版的《仲夏夜之梦》谱了曲。
en:catholic:adjective:2,catholic,adjective,[C-]天主教的；普遍的，广泛的,adj [C-]天主教的；普遍的，广泛的；n [C-]天主教徒,/kæθəlɪk/,/'kæθlɪk/,She has catholic tastes (= likes a lot of different things ) .,她的兴趣非常广泛。
en:partial:adjective:1,partial,adjective,部分的； 不公平的； 偏爱的， 偏袒的,adj 部分的； 不公平的； 偏爱的， 偏袒的,/'pɑrʃəl/,/'pɑːʃl/,The exhibition was only a partial success.,那次展会只获得部分成功。
en:aid:noun:1,aid,noun,帮助，救护；助手，辅助手段,n 帮助，救护；助手，辅助手段；vt 帮助， 援助,/ed/,/eɪd/,Foreign aid from many countries poured into the famine area.,来自许多国家的救援物资纷纷送到饥荒地区。
en:supersonic:adjective:2,supersonic,adjective,超声的， 超音速的,adj 超声的， 超音速的,"/,supɚ'sɑnɪk/",/ˌsuːpə'sɒnɪk/,supersonic aircraft,超音速飞机
en:optimism:noun:3,optimism,noun,乐观， 乐观主义,n 乐观， 乐观主义,/'ɑptɪmɪzəm/,/'ɒptɪmɪzəm/,There are grounds for cautious optimism.,有理由保持谨慎乐观。
en:confident:adjective:1,confident,adjective,确信的， 肯定的； 自信的,adj 确信的， 肯定的； 自信的,/'kɑnfɪdənt/,/'kɒnfɪdənt/,"Despite her disability, Philippa is very confident.",菲莉帕虽然有残疾，却很自信。
en:retain:verb:1,retain,verb,保留， 保持,vt 保留， 保持,/rɪ'ten/,/rɪ'teɪn/,You have the right to retain possession of the goods.,你有权保留这些物品。
en:drastic:adjective:2,drastic,adjective,严厉的， 极端的； 激烈的， 迅猛的,adj 严厉的， 极端的； 激烈的， 迅猛的,/'dræstɪk/,/'dræstɪk/,drastic cuts in government spending,政府开支的急剧削减
en:epoch:noun:2,epoch,noun,时期， 时代,n 时期， 时代,/'ɛpək/,/'iːpɒk/,the Victorian epoch,维多利亚时代
en:saleable:adjective:1,saleable,adjective,适合销售的,adj 适合销售的,/'seləbl/,/'seɪləbl/,a saleable commodity,有销路的商品
en:crew:noun:2,crew,noun,全体船员； 一队工作人员,n 全体船员； 一队工作人员,/krʊ/,/kruː/,"The plane crashed, killing two of the crew and four passengers.",飞机坠毁，造成两名机组人员和四名乘客死亡。
en:manufacturer:noun:1,manufacturer,noun,制造商， 制造厂,n 制造商， 制造厂,"/,mænju'fæktʃərɚ/",/ˌmænju'fæktʃərə/,Read the manufacturer’s instructions before using your new dishwasher.,使用新洗碗机之前，请先阅读厂家的说明书。
en:defeat:noun:1,defeat,noun,战胜， 挫败,n&vt 战胜， 挫败,/dɪ'fit/,/dɪ'fiːt/,She was a woman who hated to admit defeat.,她是个不愿认输的女人。
en:valid:adjective:1,valid,adjective,有效的， 正当的； 有根据的， 有理的,adj 有效的， 正当的； 有根据的， 有理的,/'vælɪd/,/'vælɪd/,a valid credit card,有效信用卡
en:inertia:noun:2,inertia,noun,不活动， 惰性； 惯性,n 不活动， 惰性； 惯性,/ɪ'nɝʃə/,/ɪ'nɜːʃə/,political inertia,政治上的保守
en:encourage:verb:2,encourage,verb,鼓励， 怂恿； 促进， 助长， 激发,vt 鼓励， 怂恿； 促进， 助长， 激发,/ɪn'kɝrɪdʒ/,/ɪn'kʌrɪdʒ/,I want to thank everyone who has encouraged and supported me.,我要感谢每一位鼓励和支持过我的人。
en:vacuum:verb:1,vacuum,verb,收集； 用真空吸尘器打扫,v 收集； 用真空吸尘器打扫；n 真空；真空吸尘器,/'vækjʊəm/,/'vækjuəm/,I vacuumed the carpets today.,我今天用吸尘器清洁地毯了。
en:extravagant:adjective:2,extravagant,adjective,奢侈的； 过度的， 过分的， 放肆的,adj 奢侈的； 过度的， 过分的， 放肆的,/ɪk'strævəgənt/,/ɪk'strævəgənt/,Would it be too extravagant to buy both?,把两个都买下会不会太奢侈了？
en:accommodate:verb:2,accommodate,verb,容纳； 向…提供住处； 使适应， 顺应,vt 容纳； 向…提供住处； 使适应， 顺应,/ə'kɑmədet/,/ə'kɒmədeɪt/,He bought a huge house to accommodate his library.,他买了一座大房子来放他的藏书。
en:bubble:verb:1,bubble,verb,冒泡， 起泡， 沸腾,vi 冒泡， 起泡， 沸腾；n 泡，泡沫，水泡，气泡；幻想的计划,/'bʌbl/,/'bʌbl/,Heat the cheese until it bubbles.,把奶酪加热到冒泡。
en:morality:noun:2,morality,noun,道德， 道德性； 德行， 品行； 道德观， 道德规则,n 道德， 道德性； 德行， 品行； 道德观， 道德规则,/məˈræləti/,/mə'ræləti/,...standards of morality and justice in society.,…社会中道德和正义的标准。
en:yield:verb:2,yield,verb,出产；让出，放弃；屈服，顺从；倒塌，垮掉,v 出产；让出，放弃；屈服，顺从；倒塌，垮掉；n 产量,/jild/,/jiːld/,Our research has only recently begun to yield important results.,直到最近我们的研究才开始取得重要成果。
en:electronic:adjective:1,electronic,adjective,电子的,adj 电子的；n 电子学； 电子设备,/ɪˌlɛkˈtrɑnɪk/,/ɪˌlek'trɒnɪk/,electronic games,电子游戏
en:transplant:verb:2,transplant,verb,移栽，移种；移植；使迁移，使移居,vt 移栽，移种；移植；使迁移，使移居；n 移植,/træns'plænt/,/træns'plɑːnt/,The operation to transplant a kidney is now fairly routine.,移植肾脏的手术如今相当常见。
en:terrace:noun:2,terrace,noun,排屋；地坪，草坪；,n 排屋；地坪，草坪；,/ˈtɛrəs/,/'terəs/,Some guests recline in deck chairs on the sea-facing terrace.,有些客人斜躺在朝海露台的躺椅上。
en:deficit:noun:2,deficit,noun,赤字， 亏空， 亏损,n 赤字， 亏空， 亏损,/'dɛfəsɪt/,/'defɪsɪt/,the country’s widening budget deficit,这个国家日益严重的预算赤字
en:sacred:adjective:1,sacred,adjective,神圣的； 宗教的； 神圣不可侵犯的,adj 神圣的； 宗教的； 神圣不可侵犯的,/'sekrɪd/,/'seɪkrɪd/,a sacred vow,神圣的誓言
en:cathedral:noun:1,cathedral,noun,大教堂,n 大教堂,/kə'θidrəl/,/kə'θiːdrəl/,St Paul’s Cathedral,圣保罗大教堂
en:elegant:adjective:3,elegant,adjective,优美的， 文雅的， 讲究的； 简练的， 简洁的,adj 优美的， 文雅的， 讲究的； 简练的， 简洁的,/'ɛləgənt/,/'elɪgənt/,"a tall, elegant young woman",身材高挑、举止优雅的年轻女子
en:synthesis:noun:2,synthesis,noun,综合； 合成,n 综合； 合成,/'sɪnθəsɪs/,/'sɪnθəsɪs/,speech synthesis software,语音合成软件
en:incidentally:adverb:3,incidentally,adverb,顺便提及地， 顺便提一句,adv 顺便提及地， 顺便提一句,"/,ɪnsɪ'dɛntli/",/ˌɪnsɪ'dentli/,"Incidentally, where were you born?",顺便问一下，你在哪儿出生的？
en:polar:adjective:2,polar,adjective,地极的， 近地极的； 磁极的； 正好相反的， 截然对立的,adj 地极的， 近地极的； 磁极的； 正好相反的， 截然对立的,/'polɚ/,/'pəulə/,"As our climate warms up, the polar ice caps will begin to melt.",随着地球气候逐渐变暖，极地的冰冠将开始融化。
en:shark:noun:2,shark,noun,鲨鱼； 勒索者， 诈骗者， 放高利贷的人,n 鲨鱼； 勒索者， 诈骗者， 放高利贷的人,/ʃɑrk/,/ʃɑːk/,Sharks were circling around our boat.,鲨鱼在我们的小船周围游弋。
en:linger:verb:3,linger,verb,继续逗留， 留恋徘徊， 继续存留； 缓慢消失,vi 继续逗留， 留恋徘徊， 继续存留； 缓慢消失,/'lɪŋɡɚ/,/'lɪŋgə/,a taste that lingers in your mouth,口中的余味
en:historian:noun:2,historian,noun,历史学家， 史学工作者,n 历史学家， 史学工作者,/hɪ'stɔrɪən/,/hɪ'stɔːriən/,The field of aesthetics presents an especially difficult problem to the historian.,美学领域向历史学家提出了一个格外困难的问题。
en:cumulative:adjective:2,cumulative,adjective,积累的， 渐增的,adj 积累的， 渐增的,/'kjumjəletɪv/,/'kjuːmjələtɪv/,Learning is a cumulative process.,学习是个逐渐积累的过程。
en:prototype:noun:2,prototype,noun,原型,n 原型,/'protə'taɪp/,/'prəutətaɪp/,How do you test the prototype of the vending machine?,你如何测试一个自动售货机的原型?。
en:overpass:noun:1,overpass,noun,天桥， 立交桥,n 天桥， 立交桥,/'ovɚpæs/,/'əuvəpɑːs/,"Two cargo trains slammed together at a rail intersection southwest of Cape Girardeau, derailing cars that then struck the support columns of a highway overpass.",两辆货运火车在开普吉拉多西南部的铁路交叉口发生碰撞，部分车厢脱轨，并撞毁了高速公路天桥的支撑柱。
en:species:noun:3,species,noun,种， 类,n 种， 类,/'spiʃiz/,/'spiːʃiːz/,Seven species of birds of prey have been observed.,已有七种猛禽被观察到。
en:slip:verb:1,slip,verb,滑跤，滑落，溜；下降，跌落；悄悄放进,v 滑跤，滑落，溜；下降，跌落；悄悄放进；n 疏漏， 差错,/slɪp/,/slɪp/,Ben slipped quietly out of the room.,本悄悄地溜出了房间。
en:temperament:noun:1,temperament,noun,气质， 性格,n 气质， 性格,/'tɛmprəmənt/,/'temprəmənt/,His impulsive temperament regularly got him into difficulties.,他容易冲动的性格经常使他陷入困境。
en:cite:verb:2,cite,verb,引用， 引证； 传唤， 传讯； 表彰， 嘉奖,vt 引用， 引证； 传唤， 传讯； 表彰， 嘉奖,/saɪt/,/saɪt/,The judge cited a 1956 Supreme Court ruling in her decision.,法官在她的判决中引用了1956年最高法院的一项裁决。
en:acquaintance:noun:2,acquaintance,noun,认识， 了解； 熟人,n 认识， 了解； 熟人,/ə'kwentəns/,/ə'kweɪntəns/,She was a casual acquaintance of my family in Vienna.,她是我们家在维也纳的一个交情不深的朋友。
en:moan:verb:1,moan,verb,呻吟，呜咽；抱怨，发牢骚,vi 呻吟，呜咽；抱怨，发牢骚；vt 抱怨；n 呻吟声， 呜咽声； 怨声， 牢骚,/mon/,/məun/,"‘I feel seasick already,’ she moaned.",“我已经开始晕船了。”她抱怨道。
en:quench:verb:2,quench,verb,止； 扑灭,vt 止； 扑灭,/kwɛntʃ/,/kwentʃ/,a desperate bid to quench the raging flames,为扑灭熊熊大火而不顾一切的努力
en:shed:verb:2,shed,verb,脱落，脱去；流出，流下；发出，散发,vt 脱落，脱去；流出，流下；发出，散发；n 棚， 小屋， 货棚,/ʃɛd/,/ʃed/,The company is planning to shed about a quarter of its workforce.,这家公司正计划裁减约四分之一的人员。
en:spice:noun:2,spice,noun,香料，调味品；趣味，情趣，风味,n 香料，调味品；趣味，情趣，风味；vt 使增添趣味； 加香料于,/spaɪs/,/spaɪs/,herbs and spices,香草和香料
en:rating:noun:1,rating,noun,等级， 品级， 评定结果； 收视率， 收听率,n 等级， 品级， 评定结果； 收视率， 收听率,/'retɪŋ/,/'reɪtɪŋ/,By the end of the year the Prime Minister’s approval rating (= how many people agreed with his policies ) had fallen as low as 12 percent.,到年底时，首相的支持率跌到了12%的低点。
en:assertive:adjective:1,assertive,adjective,断定的； 过分自信的,adj 断定的； 过分自信的,/ə'sɝtɪv/,/ə'sɜːtɪv/,Women have become more assertive in the past decade.,妇女在过去十年已变得更坚定自信。
en:autonomous:adjective:1,autonomous,adjective,自治的； 独立自主的,adj 自治的； 独立自主的,/ɔ'tɑnəməs/,/ɔː'tɒnəməs/,They proudly declared themselves part of a new autonomous province.,他们自豪地宣布自己是新自治省的一部分。
en:referee:verb:1,referee,verb,当裁判,vi 当裁判；n 裁判员；证明人，推荐人；仲裁者，调解者,"/,rɛfə'ri/",/ˌrefə'riː/,Vautrot has refereed in two World Cups.,沃特罗特已经在两届世界杯比赛中担任过裁判。
en:aerial:adjective:2,aerial,adjective,飞机的，航空的；空中的，架空的,adj 飞机的，航空的；空中的，架空的；n 天线,/'ɛrɪəl/,/'eərɪəl/,an aerial attack,空袭
en:trial:noun:1,trial,noun,试， 试验； 审判； 讨厌的人,n 试， 试验； 审判； 讨厌的人,/'traɪəl/,/'traɪəl/,The trial is due to start next week.,审理定于下周开始。
en:perception:noun:3,perception,noun,感知， 觉察； 认识， 观念， 看法,n 感知， 觉察； 认识， 观念， 看法,/pɚ'sɛpʃən/,/pə'sepʃn/,He is interested in how our perceptions of death affect the way we live.,他对我们的死亡观如何影响我们的生活方式感兴趣。
en:elapse:verb:2,elapse,verb,消逝， 过去,vi 消逝， 过去,/ɪ'læps/,/ɪ'læps/,Several months elapsed before his case was brought to trial.,过了几个月他的案子才开审。
en:symmetry:noun:2,symmetry,noun,对称； 匀称， 整齐,n 对称； 匀称， 整齐,/'sɪmətri/,/'sɪmətri/,...the incredible beauty and symmetry of a snowflake.,…雪花令人难以置信的美丽和对称。
en:visualize:verb:2,visualize,verb,想象； 设想,vt 想象； 设想,/'vɪʒuəlaɪz/,/'vɪʒuəlaɪz/,I tried to visualize the house while he was describing it.,我一边听他描述，一边想象那房子的样子。
en:reap:verb:2,reap,verb,收割， 收获； 获得， 得到,vt 收割， 收获； 获得， 得到,/rip/,/riːp/,You'll soon begin to reap the benefits of being fitter.,你很快就会获得身体更健康带来的好处。
en:insect:noun:1,insect,noun,昆虫， 虫,n 昆虫， 虫,/'ɪnsɛkt/,/'ɪnsekt/,an insect bite,昆虫的叮咬
en:presume:verb:2,presume,verb,擅自行事,vi 擅自行事；vt 推测，假定，相信；冒昧，擅自；认定，推定,/prɪ'zum/,/prɪ'zjuːm/,They're resentful that outsiders presume to meddle in their affairs.,他们对外人擅自干预他们的事务怨恨不已。
en:complement:noun:2,complement,noun,补充，互为补充的东西；编制名额；装备定额；补语['kɒmplɪm3nt],n 补充，互为补充的东西；编制名额；装备定额；补语['kɒmplɪm3nt]；vt 补充， 与…相配,/ˈkɑːmplɪment/,/'kɒmplɪmənt/,The green wallpaper is the perfect complement to the old pine of the dresser.,绿色墙纸是旧松木梳妆台的完美衬托。
en:cable:noun:2,cable,noun,缆，索，电缆，电报,n 缆，索，电缆，电报；vt 给… 发电报， 用电报传送,/'kebl/,/'keɪbl/,cables and switches for computers,电脑的缆线和开关
en:nasty:adjective:1,nasty,adjective,令人讨厌的， 令人厌恶的； 难弄的， 困难的； 严重的， 恶劣的， 险恶的； 下流的， 道德败坏的,adj 令人讨厌的， 令人厌恶的； 难弄的， 困难的； 严重的， 恶劣的， 险恶的； 下流的， 道德败坏的,/'næsti/,/'nɑːsti/,Life has a nasty habit of repeating itself.,生活总是令人厌烦地重复着。
en:intense:adjective:2,intense,adjective,强烈的； 紧张的； 认真的； 热情的,adj 强烈的； 紧张的； 认真的； 热情的,/ɪn'tɛns/,/ɪn'tens/,Young people today are under intense pressure to succeed.,如今的年轻人面临要出人头地的巨大压力。
en:border:verb:1,border,verb,近似， 与…接壤,vi 近似， 与…接壤；n 边，边缘，边界；vt 给…加上边，围；邻接,/'bɔrdɚ/,/'bɔːdə/,countries that border the Mediterranean,地中海沿岸的国家
en:estate:noun:2,estate,noun,地产， 房地产,n 地产， 房地产,/ɪ'stet/,/ɪ'steɪt/,"His estate was valued at $150,000.",他的遗产价值为15万美元。
en:articulate:adjective:1,articulate,adjective,善于表达的， 发音清晰的； 表达得清楚有力的,adj 善于表达的， 发音清晰的； 表达得清楚有力的；vt 明确有力地表达； 清楚地吐， 清晰地发,/ɑr'tɪkjulet/,/ɑ:'tɪkjʊleɪt/,"bright, articulate 17-year-olds",聪明伶俐的17岁少年
en:adhere:verb:2,adhere,verb,黏附， 附着； 遵守； 坚持； 追随， 支持,vi 黏附， 附着； 遵守； 坚持； 追随， 支持,/əd'hɪr/,/əd'hɪə/,All members of the association adhere to a strict code of practice.,所有该协会的成员都遵守严格的业务守则。
en:expense:noun:1,expense,noun,花费， 消费， 费用； 开支， 业务费用,n 花费， 消费， 费用； 开支， 业务费用,/ɪk'spɛns/,/ɪk'spens/,"He borrowed £150,000 and used the money for legal expenses.",他借了15万英镑用于支付律师费。
en:traverse:verb:2,traverse,verb,横渡， 横越,vt 横渡， 横越,/trə'vɝs/,/trə'vɜːs/,two minutes to traverse the park,两分钟横穿公园
en:rigorous:adjective:3,rigorous,adjective,严密的， 缜密的； 严格的， 严厉的,adj 严密的， 缜密的； 严格的， 严厉的,/'rɪɡərəs/,/'rɪgərəs/,a rigorous analysis of defence needs,对国防需求的缜密分析
en:yell:noun:1,yell,noun,号叫， 叫喊,n&vi 号叫， 叫喊,/jɛl/,/jel/,‘Help me!’ she yelled hysterically.,“救救我！”她歇斯底里地大叫。
en:contemporary:adjective:1,contemporary,adjective,现代的， 当代的； 同时代的,adj 现代的， 当代的； 同时代的,/kən'tɛmpərɛri/,/kən'temprəri/,She writes a lot of contemporary music for people like Whitney Houston.,她为惠特尼·休斯敦等人创作大量当代音乐作品。
en:tribe:noun:1,tribe,noun,部落； 族,n 部落； 族,/traɪb/,/traɪb/,a tribe of Aborigines known as the Dolphin People,一个叫“海豚族”的澳大利亚土著部落
en:activate:verb:2,activate,verb,使活动起来； 使开始作用,vt 使活动起来； 使开始作用,/'æktə'vet/,/'æktɪveɪt/,Cooking fumes may activate the alarm.,烹调时的油烟可能会触发警报器。
en:mobilize:verb:2,mobilize,verb,动员起来,vi 动员起来；vt 动员；调动，鼓动起,/'mobəlaɪz/,/'məubəlaɪz/,an attempt to mobilize popular opinion,鼓动公众舆论的尝试
en:mock:verb:2,mock,verb,嘲笑，嘲弄,vi 嘲笑，嘲弄；adj 模拟的， 演习的； 假的， 假装的；vt 嘲笑，嘲弄；模仿,/mɑk/,/mɒk/,Opposition MPs mocked the government’s decision.,反对党议员讥笑政府的这一决策。
en:minibus:noun:1,minibus,noun,小型公共汽车,n 小型公共汽车,/'mɪnɪbʌs/,/'mɪnibʌs/,He was then taken by minibus to the military base.,接着他被小型公共汽车带到了军事基地。
en:repetitive:adjective:1,repetitive,adjective,重复的， 反复性的,adj 重复的， 反复性的,/rɪ'pɛtətɪv/,/rɪ'petətɪv/,The song was dreary and repetitive.,这首歌又枯燥又重复。
en:gear:noun:2,gear,noun,齿轮，传动装置，挡；用具，设备，衣服,n 齿轮，传动装置，挡；用具，设备，衣服；vt 使适应， 使适合,/ɡɪr/,/gɪə/,He’s crazy about photography – he’s got all the gear.,他对摄影很着迷——所有的器材他都有。
en:facilitate:verb:3,facilitate,verb,使…变得容易， 使便利,vt 使…变得容易， 使便利,/fə'sɪlə'tet/,/fə'sɪlɪteɪt/,,
en:precipitate:verb:1,precipitate,verb,使突然发生； 猛然抛下； 使沉淀,v 使突然发生； 猛然抛下； 使沉淀,/prɪ'sɪpɪtet/,/prɪ'sɪpɪteɪt/,The killings in Vilnius have precipitated the worst crisis yet.,维尔纽斯的杀戮事件快速引发了迄今为止最严重的危机。
en:endow:verb:2,endow,verb,资助， 捐赠； 给予， 赋予， 认为…具有某种特质,vt 资助， 捐赠； 给予， 赋予， 认为…具有某种特质,/ɪn'daʊ/,/ɪn'dau/,"You are endowed with wealth, good health and a lively intellect.",你天生赋有财富、健康，和敏锐的智力。
en:financial:adjective:1,financial,adjective,财政的， 金融的,adj 财政的， 金融的,/faɪˈnænʃəl;fəˈnæ-/,/faɪ'nænʃl/,financial transactions,财务往来
en:respective:adjective:2,respective,adjective,各自的， 各个的， 分别的,adj 各自的， 各个的， 分别的,/rɪ'spɛktɪv/,/rɪ'spektɪv/,We all went back to our respective homes to wait for news.,我们都各自回家等待消息。
en:quiver:verb:2,quiver,verb,颤抖，发抖，抖动,vi 颤抖，发抖，抖动；n 颤抖， 抖动， 颤声,/'kwɪvɚ/,/'kwɪvə/,The child was quivering in her arms.,那孩子在她怀里发抖。
en:slot:noun:1,slot,noun,狭缝，狭槽；位置，空位,n 狭缝，狭槽；位置，空位；vt 把…放入狭长开口中； 把…纳入其中， 使有位置,/slɑt/,/slɒt/,Alan dropped another quarter into the slot on the pay phone.,艾伦往付费电话的投币口里又塞了一枚 25 分的硬币。
en:harden:verb:1,harden,verb,变硬,v 变硬,/'hɑrdn/,/'hɑːdn/,It will take about 24 hours for the glue to harden.,胶水干透大约需要24小时。
en:rot:verb:1,rot,verb,腐烂，腐朽,v 腐烂，腐朽；n 腐烂， 腐朽,/rɑt/,/rɒt/,Candy will rot your teeth.,吃糖会腐蚀牙齿。
en:define:verb:2,define,verb,给…下定义， 限定,vt 给…下定义， 限定,/dɪ'faɪn/,/dɪ'faɪn/,I’ll now try to define the term ‘popular culture’.,我现在来试试给 “通俗文化” 这个词下定义。
en:predict:verb:2,predict,verb,预言， 预告， 预测,vt 预言， 预告， 预测,/prɪ'dɪkt/,/prɪ'dɪkt/,Sales were five percent lower than predicted.,销售额比预期低5%。
en:dictate:verb:1,dictate,verb,['dIkteIt],v ['dIkteIt]；n 口授； 命令， 规定， 要求,/'dɪktet/,/dɪk'teɪt/,Federal funds have to be used as dictated by Washington.,联邦款项得按照华盛顿规定的途径使用。
en:memorize:verb:2,memorize,verb,记住， 熟记,vt 记住， 熟记,/'mɛmə'raɪz/,/'meməraɪz/,"He studied his map, trying to memorize the way to Rose's street.",他研究了地图，努力记住去罗丝家那条街的路。
en:render:verb:2,render,verb,使得， 致使； 给予， 提供； 翻译,vt 使得， 致使； 给予， 提供； 翻译,/'rɛndɚ/,/'rendə/,an obligation to render assistance to those in need,为有困难的人提供援助的义务
en:undermine:verb:2,undermine,verb,暗中破坏， 逐渐削弱； 侵蚀…的基础,vt 暗中破坏， 逐渐削弱； 侵蚀…的基础,/'ʌndɚ'maɪn/,/ˌʌndə'maɪn/,economic policies that threaten to undermine the health care system,可能会损害医疗保健制度的经济政策
en:subjective:adjective:1,subjective,adjective,主观的， 个人的,adj 主观的， 个人的,/səb'dʒɛktɪv/,/səb'dʒektɪv/,"As a critic, he is far too subjective.",作为评论家，他过于主观。
en:blossom:verb:1,blossom,verb,开花； 发展， 长成,vi 开花； 发展， 长成；n 花,/'blɑsəm/,/'blɒsəm/,The apple trees are just beginning to blossom.,苹果树正开始开花。
en:radical:adjective:2,radical,adjective,根本的，基本的；激进的，激进派的,adj 根本的，基本的；激进的，激进派的；n 激进分子,/'rædɪkl/,/'rædɪkl/,They are proposing radical changes to the way the company is run.,他们建议对公司经营模式进行重大改革。
en:manifest:adjective:1,manifest,adjective,明显的，显然的，明了的,adj 明显的，显然的，明了的；vt 显示， 表明， 证明； 使显现， 使显露,/'mænɪfɛst/,/'mænɪfest/,a manifest error of judgment,明显的判断错误
en:blunt:adjective:1,blunt,adjective,钝的；率直的，直言不讳的,adj 钝的；率直的，直言不讳的；vt 使迟钝； 使减弱； 使钝,/blʌnt/,/blʌnt/,Sharpen all your blunt knives.,把你所有的钝刀子都磨一磨。
en:endeavor:noun:1,endeavor,noun,努力， 尽力， 尝试,n&v 努力， 尽力， 尝试,/ɪn'dɛvɚ/,/ɪn'devə/,,
en:relieve:verb:2,relieve,verb,使轻松， 使宽慰； 缓解， 减轻， 解除； 使得到调剂； 接替， 替下,vt 使轻松， 使宽慰； 缓解， 减轻， 解除； 使得到调剂； 接替， 替下,/rɪ'liv/,/rɪ'liːv/,Drugs helped to relieve the pain.,药物有助于舒缓疼痛。
en:quartz:noun:2,quartz,noun,石英,n 石英,/kwɔrts/,/kwɔːts/,quartz crystals,石英晶体
en:air-conditioning:noun:1,air-conditioning,noun,空调设备， 空调系统,n 空调设备， 空调系统,,/'eəkənˌdɪʃənɪŋ/,The two chief function of any air-conditioning system are the regulation of air temperature and humidity.,任何空气调节系统的两大主要功能，就是调节空气的温度和湿度。
en:adjacent:adjective:2,adjacent,adjective,邻近的， 毗连的,adj 邻近的， 毗连的,/ə'dʒesnt/,/ə'dʒeɪsnt/,We stayed in adjacent rooms.,我们住在毗连的房间里。
en:employment:noun:1,employment,noun,工作； 雇用； 使用,n 工作； 雇用； 使用,/ɪm'plɔɪmənt/,/ɪm'plɔɪmənt/,She was offered employment in the sales office.,她获聘在销售部工作。
en:transport:verb:1,transport,verb,运输,vt 运输；n 运输， 运输工具,/'trænspɔrt/,/træn'spɔːt/,trucks used for transporting oil,运输石油的卡车
en:specific:adjective:2,specific,adjective,特有的；明确的；具体的,adj 特有的；明确的；具体的；n 详情， 细节,/spɪ'sɪfɪk/,/spə'sɪfɪk/,games suitable for specific age groups,适合特定年龄组的游戏
en:analogy:noun:2,analogy,noun,比拟； 类比， 类推,n 比拟； 类比， 类推,/ə'nælədʒi/,/ə'nælədʒi/,The analogy between music and fragrance has stuck.,音乐与香味的类比已经深入人心了。
en:application:noun:1,application,noun,申请， 申请书； 施用， 涂抹； 应用， 实施； 实用性,n 申请， 申请书； 施用， 涂抹； 应用， 实施； 实用性,/ˌæpləˈkeʃən/,/ˌæplɪ'keɪʃn/,We receive hundreds of job applications each year.,我们每年收到数百封求职信。
en:productive:adjective:2,productive,adjective,多产的， 富饶的； 富有成效的,adj 多产的， 富饶的； 富有成效的,/prə'dʌktɪv/,/prə'dʌktɪv/,Most of us are more productive in the morning.,我们大多数人在早上更有效率。
en:prune:verb:1,prune,verb,修剪， 修整； 删除， 削减,vt 修剪， 修整； 删除， 削减,/prun/,/pruːn/,The roses need pruning.,玫瑰需要修枝了。
en:engage:verb:3,engage,verb,使从事于， 聘用； 吸引， 占用； 使订婚,vt 使从事于， 聘用； 吸引， 占用； 使订婚,/ɪn'ɡedʒ/,/ɪn'geɪdʒ/,She engaged the clutch and the car moved.,她踩下离合器，汽车便开动了。
en:chord:noun:2,chord,noun,和弦， 和音； 弦， 心弦,n 和弦， 和音； 弦， 心弦,/kɔrd/,/kɔːd/,Many of the things she says will strike a chord with other young women.,她说的许多话都能引起其他年轻女子的共鸣。
en:semester:noun:1,semester,noun,学期,n 学期,/səˈmɛstɚ/,/sɪ'mestə/,the fall semester,秋季学期
en:strategy:noun:2,strategy,noun,战略， 策略,n 战略， 策略,/'strætədʒi/,/'strætədʒi/,the government’s long-term economic strategy,政府的长期经济策略
en:remainder:noun:2,remainder,noun,余下的部分， 剩下的人数,n 余下的部分， 剩下的人数,/rɪ'mendɚ/,/rɪ'meɪndə/,The remainder must be paid by the end of June.,剩余款项必须在6月底之前支付。
en:hypothesis:noun:3,hypothesis,noun,假设， 假说， 前提,n 假设， 假说， 前提,/haɪ'pɑθəsɪs/,/haɪ'pɒθəsɪs/,One hypothesis is that the victim fell asleep while driving.,一种假设是受害人开车时睡着了。
en:revolve:verb:2,revolve,verb,旋转,vi 旋转,/rɪ'vɔlv/,/rɪ'vɒlv/,The wheel began to revolve.,轮子开始旋转。
en:collapse:noun:1,collapse,noun,倒坍， 瓦解； 崩溃， 突然失败,n&vi 倒坍， 瓦解； 崩溃， 突然失败,/kə'læps/,/kə'læps/,Uncle Ted’s chair collapsed under his weight.,椅子承受不了特德叔叔的重量，塌架了。
en:territory:noun:2,territory,noun,领土， 版图； 领域,n 领土， 版图； 领域,/'tɛrətɔri/,/'terətri/,Hong Kong is a Chinese territory.,香港是中国的领土。
en:summon:verb:2,summon,verb,召唤， 传唤； 鼓起， 振作； 召集， 召开,vt 召唤， 传唤； 鼓起， 振作； 召集， 召开,/'sʌmən/,/'sʌmən/,Robert summoned the waiter for the bill.,罗伯特召唤服务员结账。
en:flare:verb:1,flare,verb,闪耀，烧旺；突发，突然发怒,vi 闪耀，烧旺；突发，突然发怒；n 闪光信号， 照明弹,/flɛr/,/fleə/,The fire flared up again.,火又忽地旺了起来。
en:accurate:adjective:2,accurate,adjective,准确的， 正确无误的,adj 准确的， 正确无误的,/'ækjərət/,/'ækjərət/,The brochure tries to give a fair and accurate description of each hotel.,该手册尽量公正、准确地介绍每一家酒店。
en:legend:noun:2,legend,noun,传说， 传奇故事； 传奇人物,n 传说， 传奇故事； 传奇人物,/'lɛdʒənd/,/'ledʒənd/,Local legend has it that (= says that ) the island was the original Garden of Eden.,当地传说这个岛就是伊甸园的原型。
en:maintain:verb:1,maintain,verb,维持； 维修， 保养； 主张； 赡养,vt 维持； 维修， 保养； 主张； 赡养,/men'ten/,/meɪn'teɪn/,Careers Officers maintain contact with young people when they have left school.,年轻人离开学校以后，职业指导员和他们保持联系。
en:expertise:noun:2,expertise,noun,专门知识， 专长,n 专门知识， 专长,/'ɛkspɝ'tiz/,/ˌekspɜː'tiːz/,She was not an accountant and didn't have the expertise to verify all of the financial details.,她不是会计，不具有核查所有这些财政细目的专业知识。
en:bargain:verb:1,bargain,verb,讨价还价,vi 讨价还价；n 特价商品；协议，交易,/ˈbɑrɡɪn/,/'bɑːgən/,"They prefer to bargain with individual clients, for cash.",他们更愿意同个人客户洽谈，做现金交易。
en:erect:adjective:2,erect,adjective,竖直的， 挺直的,adj 竖直的， 挺直的；vt 建造，使竖立,/ɪ'rɛkt/,/ɪ'rekt/,Martin stood erect on the platform.,马丁在讲台上笔直地站着。
en:professional:adjective:1,professional,adjective,职业的，专业的，专门的,adj 职业的，专业的，专门的；n 自由职业者， 专业人员,/prə'fɛʃənl/,/prə'feʃənl/,This business plan looks very professional.,这个商业计划看上去很有专业水平。
en:nil:noun:1,nil,noun,无， 零,n 无， 零,/nɪl/,/nɪl/,The new machine reduced labour costs to almost nil.,新机器把劳动成本几乎降到零。
en:identification:noun:2,identification,noun,身份证明； 鉴定， 验明， 认出； 认同,n 身份证明； 鉴定， 验明， 认出； 认同,/aɪˌdentɪfɪ'keʃn/,/aɪˌdentɪfɪ'keɪʃn/,Do you have any identification?,你有什么身份证明文件吗？
en:migrant:noun:1,migrant,noun,移居者， 移民； 候鸟， 迁移动物,n 移居者， 移民； 候鸟， 迁移动物,/'maɪɡrənt/,/'maɪgrənt/,The government divides asylum seekers into economic migrants and genuine refugees.,政府将寻求政治庇护的人划分为经济移民和真正的难民。
en:protein:noun:1,protein,noun,蛋白质,n 蛋白质,/'protin/,/'prəutiːn/,Where do you get your protein?,你从哪里获得蛋白质？
en:annual:adjective:1,annual,adjective,每年的，一年一次的,adj 每年的，一年一次的；n 年报， 年鉴； 一年生的植物,/'ænjuəl/,/'ænjuəl/,The school trip has become an annual event.,学校组织的旅行成了一年一度的活动。
en:exclusive:adjective:2,exclusive,adjective,奢华的，高级的；独有的；排斥的；不包括…的,adj 奢华的，高级的；独有的；排斥的；不包括…的；n 独家新闻,/ɪk'sklusɪv/,/ɪk'skluːsɪv/,Bel Air is an exclusive suburb of Los Angeles.,贝莱尔是洛杉矶郊外一处高级住宅区。
en:repertoire:noun:1,repertoire,noun,全部节目,n 全部节目,/'rɛpɚ'twɑr/,/'repətwɑː/,the behavioural repertoire of infants,婴幼儿的行为能力
en:poverty:noun:1,poverty,noun,贫穷， 贫困,n 贫穷， 贫困,/'pɑvɚti/,/'pɒvəti/,Millions of elderly people live in poverty .,数百万老年人生活在贫困之中。
en:resort:verb:1,resort,verb,求助，凭借，诉诸,vi 求助，凭借，诉诸；n 求助， 凭借， 诉诸； 求助的对象， 采用的手段； 常去之地， 胜地,/rɪ'zɔrt/,/rɪ'zɔːt/,His punishing work schedule had made him resort to drugs.,他那累人的工作日程已经使他不得不求助于毒品了。
en:testify:verb:3,testify,verb,作证，证明；表明，说明,vi 作证，证明；表明，说明；vt 作证， 证明,/'tɛstɪfaɪ/,/'testɪfaɪ/,Mr Molto has agreed to testify at the trial.,莫尔托先生已经同意出庭作证。
en:pearl:noun:1,pearl,noun,珍珠； 珠状物； 珍品,n 珍珠； 珠状物； 珍品,/pɝl/,/pɜːl/,a pearl necklace,珍珠项链
en:conclusive:adjective:2,conclusive,adjective,确实的； 最后的； 决定性的,adj 确实的； 最后的； 决定性的,/kən'klusɪv/,/kən'kluːsɪv/,Her attorneys claim there is no conclusive evidence that any murders took place.,她的律师们声称没有任何发生过谋杀的确凿证据。
en:margin:noun:3,margin,noun,页边空白； 差数， 差额； 余地； 边缘,n 页边空白； 差数， 差额； 余地； 边缘,/'mɑrdʒən/,/'mɑːdʒɪn/,Someone had scribbled a note in the margin .,有人在页边写了条批注。
en:apt:adjective:2,apt,adjective,易于…的， 有…倾向的； 恰当的， 适宜的； 聪明的， 反应敏捷的,adj 易于…的， 有…倾向的； 恰当的， 适宜的； 聪明的， 反应敏捷的,/æpt/,/æpt/,‘Love at first sight’ is a very apt description of how he felt when he saw her.,用“一见钟情”来形容他见到她时的感觉再恰当不过。
en:remain:verb:1,remain,verb,剩下，余留，保持；仍然是,vi 剩下，余留，保持；仍然是；n 残余； 残骸； 遗迹,/rɪ'men/,/rɪ'meɪn/,The refugees were allowed to remain in the UK.,难民获准留在英国。
en:pregnancy:noun:1,pregnancy,noun,怀孕,n 怀孕,/'prɛgnənsi/,/'pregnənsi/,This drug should not be taken during pregnancy.,这种药妊娠期间不得服用。
en:shabby:adjective:2,shabby,adjective,破旧的， 衣衫褴褛的； 卑鄙的； 不公正的,adj 破旧的， 衣衫褴褛的； 卑鄙的； 不公正的,/ˈʃæbi/,/'ʃæbi/,Hugh’s jacket was old and shabby.,休的夹克衫又旧又破。
en:toss:verb:2,toss,verb,掷钱币来决定；翻来覆去,vi 掷钱币来决定；翻来覆去；vt 扔，抛，掷；猛抬；拌；掷；使摇动，使颠簸；n 掷钱币来决定； 猛抬头,/tɔs/,/tɒs/,I’ve been tossing and turning all night.,我一晚上辗转反侧。
en:demand:verb:1,demand,verb,要求，需要；询问,vt 要求，需要；询问；n 要求， 需要,/dɪ'mænd/,/dɪ'mɑːnd/,Angry demonstrators demanded the resignation of two senior officials.,愤怒的示威者要求两名高级官员辞职。
en:reel:verb:2,reel,verb,摇摇晃晃地移动，蹒跚；眩晕，发昏,vi 摇摇晃晃地移动，蹒跚；眩晕，发昏；n 卷轴，卷筒，卷盘；vt 卷， 绕,/ril/,/riːl/,Andy reeled away from the bar and knocked over his stool.,安迪踉跄着离开吧台，把凳子都撞倒了。
en:pathetic:adjective:2,pathetic,adjective,差劲的， 令人生厌的； 引起怜悯的， 可怜的， 可悲的,adj 差劲的， 令人生厌的； 引起怜悯的， 可怜的， 可悲的,/pə'θɛtɪk/,/pə'θetɪk/,"You’re pathetic! Here, let me do it.",你真没用！来，让我做吧。
en:dissipate:verb:2,dissipate,verb,消散，消失,vi 消散，消失；vt 使消散， 使消失； 浪费， 挥霍,/'dɪsɪpet/,/'dɪsɪpeɪt/,"As he thought it over, his anger gradually dissipated.",他想明白后，怒气就渐渐消了。
en:flask:noun:2,flask,noun,长颈瓶， 酒瓶， 烧瓶,n 长颈瓶， 酒瓶， 烧瓶,/flæsk/,/flɑːsk/,He took out a metal flask from a canvas bag.,他从帆布袋里拿出了一个金属水瓶。
en:accuse:verb:2,accuse,verb,指责， 归咎于,vt 指责， 归咎于,/ə'kjuz/,/ə'kjuːz/,The professor stands accused of (= has been accused of ) stealing his student’s ideas and publishing them.,那位教授被指控剽窃学生的观点拿去发表。
en:disturbance:noun:2,disturbance,noun,扰乱， 打扰； 骚乱， 混乱； 心神不安， 烦恼,n 扰乱， 打扰； 骚乱， 混乱； 心神不安， 烦恼,/dɪ'stɝbəns/,/dɪ'stɜːbəns/,There were disturbances in the crowd as fans left the stadium.,球迷离开体育场时，人群中发生了骚乱。
en:visceral:adjective:1,visceral,adjective,内脏的， 腑脏的； 出自内心的， 发自肺腑的,adj 内脏的， 腑脏的； 出自内心的， 发自肺腑的,/'vɪsərəl/,/'vɪsərəl/,his visceral hatred of the ruling class,他对统治阶级发自肺腑的仇恨
en:simultaneous:adjective:3,simultaneous,adjective,同时发生的， 同时存在的； 同步的， 一齐的,adj 同时发生的， 同时存在的； 同步的， 一齐的,"/,saɪml'tenɪəs/",/ˌsɪml'teɪniəs/,They grabbed each other’s hands in simultaneous panic.,他们俩同时惊慌起来，相互抓住对方的手。
en:instructional:adjective:1,instructional,adjective,指导的， 教育的,adj 指导的， 教育的,/in'strʌkʃənəl/,/ɪn'strʌkʃənl/,...instructional material designed to help you with your lifestyle.,...旨在为你的生活方式提供帮助的指导材料。
en:guarantee:noun:1,guarantee,noun,保证，担保物,n 保证，担保物；vt 保证， 担保,"/,ɡærən'ti/",/ˌgærən'tiː/,They offer a two-year guarantee on all their electrical goods.,他们所有的电器产品都有两年的保修期。
en:odor:noun:1,odor,noun,气味,n 气味,/'oʊdə/,/'əudə/,An odor of corruption hangs about him.,他浑身散发着腐化堕落的气味。
en:predecessor:noun:2,predecessor,noun,前任， 前辈； 原有事物， 前身,n 前任， 前辈； 原有事物， 前身,/'prɛdəsɛsɚ/,/'priːdɪsesə/,Kennedy’s predecessor as President was the war hero Dwight Eisenhower.,肯尼迪总统的前任是战争英雄德怀特·艾森豪威尔。
en:acquire:verb:1,acquire,verb,取得， 获得； 学到,vt 取得， 获得； 学到,/ə'kwaɪr/,/ə'kwaɪə/,Manning hoped to acquire valuable works of art as cheaply as possible.,曼宁希望以尽可能低的价格买到有价值的艺术品。
en:literal:adjective:3,literal,adjective,照字面的， 原义的； 逐字的,adj 照字面的， 原义的； 逐字的,/'lɪtərəl/,/'lɪtərəl/,"In many cases, the people there are fighting, in a literal sense, for their homes.",多数情况下，那里的人们实际上都是在为他们的家园而战斗。
en:notion:noun:3,notion,noun,概念， 观念； 意图， 想法， 念头,n 概念， 观念； 意图， 想法， 念头,/'noʃən/,/'nəuʃn/,She had no notion what he meant.,她根本不明白他是什么意思。
en:default:verb:1,default,verb,不履行义务， 拖欠,v 不履行义务， 拖欠；n 违约，拖欠；弃权；预设，缺省,/dɪ'fɔlt/,/dɪ'fɔːlt/,"The credit card business is down, and more borrowers are defaulting on loans.",信用卡生意正在走下坡路，更多的借贷人不履行还贷责任。
en:arc:noun:2,arc,noun,弧形； 弧； 电弧， 弧光,n 弧形； 弧； 电弧， 弧光,/ɑrk/,/ɑːk/,the arc of a rainbow,彩虹的弧状
en:beverage:noun:1,beverage,noun,饮料,n 饮料,/'bɛvərɪdʒ/,/'bevərɪdʒ/,alcoholic beverages,含酒精的饮料
en:captive:adjective:2,captive,adjective,被俘虏的，被捕获的,adj 被俘虏的，被捕获的；n 俘虏,/'kæptɪv/,/'kæptɪv/,Her heart had begun to pound inside her chest like a captive animal.,她心如鹿撞，怦怦跳个不停。
en:insane:adjective:1,insane,adjective,极蠢的， 荒唐的； 精神病的， 精神失常的， 疯狂的,adj 极蠢的， 荒唐的； 精神病的， 精神失常的， 疯狂的,/ɪn'sen/,/ɪn'seɪn/,That’s an insane risk.,那是疯狂的冒险之举。
en:attribute:verb:2,attribute,verb,把…归因于,vt 把…归因于；n 属性,/ə'trɪbjut/,/ə'trɪbjuːt/,Women tend to attribute their success to external causes such as luck.,女性往往把她们的成功归因于外因，如运气。
en:cemetery:noun:1,cemetery,noun,墓地， 公墓,n 墓地， 公墓,/'sɛmə'tɛri/,/'semətri/,"Then we were at the entrance to the cemetery, and he asked.",不知不觉我们就来到了墓地入口，他又向我发问。
en:genetic:adjective:2,genetic,adjective,遗传的,adj 遗传的；n [-s]遗传学,/dʒə'nɛtɪk/,/dʒə'netɪk/,genetic defects,遗传性缺陷
en:stitch:verb:1,stitch,verb,缝， 绣,v 缝， 绣；n 一针，线迹；缝法，针法，编结法；突然剧痛,/stɪtʃ/,/stɪtʃ/,Mary is stitching a bedspread.,玛丽在缝床罩。
en:triumph:verb:1,triumph,verb,成功,vi 成功；n 凯旋，胜利,/ˈtraɪəmf/,/'traɪʌmf/,"All her life, Kelly had stuck with difficult tasks and challenges, and triumphed.",凯利在一生中遭遇了种种艰巨任务与挑战，但成功了。
en:vice:noun:2,vice,noun,罪恶， 恶习， 缺点； 虎钳,n 罪恶， 恶习， 缺点； 虎钳,/vaɪs/,/vaɪs/,the fight against vice on the streets,打击街头犯罪
en:detection:noun:1,detection,noun,察觉， 发觉； 侦查， 探测,n 察觉， 发觉； 侦查， 探测,/dɪ'tɛkʃən/,/dɪ'tekʃn/,...the early detection of breast cancer.,…乳腺癌的早期发现。
en:bowel:noun:1,bowel,noun,肠； 内部， 深处,n 肠； 内部， 深处,/'baʊəl/,/'bauəl/,cancer of the bowel,肠癌
en:arouse:verb:2,arouse,verb,引起； 唤起， 唤醒,vt 引起； 唤起， 唤醒,/ə'raʊz/,/ə'rauz/,Matt’s behavior was arousing the interest of the neighbors.,马特的行为渐渐引起了邻居的兴趣。
en:optimum:adjective:2,optimum,adjective,最合适的， 最优的， 最佳的,adj 最合适的， 最优的， 最佳的,/'ɑptəməm/,/'ɒptɪməm/,optimum conditions for growth,最适宜生长的条件
en:suppress:verb:3,suppress,verb,压制， 镇压； 禁止发表， 查禁； 抑制， 忍住； 阻止…的生长,vt 压制， 镇压； 禁止发表， 查禁； 抑制， 忍住； 阻止…的生长,/sə'prɛs/,/sə'pres/,The uprising was ruthlessly suppressed.,起义受到了残酷的镇压。
en:pudding:noun:1,pudding,noun,布丁,n 布丁,/'pʊdɪŋ/,/'pudɪŋ/,chocolate pudding,巧克力布丁
en:wrinkle:verb:1,wrinkle,verb,起皱纹,v 起皱纹；n 皱纹,/'rɪŋkl/,/'rɪŋkl/,Alex wrinkled up her nose at the smell.,闻到那股味道，亚历克丝皱起了鼻子。
en:consensus:noun:2,consensus,noun,一致， 一致同意,n 一致， 一致同意,/kən'sɛnsəs/,/kən'sensəs/,The EU Council of Finance Ministers failed to reach a consensus on the pace of integration.,欧盟财政部长会议未能就一体化的进度达成共识。
en:boring:adjective:1,boring,adjective,令人厌烦的， 乏味的， 无聊的,adj 令人厌烦的， 乏味的， 无聊的,/'bɔrɪŋ/,/'bɔːrɪŋ/,Her husband is about the most boring person I’ve ever met.,她丈夫可以说是我见过的最无聊的人。
en:classic:adjective:1,classic,adjective,最优秀的，典型的，标准的；传统式样的，典雅的,adj 最优秀的，典型的，标准的；传统式样的，典雅的；n 文学名著，经典作品，杰作；优秀的典范；,/'klæsɪk/,/'klæsɪk/,The Coca-Cola bottle is one of the classic designs of the last century.,可口可乐瓶是上个世纪的经典设计之一。
en:supervise:verb:2,supervise,verb,监督， 管理， 指导,v 监督， 管理， 指导,/'sʊpɚ'vaɪz/,/'suːpəvaɪz/,Griffiths closely supervised the research.,格里菲思密切指导该项研究。
en:gossip:verb:1,gossip,verb,传播流言蜚语,vi 传播流言蜚语；n 流言蜚语；爱说长道短的人,/'ɡɑsɪp/,/'gɒsɪp/,Who knows how much of the gossip was true.,有谁知道这些流言蜚语有多少是真的呢？
en:describe:verb:1,describe,verb,形容， 描写； 画出,vt 形容， 描写； 画出,/dɪ'skraɪb/,/dɪ'skraɪb/,The police asked her to describe the man.,警察叫她描述一下那名男子。
en:dilemma:noun:1,dilemma,noun,窘境， 困境,n 窘境， 困境,"/dəˈlɛmə, daɪ-/",/dɪ'lemə/,a moral dilemma,道德上进退两难的窘境
en:engagement:noun:2,engagement,noun,订婚， 婚约； 约会,n 订婚， 婚约； 约会,/ɪn'ɡedʒmənt/,/ɪn'geɪdʒmənt/,Their engagement was announced in the paper.,他们订婚的消息在报上公布了。
en:wealthy:adjective:1,wealthy,adjective,富的， 富裕的,adj 富的， 富裕的,/'wɛlθi/,/'welθi/,the wealthy nations of the world,世界上的富国
en:slum:noun:1,slum,noun,贫民窟,n 贫民窟,/slʌm/,/slʌm/,a slum area,贫民区
en:foam:verb:1,foam,verb,起泡沫， 吐白沫,vi 起泡沫， 吐白沫；n 泡沫；泡沫材料，泡沫状物,/fom/,/fəum/,The green water splashed and foamed over the rocks.,碧绿的水花四溅，岩石上满是泡沫。
en:disregard:verb:2,disregard,verb,不理会，漠视,vt 不理会，漠视；n 忽视， 漠视,"/,dɪsrɪ'ɡɑrd/",/ˌdɪsrɪ'gɑːd/,He ordered the jury to disregard the witness’s last statement.,他指示陪审团忽略证人的最后一句话。
en:administration:noun:3,administration,noun,管理； 管理部门， 行政机关； 实行， 执行,n 管理； 管理部门， 行政机关； 实行， 执行,"/əd,mɪnɪ'streʃən/",/ədˌmɪnɪs'treɪʃn/,We’re looking for someone with experience in administration.,我们正在寻找一个有管理经验的人。
en:occasional:adjective:1,occasional,adjective,偶尔的， 间或发生的,adj 偶尔的， 间或发生的,/ə'keʒənl/,/ə'keɪʒənl/,He made occasional visits to London.,他有时候会去伦敦。
en:dwell:verb:2,dwell,verb,居住,vi 居住,/dwɛl/,/dwel/,They dwelt in the forest.,他们住在森林里。
en:incorporate:verb:3,incorporate,verb,包含； 加上， 吸收； 把…合并， 使并入,vt 包含； 加上， 吸收； 把…合并， 使并入,,/ɪn'kɔːpəreɪt/,The new cars will incorporate a number of major improvements.,这种新型汽车将包含许多重大的改进。
en:debate:noun:1,debate,noun,争论， 辩论,n&v 争论， 辩论,/dɪ'bet/,/dɪ'beɪt/,the gun-control debate in the US,美国有关控制枪支的争论
en:extinguish:verb:3,extinguish,verb,熄灭， 扑灭； 使消亡， 使破灭,vt 熄灭， 扑灭； 使消亡， 使破灭,/ɪk'stɪŋɡwɪʃ/,/ɪk'stɪŋgwɪʃ/,Please extinguish all cigarettes.,请把香烟都熄灭了。
en:vulnerable:adjective:2,vulnerable,adjective,易受伤的， 脆弱的； 易受攻击的， 难防御的,adj 易受伤的， 脆弱的； 易受攻击的， 难防御的,/'vʌlnərəbl/,/'vʌlnərəbl/,He took advantage of me when I was at my most vulnerable.,他在我最脆弱的时候利用了我。
en:furniture:noun:1,furniture,noun,家具,n 家具,/'fɝnɪtʃɚ/,/'fɜːnɪtʃə/,I helped him choose the furniture for his house.,我帮他挑选房子里用的家具。
en:segment:noun:2,segment,noun,部分， 片段； 瓣,n 部分， 片段； 瓣,/'sɛɡmənt/,/'segmənt/,Decorate with orange segments.,用几瓣橙子作点缀。
en:counterpart:noun:2,counterpart,noun,与对方地位相当的人， 与另一方作用相当的物,n 与对方地位相当的人， 与另一方作用相当的物,/'kaʊntɚpɑrt/,/'kauntəpɑːt/,"As soon as he heard what was afoot, he telephoned his German and Italian counterparts to protest.",他一听到在进行中的事，马上就给德国和意大利相应人员打电话抗议。
en:preach:verb:2,preach,verb,布道， 说教,vi 布道， 说教；vt 宣讲，布道；竭力鼓吹，宣传,/pritʃ/,/priːtʃ/,"He traveled the southern states, preaching the gospel .",他游历南方各州宣讲福音。
en:flank:noun:2,flank,noun,肋，肋腹，侧边；侧翼,n 肋，肋腹，侧边；侧翼；vt 位于…的侧面,/flæŋk/,/flæŋk/,We were attacked on our left flank.,我们的左翼受到攻击。
en:donate:verb:1,donate,verb,捐赠， 赠送,vt 捐赠， 赠送,/'donet/,/dəu'neɪt/,people who volunteer to donate blood,自愿献血者
en:pendulum:noun:2,pendulum,noun,摆， 钟摆； 摇摆不定的事态,n 摆， 钟摆； 摇摆不定的事态,/'pɛndʒələm/,/'pendjələm/,"After several years of Republican government, the pendulum will undoubtedly swing back and voters will elect a Democrat.",由共和党执政数年后，选民无疑会掉过头来，选出一位民主党人。
en:defiance:noun:1,defiance,noun,违抗； 藐视,n 违抗； 藐视,/dɪ'faɪəns/,/dɪ'faɪəns/,...his courageous defiance of the government.,…他对政府的大胆蔑视。
en:sovereign:adjective:1,sovereign,adjective,拥有最高统治权的， 至高无上的； 具有独立主权的,adj 拥有最高统治权的， 至高无上的； 具有独立主权的；n 君主，元首,/sɑvrɪn/,/'sɒvrɪn/,Lithuania and Armenia signed a treaty in Vilnius recognizing each other as independent sovereign states.,立陶宛和亚美尼亚在维尔纽斯签订了一份互相承认各自为独立主权国家的协定。
en:cater:verb:3,cater,verb,满足需要， 迎合； 提供饮食及服务， 承办酒席,vi 满足需要， 迎合； 提供饮食及服务， 承办酒席,/'ketɚ/,/'keɪtə/,We cater to an exclusive clientele.,我们满足一个特殊客户群的需求。
en:attractive:adjective:1,attractive,adjective,有吸引力的， 引起注意的,adj 有吸引力的， 引起注意的,/ə'træktɪv/,/ə'træktɪv/,an attractive young woman,妩媚动人的年轻女子
en:significant:adjective:3,significant,adjective,相当数量的； 重要的， 意义重大的， 意味深长的,adj 相当数量的； 重要的， 意义重大的， 意味深长的,/sɪɡ'nɪfɪkənt/,/sɪg'nɪfɪkənt/,His most significant political achievement was the abolition of the death penalty.,他政治上最重大的成就是废除了死刑。
en:duplicate:adjective:1,duplicate,adjective,完全一样的， 复制的,adj 完全一样的， 复制的；n 完全一样的东西，复制品；vt 复制， 复印； 重复,/'duplɪket/,/ˈdjuːplɪkeɪt/,A duplicate copy should be made for the county record office.,应该制作一个副本呈交县档案室。
en:bleed:verb:1,bleed,verb,出血，流血；泌脂,vi 出血，流血；泌脂；vt 勒索…的钱,/blid/,/bliːd/,Your nose is bleeding.,你的鼻子流血了。
en:rein:noun:1,rein,noun,缰绳,n 缰绳；vt 勒缰使停步； 控制， 约束,/ren/,/reɪn/,Cord held the reins while the stallion tugged and snorted.,当那匹牡马使劲挣扎，打着响鼻的时候，科德勒紧了缰绳。
en:decrease:verb:1,decrease,verb,减少,v 减少；n [dI'kriːs],/dɪ'kris/,/'dɪkriːs/,The number of people who have the disease has decreased significantly in recent years.,近年来，这种病的患者人数明显下降。
en:flutter:verb:2,flutter,verb,振翼，拍翅而飞；飘动，飘扬；快速跳动,vi 振翼，拍翅而飞；飘动，飘扬；快速跳动；n 紧张， 激动不安,/'flʌtɚ/,/'flʌtə/,A small bird fluttered past the window.,一只小鸟拍打着翅膀飞过窗前。
en:volunteer:verb:1,volunteer,verb,自愿； 自愿提供； 志愿,v 自愿； 自愿提供； 志愿；n 志愿者；志愿兵,"/,vɑlən'tɪr/",/vɒlən'tɪə/,I volunteered my services as a driver.,我主动提出来当司机。
en:overlap:verb:3,overlap,verb,部分重叠； 部分相同,v 部分重叠； 部分相同；n 重叠， 重叠的部分,/'ovəlæp/,/əʊvə'læp/,"When the bag is folded, the bottom overlaps one side.",把包折叠起来时，其底部与一边就重合了。
en:materialism:noun:1,materialism,noun,唯物主义,n 唯物主义,/mə'tɪrɪəlɪzəm/,/mə'tɪəriəlɪzəm/,a reaction to a world full of shallow materialism,对充满浅薄的物质主义思想的世界作出的回应
en:installment:noun:2,installment,noun,分期付款， 分期交付； 部分,n 分期付款， 分期交付； 部分,/ɪn'stɔlmənt/,/ɪn'stɔːlmənt/,"Now she can reduce the installment size that she can afford to pay, by extending the loan period.",现在，她就可通过展延贷款周期来减小自己有能力支付的分期付款的规模。
en:mourn:verb:2,mourn,verb,哀悼； 感到痛心,v 哀悼； 感到痛心,/mɔrn/,/mɔːn/,Hundreds of people gathered to mourn the slain president.,成百上千人聚集在一起悼念遇刺的总统。
en:cane:noun:2,cane,noun,手杖； 茎,n 手杖； 茎,/ken/,/keɪn/,...cane furniture.,…藤制家具。
en:trifle:verb:2,trifle,verb,嘲笑； 轻视,vi 嘲笑； 轻视；n 琐事，小事，无价值的东西,/'traɪfl/,/'traɪfl/,There’s no point in arguing over trifles.,为琐事争吵毫无意义。
en:migrate:verb:3,migrate,verb,迁徙， 移栖； 移居， 迁移,vi 迁徙， 移栖； 移居， 迁移,/'maɪɡret/,/maɪ'greɪt/,People migrate to cities like Jakarta in search of work.,人们移居到雅加达这样的城市找工作。
en:easter:noun:1,Easter,noun,复活节,n 复活节,/istəʳ/,/'iːstə/,on Easter Sunday,在复活节星期日
en:submit:verb:2,submit,verb,屈从， 听从； 忍受； 甘心,vi 屈从， 听从； 忍受； 甘心；vt 屈从，听从，服从；呈送，提交；主张，建议,/səb'mɪt/,/səb'mɪt/,"In desperation, Mrs. Jones submitted to an operation on her right knee to relieve the pain.",绝望中，琼斯夫人不得已接受了一次她右膝的手术以减轻疼痛。
en:novelty:noun:2,novelty,noun,新奇事物； 新奇， 新奇感， 新奇性； 新颖小巧而廉价的物品,n 新奇事物； 新奇， 新奇感， 新奇性； 新颖小巧而廉价的物品,/'nɑvlti/,/'nɒvlti/,Many toys have no attraction beyond their novelty value.,许多玩具除了有些新奇感之外，别无吸引力。
en:occupy:verb:1,occupy,verb,占领； 占； 占有,vt 占领； 占； 占有,/'ɑkjupaɪ/,/'ɒkjupaɪ/,Football occupies most of my leisure time.,足球占去了我大部分的闲暇时间。
en:string:noun:1,string,noun,线， 细绳； 一串， 一行,n 线， 细绳； 一串， 一行,/strɪŋ/,/strɪŋ/,Her key hung on a string around her neck.,她的钥匙穿了根绳子挂在脖子上。
en:boom:verb:1,boom,verb,激增， 繁荣， 迅速发展； 发出隆隆声,vi 激增， 繁荣， 迅速发展； 发出隆隆声；n 激增，繁荣，迅速发展；隆隆声，嗡嗡声,/buːm/,/buːm/,"Business was booming , and money wasn’t a problem.",生意非常兴隆，钱已不是问题。
en:absence:noun:1,absence,noun,缺席， 不在； 缺席的时间， 外出期； 缺乏， 不存在,n 缺席， 不在； 缺席的时间， 外出期； 缺乏， 不存在,/'æbsns/,/'æbsəns/,"In the absence of any evidence, the police had to let Myers go.",警察没有证据，只好把迈尔斯放了。
en:abolish:verb:2,abolish,verb,彻底废除， 废止,vt 彻底废除， 废止,/ə'bɑlɪʃ/,/ə'bɒlɪʃ/,Slavery was abolished in the US in the 19th century.,美国于19世纪废除了奴隶制。
en:attract:verb:1,attract,verb,吸引， 引起…注意,vt 吸引， 引起…注意,/ə'trækt/,/ə'trækt/,I’m not usually attracted to blondes.,我一般不喜欢金发女子。
en:cautious:adjective:3,cautious,adjective,十分小心的， 谨慎的,adj 十分小心的， 谨慎的,/'kɔʃəs/,/'kɔːʃəs/,a cautious driver,一位谨慎的司机
en:snatch:verb:1,snatch,verb,一把抓住,vi 一把抓住；vt 夺，夺走，抢走；一下子拉，一把抓住；抓住机会做，抽空做；n 片断,/snætʃ/,/snætʃ/,I snatched a glance at the mirror.,我乘机瞥了一眼镜子。
en:blink:verb:1,blink,verb,眨眼睛；闪亮，闪烁,vi 眨眼睛；闪亮，闪烁；n 眨眼睛； 一瞬间,/blɪŋk/,/blɪŋk/,I blinked as I came out into the sunlight.,我走出来，在太阳光下直眨眼睛。
en:summit:noun:2,summit,noun,最高点， 峰顶； 最高级会议,n 最高点， 峰顶； 最高级会议,/'sʌmɪt/,/'sʌmɪt/,the European summit,欧洲首脑会议
en:perfume:noun:1,perfume,noun,香水，香料，香气,n 香水，香料，香气；vt 使充满芳香； 洒香水于,/pɚ'fjum/,/'pɜːfjuːm/,She was wearing the perfume that he’d bought her.,她擦了他买给她的香水。
en:magnify:verb:3,magnify,verb,放大， 扩大； 夸大， 夸张,vt 放大， 扩大； 夸大， 夸张,/'mæɡnɪfaɪ/,/'mægnɪfaɪ/,"At the Sheffield arena, the speakers were magnified ten times on a giant screen.",在谢菲尔德体育馆，演讲者在一个巨大的屏幕上被放大了十倍。
en:redundant:adjective:2,redundant,adjective,多余的， 过剩的,adj 多余的， 过剩的,/rɪ'dʌndənt/,/rɪ'dʌndənt/,the removal of redundant information,多余信息的删除
en:situated:adjective:2,situated,adjective,位于…的， 坐落在…的； 处于…境地的,adj 位于…的， 坐落在…的； 处于…境地的,/'sɪtʃuetɪd/,/'sɪtʃueɪtɪd/,His hotel is situated in one of the loveliest places on the Loire.,他的旅馆坐落在卢瓦尔的一个最优美的地方。
en:recession:noun:1,recession,noun,衰退， 衰退期,n 衰退， 衰退期,/rɪ'sɛʃən/,/rɪ'seʃn/,the economic recession of the early 1980s,20世纪80年代初的经济衰退
en:doubtless:adverb:2,doubtless,adverb,无疑地， 肯定地,adv 无疑地， 肯定地,/'daʊtləs/,/'dautləs/,Doubtless there would be lots of rumours.,无疑会谣言四起。
en:negative:adjective:2,negative,adjective,否定的，消极的；负的，阴性的,adj 否定的，消极的；负的，阴性的；n 负片， 底片； 负数,/'nɛɡətɪv/,/'negətɪv/,students with a negative attitude to school,对上学抱消极态度的学生
en:impose:verb:3,impose,verb,把…强加； 征,vt 把…强加； 征,/ɪm'poz/,/ɪm'pəuz/,Parents should beware of imposing their own tastes on their children.,父母应该提防把自己的兴趣强加给孩子。
en:statement:noun:1,statement,noun,陈述， 声明； 结算单， 报表,n 陈述， 声明； 结算单， 报表,/'stetmənt/,/'steɪtmənt/,"In an official statement, she formally announced her resignation.",在一份官方声明中，她正式宣布辞职。
en:trademark:noun:1,trademark,noun,商标， 牌号； 特征， 标记,n 商标， 牌号； 特征， 标记,/'tred'mɑrk/,/'treɪdmɑːk/,The striped T-shirt became the comedian’s trademark.,条纹T恤衫成了这位喜剧演员的标记。
en:factor:noun:1,factor,noun,因素， 因子； 系数,n 因素， 因子； 系数,/'fæktɚ/,/'fæktə/,The rise in crime is mainly due to social and economic factors.,犯罪率上升主要由社会和经济因素造成。
en:analogous:adjective:1,analogous,adjective,类似的， 相似的； 可比拟的,adj 类似的， 相似的； 可比拟的,/ə'næləɡəs/,/ə'næləgəs/,"Marine construction technology like this is very complex, somewhat analogous to trying to build a bridge under water.",像这样的海洋建筑技术非常复杂，有些类似于尝试在水下建筑一座桥。
en:substance:noun:3,substance,noun,物质； 实质； 大意， 要旨； 根据， 理由,n 物质； 实质； 大意， 要旨； 根据， 理由,/'sʌbstəns/,/'sʌbstəns/,The leaves were covered with a strange sticky substance.,树叶上覆着一层黏糊糊的怪东西。
en:complexion:noun:1,complexion,noun,肤色， 面色； 局面； 性质,n 肤色， 面色； 局面； 性质,/kəm'plɛkʃən/,/kəm'plekʃn/,Drinking water is good for the complexion.,喝水让气色变好。
en:continuity:noun:1,continuity,noun,连续， 持续,n 连续， 持续,/'kɑntə'nʊəti/,/ˌkɒntɪ'njuːəti/,We should ensure continuity of care between hospital and home.,我们应当保证医院护理和家庭护理的连续性。
en:sculpture:noun:3,sculpture,noun,雕刻， 雕塑； 雕刻作品， 雕塑品,n 雕刻， 雕塑； 雕刻作品， 雕塑品,/'skʌlptʃɚ/,/'skʌlptʃə/,...stone sculptures of figures and animals.,…人物及动物石雕。
en:target:noun:1,target,noun,靶， 标的， 目标,n 靶， 标的， 目标,/'tɑrɡɪt/,/'tɑːgɪt/,There is no target date for completion of the new project.,这个新的项目何时完工没有预定日期。
en:momentum:noun:2,momentum,noun,动力， 冲力， 势头； 动量,n 动力， 冲力， 势头； 动量,/mo'mɛntəm/,/mə'mentəm/,incentives to maintain the momentum of European integration,保持欧洲一体化发展势头的激励措施
en:wax:noun:1,wax,noun,蜡，蜂蜡,n 蜡，蜂蜡；vt 给…上蜡,/waks/,/wæks/,wax crayons,蜡笔
en:sensation:noun:2,sensation,noun,感觉能力； 感觉， 知觉； 轰动， 引起轰动的事件,n 感觉能力； 感觉， 知觉； 轰动， 引起轰动的事件,/sɛn'seʃən/,/sen'seɪʃn/,Jerry realized that he had no sensation in his legs.,杰里意识到自己双腿都没有了知觉。
en:urban:adjective:2,urban,adjective,都市的， 住在都市的,adj 都市的， 住在都市的,/'ɝbən/,/'ɜːbən/,unemployment in urban areas,城市地区的失业状况
en:furthermore:adverb:1,furthermore,adverb,而且， 此外,adv 而且， 此外,"/,fɝðɚ'mɔr/",/ˌfɜːðə'mɔː/,"He is old and unpopular. Furthermore, he has at best only two years of political life ahead of him.",他年纪已老，又不得人心，而且他最多也只有两年的政治生命了。
en:timely:adjective:2,timely,adjective,及时的， 适时的,adj 及时的， 适时的,/'taɪmli/,/'taɪmli/,The fight ended only with the timely arrival of the police.,幸亏警察及时赶到，打斗总算停止。
en:cape:noun:2,cape,noun,斗篷， 披肩； 海角， 岬,n 斗篷， 披肩； 海角， 岬,/kep/,/keɪp/,Cape Cod,科德角
en:discard:verb:1,discard,verb,丢弃， 抛弃， 遗弃,vt 丢弃， 抛弃， 遗弃,/dɪsˈkɑːrd/,/dɪs'kɑːd/,Read the manufacturer's guidelines before discarding the box.,先阅读制造商的说明书再把盒子丢掉。
en:delicate:adjective:2,delicate,adjective,纤细的； 易碎的； 微妙的； 精美的,adj 纤细的； 易碎的； 微妙的； 精美的,/ˈdɛlɪkɪt/,/'delɪkət/,delicate hand-cut glass,易碎的手工刻花玻璃
en:rebel:verb:1,rebel,verb,反叛， 造反； 反对， 不服从,vi 反叛， 造反； 反对， 不服从；n 反叛分子，反对者,/rɪ'bɛl/,/'rebl/,Voters rebelled against high property taxes.,投票者们反对高额财产税。
en:subsidy:noun:2,subsidy,noun,津贴， 补助金,n 津贴， 补助金,/'sʌbsədi/,/'sʌbsədi/,European farmers are planning a massive demonstration against farm subsidy cuts.,欧洲的农场主们正在策划一场反对削减农场补贴的大游行。
en:bounce:verb:1,bounce,verb,弹起，反弹，颠跳,v 弹起，反弹，颠跳；n 弹， 反弹,/baʊns/,/bauns/,Stop bouncing up and down on the sofa.,别在沙发上蹦来蹦去了。
en:obscene:adjective:1,obscene,adjective,淫秽的， 下流的； 可憎的， 可恶的,adj 淫秽的， 下流的； 可憎的， 可恶的,/əb'sin/,/əb'siːn/,Bradford made an obscene gesture.,布拉德福德做了个下流手势。
en:tissue:noun:1,tissue,noun,组织； 薄绢， 薄纸， 手巾纸,n 组织； 薄绢， 薄纸， 手巾纸,/'tɪʃu/,/'tɪʃuː/,a box of tissues,一盒面巾纸
en:thanksgiving:noun:2,Thanksgiving,noun,感恩节,n 感恩节,,/ˌθæŋks'gɪvɪŋ/,He said sometimes they would invite some friends to share the happiness of Thanksgiving Day.,他说有时候他们也会邀请一些朋友来一起分享感恩节快乐。
en:proficiency:noun:2,proficiency,noun,熟练， 精通,n 熟练， 精通,/prə'fɪʃənsi/,/prə'fɪʃnsi/,I brought her proficiency up to the required level.,我把她的熟练程度提高到所规定的水平。
en:modest:adjective:1,modest,adjective,谦虚的； 适中的； 羞怯的,adj 谦虚的； 适中的； 羞怯的,/'mɑdɪst/,/'mɒdɪst/,You’re too modest! You’ve been a huge help to us.,你太谦虚了！你帮了我们大忙呢。
en:cast:verb:2,cast,verb,投，扔，抛；浇铸,vt 投，扔，抛；浇铸；n 演员表， 全体演员； 石膏绷带； 铸型， 铸件； 投， 抛,/kæst/,/kɑːst/,the shade cast by low-hanging branches,低垂的树枝投下的阴影
en:vocational:adjective:2,vocational,adjective,职业的， 业务的,adj 职业的， 业务的,/vo'keʃənl/,/vəu'keɪʃənl/,vocational qualifications,职业资格
en:crush:verb:2,crush,verb,压碎， 碾碎， 镇压,vt 压碎， 碾碎， 镇压,/krʌʃ/,/krʌʃ/,His leg was crushed in the accident.,他的腿在事故中被压断。
en:hatred:noun:1,hatred,noun,憎恶， 憎恨， 仇恨,n 憎恶， 憎恨， 仇恨,/'hetrɪd/,/'heɪtrɪd/,A look of pure hatred flashed across her face.,她脸上闪过十足的仇恨表情。
en:slice:noun:1,slice,noun,薄片，切片，部分,n 薄片，切片，部分；vt 切， 削， 剁,/slaɪs/,/slaɪs/,pizza slices,比萨块
en:electron:noun:1,electron,noun,电子,n 电子,/ɪ'lɛktrɑn/,/ɪ'lektrɒn/,Most things are balanced - with equal numbers of electrons and protons.,大部分物体都是电荷平衡的——含等量的电子和质子。
en:embed:verb:1,embed,verb,把…嵌入， 扎牢； 使深留脑中,vt 把…嵌入， 扎牢； 使深留脑中,/ɪm'bɛd/,/ɪm'bed/,Feelings of guilt are deeply embedded in her personality.,负罪感在她的性格里根深蒂固。
en:incline:noun:2,incline,noun,斜坡[In'klaIn],n 斜坡[In'klaIn]；vt 使倾斜,/ɪn'klaɪn/,/'ɪnklaɪn/,a steep incline,陡坡
en:elevate:verb:3,elevate,verb,提升…的职位， 提高， 改善； 使情绪高昂； 举起， 使上升,vt 提升…的职位， 提高， 改善； 使情绪高昂； 举起， 使上升,/'ɛlɪvet/,/'elɪveɪt/,Language has elevated humans above the other animals.,语言使人类高于其他动物。
en:designate:verb:3,designate,verb,指派， 委任； 标出； 把…定名为,vt 指派， 委任； 标出； 把…定名为,/'dɛzɪɡnet/,/'dezɪgneɪt/,Buildings are designated by red squares on the map.,在地图上建筑物用红色方块标明。
en:promising:adjective:1,promising,adjective,有希望的， 有前途的,adj 有希望的， 有前途的,/'prɑmɪsɪŋ/,/'prɒmɪsɪŋ/,a promising career in law,很有前途的法律职业
en:slick:adjective:1,slick,adjective,圆滑的， 口齿伶俐的； 精巧的， 巧妙的， 灵巧的； 光滑的， 滑溜的,adj 圆滑的， 口齿伶俐的； 精巧的， 巧妙的， 灵巧的； 光滑的， 滑溜的,/slɪk/,/slɪk/,He got round the defender using some slick footwork.,他用灵巧的步法突破了后卫的防守。
en:practicable:adjective:2,practicable,adjective,可行的， 适用的,adj 可行的， 适用的,/'præktɪkəbl/,/'præktɪkəbl/,The only practicable course of action is to sell the company.,唯一可行的做法是把公司卖掉。
en:item:noun:1,item,noun,条， 条款,n 条， 条款,/'aɪtəm/,/'aɪtəm/,He opened the cardboard box and took out each item.,他打开纸板箱把里面的物品一一拿出来。
en:counsel:noun:2,counsel,noun,律师，法律顾问；忠告，劝告,n 律师，法律顾问；忠告，劝告；vt 劝告， 提议,/'kaʊnsl/,/'kaunsl/,He had always been able to count on her wise counsel.,他总是能够指望她明智的忠告。
en:canvas:noun:1,canvas,noun,帆布； 帆布画布， 油画,n 帆布； 帆布画布， 油画,/'kænvəs/,/'kænvəs/,a canvas bag,帆布包
en:superintendent:noun:1,superintendent,noun,主管人， 监管人， 负责人； 警长,n 主管人， 监管人， 负责人； 警长,"/,supərɪn'tɛndənt/",/ˌsuːpərɪn'tendənt/,a young park superintendent,年轻的公园负责人
en:probability:noun:1,probability,noun,可能性， 可能发生的事； 概率,n 可能性， 可能发生的事； 概率,/'prɑbə'bɪləti/,/ˌprɒbə'bɪləti/,"You must decide whether, on the balance of probabilities , he committed the crime.",你们一定要权衡正反两方面的可能性，然后再裁定他是否犯罪。
en:contention:noun:2,contention,noun,论点； 争论， 争辩,n 论点； 争论， 争辩,/kən'tɛnʃən/,/kən'tenʃn/,It is my contention that death and murder always lurk as potentials in violent relationships.,我的观点是，在暴力关系中总是潜伏着死亡和谋杀的可能。
en:lofty:adjective:3,lofty,adjective,高傲的， 傲慢的； 崇高的， 高尚的； 高耸的， 极高的,adj 高傲的， 傲慢的； 崇高的， 高尚的； 高耸的， 极高的,/'lɔfti/,/'lɒfti/,"He stayed at the Four Seasons Hotel, from whose lofty heights he could see across New York.",他住在四季酒店，从酒店高处可以看到纽约的全景。
en:explicit:adjective:2,explicit,adjective,详述的， 明确的， 明晰的； 直言的， 露骨的,adj 详述的， 明确的， 明晰的； 直言的， 露骨的,/ɪk'splɪsɪt/,/ɪk'splɪsɪt/,The contrast could not have been made more explicit.,这个对比再清楚不过了。
en:rely:verb:1,rely,verb,依靠， 依赖； 信赖， 指望,vi 依靠， 依赖； 信赖， 指望,/rɪ'laɪ/,/rɪ'laɪ/,They relied heavily on the advice of their professional advisers.,他们非常依赖专业顾问的建议。
en:slide:verb:1,slide,verb,滑；悄悄地移动,v 滑；悄悄地移动；n 滑动； 滑道， 滑面； 幻灯片,/slaɪd/,/slaɪd/,He slid open the door of the glass cabinet.,他滑开玻璃柜的门。
en:utilize:verb:1,utilize,verb,利用,vt 利用,/'juːtəlaɪz/,/'juːtəlaɪz/,We must consider how best to utilize what resources we have.,我们必须考虑怎样充分利用现有的资源。
en:sticky:adjective:1,sticky,adjective,黏性的， 胶粘的； 湿热的,adj 黏性的， 胶粘的； 湿热的,/'stɪki/,/'stɪki/,There’s some sticky stuff in your hair.,你的头发上有什么黏糊糊的东西。
en:prevail:verb:2,prevail,verb,流行， 盛行,vi 流行， 盛行,/pri'vel/,/prɪ'veɪl/,A similar situation prevails in Canada.,同样的情况在加拿大也普遍存在。
en:excessive:adjective:2,excessive,adjective,过多的， 极度的,adj 过多的， 极度的,/ɪkˈsɛsɪv/,/ɪk'sesɪv/,his excessive drinking,他的酗酒
en:denial:noun:2,denial,noun,否认； 拒绝， 拒绝给予,n 否认； 拒绝， 拒绝给予,/dɪ'naɪəl/,/dɪ'naɪəl/,"It seems clear that despite official denials, differences of opinion lay behind the ambassador's decision to quit.",很清楚，尽管官方否认，人们对大使决定辞职还是有不同看法。
en:assault:noun:2,assault,noun,攻击， 袭击,n 攻击， 袭击,/ə'sɔlt/,/ə'sɔːlt/,The refugee camp came under assault again last night.,昨晚难民营再次遭袭。
en:implicit:adjective:1,implicit,adjective,不言明的， 含蓄的； 内含的， 固有的； 无疑问的,adj 不言明的， 含蓄的； 内含的， 固有的； 无疑问的,/ɪm'plɪsɪt/,/ɪm'plɪsɪt/,...an implicit warning to the Moroccans not to continue or repeat the military actions they began a week ago.,…叫摩洛哥人不要继续或重复一周前开始的军事行动的含蓄警告。
en:intensify:verb:1,intensify,verb,增强， 加剧,v 增强， 加剧,/ɪn'tɛnsɪfaɪ/,/ɪn'tensɪfaɪ/,In Junethe civil war intensified.,6月份内战更加激烈了。
en:feminine:adjective:2,feminine,adjective,女性的， 女子的； 女子气的,adj 女性的， 女子的； 女子气的,/'fɛmənɪn/,/'femənɪn/,Dianne loved pretty feminine things.,黛安娜喜爱漂亮有女人味的东西。
en:purity:noun:1,purity,noun,纯净， 纯洁， 纯正,n 纯净， 纯洁， 纯正,/'pjʊrəti/,/'pjuərəti/,the purity of tap water,自来水的纯净度
en:pattern:noun:2,pattern,noun,型，式样；模，模型,n 型，式样；模，模型；vt 仿制， 使…仿效,/'pætɚn/,/'pætn/,a dress pattern,连衣裙的纸样
en:settle:verb:1,settle,verb,安排， 安放； 调停； 支付， 核算； 安家； 飞落， 停留； 安定,v 安排， 安放； 调停； 支付， 核算； 安家； 飞落， 停留； 安定,/'sɛtl/,/'setl/,"When the children had settled, Miss Brown gave out the new reading books.",孩子们静下来后，布朗小姐给他们发新的故事书。
en:heighten:verb:2,heighten,verb,提高， 加强,v 提高， 加强,/'haɪtn/,/'haɪtn/,There are fears that the march will heighten racial tension.,有人担心这次游行会加深种族间的紧张局势。
en:vehicle:noun:2,vehicle,noun,车辆， 机动车； 传播媒介， 工具， 手段,n 车辆， 机动车； 传播媒介， 工具， 手段,/ˈviəkəl/,/'viːɪkl/,a description of the stolen vehicle,对被盗车辆的描述
en:scrape:verb:1,scrape,verb,刮，擦；勉强过日子,v 刮，擦；勉强过日子；n 刮， 擦； 刮擦声,/skrep/,/skreɪp/,Scrape the carrots and slice them thinly.,把这些胡萝卜去皮切成薄片。
en:web:noun:2,web,noun,网； 网络； 错综复杂的事物,n 网； 网络； 错综复杂的事物,/wɛb/,/web/,a tangled web of relationships,复杂的关系
en:femininity:noun:1,femininity,noun,女性气质,n 女性气质,/'fɛmə'nɪnəti/,/ˌfemə'nɪnəti/,"You don’t have to lose your femininity to be an independent, successful woman.",成为独立成功的女性并非就会失去女人味。
en:plateau:noun:2,plateau,noun,高原； 稳定时期,n 高原； 稳定时期,/plæ'to/,/'plætəu/,Inflation rates have reached a plateau.,通货膨胀率已趋平稳。
en:tragic:adjective:2,tragic,adjective,悲惨的， 可悲的； 悲剧的,adj 悲惨的， 可悲的； 悲剧的,/'trædʒɪk/,/'trædʒɪk/,The parents were not to blame for the tragic death of their son.,儿子的惨死不是他父母的错。
en:grin:noun:1,grin,noun,咧嘴笑,n 咧嘴笑,/ɡrɪn/,/grɪn/,He came into the room with a friendly grin on his face .,他走进房间，脸上带着亲切的微笑。
en:grip:verb:1,grip,verb,握紧，抓牢；吸引住…的注意力,vt 握紧，抓牢；吸引住…的注意力；n 紧握,/ɡrɪp/,/grɪp/,I gripped the rail and tried not to look down.,我紧紧抓住栏杆，尽量不往下看。
en:reliance:noun:1,reliance,noun,依靠， 依赖,n 依靠， 依赖,/rɪ'laɪəns/,/rɪ'laɪəns/,the country’s heavy reliance on trade,该国对贸易的严重依赖
en:explore:verb:1,explore,verb,探险， 探索； 仔细查阅， 探究,v 探险， 探索； 仔细查阅， 探究,/ɪk'splɔr/,/ɪk'splɔː/,Management need to explore ways of improving office security.,管理层需要探讨如何加强办事处的安全措施。
en:display:noun:1,display,noun,陈列， 展览； 显示,n&vt 陈列， 展览； 显示,/dɪ'sple/,/dɪ'spleɪ/,a dazzling display (= very good display ) of flowers,令人目眩神迷的花卉展
en:electricity:noun:1,electricity,noun,电,n 电,/ɪ'lɛk'trɪsəti/,/ɪˌlek'trɪsəti/,"The farm was very isolated, but it had electricity.",那个农场非常偏远，但有电力供应。
en:climate:noun:1,climate,noun,气候； 风土， 地带； 风气， 气氛,n 气候； 风土， 地带； 风气， 气氛,/ˈklaɪmɪt/,/'klaɪmət/,Los Angeles’ warm dry climate,洛杉矶温暖干燥的气候
en:tentative:adjective:1,tentative,adjective,试探的， 试验的,adj 试探的， 试验的,/'tɛntətɪv/,/'tentətɪv/,I passed on my tentative conclusions to the police.,我把我的初步结论递交给了警方。
en:disorder:noun:2,disorder,noun,混乱， 杂乱； 骚乱,n 混乱， 杂乱； 骚乱,/dɪs'ɔrdɚ/,/dɪs'ɔːdə/,severe eating disorders such as bulimia and anorexia,像贪食症和厌食症这类严重的进食障碍
en:aggravate:verb:2,aggravate,verb,加重， 加剧， 使恶化； 激怒， 使恼火,vt 加重， 加剧， 使恶化； 激怒， 使恼火,/'æɡrəvet/,/'ægrəveɪt/,Their money problems were further aggravated by a rise in interest rates.,由于利率上调，他们的财务问题更加严重。
en:criticize:verb:1,criticize,verb,批评， 评论， 非难,vt 批评， 评论， 非难,/'krɪtə'saɪz/,/'krɪtɪsaɪz/,Ron does nothing but criticize and complain all the time.,罗恩什么也不干，只是一味指责和抱怨。
en:preside:verb:2,preside,verb,主持，主管,vi 主持，主管,/prɪ'zaɪd/,/prɪ'zaɪd/,I shall be pleased to preside at your meetings.,我很高兴主持你们的会议。
en:economic:adjective:1,economic,adjective,经济的；经济学的,adj 经济的；经济学的；n 经济学； 经济状况,"/ˌikəˈnɑmɪk, ˌɛkəˈ-nɑmɪk/",/ˌiːkə'nɒmɪk/,Economic growth is slow.,经济增长缓慢。
en:transistor:noun:1,transistor,noun,晶体管， 晶体管收音机,n 晶体管， 晶体管收音机,/træn'zɪstɚ/,/træn'zɪstə/,field effect transistor,[计]场效应晶体管
en:statistics:noun:2,statistics,noun,统计学； 统计表,n 统计学； 统计表,/stə'tɪstɪks/,/stə'tɪstɪks/,statistics for earnings by different age groups,
en:grim:adjective:2,grim,adjective,讨厌的， 糟糕的； 严厉的； 冷酷的， 无情的,adj 讨厌的， 糟糕的； 严厉的； 冷酷的， 无情的,/ɡrɪm/,/grɪm/,"‘I’ll survive,’ he said with a grim smile.",“我死不了。”他阴笑着说。
en:giggle:noun:1,giggle,noun,咯咯笑， 傻笑,n 咯咯笑， 傻笑,/'ɡɪɡl/,/'gɪgl/,"‘Catch me if you can,’ she said with a giggle.",“你来抓我呀。”她咯咯地笑着说。
en:offspring:noun:2,offspring,noun,子女， 子孙， 后代； 崽,n 子女， 子孙， 后代； 崽,/'ɔfsprɪŋ/,/'ɒfsprɪŋ/,a young mother trying to control her offspring,一个想管住自己孩子的年轻妈妈
en:arrest:verb:1,arrest,verb,逮捕，拘留；停止，阻止；吸引,vt 逮捕，拘留；停止，阻止；吸引；n 逮捕， 拘留， 扣留,/ə'rɛst/,/ə'rest/,He was arrested and charged with murder.,他遭到逮捕并被指控谋杀。
en:mature:adjective:1,mature,adjective,成熟的，成年人的；深思熟虑的；到期的，应支付的,adj 成熟的，成年人的；深思熟虑的；到期的，应支付的；vt 使成熟,/mə'tʃʊr/,/mə'tʃuə/,Laura is very mature for her age .,相对她的年龄来说劳拉是很成熟的。
en:alleviate:verb:2,alleviate,verb,减轻； 缓解， 缓和,vt 减轻； 缓解， 缓和,/ə'livɪ'et/,/ə'liːvieɪt/,measures to alleviate poverty,扶贫措施
en:notification:noun:1,notification,noun,通知， 告示； 通知书,n 通知， 告示； 通知书,/'notəfə'keʃən/,/ˌnəutɪfɪ'keɪʃn/,Names of the dead and injured are being withheld pending notification of relatives.,伤亡者的姓名在通知亲属前不被公布。
en:overflow:verb:2,overflow,verb,满得外溢，外流，泛滥；充满，洋溢,vi 满得外溢，外流，泛滥；充满，洋溢；vt 淹没， 从…中溢出， 多得无法容纳；n 容纳不下的物； 溢出， 满出； 溢流口， 溢流管,"/,ovɚ'flo/",/əʊvə'fləʊ/,The drains flooded and water overflowed down the main street.,下水道被淹，水溢到了大街上。
en:provoke:verb:3,provoke,verb,对…挑衅， 激怒； 激起， 引起,vt 对…挑衅， 激怒； 激起， 引起,/prə'vok/,/prə'vəuk/,The novel has provoked fierce debate in the US.,那部小说在美国引发了激烈的争论。
en:threaten:verb:2,threaten,verb,威胁， 恐吓； 预示快要来临； 构成威胁， 可能发生,v 威胁， 恐吓； 预示快要来临； 构成威胁， 可能发生,/'θrɛtn/,/'θretn/,Postal workers are threatening a strike if they don’t receive a pay increase.,邮政工人威胁如果不加薪，他们就要罢工。
en:enrich:verb:3,enrich,verb,充实， 使丰富； 使富裕， 使富有,vt 充实， 使丰富； 使富裕， 使富有,/ɪn'rɪtʃ/,/ɪn'rɪtʃ/,Add fertilizer to enrich the soil.,施上肥料使土壤肥沃。
en:foil:noun:1,foil,noun,箔，金属薄片；陪衬，衬托,n 箔，金属薄片；陪衬，衬托；vt 挫败， 使受挫折,/fɔɪl/,/fɔɪl/,chocolates in foil wrappers,箔纸包的巧克力
en:strain:verb:1,strain,verb,扭伤， 拉伤； 尽力使用， 紧张； 拉紧； 尽力,v 扭伤， 拉伤； 尽力使用， 紧张； 拉紧； 尽力；n 拉紧；过劳，极度紧张；张力；扭伤，拉伤；旋律；品种，家系；气质，个性特点,/stren/,/streɪn/,I’ve strained a muscle in my leg.,我的腿有一处肌肉拉伤。
en:negotiate:verb:2,negotiate,verb,洽谈， 协商， 谈判； 顺利通过， 成功越过,v 洽谈， 协商， 谈判； 顺利通过， 成功越过,/nɪ'ɡoʃɪet/,/nɪ'gəuʃieɪt/,His first aim is to get the warring parties back to the negotiating table (= discussing something ).,他的首要目标就是把交战各方拉回到谈判桌上。
en:cellar:noun:1,cellar,noun,地窖， 地下室； 酒窖,n 地窖， 地下室； 酒窖,/'sɛlɚ/,/'selə/,a coal cellar,煤窖
en:tangle:verb:2,tangle,verb,缠结，乱作一团,v 缠结，乱作一团；n 乱糟糟的一堆， 混乱； 复杂的问题； 困惑,/'tæŋɡl/,/'tæŋgl/,My hair tangles easily.,我的头发很容易打结。
en:package:noun:1,package,noun,包裹，包装；一揽子交易,n 包裹，包装；一揽子交易；vt 把…打包； 包装,/'pækɪdʒ/,/'pækɪdʒ/,There’s a package here for a Miami Lakes address.,这里有一个寄往迈阿密湖的包裹。
en:intrigue:verb:1,intrigue,verb,耍阴谋，施诡计,vi 耍阴谋，施诡计；vt 激起…的好奇心，迷住；n 阴谋， 诡计， 密谋,/'ɪn'triɡ/,/ɪn'triːg/,Other people’s houses always intrigued her.,别人的房子总令她好奇。
en:orient:verb:2,orient,verb,转向特定方向；适应[theO-],vi 转向特定方向；适应[theO-]；vt 使适应，使熟悉情况；使朝向，以…为方向；n 东方， 亚洲， 东半球,/'orɪənt/,/'ɔːrient/,You will need the time to orient yourself to your new way of eating.,你需要时间适应新的吃法。
en:crisis:noun:2,crisis,noun,危机， 存亡之际； 关键阶段,n 危机， 存亡之际； 关键阶段,/'kraɪsɪs/,/'kraɪsɪs/,The country now faces an economic crisis .,该国目前正面临一场经济危机。
en:handicap:noun:1,handicap,noun,缺陷；障碍，不利条件,n 缺陷；障碍，不利条件；vt 妨碍， 使不利,/'hændɪ'kæp/,/'hændikæp/,Not speaking the language is a real handicap.,不会讲这种语言的确是一个障碍。
en:survival:noun:2,survival,noun,幸存； 幸存者； 残存物,n 幸存； 幸存者； 残存物,/sɚ'vaɪvl/,/sə'vaɪvl/,The doctors gave him a one in ten chance of survival .,医生说他有十分之一的生存希望。
en:shatter:verb:2,shatter,verb,碎裂,vi 碎裂；vt 使粉碎，砸碎；使破灭；使震惊,/'ʃætɚ/,/'ʃætə/,The explosion shattered the building.,这次爆炸把大楼炸成一片废墟。
en:plea:noun:2,plea,noun,恳求， 请求； 抗辩， 答辩， 辩护； 借口， 托辞,n 恳求， 请求； 抗辩， 答辩， 辩护； 借口， 托辞,/pli/,/pliː/,Caldwell made a plea for donations.,考德威尔恳求捐款。
en:persuasion:noun:2,persuasion,noun,说服， 劝说； 信念， 信仰,n 说服， 劝说； 信念， 信仰,/pɚ'sweʒn/,/pə'sweɪʒn/,"After a little gentle persuasion , Debbie agreed to let us in.",好言劝说了几句后，黛比就同意让我们进去了。
en:keen:adjective:2,keen,adjective,热心的； 激烈的； 敏锐的， 敏捷的,adj 热心的； 激烈的； 敏锐的， 敏捷的,/kin/,/kiːn/,keen students,求知若渴的学生
en:nutrition:noun:1,nutrition,noun,营养,n 营养,/nu'trɪʃən/,/nju'trɪʃn/,Nutrition and exercise are essential to fitness and health.,营养和运动是保持健康所必不可少的。
en:detective:noun:3,detective,noun,侦探， 私人侦探,n 侦探， 私人侦探,/dɪ'tɛktɪv/,/dɪ'tektɪv/,She hired a detective to find out if her husband was having an affair.,她雇了一个私人侦探调查她丈夫是否有外遇。
en:transfer:verb:1,transfer,verb,搬， 转移； 调动， 转学； 转让， 过户； 乘车， 转乘,v 搬， 转移； 调动， 转学； 转让， 过户； 乘车， 转乘,/træns'fɝ/,/træns'fɜː/,He was transferred for a fee of £8 million.,他以800万英镑的转会费转到了其他球队。
en:veteran:adjective:1,veteran,adjective,经验丰富的,adj 经验丰富的；n 老手；老兵,/'vɛtərən/,/'vetərən/,"He is a veteran of the last revolution in medical technology, gene therapy, which, after some hyped expectations in the 1990s, fell into disfavor after some unsuccessful trials.",他是基因治疗这项最新医学技术的老手，经过了1990年代的兴奋期和之后几次失败的实验后，基因治疗技术已经失宠了。
en:cereal:noun:2,cereal,noun,加工而成的谷类食物； 谷类植物， 谷物,n 加工而成的谷类食物； 谷类植物， 谷物,/'sɪrɪəl/,/'sɪəriəl/,a bowl of breakfast cereal,一碗早餐麦片
en:esthetic:adjective:1,esthetic,adjective,美学的， 审美的； 悦目的， 雅致的,adj 美学的， 审美的； 悦目的， 雅致的,/ɛs'θɛtɪk/,/iːs'θetɪk/,,
en:indifferent:adjective:2,indifferent,adjective,冷漠的， 不积极的； 一般的， 平平的,adj 冷漠的， 不积极的； 一般的， 平平的,/ɪn'dɪfrənt/,/ɪn'dɪfrənt/,an indifferent cook,手艺平平的厨师
en:affection:noun:2,affection,noun,感情； 爱， 爱慕,n 感情； 爱， 爱慕,/ə'fɛkʃən/,/ə'fekʃn/,She thought of him with affection.,她怀着喜爱想起了他。
en:diversion:noun:3,diversion,noun,转移， 转向； 消遣， 娱乐； 临时绕行路,n 转移， 转向； 消遣， 娱乐； 临时绕行路,/dəˈvɝʒən; dəˈvɝʃən; daɪˈvɝʒən; daɪˈvɝʃən/,/daɪ'vɜːʃn/,...the illegal diversion of profits from secret arms sales.,…销售秘密武器所得收益的非法转移。
en:elementary:adjective:1,elementary,adjective,基本的， 初级的,adj 基本的， 初级的,"/,ɛlɪ'mɛntri/",/ˌelɪ'mentri/,the elementary principles of justice and democracy,正义和民主的基本信条
en:eagle:noun:1,eagle,noun,鹰,n 鹰,/'igl/,/'iːgl/,The eagle plumed its wing.,这只鹰整理它的翅膀。
en:solemn:adjective:1,solemn,adjective,庄严的， 隆重的； 严肃的,adj 庄严的， 隆重的； 严肃的,/'sɑləm/,/'sɒləm/,a solemn expression,严肃的表情
en:embarrass:verb:2,embarrass,verb,使窘迫， 使为难,vt 使窘迫， 使为难,/ɪm'bærəs/,/ɪm'bærəs/,He didn’t want to embarrass her by asking questions.,他不想提问让她尴尬。
en:erroneous:adjective:2,erroneous,adjective,错误的， 不正确的,adj 错误的， 不正确的,/ɪ'ronɪəs/,/ɪ'rəuniəs/,His economic predictions are based on some erroneous assumptions.,他的经济预测是基于错误假设之上的。
en:option:noun:2,option,noun,选择， 选择权， 选择自由； 选择的事物， 选课,n 选择， 选择权， 选择自由； 选择的事物， 选课,/'ɑpʃən/,/'ɒpʃn/,There are a number of options available.,有多种选择。
en:acute:adjective:1,acute,adjective,严重的； 急性的； 灵敏的， 敏锐的； 精明的,adj 严重的； 急性的； 灵敏的， 敏锐的； 精明的,/ə'kjut/,/ə'kjuːt/,The housing shortage is more acute than first thought.,住房短缺情况比一开始想的要严重。
en:limitation:noun:1,limitation,noun,限制， 限度； 局限,n 限制， 限度； 局限,"/,lɪmɪ'teʃən/",/ˌlɪmɪ'teɪʃn/,a nuclear limitation treaty,核限制条约
en:jog:noun:1,jog,noun,慢跑； 轻轻碰撞,n&v 慢跑； 轻轻碰撞,/dʒɑɡ/,/dʒɒg/,I go jogging every morning.,我每天早晨都去慢跑。
en:terrify:verb:2,terrify,verb,使害怕， 使惊吓,vt 使害怕， 使惊吓,/ˈtɛrəˌfaɪ/,/'terɪfaɪ/,Her husband’s violence terrified her.,丈夫的暴力行为让她感到害怕。
en:handbook:noun:2,handbook,noun,手册， 便览,n 手册， 便览,/'hændbʊk/,/'hændbuk/,the Fiction Writer’s Handbook,《小说写作手册》
en:ascertain:verb:2,ascertain,verb,弄清， 查明； 确定,vt 弄清， 查明； 确定,/'æsɚ'ten/,/ˌæsə'teɪn/,A postmortem was ordered to try to ascertain the cause of death.,下令验尸以查明死因。
en:crucial:adjective:2,crucial,adjective,至关重要的， 决定性的,adj 至关重要的， 决定性的,/'krʊʃəl/,/'kruːʃl/,The conservation of tropical forests is of crucial importance .,保护热带雨林至关重要。
en:contribute:verb:2,contribute,verb,捐献， 捐款； 投稿,v 捐献， 捐款； 投稿,/kən'trɪbjut/,/kən'trɪbjuːt/,The three sons also contribute to the family business.,3个儿子也为家族企业做贡献。
en:insert:verb:2,insert,verb,插入， 嵌入； 登载,vt 插入， 嵌入； 登载,/'ɪnsɝt/,/ɪn'sɜːt/,He took a small key from his pocket and slowly inserted it into the lock.,他从衣袋里掏出一把小钥匙，然后缓缓地将其插入锁孔里。
en:faith:noun:1,faith,noun,信任， 信心； 信仰， 信条,n 信任， 信心； 信仰， 信条,/feθ/,/feɪθ/,People have lost faith in the government.,人们已失去了对政府的信心。
en:inspiration:noun:2,inspiration,noun,灵感； 鼓舞人心的人,n 灵感； 鼓舞人心的人,/ˌɪnspəˈreʃən/,/ˌɪnspə'reɪʃn/,The Malvern Hills have provided inspiration for many artists and musicians over the decades.,几十年来，莫尔文丘陵为很多艺术家和音乐家提供了灵感。
en:endurance:noun:2,endurance,noun,忍耐力； 持久， 耐久,n 忍耐力； 持久， 耐久,/ɪn'dʊrəns/,/ɪn'djuərəns/,She was pushed beyond her powers of endurance.,她被逼得忍无可忍。
en:highlight:verb:1,highlight,verb,强调，突出，使显著,vt 强调，突出，使显著；n 最精彩的部分， 最重要的事件,/'haɪlaɪt/,/'haɪlaɪt/,Your résumé should highlight your skills and achievements.,你的简历应该突出自己的技能和成绩。
en:candidate:noun:1,candidate,noun,候选人， 投考者， 申请求职者,n 候选人， 投考者， 申请求职者,"/ˈkændɪˌdet, -dɪt/",/'kændɪdət/,a presidential candidate,总统候选人
en:strive:verb:2,strive,verb,努力， 奋斗， 力求,vi 努力， 奋斗， 力求,/straɪv/,/straɪv/,He strives hard to keep himself very fit.,他努力使自己保持非常的健康。
en:database:noun:1,database,noun,数据库,n 数据库,/'detəbes/,/'deɪtəbeɪs/,customer details held on a database,存储在数据库内的客户详细信息
en:intelligible:adjective:1,intelligible,adjective,可理解的， 明白易懂的， 清楚的,adj 可理解的， 明白易懂的， 清楚的,/ɪn'tɛlɪdʒəbl/,/ɪn'telɪdʒəbl/,His reply was barely intelligible.,他的回复几乎让人听不懂。
en:parallel:adjective:1,parallel,adjective,并列的，平行的；类似的；对应的；并联的,adj 并列的，平行的；类似的；对应的；并联的；n 可相比拟的事物，相似处；平行线，平行面；纬线；vt 与…相似， 与… 相当， 比得上,/'pærəlɛl/,/'pærəlel/,Lines AB and CD are parallel. AB,线与CD线平行。
en:reject:verb:2,reject,verb,拒绝； 拒纳， 退回， 摈弃,vt 拒绝； 拒纳， 退回， 摈弃；n 被拒货品， 不合格产品,/rɪ'dʒɛkt/,/rɪ'dʒekt/,Sarah rejected her brother’s offer of help.,萨拉拒绝了她弟弟的帮助。
en:hospitality:noun:3,hospitality,noun,友好款待， 好客,n 友好款待， 好客,"/,hɑspɪ'tæləti/",/ˌhɒspɪ'tæləti/,Thanks for your hospitality over the past few weeks.,感谢你几周来的热情款待。
en:sheer:adverb:1,sheer,adverb,垂直地，陡峭地,adv 垂直地，陡峭地；vi 急转向， 偏离；adj 完全的，十足的；陡峭的，垂直的；极薄的，透明的,/ʃɪr/,/ʃɪə/,cliffs which rose sheer from the sea,从海面垂直拔起的悬崖
en:imitation:noun:2,imitation,noun,模仿； 仿制， 伪制品； 赝品,n 模仿； 仿制， 伪制品； 赝品,"/,ɪmɪ'teʃən/",/ˌɪmɪ'teɪʃn/,The remake of ‘Casablanca’ was a pale imitation (= something that is much less good than the thing it imitates ) of the original movie.,重拍的《卡萨布兰卡》远不如原版。
en:compliment:noun:2,compliment,noun,赞美，恭维；致意，问候,n 赞美，恭维；致意，问候；vt 赞美， 恭维,/ˈkɑːmplɪmənt/,/'kɒmplɪmənt/,All the guests paid her extravagant compliments.,所有客人都对她赞不绝口。
en:blunder:verb:2,blunder,verb,跌跌撞撞地走， 慌乱地走； 犯错误,vi 跌跌撞撞地走， 慌乱地走； 犯错误；n 错误,/'blʌndɚ/,/'blʌndə/,They blundered badly when they gave him the job.,他们犯了大错，让他做这份工作。
en:breach:noun:1,breach,noun,破坏，违反；破裂，不和；缺口，裂口,n 破坏，违反；破裂，不和；缺口，裂口；vt 攻破， 在…造成缺口； 破坏， 违反,/britʃ/,/briːtʃ/,She wanted to help heal the breach between them.,她想帮助他们修复破裂的关系。
en:original:adjective:1,original,adjective,最初的；新颖的；原版的,adj 最初的；新颖的；原版的；n 原件， 原作,/ə'rɪdʒənl/,/ə'rɪdʒənl/,The land was returned to its original owner.,这块土地归还给了原主。
en:comply:verb:2,comply,verb,遵从， 依从， 服从,vi 遵从， 依从， 服从,/kəm'plaɪ/,/kəm'plaɪ/,The newspaper was asked by federal agents for assistance and agreed to comply.,联邦探员要求这家报社给予协助，报社同意配合。
en:deviate:verb:3,deviate,verb,背离， 偏离,vi 背离， 偏离,/'divɪet/,/'diːvieɪt/,They stopped you as soon as you deviated from the script.,你一偏离剧本，他们就会叫停。
en:assignment:noun:1,assignment,noun,任务； 指定的作业； 分配， 指派,n 任务； 指定的作业； 分配， 指派,/ə'saɪnmənt/,/ə'saɪnmənt/,a history assignment,历史作业
en:album:noun:2,album,noun,粘贴簿， 集邮簿， 相册,n 粘贴簿， 集邮簿， 相册,/'ælbəm/,/'ælbəm/,a photograph album,相册
en:stimulus:noun:2,stimulus,noun,促进； 刺激,n 促进； 刺激,/'stɪmjələs/,/'stɪmjələs/,Tax cuts provided the stimulus which the slow economy needed.,减税为不景气的经济带来了其所需的刺激。
en:electric:adjective:1,electric,adjective,电的， 电动的,adj 电的， 电动的,/ɪ'lɛktrɪk/,/ɪ'lektrɪk/,an electric blanket,电热毯
en:bewilder:verb:2,bewilder,verb,使迷惑； 使难住,vt 使迷惑； 使难住,/bɪ'wɪldɚ/,/bɪ'wɪldə/,He was bewildered by his daughter’s reaction.,他被女儿的反应弄糊涂了。
en:regiment:noun:2,regiment,noun,团；大量,n 团；大量；vt 严格地管制， 严密地编组,/'rɛdʒɪmənt/,/'redʒɪmənt/,the regimented routine of boarding school,寄宿学校严格的生活规律
en:diminish:verb:3,diminish,verb,变少，变小，降低,vi 变少，变小，降低；vt 减少， 减小， 降低,/dɪ'mɪnɪʃ/,/dɪ'mɪnɪʃ/,The party’s share of the electorate has diminished steadily.,支持这个政党的选民比例持续下降。
en:surpass:verb:3,surpass,verb,超过， 优于， 多于； 超过…的界限， 非…所能办到,vt 超过， 优于， 多于； 超过…的界限， 非…所能办到,/sə'pæs/,/sə'pɑːs/,He had surpassed all our expectations .,他超越了我们所有的预期。
en:various:adjective:1,various,adjective,各种各样的， 不同的,adj 各种各样的， 不同的,/'vɛrɪəs/,/'veəriəs/,The jacket is available in various colours.,这种夹克有好多种颜色可选。
en:depression:noun:2,depression,noun,抑郁， 沮丧； 不景气， 萧条； 洼地， 凹陷,n 抑郁， 沮丧； 不景气， 萧条； 洼地， 凹陷,/dɪ'prɛʃən/,/dɪ'preʃn/,Mr. Thomas was suffering from depression.,托马斯先生当时正受抑郁症折磨。
en:affiliate:verb:2,affiliate,verb,使隶属于,vt 使隶属于；n 附属机构， 分公司,/ə'fɪlɪet/,/ə'fɪlɪeɪt/,He wanted to affiliate with a U.S. firm because he needed expert advice in legal affairs.,他想成为一家美国公司的会员，因为他需要法律事务方面的专家意见。
en:unfold:verb:3,unfold,verb,展开， 打开； 显露， 展现,v 展开， 打开； 显露， 展现,/ʌn'fold/,/ʌn'fəuld/,"As the story unfolds, we learn more about Max’s childhood.",随着故事的展开，我们对马克斯的童年有了更多的了解。
en:extent:noun:2,extent,noun,广度； 范围； 程度,n 广度； 范围； 程度,/ɪk'stɛnt/,/ɪk'stent/,They examined the extent to which (= how much ) age affected language-learning ability.,他们调查了年龄会在多大程度上影响语言学习能力。
en:equivalent:adjective:2,equivalent,adjective,相等的，等量的,adj 相等的，等量的；n 相等物， 等价物,/ɪ'kwɪvələnt/,/ɪ'kwɪvələnt/,"I had no dollars, but offered him an equivalent amount of sterling.",我没有美金，但给了他等值的英镑。
en:sensational:adjective:1,sensational,adjective,轰动的， 耸人听闻的； 使人感动的， 非常好的,adj 轰动的， 耸人听闻的； 使人感动的， 非常好的,/sɛn'seʃənl/,/sen'seɪʃənl/,a sensational discovery,引起轰动的发现
en:wedge:noun:2,wedge,noun,楔,n 楔；vt 楔入， 塞入,/wɛdʒ/,/wedʒ/,Garnish with lemon wedges.,用几角柠檬片作装饰。
en:alienate:verb:1,alienate,verb,使疏远， 使不友好， 离间； 转让， 让渡,vt 使疏远， 使不友好， 离间； 转让， 让渡,/'eiljəneit/,/'eɪlɪəneɪt/,The latest tax proposals will alienate many voters.,最新的纳税提案将失去远许多选民的支持。
en:brink:noun:1,brink,noun,边缘， 边沿,n 边缘， 边沿,/brɪŋk/,/brɪŋk/,Their economy is teetering on the brink of collapse.,他们的经济正摇摆于崩溃的边缘。
en:plague:noun:2,plague,noun,瘟疫，鼠疫；灾难，祸患,n 瘟疫，鼠疫；灾难，祸患；vt 使痛苦， 给…造成困难,/pleɡ/,/pleɪg/,drops in population levels due to plagues and famines,瘟疫和饥荒造成的人口水平下降
en:perpetual:adjective:3,perpetual,adjective,永久的， 永恒的， 长期的； 无休止的， 没完没了的,adj 永久的， 永恒的， 长期的； 无休止的， 没完没了的,/pɚ'pɛtʃuəl/,/pə'petʃuəl/,the perpetual noise of the machines,机器连续不断的噪音
en:retrospect:noun:1,retrospect,noun,回顾,n 回顾,/'rɛtrəspɛkt/,/'retrəspekt/,"In retrospect, I wonder if we should have done more.",回过头看，我在想我们是否应该做得更多些。
en:fascinate:verb:3,fascinate,verb,强烈地吸引， 迷住,vt 强烈地吸引， 迷住,/'fæsə'net/,/'fæsɪneɪt/,The idea of travelling through time fascinates me.,穿越时光的想法深深吸引着我。
en:colonial:adjective:2,colonial,adjective,殖民地的,adj 殖民地的,/kə'lonɪəl/,/kə'ləuniəl/,the struggle against colonial rule,反抗殖民统治的斗争
en:warfare:noun:2,warfare,noun,战争； 斗争， 冲突,n 战争； 斗争， 冲突,/'wɔrfɛr/,/'wɔːfeə/,the realities of modern warfare,现代战争的真实面貌
en:draft:noun:1,draft,noun,草稿；汇票；征兵；通风,n 草稿；汇票；征兵；通风；vt 起草； 征募,/dræft/,/drɑːft/,the rough draft of his new novel,他的新小说的草稿
en:complex:adjective:1,complex,adjective,由许多部分组成的，复合的；复杂的，难懂的,adj 由许多部分组成的，复合的；复杂的，难懂的；n 综合体， 集合体； 情结， 夸大的情绪反应,/ˈkɑmplɛks;kəmˈplɛks/,/'kɒmpleks/,a complex system of highways,复杂的公路网
en:assumption:noun:3,assumption,noun,假定， 臆断； 担任， 承担,n 假定， 臆断； 担任， 承担,/ə'sʌmpʃən/,/ə'sʌmpʃn/,You would be making an assumption that's not based on any fact that you could report.,你会做出不以你能报道的任何事实为依据的一种假设。
en:humidity:noun:2,humidity,noun,湿度， 潮湿， 湿气,n 湿度， 潮湿， 湿气,/hju'mɪdəti/,/hjuː'mɪdəti/,The room is kept at 72 degrees and 50% relative humidity.,房间的温度保持在72度，相对湿度50%。
en:rank:verb:2,rank,verb,列入， 占特定等级,vi 列入， 占特定等级；n 军衔，职衔；地位，社会阶层；排，行列；vt 把…分等，给…评定等级,/ræŋk/,/ræŋk/,There were several pairs of riding boots ranked neatly in the hall.,门厅里整齐地摆放着几双马靴。
en:pamphlet:noun:2,pamphlet,noun,小册子,n 小册子,/ˈpæmflɪt/,/'pæmflət/,a political pamphlet,政治宣传册
en:preparatory:adjective:1,preparatory,adjective,预备的,adj 预备的,/prɪ'pærətɔri/,/prɪ'pærətri/,preparatory talks to clear the way for a peace settlement,为缔结和平协议扫清道路的预备性会谈
en:neglect:noun:1,neglect,noun,忽视， 忽略； 疏忽,n&vt 忽视， 忽略； 疏忽,/nɪ'glɛkt/,/nɪ'glekt/,Many of these ideas have been neglected by modern historians.,这些观点有许多都被现代的历史学家忽略了。
en:addition:noun:1,addition,noun,加， 加法； 附加物,n 加， 加法； 附加物,/ə'dɪʃən/,/ə'dɪʃn/,This is a fine book; a worthy addition to the series.,这是一本好书——是对这套丛书有价值的增补。
en:vein:noun:2,vein,noun,静脉， 血管； 叶脉； 纹理， 纹路； 方式， 风格,n 静脉， 血管； 叶脉； 纹理， 纹路； 方式， 风格,/ven/,/veɪn/,the pulmonary vein,肺静脉
en:carve:verb:1,carve,verb,切， 把…切碎； 雕刻， 刻,vt 切， 把…切碎； 雕刻， 刻,/kɑrv/,/kɑːv/,carved wooden chairs,木雕椅子
en:veil:noun:1,veil,noun,面纱，面罩；遮盖物，掩饰物,n 面纱，面罩；遮盖物，掩饰物；vt 掩盖， 掩饰,/vel/,/veɪl/,She lifted her veil with both hands.,她用双手揭开面纱。
en:shrink:verb:2,shrink,verb,起皱； 收缩； 退缩， 畏缩,vi 起皱； 收缩； 退缩， 畏缩,/ʃrɪŋk/,/ʃrɪŋk/,I’m worried about washing that shirt in case it shrinks.,我不太敢洗那件衬衫，怕它会缩水。
en:hierarchy:noun:1,hierarchy,noun,等级制度； 统治集团， 领导层,n 等级制度； 统治集团， 领导层,/'haɪərɑrki/,/'haɪərɑːki/,a rigid social hierarchy,严格的社会等级制度
en:ancestor:noun:1,ancestor,noun,祖宗， 祖先； 原型； 先驱,n 祖宗， 祖先； 原型； 先驱,/'ænsɛstɚ/,/'ænsestə/,My ancestors were French.,我的祖先是法国人。
en:hazardous:adjective:2,hazardous,adjective,危险的； 冒险的,adj 危险的； 冒险的,/'hæzɚdəs/,/'hæzədəs/,the disposal of hazardous waste,有害废弃物的处理
en:locality:noun:2,locality,noun,地区， 地点,n 地区， 地点,/lo'kæləti/,/ləu'kæləti/,weather reports from several different localities,来自几个不同地区的天气报告
en:proceeding:noun:2,proceeding,noun,诉讼,n 诉讼,/prə'sidɪŋ/,/prə'siːdɪŋ/,John is taking legal proceedings against his ex-partner.,约翰在对他的前合伙人提起法律诉讼。
en:artery:noun:1,artery,noun,动脉； 干线， 要道,n 动脉； 干线， 要道,/'ɑrtəri/,/'ɑːtəri/,"...Connecticut Ave., one of the main arteries of Washington.",…康涅狄格大道，华盛顿的主干道之一。
en:panic:verb:1,panic,verb,恐慌， 惊慌失措,v 恐慌， 惊慌失措；n 恐慌，惊慌，慌乱,/'pænɪk/,/'pænɪk/,He started to panic when he saw the gun.,他看见枪就慌了起来。
en:underestimate:verb:3,underestimate,verb,对…估计不足，低估,vt 对…估计不足，低估；n 估计不足， 低估,/ˌʌndərˈestɪmeɪt/,/ˌʌndər'estɪmeɪt/,None of us should ever underestimate the degree of difficulty women face in career advancement.,我们谁都不应低估妇女在职业发展中所面临的困难程度。
en:fold:verb:1,fold,verb,折叠，合拢,vt 折叠，合拢；n 褶， 折叠的部分,/fold/,/fəuld/,Fold the paper along the dotted line.,沿虚线将纸折起来。
en:transient:adjective:1,transient,adjective,短暂的， 转瞬即逝的； 临时的， 暂住的,adj 短暂的， 转瞬即逝的； 临时的， 暂住的,/ˈtrænʃnt; trænʃənt/,/'trænziənt/,transient fashions,短暂的时尚
en:hurl:verb:3,hurl,verb,猛投， 狠掷； 大声叫骂,vt 猛投， 狠掷； 大声叫骂,/hɝl/,/hɜːl/,Demonstrators were hurling bricks through the windows.,示威者在向窗里掷砖块。
en:competitive:adjective:2,competitive,adjective,竞争的， 比赛的； 好竞争的， 求胜心切的； 有竞争力的,adj 竞争的， 比赛的； 好竞争的， 求胜心切的； 有竞争力的,/kəm'pɛtətɪv/,/kəm'petətɪv/,Some US industries are not as competitive as they have been in the past.,美国有些行业不如以前有竞争力了。
en:dean:noun:2,dean,noun,教长， 主任牧师； 学院院长， 系主任， 训导主任,n 教长， 主任牧师； 学院院长， 系主任， 训导主任,/din/,/diːn/,the admissions dean,招生主任
en:sponge:verb:1,sponge,verb,用湿海绵擦， 揩； 过寄生生活,v 用湿海绵擦， 揩； 过寄生生活；n 海绵,/spʌndʒ/,/spʌndʒ/,Clean the rug by sponging it gently.,用湿布轻轻擦洗以清洁小地毯。
en:abuse:verb:1,abuse,verb,滥用； 虐待； 辱骂， 毁谤,vt 滥用； 虐待； 辱骂， 毁谤；n 滥用； 虐待； 辱骂,/ə'bjus/,/ə'bjuːz/,Williams abused his position as Mayor to give jobs to his friends.,威廉斯滥用市长权力，给不少朋友安排了工作。
en:scheme:verb:2,scheme,verb,密谋， 策划,v 密谋， 策划；n 计划，方案；阴谋,/skim/,/skiːm/,"She’s nothing but a lying, scheming little monster!",她就是个爱撒谎、爱算计的小巫婆！
en:insulate:verb:2,insulate,verb,使绝缘， 使隔热， 使隔音； 隔离， 使隔绝,vt 使绝缘， 使隔热， 使隔音； 隔离， 使隔绝,/ˈɪnsəˌleɪt ; ˈɪnsjʊˌleɪt/,/'ɪnsjuleɪt/,an insulated attic,隔热[隔音]的阁楼
en:consequently:adverb:1,consequently,adverb,因此， 因而， 所以,adv 因此， 因而， 所以,/'kɑnsəkwɛntli/,/'kɒnsɪkwəntli/,"Most computer users have never received any formal keyboard training. Consequently, their keyboard skills are inefficient.",大多数的电脑使用者都没有经过正规的键盘操作训练，因此他们的键盘技巧不够熟练。
en:drain:verb:2,drain,verb,慢慢减少,vi 慢慢减少；vt 排去，放水；渐渐耗尽；n 耗竭； 排水沟， 排水管,/dren/,/dreɪn/,Huge imports were draining the country’s currency reserves.,大量的进口正在耗尽该国的货币储备。
en:reluctance:noun:2,reluctance,noun,不愿， 勉强,n 不愿， 勉强,/rɪ'lʌktəns/,/rɪ'lʌktəns/,"Wells finally agreed, but with reluctance.",韦尔斯最终同意了，但很勉强。
en:rape:noun:2,rape,noun,强奸,n&vt 强奸,/rep/,/reɪp/,She had been raped and stabbed.,她遭到强奸，还被刀捅了。
en:isolate:verb:2,isolate,verb,使隔离， 使孤立,vt 使隔离， 使孤立,/aɪslˌet/,/'aɪsəleɪt/,The town was isolated by the floods.,洪水使该镇与外界隔绝。
en:popularity:noun:2,popularity,noun,普及， 流行； 声望,n 普及， 流行； 声望,"/,pɑpju'lærəti/",/ˌpɒpju'lærəti/,The president’s popularity has declined considerably.,总统的支持率大大下降了。
en:nickname:noun:2,nickname,noun,绰号，诨名,n 绰号，诨名；vt 给…起绰号,/'nɪk'nem/,/'nɪkneɪm/,Stephen earned himself the nickname Hawkeye.,斯蒂芬得了个“鹰眼”的绰号。
en:subsequent:adjective:2,subsequent,adjective,随后的， 后来的,adj 随后的， 后来的,/'sʌbsɪkwənt/,/'sʌbsɪkwənt/,These skills were passed on to subsequent generations.,这些技能代代相传。
en:metabolic:adjective:1,metabolic,adjective,代谢作用的， 新陈代谢的,adj 代谢作用的， 新陈代谢的,"/,mɛtə'bɑlɪk/",/ˌmetə'bɒlɪk/,Exercise can increase your metabolic rate.,运动可以提高新陈代谢率。
en:humanity:noun:2,humanity,noun,人类， 人； 人性； 人道， 博爱； 人文学科,n 人类， 人； 人性； 人道， 博爱； 人文学科,/hjʊ'mænəti/,/hjuː'mænəti/,We want a clean healthy environment for all humanity .,我们希望全人类拥有一个干净健康的生存环境。
en:innovation:noun:3,innovation,noun,新方法， 新事物； 革新， 创新,n 新方法， 新事物； 革新， 创新,"/,ɪnə'veʃən/",/ˌɪnə'veɪʃn/,We must encourage innovation if the company is to remain competitive.,公司要想保持竞争力，就必须鼓励革新。
en:litter:verb:1,litter,verb,乱扔废弃物,vi 乱扔废弃物；vt 乱扔东西；n 废弃物， 被胡乱扔掉的东西； 一窝； 杂乱的东西,/'lɪtɚ/,/'lɪtə/,I hate people who litter in the forest.,我讨厌那些在森林里乱扔垃圾的人。
en:charge:verb:1,charge,verb,索价；控告；使充电，使充满；向前冲,v 索价；控告；使充电，使充满；向前冲；n 费用； 管理； 控告， 指责； 电荷， 充电,/tʃɑrdʒ/,/tʃɑːdʒ/,They have the evidence to charge him.,他们有证据来指控他。
en:shutter:noun:2,shutter,noun,百叶窗； 快门,n 百叶窗； 快门,/'ʃʌtɚ/,/'ʃʌtə/,She opened the shutters and gazed out over village roofs.,她打开了百叶窗，朝村里的房顶望去。
en:alternate:adjective:1,alternate,adjective,交替的， 轮流的； 间隔的,adj 交替的， 轮流的； 间隔的；v 轮流， 交替,/ˈɔltɚˌnet;(for adj.)ˈɔ:ltərnət/,/ˈɔ:ltəneɪt;(for adj.)ɔ:lˈtɜ:nət/,alternate blue and red stripes,蓝红相间的条纹
en:biography:noun:2,biography,noun,传记,n 传记,/baɪ'ɑɡrəfi/,/baɪ'ɒgrəfi/,...recent biographies of Stalin.,…近年的斯大林传记。
en:procedure:noun:2,procedure,noun,程序； 手续； 步骤,n 程序； 手续； 步骤,/prə'sidʒɚ/,/prə'siːdʒə/,"On board, we were given the usual talk on safety procedures (= what to do if an accident happens, or to prevent an accident ) .",在飞机上，我们听了例行的飞行安全讲解。
en:sample:noun:2,sample,noun,样品，试样，样本,n 样品，试样，样本；vt 从…抽样； 品尝， 体验,/'sæmpl/,/'sɑːmpl/,They took a blood sample to test for hepatitis.,他们取了血样做肝炎化验。
en:plunge:noun:1,plunge,noun,纵身投入， 猛冲， 猛跌,n&v 纵身投入， 猛冲， 猛跌,/plʌndʒ/,/plʌndʒ/,At least 50 people died when a bus plunged into a river.,一辆公共汽车冲进了河里，至少有50人死亡。
en:skeptical:adjective:2,skeptical,adjective,表示怀疑的,adj 表示怀疑的,/'skɛptɪkl/,/'skeptɪkl/,I think going in they were very skeptical we would get to this point given our history in Seattle.,我想鉴于西雅图过去的历史，在开始的时候他们对我们能达到这个地步还是有怀疑的。
en:ultraviolet:adjective:2,ultraviolet,adjective,紫外的,adj 紫外的,"/,ʌltrə'vaɪələt/",/ˌʌltrə'vaɪələt/,"This is the energy of an ultraviolet photon, a ""large"" energy on the atomic scale .",这是一个紫外光子的能量，在原子尺度上，它是一个“大”能量。
en:planetary:noun:1,planetary,noun,行星的,n 行星的,/'plænətɛri/,/'plænətri/,These disks are the remnants of planetary formation.,这些圆盘是行星形成的剩余物质。
en:visa:noun:2,visa,noun,签证,n 签证,/'vizə/,/'viːzə/,"I was still in New York, trying to get a visa to visit Russia.",我仍在纽约，正在办理去俄罗斯的签证。
en:diagnose:verb:3,diagnose,verb,诊断； 判断,vt 诊断； 判断,"/,daɪəɡ'nos/",/'daɪəgnəuz/,The soldiers were diagnosed as having flu.,这些士兵被诊断为患了流感。
en:petition:verb:1,petition,verb,请愿， 正式请求,v 请愿， 正式请求；n 请愿书，申请书；诉状,/pə'tɪʃən/,/pə'tɪʃn/,...couples petitioning for divorce.,…申请离婚的几对夫妇。
en:vicinity:noun:2,vicinity,noun,周围地区， 邻近地区,n 周围地区， 邻近地区,/və'sɪnəti/,/və'sɪnəti/,There were a hundred or so hotels in the vicinity of the station.,在车站附近有大约一百家左右的旅馆。
en:naive:adjective:1,naive,adjective,幼稚的； 天真的； 轻信的,adj 幼稚的； 天真的； 轻信的,/naɪ'iv/,/naɪ'iːv/,a naive young girl,天真的小女孩
en:essential:adjective:3,essential,adjective,必要的，本质的,adj 必要的，本质的；n 要素； 必需品,/ɪ'sɛnʃl/,/ɪ'senʃl/,Window locks are fairly cheap and absolutely essential.,窗锁相当便宜，绝对有必要安装。
en:expenditure:noun:3,expenditure,noun,经费， 支出额； 花费， 支出， 消耗,n 经费， 支出额； 花费， 支出， 消耗,/ɪk'spɛndɪtʃɚ/,/ɪk'spendɪtʃə/,huge cuts in public expenditure,大幅度削减公共开支
en:vent:noun:1,vent,noun,通风口，排放口；开衩,n 通风口，排放口；开衩；vt 表达， 发泄,/vɛnt/,/vent/,a blocked air vent,堵塞的通风口
en:haunt:verb:2,haunt,verb,常出没于；使苦恼，使担忧；萦绕在心头，缠绕,vt 常出没于；使苦恼，使担忧；萦绕在心头，缠绕；n 常去的地方,/hɔnt/,/hɔːnt/,The pub is said to be haunted by the ghost of a former landlord.,据说这个酒吧里经常有一位前任房主的鬼魂出没。
en:precede:verb:2,precede,verb,在…之前， 先于,vt 在…之前， 先于,/prɪ'sid/,/prɪ'siːd/,a type of cloud that precedes rain,下雨前出现的一种云
en:gasp:verb:1,gasp,verb,喘气，倒抽气,vi 喘气，倒抽气；vt 喘着气说出；n 喘气， 倒抽气,/ɡæsp/,/gɑːsp/,‘My leg!’ he gasped. ‘I think it’s broken!’,“我的腿！”他倒抽一口气喊道，“我觉得腿断了！”
en:stroll:noun:2,stroll,noun,散步， 闲逛,n&vi 散步， 闲逛,/strol/,/strəul/,I used to stroll along the beach on Sundays.,我过去常在星期天沿海滩散步。
en:furnish:verb:2,furnish,verb,供应， 提供； 装备,vt 供应， 提供； 装备,/'fɝnɪʃ/,/'fɜːnɪʃ/,Will these finds furnish more information on prehistoric man?,这些发现是否能提供更多有关史前人类的资料？
en:differentiate:verb:1,differentiate,verb,区分，区别,vi 区分，区别；vt 区分， 区别； 使不同， 使有差异,"/,dɪfə'rɛnʃɪet/",/ˌdɪfə'renʃieɪt/,What differentiates these two periods of history?,这两个历史时期的差别在哪里？
en:contact:noun:1,contact,noun,接触，联系，交往,n 接触，联系，交往；vt 与…接触， 与…取得联系,/'kɑntækt/,/'kɒntækt/,The town is cut off from contact with the outside world.,小镇与外界的联系被切断了。
en:garment:noun:2,garment,noun,衣服,n 衣服,/'gɑrmənt/,/'gɑːmənt/,She pulled the garment on and zipped it up.,她穿上衣服并拉好拉链。
en:discharge:verb:1,discharge,verb,释放，排出；卸货,v 释放，排出；卸货；n 释放， 放电,/dɪs'tʃɑrdʒ/,/dɪs'tʃɑːdʒ/,Hospitals now tend to discharge patients earlier than in the past.,与过去相比，现在医院更趋向于让病人早些出院。
en:exclude:verb:1,exclude,verb,把…排除在外,vt 把…排除在外,/ɪk'sklʊd/,/ɪk'skluːd/,a special diet that excludes dairy products,不包含奶制品的特别食谱
en:scary:adjective:1,scary,adjective,可怕的， 骇人的； 惊慌的， 害怕的； 胆小的， 易受惊的,adj 可怕的， 骇人的； 惊慌的， 害怕的； 胆小的， 易受惊的,/'skɛri/,/'skeəri/,a scary moment,恐怖的一刻
en:criticism:noun:2,criticism,noun,批评， 批判； 评论， 评论文章,n 批评， 批判； 评论， 评论文章,/'krɪtə'sɪzəm/,/'krɪtɪsɪzəm/,"Despite strong criticism , the new system is still in place.",尽管遭到了猛烈的批评，新制度依然原封不动。
en:enlighten:verb:2,enlighten,verb,启发， 开导,vt 启发， 开导,/ɪn'laɪtn/,/ɪn'laɪtn/,A few dedicated doctors have fought for years to enlighten the profession.,少数富有献身精神的医生为启蒙这一行业而奋斗多年。
en:utmost:adjective:1,utmost,adjective,最远的,adj 最远的；n 极限,/'ʌt'most/,/'ʌtməust/,It is a matter of the utmost urgency to find out what has happened to these people.,当务之急是弄清楚这些人出了什么事。
en:prospective:adjective:2,prospective,adjective,预期的； 未来的； 可能的,adj 预期的； 未来的； 可能的,/prə'spɛktɪv/,/prə'spektɪv/,the prospective costs of providing pensions,提供养老金可能产生的成本
en:deduct:verb:1,deduct,verb,减去， 扣除,v 减去， 扣除,/dɪ'dʌkt/,/dɪ'dʌkt/,The company deducted this payment from his compensation.,公司从他的补偿金中扣除了这笔款项。
en:plaster:noun:1,plaster,noun,灰浆，灰泥；石膏；橡皮膏，膏药,n 灰浆，灰泥；石膏；橡皮膏，膏药；vt 在…上抹灰泥， 厚厚地涂抹,/'plæstɚ/,/'plɑːstə/,The ceiling he had just plastered fell in and knocked him off his ladder.,他刚抹过灰泥的那块天花板脱落了，把他从梯子上砸了下来。
en:consultancy:noun:2,consultancy,noun,顾问； 顾问服务公司,n 顾问； 顾问服务公司,/kən'sʌltənsi/,/kən'sʌltənsi/,a management consultancy,管理咨询公司
en:metropolitan:adjective:3,metropolitan,adjective,大都市的， 大都会的； 首都的,adj 大都市的， 大都会的； 首都的,"/,mɛtrə'pɑlɪtən/",/ˌmetrə'pɒlɪtən/,a metropolitan area of South Australia,南澳大利亚的一个都市区
en:portray:verb:2,portray,verb,描写， 描绘； 扮演， 饰演,vt 描写， 描绘； 扮演， 饰演,/pɔr'tre/,/pɔː'treɪ/,His most famous painting portrayed the death of Nelson.,他最著名的画作描绘的是纳尔逊之死。
en:garbage:noun:1,garbage,noun,垃圾， 废物； 废话； 无用的资料,n 垃圾， 废物； 废话； 无用的资料,/'ɡɑrbɪdʒ/,/'gɑːbɪdʒ/,Can you take out the garbage when you go?,你走的时候把垃圾带出去好吗？
en:suspicious:adjective:3,suspicious,adjective,猜疑的， 疑心的； 可疑的； 表示怀疑的,adj 猜疑的， 疑心的； 可疑的； 表示怀疑的,/sə'spɪʃəs/,/sə'spɪʃəs/,His reluctance to answer my questions made me suspicious .,他不愿回答我的问题，这引起我的怀疑。
en:scrub:verb:2,scrub,verb,用力擦洗，把…擦净；取消,v 用力擦洗，把…擦净；取消；n 矮树丛， 灌木丛,/skrʌb/,/skrʌb/,She was on her hands and knees scrubbing the floor.,她正趴着擦地板。
en:complain:verb:1,complain,verb,抱怨， 诉苦； 控告， 投诉,vi 抱怨， 诉苦； 控告， 投诉,/kəm'plen/,/kəm'pleɪn/,Miners have complained bitterly that the government did not fulfil their promises.,矿工们已愤愤地抱怨政府没有兑现他们的承诺。
en:homogeneous:adjective:2,homogeneous,adjective,同种类的， 同性质的， 有相同特征的,adj 同种类的， 同性质的， 有相同特征的,"/,homə'dʒinɪəs/",/ˌhɒmə'dʒiːniəs/,The unemployed are not a homogeneous group.,失业者并不都是同一类人。
en:affirm:verb:2,affirm,verb,断言， 坚持声称； 证实， 确认,vt 断言， 坚持声称； 证实， 确认,/ə'fɝm/,/ə'fɜːm/,The general affirmed rumors of an attack.,将军证实了袭击的传闻。
en:profound:adjective:3,profound,adjective,深度的， 深切的， 深远的； 知识渊博的， 见解深刻的； 深奥的,adj 深度的， 深切的， 深远的； 知识渊博的， 见解深刻的； 深奥的,/prə'faʊnd/,/prə'faund/,a profound sense of guilt,强烈的内疚感
en:marble:noun:1,marble,noun,大理石； 弹子； 弹子游戏,n 大理石； 弹子； 弹子游戏,/'mɑrbl/,/'mɑːbl/,The columns were of white marble.,柱子是白色的大理石。
en:anxiety:noun:2,anxiety,noun,焦虑， 忧虑； 渴望， 热望,n 焦虑， 忧虑； 渴望， 热望,/æŋ'zaɪəti/,/æŋ'zaɪəti/,his feelings of anxiety,他焦虑的心情
en:adjust:verb:1,adjust,verb,适应,vi 适应；vt 调整，调节；校正,/ə'dʒʌst/,/ə'dʒʌst/,They’ll soon settle in – kids are very good at adjusting.,他们很快就会习惯的——小孩子适应能力很强。
en:aspiration:noun:1,aspiration,noun,强烈的愿望； 志向， 抱负,n 强烈的愿望； 志向， 抱负,/æspəˈreʃən/,/ˌæspə'reɪʃn/,a high level of political aspiration,崇高的政治抱负
en:vigorous:adjective:3,vigorous,adjective,朝气蓬勃的； 有力的， 用力的,adj 朝气蓬勃的； 有力的， 用力的,/'vɪɡərəs/,/'vɪgərəs/,Your dog needs at least 20 minutes of vigorous exercise every day.,你的狗每天需要进行至少20分钟的剧烈运动。
en:vocal:adjective:1,vocal,adjective,喜欢畅所欲言的，直言不讳的；嗓音的，发声的,adj 喜欢畅所欲言的，直言不讳的；嗓音的，发声的；n 声乐节目,/'vokl/,/'vəukl/,vocal music,声乐
en:deem:verb:3,deem,verb,认为， 视为,vt 认为， 视为,/dim/,/diːm/,French and German were deemed essential.,法语和德语被认为是必需的。
en:origin:noun:1,origin,noun,起源， 起因； 出身， 血统,n 起源， 起因； 出身， 血统,/'ɔrɪdʒɪn/,/'ɒrɪdʒɪn/,The tradition has its origins in the Middle Ages.,这一传统源于中世纪。
en:clash:verb:1,clash,verb,发生冲突；不协调；砰地相撞，发出刺耳的撞击声,vi 发生冲突；不协调；砰地相撞，发出刺耳的撞击声；n 冲突； 不协调； 刺耳的撞击声,/klæʃ/,/klæʃ/,Troops clashed near the border.,军队在边境附近发生了冲突。
en:overturn:verb:2,overturn,verb,倾覆， 翻转， 翻倒,vi 倾覆， 翻转， 翻倒；vt 使翻转，使倾覆，使倒下；颠覆，推翻,/'ovətɝn/,/ˌəuvə'tɜːn/,"Leslie jumped to her feet, overturning her chair.",莱斯莉一跃而起，碰倒了椅子。
en:compel:verb:2,compel,verb,强迫， 迫使屈服,vt 强迫， 迫使屈服,/kəm'pɛl/,/kəm'pel/,...the introduction of legislation to compel cyclists to wear a helmet.,…强制骑车人戴头盔的法律的引入。
en:depress:verb:1,depress,verb,使沮丧， 使不景气； 按下,vt 使沮丧， 使不景气； 按下,/dɪ'prɛs/,/dɪ'pres/,Several factors combined to depress the American economy.,几个因素加在一起造成了美国经济的不景气。
en:capable:adjective:2,capable,adjective,有能力的， 有才能的,adj 有能力的， 有才能的,/'kepəbl/,/'keɪpəbl/,I don’t think he’s capable of murder.,我认为他没有能力杀人。
en:burden:noun:2,burden,noun,重担，精神负担,n 重担，精神负担；vt 加重压于， 烦扰； 负担， 装载,/'bɝdn/,/'bɜːdn/,His family responsibilities had started to become a burden.,家庭责任已开始成为他的负担。
en:salute:verb:2,salute,verb,敬礼，致意,vi 敬礼，致意；vt 向…敬礼，向…致意；赞扬，颂扬；n 敬礼， 致意,/sə'lut/,/sə'luːt/,The two soldiers saluted Lieutenant Cecil.,那两名士兵向塞西尔中尉行了礼。
en:clasp:noun:1,clasp,noun,扣子，钩子；紧抱，紧握,n 扣子，钩子；紧抱，紧握；vt 抱紧， 握紧； 扣住， 扣紧,/klæsp/,/klɑːsp/,the firm clasp of her hand,她有力的握手
en:symposium:noun:2,symposium,noun,讨论会， 专题报告会； 专题论文集,n 讨论会， 专题报告会； 专题论文集,/sɪm'pozɪəm/,/sɪm'pəuziəm/,He had been taking part in an international symposium on population.,他那时在参加一个有关人口的国际研讨会。
en:hover:verb:2,hover,verb,翱翔； 逗留在近旁， 徘徊； 彷徨， 犹豫,vi 翱翔； 逗留在近旁， 徘徊； 彷徨， 犹豫,/'hʌvɚ/,/'hɒvə/,Judith was hovering in the doorway.,朱迪丝在门口徘徊。
en:random:adjective:1,random,adjective,任意的， 随机的,adj 任意的， 随机的,/'rændəm/,/'rændəm/,The company has introduced random drug testing of its employees.,公司已实行对雇员的随机毒品测试。
en:dine:verb:2,dine,verb,进餐,vi 进餐；vt 宴请,/daɪn/,/daɪn/,He was dining with friends at the Ritz.,他和朋友在里茨饭店一起进餐。
en:personality:noun:2,personality,noun,人格， 个性； 人物,n 人格， 个性； 人物,"/,pɝsə'næləti/",/ˌpɜːsə'næləti/,"Despite their different personalities, they became the best of friends.",尽管个性不同，他们还是成了最好的朋友。
en:sanction:verb:1,sanction,verb,批准，认可,vt 批准，认可；n 批准， 认可； 约束因素， 约束力； 国际制裁,/'sæŋkʃən/,/'sæŋkʃn/,The church refused to sanction the king’s second marriage.,教会拒绝批准国王的第二次婚姻。
en:alert:adjective:3,alert,adjective,警觉的，留神的，注意的,adj 警觉的，留神的，注意的；vt 使认识到，使意识到；n 警戒， 戒备； 警报,/ə'lɝt/,/ə'lɜːt/,"The animal raised its head, suddenly alert.",那只动物突然警觉地抬起头来。
en:deduce:verb:1,deduce,verb,推论， 推断， 演绎,vt 推论， 推断， 演绎,/dɪ'dʊs/,/dɪ'djuːs/,Alison cleverly deduced that I was the author of the letter.,艾莉森聪明地推断出我是这封信的作者。
en:oak:noun:1,oak,noun,栎树， 橡树； 栎木， 橡木,n 栎树， 橡树； 栎木， 橡木,/ok/,/əuk/,an oak door,橡木门
en:client:noun:2,client,noun,委托人， 当事人； 顾客,n 委托人， 当事人； 顾客,/'klaɪənt/,/'klaɪənt/,a meeting with an important client,与一位重要客户的会面
en:sip:verb:1,sip,verb,小口地喝，抿，呷,v 小口地喝，抿，呷；n 小口喝， 一小口的量,/sɪp/,/sɪp/,She was sitting at the table sipping her coffee.,她坐在桌边呷着咖啡。
en:dutiful:adjective:1,dutiful,adjective,恭敬顺从的； 尽职的,adj 恭敬顺从的； 尽职的,/'dʊtɪfəl/,/'djuːtɪfl/,a dutiful son,孝顺儿子
en:contend:verb:2,contend,verb,争夺，竞争；搏斗，争斗,vi 争夺，竞争；搏斗，争斗；vt 声称， 主张,/kən'tɛnd/,/kən'tend/,"Inevitably, fights break out between the members of contending groups.",争权夺利的几个团体之间不可避免地发生了打斗。
en:conversion:noun:2,conversion,noun,转变， 变换； 改变信仰， 皈依,n 转变， 变换； 改变信仰， 皈依,/kən'vɝʒn/,/kən'vɜːʃn/,...the conversion of disused rail lines into cycle routes.,…把废弃的铁路改变成自行车道。
en:brilliant:adjective:2,brilliant,adjective,光辉的； 卓越的,adj 光辉的； 卓越的,/'brɪljənt/,/'brɪliənt/,She closed her eyes against the brilliant light .,强烈的光线下，她闭起了眼睛。
en:gamble:verb:1,gamble,verb,赌博，打赌；投机，冒险,vi 赌博，打赌；投机，冒险；vt 赌，以…为赌注；n 赌博； 投机， 冒险,/'ɡæmbl/,/'gæmbl/,Their religion forbids them to drink or gamble.,他们的宗教禁止饮酒和赌博。
en:bound:adjective:2,bound,adjective,一定的；有义务的,adj 一定的；有义务的；v 跳跃；弹回，反跃；成为…的界限，给…划界；n 跳跃； 界限， 限制,/baʊnd/,/baund/,upper bound,上界；最大值
en:specification:noun:3,specification,noun,规格， 规范； 明确说明； 说明书,n 规格， 规范； 明确说明； 说明书,/'spɛsəfə'keʃən/,/ˌspesɪfɪ'keɪʃn/,The bolts met all the engineering specifications .,这些螺栓符合所有的工程设计规格。
en:deport:verb:1,deport,verb,把…驱逐出境,vt 把…驱逐出境,/dɪ'pɔrt/,/dɪ'pɔːt/,...a government decision earlier this month to deport all illegal immigrants.,…本月早些时候政府一项驱逐所有非法移民的决定。
en:counter:noun:1,counter,noun,柜台； 计数器； 筹码,n 柜台； 计数器； 筹码,/'kaʊntɚ/,/'kauntə/,He wondered if the girl behind the counter recognised him.,他在想柜台后面的那个女孩是否认出了他。
en:rhythm:noun:2,rhythm,noun,韵律， 节奏,n 韵律， 节奏,/'rɪðəm/,/'rɪðəm/,Drums are basic to African rhythm.,非洲音乐节奏少不了鼓。
en:layman:noun:2,layman,noun,门外汉， 外行,n 门外汉， 外行,/'lemən/,/'leɪmən/,To the layman (= laymen in general ) all these plants look pretty similar.,对外行的人来说，这些植物看起来都很相似。
en:conserve:verb:2,conserve,verb,保护， 保藏， 保存,vt 保护， 保藏， 保存,/kən'sɝv/,/kən'sɜːv/,We must conserve our woodlands for future generations.,我们必须为子孙后代保护林地。
en:stroke:noun:1,stroke,noun,中风；一举，一次努力；划桨，划水；击，敲；报时的钟声；笔画，一笔；抚摸,n 中风；一举，一次努力；划桨，划水；击，敲；报时的钟声；笔画，一笔；抚摸；vt 抚摸,/strok/,/strəuk/,She died following a massive stroke.,她重度中风后去世了。
en:breed:verb:2,breed,verb,繁殖； 养育， 培育； 酿成， 产生,v 繁殖； 养育， 培育； 酿成， 产生；n 品种,/brid/,/briːd/,Eagles breed during the cooler months of the year.,鹰在一年中较凉爽的季节交配繁殖。
en:tease:verb:2,tease,verb,戏弄， 取笑； 挑逗， 撩拨,vt 戏弄， 取笑； 挑逗， 撩拨,/tiz/,/tiːz/,Don’t get upset. I was only teasing .,别生气，我只是在逗你玩。
en:rash:adjective:2,rash,adjective,轻率的，鲁莽的,adj 轻率的，鲁莽的；n 疹， 皮疹； 爆发的一连串,/ræʃ/,/ræʃ/,"Please Jessie, don’t do anything rash.",求你了，杰西，不要草率行事。
en:fragrance:noun:1,fragrance,noun,芳香， 香味； 香水,n 芳香， 香味； 香水,/'fregrəns/,/'freɪgrəns/,...a shrubby plant with a strong characteristic fragrance.,…一种有独特浓郁香味的灌木。
en:management:noun:1,management,noun,管理； 处理； 管理部门， 管理人员,n 管理； 处理； 管理部门， 管理人员,/'mænɪdʒmənt/,/'mænɪdʒmənt/,a lack of management skills,缺乏管理技巧
en:cylinder:noun:2,cylinder,noun,圆柱体， 圆筒； 气缸， 泵体,n 圆柱体， 圆筒； 气缸， 泵体,/'sɪlɪndɚ/,/'sɪlɪndə/,The gases are stored in cylinders.,气体储存在圆筒内。
en:fort:noun:2,fort,noun,堡垒， 城堡,n 堡垒， 城堡,/fɔrt/,/fɔːt/,fort worth,沃思堡市（美国城市）
en:avoid:verb:1,avoid,verb,避免， 躲开； 撤销,vt 避免， 躲开； 撤销,/ə'vɔɪd/,/ə'vɔɪd/,Road safety is taught to young children to avoid road accidents.,小孩子受到道路安全知识的教育，以避免交通事故。
en:comprehensive:adjective:2,comprehensive,adjective,广泛的； 综合的； 理解的,adj 广泛的； 综合的； 理解的,/ˌkɑːmprɪˈhensɪv/,/ˌkɒmprɪ'hensɪv/,We offer our customers a comprehensive range of financial products.,我们为客户提供全面的金融产品。
en:tunnel:verb:1,tunnel,verb,挖， 开,v 挖， 开；n 隧道，坑道，地道,/'tʌnl/,/'tʌnl/,The thieves tunnelled under all the security devices.,小偷们在所有的那些安全装置下面都挖了地道。
en:assign:verb:1,assign,verb,指派， 分配； 布置； 指定,vt 指派， 分配； 布置； 指定,/ə'saɪn/,/ə'saɪn/,How much time have you assigned for the meeting?,你给这个会议定了多长时间？
en:withdraw:verb:2,withdraw,verb,收回， 撤回； 撤退,v 收回， 撤回； 撤退,/wɪð'drɔ/,/wɪð'drɔː/,calls for Britain to withdraw from the European Union,要求英国退出欧盟的呼声
en:straightforward:adjective:3,straightforward,adjective,正直的， 坦率的； 易懂的， 简单的,adj 正直的， 坦率的； 易懂的， 简单的,"/,stret'fɔrwɚd/",/ˌstreɪt'fɔːwəd/,This area of law is far from straightforward (= complicated ) .,法律的这个领域很复杂。
en:elaborate:adjective:1,elaborate,adjective,复杂的； 精心制作的,adj 复杂的； 精心制作的；v 详述， 详细制定,/ɪ'læbəret/,/ɪ'læb(ə)rət/,pure silks embroidered with elaborate patterns,绣有精美图案的真丝衣服
en:expert:adjective:1,expert,adjective,熟练的,adj 熟练的；n 专家,"/'ɛkspɝt; (for adj., also) ɛksˈpɝt ; ɪkˈspɝt/",/'ekspɜːt/,...a yoga expert.,…一位瑜伽专家。
en:decade:noun:1,decade,noun,十年， 十年期,n 十年， 十年期,/'dɛked/,/'dekeɪd/,...the last decade of the nineteenth century.,…19世纪的最后10年。
en:fulfill:verb:2,fulfill,verb,履行， 实现， 完成； 满足， 使满意,vt 履行， 实现， 完成； 满足， 使满意,,/ful'fɪl/,fulfill oneself,v. 完全实现自己的抱负
en:crowd:verb:1,crowd,verb,聚集， 挤， 涌,vi 聚集， 挤， 涌；n 群，一批；vt 挤；挤满,/kraʊd/,/kraud/,Holidaymakers crowded the beaches.,海滩上挤满了度假者。
en:congress:noun:1,congress,noun,代表大会； 国会， 议会,n 代表大会； 国会， 议会,/'kɑŋɡrəs/,/'kɒŋgres/,a congress of the ruling Labor Party,执政党工党的代表大会
en:mechanical:adjective:1,mechanical,adjective,机械的， 机械制造的， 机械学的， 力学的； 呆板的,adj 机械的， 机械制造的， 机械学的， 力学的； 呆板的,/mɪ'kænɪkəl/,/mə'kænɪkl/,The flight has been cancelled due to mechanical failure .,因机械故障航班被取消了。
en:divine:adjective:2,divine,adjective,神的， 神授的， 天赐的； 极好的， 极美的,adj 神的， 神授的， 天赐的； 极好的， 极美的,/dɪ'vaɪn/,/dɪ'vaɪn/,divine power,神的力量
en:slaughter:noun:1,slaughter,noun,屠杀， 杀戮； 屠宰,n&vt 屠杀， 杀戮； 屠宰,/'slɔtɚ/,/'slɔːtə/,Hundreds of innocent civilians had been slaughtered by government troops.,数百名无辜平民遭政府军屠杀。
en:foul:adjective:2,foul,adjective,难闻的，发臭的；令人不愉快的，糟透了的；污浊的，肮脏的；下流的，辱骂性的；恶劣的，有暴风雨的；邪恶的，罪恶的,adj 难闻的，发臭的；令人不愉快的，糟透了的；污浊的，肮脏的；下流的，辱骂性的；恶劣的，有暴风雨的；邪恶的，罪恶的；vt 对…犯规；弄脏，弄污；n 犯规,/faʊl/,/faul/,He woke up with a foul taste in his mouth.,他醒过来，嘴里一股臭味。
en:output:noun:1,output,noun,产量；输出，输出功率,n 产量；输出，输出功率；vt 输出,/'aʊtpʊt/,/'autput/,Output is up 30% on last year.,产量比去年提高了30%。
en:intricate:adjective:1,intricate,adjective,错综复杂的， 复杂精细的,adj 错综复杂的， 复杂精细的,/ˈɪntrəkət/,/'ɪntrɪkət/,intricate patterns,繁复的图案
en:fatigue:verb:1,fatigue,verb,疲劳,v 疲劳；n 疲劳，劳累,/fə'tig/,/fə'tiːg/,She hoped to sleep off her fatigue.,她希望睡一觉之后会消除疲劳。
en:agony:noun:2,agony,noun,痛苦， 苦恼,n 痛苦， 苦恼,/'æɡəni/,/'ægəni/,the agony of arthritis,关节炎的剧烈疼痛
en:contemplate:verb:1,contemplate,verb,盘算， 计议； 思量， 对…周密考虑； 注视， 凝视,vt 盘算， 计议； 思量， 对…周密考虑； 注视， 凝视,/'kɑntəmplet/,/'kɒntempleɪt/,He had even contemplated suicide.,他甚至想过自杀。
en:majority:noun:2,majority,noun,多数， 大多数,n 多数， 大多数,/mə'dʒɔrəti/,/mə'dʒɒrəti/,The Labour Party won a huge majority at the last general election.,工党在上次大选中以巨大的票数优势获胜。
en:drag:verb:1,drag,verb,拖，拉；迫使，硬拉；拖着脚步走,v 拖，拉；迫使，硬拉；拖着脚步走；n 累赘； 一吸， 一抽,/dræg/,/dræg/,He grabbed her arm and dragged her into the room.,他抓住她的手臂把她拖进房间。
en:zinc:noun:2,zinc,noun,锌,n 锌,/zɪŋk/,/zɪŋk/,One medium oyster provides nearly all of the zinc you need for a day.,一个中等大小的牡蛎几乎可以提供给你一天所需的所有锌。
en:costume:noun:2,costume,noun,服装， 服饰； 戏装， 成套服装,n 服装， 服饰； 戏装， 成套服装,/ˈkɑsˌtum/,/'kɒstjuːm/,the film’s lavish costumes and spectacular sets,影片中奢华的戏装和壮观的场景
en:clamp:verb:2,clamp,verb,夹紧，夹住，固定,vt 夹紧，夹住，固定；n 夹头， 夹具， 夹钳,/klæmp/,/klæmp/,She clamped her hands over her ears.,她用手紧紧地捂住耳朵。
en:issue:verb:1,issue,verb,发行； 分发， 发出,v 发行； 分发， 发出；n 问题；发行；分发,/'ɪʃu/,/'ɪʃuː/,Silva issued a statement denying all knowledge of the affair.,西尔瓦发表声明，宣称对此事一无所知。
en:maturity:noun:2,maturity,noun,成熟,n 成熟,/mə'tʃʊrəti/,/mə'tʃuərəti/,Beth shows a maturity way beyond her 16 years.,贝丝表现出一种远远超出她16岁年龄的成熟。
en:vain:adjective:1,vain,adjective,徒劳的； 自负的,adj 徒劳的； 自负的,/ven/,/veɪn/,Men can be just as vain as women.,男人有时会和女人一样虚荣。
en:decree:noun:2,decree,noun,法令，政令；判决，裁决,n 法令，政令；判决，裁决；vt 判决， 命令,/dɪ'kri/,/dɪ'kriː/,The Emperor issued the decree repealing martial law.,皇帝下诏令取消了军事管制。
en:conservation:noun:2,conservation,noun,保存， 保护， 避免浪费； 守恒,n 保存， 保护， 避免浪费； 守恒,"/,kɑnsɚ'veʃən/",/ˌkɒnsə'veɪʃn/,wildlife conservation,野生生物保护
en:supplement:noun:2,supplement,noun,增补， 补充； 增刊， 副刊,n 增补， 补充； 增刊， 副刊；vt 增补， 补充,/'sʌplɪmənt/,/'sʌplɪm(ə)nt/,vitamins and other dietary supplements,各种维生素和其他膳食补充剂
en:contrast:verb:2,contrast,verb,形成对比， 对比之下显出区别,vi 形成对比， 对比之下显出区别；n 对比，对照；反差[kən'trɑːst]；vt 对比，对照,/'kɑntræst/,/'kɒntrɑːst/,an essay comparing and contrasting (= showing how two things are similar and different ) Verdi and Wagner and their operas,把威尔第和瓦格纳以及他们的歌剧进行比较和对照的一篇文章
en:verdict:noun:1,verdict,noun,裁定； 定论， 判断性意见,n 裁定； 定论， 判断性意见,/'vɝdɪkt/,/'vɜːdɪkt/,The verdict was ‘not guilty’.,裁决为“无罪”。
en:stereo:adjective:1,stereo,adjective,立体的；立体声的,adj 立体的；立体声的；n 立体声,/'stɛrɪo/,/'steriəu/,stereo equipment,立体声音响设备
en:defy:verb:3,defy,verb,违抗， 蔑视； 使成为不可能； 惹， 激,vt 违抗， 蔑视； 使成为不可能； 惹， 激,/'difaɪ/,/dɪ'faɪ/,This was the first (and last) time that I dared to defy my mother.,这是我第一次（也是最后一次）胆敢违抗我母亲。
en:doctrine:noun:2,doctrine,noun,教义， 教条； 主义,n 教义， 教条； 主义,/'dɑktrɪn/,/'dɒktrɪn/,traditional doctrines of divine power,神力的传统教义
en:paragraph:noun:2,paragraph,noun,段， 节,n 段， 节,/'pærəɡræf/,/'pærəgrɑːf/,the opening paragraphs of the novel,小说开篇的几个段落
en:mediate:verb:1,mediate,verb,调解，斡旋,vi 调解，斡旋；vt 经调解解决； 经斡旋促成,/'midɪet/,/'miːdieɪt/,The former president has agreed to mediate the peace talks.,前总统同意就和谈进行斡旋。
en:pursuit:noun:2,pursuit,noun,追求， 寻求； 追赶， 追逐； 事， 嗜好， 消遣,n 追求， 寻求； 追赶， 追逐； 事， 嗜好， 消遣,/pɚ'sut/,/pə'sjuːt/,The quarterback sprinted toward the end zone with Jansen in hot pursuit (= following closely behind ) .,那名四分卫快速冲向底线区，詹森穷追不舍。
en:prophet:noun:2,prophet,noun,先知； 预言者,n 先知； 预言者,/'prɑfɪt/,/'prɒfɪt/,the prophet Elijah,先知以利亚
en:cycle:noun:1,cycle,noun,自行车、 摩托车； 循环,n&v 自行车、 摩托车； 循环,/'saɪkl/,/'saɪkl/,a woman’s menstrual cycle,女性的月经周期
en:amplify:verb:1,amplify,verb,放大， 增强； 扩大； 详述， 进一步阐述,vt 放大， 增强； 扩大； 详述， 进一步阐述,/'æmplɪfaɪ/,/'æmplɪfaɪ/,an amplified guitar,带有扩音设备的电吉他
en:lure:verb:1,lure,verb,吸引，引诱，诱惑,vt 吸引，引诱，诱惑；n 吸引力， 诱惑物； 诱饵， 鱼饵,/lʊr/,/luə/,He lured her to his home and shot her with his father's gun.,他把她诱骗到家里，然后用父亲的枪把她打死。
en:disposal:noun:2,disposal,noun,丢掉， 销毁； 处理； 排列， 布置,n 丢掉， 销毁； 处理； 排列， 布置,/dɪ'spozl/,/dɪ'spəuzəl/,bomb disposal experts,拆弹专家
en:settlement:noun:2,settlement,noun,解决； 协议； 居留地， 小社区,n 解决； 协议； 居留地， 小社区,/'sɛtlmənt/,/'setlmənt/,Union leaders and company bosses will meet tomorrow in an attempt to reach a settlement .,工会领导人和公司老板将于明天举行会议以期达成协议。
en:whirl:verb:1,whirl,verb,旋转，急转；发晕，变混乱,vi 旋转，急转；发晕，变混乱；n 旋转， 回旋； 混乱； 一连串的事,/wɝrl/,/wɜːl/,We watched the seagulls whirling and shrieking over the harbour.,我们看海鸥在港口上空盘旋鸣叫。
en:recede:verb:1,recede,verb,退， 退去， 渐渐远去； 向后倾斜， 缩进,vi 退， 退去， 渐渐远去； 向后倾斜， 缩进,/rɪ'sid/,/rɪ'siːd/,The pain in his head gradually receded.,他的头痛逐渐缓解。
en:literature:noun:1,literature,noun,文学， 文学作品； 文献， 图书资料,n 文学， 文学作品； 文献， 图书资料,/lɪtərəˌtʃʊr/,/'lɪtərətʃə/,He has read many of the major works of literature.,他读过许多重要的文学作品。
en:digest:verb:1,digest,verb,消化， 领会,vt 消化， 领会；n 文摘,/daɪ'dʒɛst/,/daɪ'dʒest; dɪ-/,Most babies can digest a wide range of food easily.,大多数婴儿能轻易地消化很多种食物。
en:slump:verb:1,slump,verb,大幅度下降，暴跌；突然倒下,vi 大幅度下降，暴跌；突然倒下；n 萧条期， 低潮,/slʌmp/,/slʌmp/,Sales slumped by 20% last year.,去年销售额骤减 20%。
en:prejudice:noun:3,prejudice,noun,偏见，成见,n 偏见，成见；vt 使有偏见； 对…不利， 损害,/'prɛdʒədɪs/,/'predʒudɪs/,Women still face prejudice in the workplace.,女性在职场中仍然面临歧视。
en:clearance:noun:1,clearance,noun,净空， 余隙； 许可， 批准； 票据交换， 清算； 清除， 清理， 出空,n 净空， 余隙； 许可， 批准； 票据交换， 清算； 清除， 清理， 出空,/'klɪrəns/,/'klɪərəns/,She’ll race if she gets medical clearance from her doctor.,如果取得了医生的许可，她就会参加比赛。
en:customary:adjective:2,customary,adjective,习惯上的， 惯常的， 合乎习俗的,adj 习惯上的， 惯常的， 合乎习俗的,/'kʌstə'mɛri/,/'kʌstəməri/,Barbara answered with her customary enthusiasm.,芭芭拉以惯有的热情作了回答。
en:immigrant:noun:2,immigrant,noun,移民， 侨民,n 移民， 侨民,/'ɪmɪɡrənt/,/'ɪmɪgrənt/,an illegal immigrant,非法移民
en:guardian:noun:1,guardian,noun,监护人； 守卫者， 保护者,n 监护人； 守卫者， 保护者,/'ɡɑrdɪən/,/'gɑːdiən/,Destiny's legal guardian was her grandmother.,德斯蒂妮的法定监护人是她的祖母。
en:veto:noun:2,veto,noun,否决,n&vt 否决,/'vito/,/'viːtəu/,The Senate had a sufficient majority to override the presidential veto (= not accept his refusal ).,参议院有足够的多数票可以推翻总统的否决。
en:thorn:noun:1,thorn,noun,刺， 荆棘； 带刺小灌木,n 刺， 荆棘； 带刺小灌木,/θɔrn/,/θɔːn/,"a long, low hedge of thorns",一长排矮矮的荆棘树篱
en:disposition:noun:1,disposition,noun,性情， 性格； 意向， 倾向； 排列， 部署,n 性情， 性格； 意向， 倾向； 排列， 部署,/'dɪspə'zɪʃən/,/ˌdɪspə'zɪʃn/,the disposition of assets on death,身后财产的处置
en:corporate:adjective:1,corporate,adjective,法人团体的， 公司的； 全体的， 共同的,adj 法人团体的， 公司的； 全体的， 共同的,/ˈkɔːrpərət/,/'kɔːpərɪət/,The company is moving its corporate headquarters (= main offices ) from New York to Houston.,这家公司要把总部从纽约迁到休斯敦。
en:stabilize:verb:2,stabilize,verb,稳定， 稳固,v 稳定， 稳固,/'stebəlaɪz/,/'steɪbəlaɪz/,The patient’s condition has now stabilized.,病人的情况现已稳定下来了。
en:compensate:verb:3,compensate,verb,补偿， 弥补； 抵消,v 补偿， 弥补； 抵消,/'kɑmpɛnset/,/'kɒmpenseɪt/,"Because my left eye is so weak, my right eye has to work harder to compensate.",因为我左眼视力差，右眼就要辛苦点来弥补一下。
en:conscious:adjective:1,conscious,adjective,意识到的， 自觉的； 神志清醒的； 有意的， 存心的,adj 意识到的， 自觉的； 神志清醒的； 有意的， 存心的,/'kɑnʃəs/,/'kɒnʃəs/,The driver was still conscious when the ambulance arrived.,救护车赶到时，司机仍然神志清醒。
en:transaction:noun:2,transaction,noun,交易， 业务,n 交易， 业务,/træn'zækʃən/,/træn'zækʃn/,The bank charges a fixed rate for each transaction.,银行对每一笔业务收取固定费用。
en:constant:adjective:2,constant,adjective,经常的，不断的，连续发生的；永恒的；忠实的，忠诚的,adj 经常的，不断的，连续发生的；永恒的；忠实的，忠诚的；n 常数， 恒量,/'kɑnstənt/,/'kɒnstənt/,There was a constant stream of visitors to the house.,参观这幢房子的游客川流不息。
en:bribe:verb:2,bribe,verb,向…贿赂，买通,vt 向…贿赂，买通；n 贿赂， 行贿物,/braɪb/,/braɪb/,The only way we could get into the country was by bribing the border officials.,我们要进入这个国家，唯一的办法是贿赂边境官员。
en:certify:verb:2,certify,verb,证明， 证实； 发证书给,vt 证明， 证实； 发证书给,/'sɝtə'fai/,/'sɜːtɪfaɪ/,The accounts were certified by an auditor.,这些账目经审计员核实过。
en:intermittent:adjective:1,intermittent,adjective,间歇的， 断断续续的,adj 间歇的， 断断续续的,"/,ɪntɚ'mɪtənt/",/ˌɪntə'mɪtənt/,"The weather forecast is for sun, with intermittent showers.",天气预报为晴，有阵雨。
en:outrage:noun:1,outrage,noun,义愤，愤慨；暴行，骇人听闻的事件,n 义愤，愤慨；暴行，骇人听闻的事件；vt 激起…的义愤， 激怒,/'aʊtredʒ/,/'autreɪdʒ/,The response to the jury’s verdict was one of outrage.,陪审团的裁决引发了愤慨。
en:solitary:adjective:1,solitary,adjective,单独的， 独自的； 单个的， 唯一的； 孤独的， 隐居的,adj 单独的， 独自的； 单个的， 唯一的； 孤独的， 隐居的,/'sɑlətɛri/,/'sɒlətri/,the solitary goal of the match,这场比赛的唯一入球
en:diffuse:verb:1,diffuse,verb,扩散， 弥漫； 传播， 散布,v 扩散， 弥漫； 传播， 散布；adj 冗长的， 漫无边际的； 四散的， 弥漫的,/dɪ'fjus/,/dɪ'fjuːz/,Their ideas diffused quickly across Europe.,他们的观点很快在欧洲传播开来。
en:scramble:verb:2,scramble,verb,攀登，爬；争夺，抢夺,vi 攀登，爬；争夺，抢夺；vt 扰乱，搞乱；n 攀登， 爬行； 争夺， 抢夺,/'skræmbl/,/'skræmbl/,Tourists were scrambling over the rocks looking for the perfect camera angle.,旅行者们爬上岩石，寻找最完美的拍摄角度。
en:orchestra:noun:2,orchestra,noun,管弦乐队,n 管弦乐队,/'ɔrkɪstrə/,/'ɔːkɪstrə/,the Berlin Symphony Orchestra,柏林交响乐团
en:immerse:verb:2,immerse,verb,使浸没； 使沉浸在， 使专心于,vt 使浸没； 使沉浸在， 使专心于,/ɪ'mɝs/,/ɪ'mɜːs/,He left school at 16 and immersed himself in the Labour Party.,他16岁离开学校投身工党。
en:sufficient:adjective:1,sufficient,adjective,足够的， 充分的,adj 足够的， 充分的,/səˈfɪʃənt/,/sə'fɪʃnt/,We can only prosecute if there is sufficient evidence.,有了足够的证据，我们才能提出起诉。
en:marshal:noun:2,marshal,noun,元帅，最高指挥官；总指挥，司仪；执法官，警察局长，消防队长,n 元帅，最高指挥官；总指挥，司仪；执法官，警察局长，消防队长；vt 整理， 排列， 集结,/'mɑrʃəl/,/'mɑːʃl/,Marshal Zhukov,朱可夫元帅
en:champagne:noun:1,champagne,noun,香槟酒,n 香槟酒,/ʃæm'pen/,/ʃæm'peɪn/,We regaled ourselves on caviar and champagne.,我们尽情地享用鱼子酱和香槟酒。
en:claim:verb:2,claim,verb,声称，主张；对…提出要求，索取；使失踪或死亡；需要，值得,vt 声称，主张；对…提出要求，索取；使失踪或死亡；需要，值得；n 要求； 认领； 索赔； 声称， 断言,/klem/,/kleɪm/,"I don’t claim to be a feminist, but I’d like to see more women in top jobs.",我不会自称是女权主义者，但我希望看到更多的女性担任高职。
en:widespread:adjective:2,widespread,adjective,分布广泛的， 普遍的,adj 分布广泛的， 普遍的,/ˈwʌɪdsprɛd/,/'waɪdspred/,the widespread use of chemicals in agriculture,化学品在农业中的广泛使用
en:antique:adjective:2,antique,adjective,古时的，古老的,adj 古时的，古老的；n 古物， 古玩， 古董,/æn'tik/,/æn'tiːk/,an antique rosewood desk,古董红木书桌
en:communication:noun:1,communication,noun,通讯， 交流， 交际； 通信工具， 交通联系,n 通讯， 交流， 交际； 通信工具， 交通联系,"/kə,mjunɪ'keʃən/",/kəˌmjuːnɪ'keɪʃn/,Good communication is vital in a large organization.,在大机构里良好的沟通是极为重要的。
en:chronic:adjective:2,chronic,adjective,慢性的， 久病的； 长久的， 不断的； 积习难改的,adj 慢性的， 久病的； 长久的， 不断的； 积习难改的,/'krɑnɪk/,/'krɒnɪk/,chronic arthritis,慢性关节炎
en:toxic:adjective:2,toxic,adjective,有毒的， 因中毒引起的,adj 有毒的， 因中毒引起的,/'tɑksɪk/,/'tɒksɪk/,fumes from a toxic waste dump,有毒废料堆产生的毒气
en:contest:noun:1,contest,noun,竞赛， 争夺,n 竞赛， 争夺；vt 争夺， 与…竞争； 对…提出质疑， 辩驳,/kən'tɛst/,/'kɒntest/,Stone decided to hold a contest to see who could write the best song.,斯通决定举行一场比赛，看谁能够写出最佳歌曲。
en:author:noun:2,author,noun,著作家， 作者,n 著作家， 作者,/'ɔθɚ/,/'ɔːθə/,Nothomb is a Belgian author.,诺东是位比利时作家。
en:lever:noun:2,lever,noun,杠，杠杆；途径，手段，工具,n 杠，杠杆；途径，手段，工具；vt 撬动， 撬起,/'lɛvɚ/,/'liːvə/,Pull this lever to open the gate.,拉此横杆开启大门。
en:preserve:verb:2,preserve,verb,保护， 维持； 保存， 保藏； 腌制,vt 保护， 维持； 保存， 保藏； 腌制,/prɪ'zɝv/,/prɪ'zɜːv/,We must encourage the planting of new trees and preserve our existing woodlands.,我们必须鼓励栽种新树木，同时也要保护现有的林地。
en:establish:verb:2,establish,verb,建立， 设立； 确立； 证实,vt 建立， 设立； 确立； 证实,/ɪˈstæblɪʃ/,/ɪ'stæblɪʃ/,The city of Boerne was established by German settlers in the 1840s.,博恩市是德国移民于19世纪40年代建立的。
en:expansion:noun:2,expansion,noun,扩大； 扩充； 扩张； 膨胀,n 扩大； 扩充； 扩张； 膨胀,/ɪk'spænʃən/,/ɪk'spænʃn/,The industry underwent a period of rapid expansion.,该产业经历了一轮快速扩张。
en:wrench:verb:2,wrench,verb,猛拧，猛扭；挣脱；使扭伤,vt 猛拧，猛扭；挣脱；使扭伤；n 痛苦， 难受； 猛扭， 猛拉； 扳手,/rɛntʃ/,/rentʃ/,I wrenched the packet from his grasp.,我用力夺过他攥在手里的纸袋。
en:relevant:adjective:2,relevant,adjective,有关的， 切题的,adj 有关的， 切题的,/'rɛləvənt/,/'reləvənt/,Relevant documents were presented in court.,法庭上出示了相关的文件。
en:expand:verb:1,expand,verb,扩大， 膨胀,v 扩大， 膨胀,/ɪk'spænd/,/ɪk'spænd/,Water expands as it freezes.,水结冰时会膨胀。
en:gaze:noun:1,gaze,noun,凝视， 盯， 注视,n&vi 凝视， 盯， 注视,/ɡeɪz/,/geɪz/,"Patrick sat gazing into space (= looking straight in front, not at any particular person or thing ).",帕特里克坐着，茫然地看着前方。
en:proclaim:verb:1,proclaim,verb,宣告， 宣布， 声明； 显示,vt 宣告， 宣布， 声明； 显示,/prə'klem/,/prə'kleɪm/,The President proclaimed the republic’s independence.,总统宣布共和国独立。
en:magistrate:noun:2,magistrate,noun,地方行政官， 地方法官； 治安官,n 地方行政官， 地方法官； 治安官,/'mædʒɪs'tret/,/'mædʒɪstreɪt/,She will face a local magistrate on Tuesday.,她将在星期二面见一位地方治安法官。
en:retrieve:verb:1,retrieve,verb,重新得到， 取回， 收回； 挽回， 补救； 检索,vi 重新得到， 取回， 收回； 挽回， 补救； 检索,/rɪ'triv/,/rɪ'triːv/,She bent down to retrieve her earring.,她俯身去捡回耳环。
en:survey:verb:1,survey,verb,俯瞰， 眺望； 全面审视， 调查； 测量， 勘定,v 俯瞰， 眺望； 全面审视， 调查； 测量， 勘定；n [sə'veɪ],/ˈsɝˌve; (for v.) sɝˈve/,/'sɜːveɪ/,"Of the 100 companies surveyed, 10% had a turnover of £50 m to £99 m.","被调查的 100 家公司中，10% 的公司营业额在 5,000 万到 9,900 万英镑之间。"
en:jeopardize:verb:2,jeopardize,verb,危及， 危害,vt 危及， 危害,/'dʒɛpɚdaɪz/,/'dʒepədaɪz/,large-scale military offensives which could jeopardize the UN peace process,可能会破坏联合国和平进程的大规模军事进攻
en:spy:verb:1,spy,verb,当间谍；暗中监视,vi 当间谍；暗中监视；n 间谍；vt 看见， 发现,/spaɪ/,/spaɪ/,That day he spied on her while pretending to work on the shrubs.,那天他假装修剪灌木，却秘密地监视着她。
en:displace:verb:3,displace,verb,取代， 替代； 迫使…离开家园， 使离开原位,vt 取代， 替代； 迫使…离开家园， 使离开原位,/dɪs'ples/,/dɪs'pleɪs/,Coal has been displaced by natural gas as a major source of energy.,作为一种主要能源，煤的地位已为天然气所取代。
en:predominant:adjective:2,predominant,adjective,占主导地位的， 显著的,adj 占主导地位的， 显著的,/prɪ'dɑmənənt/,/prɪ'dɒmɪnənt/,the predominant group in society,社会中的主导群体
en:recipe:noun:3,recipe,noun,烹饪法， 食谱； 方法， 秘诀， 诀窍,n 烹饪法， 食谱； 方法， 秘诀， 诀窍,/'rɛsəpi/,/'resəpi/,a recipe book,一本烹饪书
en:ideology:noun:2,ideology,noun,思想， 思想意识,n 思想， 思想意识,"/,aidi'ɔlədʒi, ,idi-/",/ˌaɪdi'ɒlədʒi/,the ideologies of fascism and terrorism,法西斯主义和恐怖主义的意识形态
en:mental:adjective:1,mental,adjective,心理的， 精神的， 思想上的； 精神病的； 智力的,adj 心理的， 精神的， 思想上的； 精神病的； 智力的,/'mɛntl/,/'mentl/,The centre provides help for people suffering from mental illness .,该中心对精神病患者提供帮助。
en:decent:adjective:2,decent,adjective,像样的， 过得去的， 体面的； 宽厚的， 大方的； 正派的； 合乎礼仪的， 得体的,adj 像样的， 过得去的， 体面的； 宽厚的， 大方的； 正派的； 合乎礼仪的， 得体的,/'disnt/,/'diːsnt/,a decent burial,得体的葬礼
en:seam:noun:2,seam,noun,缝， 接缝； 煤层,n 缝， 接缝； 煤层,/sim/,/siːm/,"She was repairing Billy’s trousers, where the seam had come undone.",她在补比利裤子的开线处。
en:investigate:verb:1,investigate,verb,调查， 研究,v 调查， 研究,/ɪn'vɛstɪɡet/,/ɪn'vestɪgeɪt/,The state police are investigating the incident.,州警察正调查此事。
en:racial:adjective:1,racial,adjective,种族的， 人种的,adj 种族的， 人种的,/'reʃl/,/'reɪʃl/,a victim of racial discrimination,种族歧视的受害者
en:illusion:noun:2,illusion,noun,幻想， 错误的观念； 错觉， 幻觉， 假象,n 幻想， 错误的观念； 错觉， 幻觉， 假象,/ɪ'luʒn/,/ɪ'luːʒn/,She was under no illusion that he loved her.,她不再幻想他爱她了。
en:considerable:adjective:2,considerable,adjective,相当大的； 重要的,adj 相当大的； 重要的,/kən'sɪdərəbl/,/kən'sɪdərəbl/,Michael has already spent considerable time in Barcelona.,迈克尔在巴塞罗那已经待了相当长的时间了。
en:productivity:noun:3,productivity,noun,生产力； 生产率,n 生产力； 生产率,"/,prodʌk'tɪvəti/",/ˌprɒdʌk'tɪvəti/,high productivity levels in manufacturing,制造业中的高生产率
en:proposition:noun:3,proposition,noun,论点， 主张； 建议， 提案； 命题,n 论点， 主张； 建议， 提案； 命题,"/,prɑpə'zɪʃən/",/ˌprɒpə'zɪʃn/,The theory is founded on two basic propositions.,这个理论是建立在两个基本观点之上的。
en:reserve:verb:1,reserve,verb,保留，留存；预订,vt 保留，留存；预订；n 储备； 保留； 拘谨， 矜持； 替补队员； 后备部队； 自然保护区,/rɪ'zɝv/,/rɪ'zɜːv/,Do you have to reserve tickets in advance?,你必须预先订票吗？
en:savage:adjective:1,savage,adjective,残暴的，凶猛的，粗鲁的；未开化的，野蛮的,adj 残暴的，凶猛的，粗鲁的；未开化的，野蛮的；n 野蛮人，粗鲁的人；vt 乱咬； 激烈抨击,/'sævɪdʒ/,/'sævɪdʒ/,a savage dog,一条凶猛的狗
en:heap:noun:1,heap,noun,堆， 大量,n 堆， 大量,/hip/,/hiːp/,a rubbish heap,垃圾堆
en:sympathy:noun:1,sympathy,noun,同情； 一致； 支持， 赞同,n 同情； 一致； 支持， 赞同,/'sɪmpəθi/,/'sɪmpəθi/,Our sympathies are with the families of the victims.,我们向受害者家庭表示慰问。
en:consumer:noun:2,consumer,noun,消费者， 用户， 消耗者,n 消费者， 用户， 消耗者,/kən'sumɚ/,/kən'sjuːmə/,Consumers will soon be paying higher airfares.,不久消费者就要支付更高的机票价了。
en:cripple:noun:2,cripple,noun,跛子，伤残人,n 跛子，伤残人；vt 使跛， 使受伤致残； 严重削弱， 使陷入瘫痪,/'krɪpl/,/'krɪpl/,"She has gone from being a healthy, fit, and sporty young woman to being a cripple.",她从一个健康、强壮、爱好体育运动的年轻姑娘变成了一个残疾人。
en:brief:adjective:1,brief,adjective,简短的，短暂的,adj 简短的，短暂的；vt 向…介绍基本情况，做…的提要；n 概要， 摘要,/brif/,/briːf/,We stopped by Alice’s house for a brief visit.,我们顺路在艾丽斯家小坐片刻。
en:console:verb:2,console,verb,安慰，慰问,vt 安慰，慰问；n 控制台， 操纵台,/'kɑnsol/,/kən'səul/,No one could console her when Peter died.,彼得去世时没人能够安慰她。
en:initiative:noun:3,initiative,noun,主动性， 首创精神； 主动的行动， 倡议； 主动权,n 主动性， 首创精神； 主动的行动， 倡议； 主动权,/ɪ'nɪʃətɪv/,/ɪ'nɪʃətɪv/,I wish my son would show more initiative.,我希望我的儿子能表现得再主动一些。
en:recover:verb:1,recover,verb,重新获得， 挽回； 恢复,v 重新获得， 挽回； 恢复,/rɪ'kʌvɚ/,/ˌriː'kʌvə/,Four paintings stolen from the gallery have been recovered.,美术馆的四幅被盗画作已经失而复得。
en:clockwise:adverb:2,clockwise,adverb,顺时针方向地,adv 顺时针方向地,/'klɑk'waɪz/,/'klɒkwaɪz/,Screw the lid on clockwise.,按顺时针方向拧紧盖子。
en:embark:verb:1,embark,verb,上船； 着手， 开始工作,vi 上船； 着手， 开始工作,/ɪm'bɑrk/,/ɪm'bɑːk/,He's embarking on a new career as a writer.,他正开始一个当作家的新生涯。
en:medication:noun:1,medication,noun,药物治疗； 药物,n 药物治疗； 药物,/'mɛdɪ'keʃən/,/ˌmedɪ'keɪʃn/,When somebody comes for treatment I always ask them if they are on any medication.,有人来治疗时，我总是会问他们是否在服药。
en:drill:verb:1,drill,verb,钻， 打； 训练,v 钻， 打； 训练；n 钻头；操练，训练,/drɪl/,/drɪl/,Drill a hole in each corner.,在每个角上钻一个孔。
en:friction:noun:2,friction,noun,不和， 抵触； 摩擦,n 不和， 抵触； 摩擦,/'frɪkʃən/,/'frɪkʃn/,Putting oil on both surfaces reduces friction.,两面都上油可减小摩擦力。
en:confer:verb:2,confer,verb,商谈，商议,vi 商谈，商议；vt 授予， 赋予,/kən'fɝ/,/kən'fɜː/,He conferred with Hill and the others in his office.,他和希尔以及他办公室里的其他人进行了商议。
en:intelligent:adjective:2,intelligent,adjective,聪明的； 理智的,adj 聪明的； 理智的,/ɪn'tɛlɪdʒənt/,/ɪn'telɪdʒənt/,a group of highly intelligent (= very intelligent )students,一组聪明异常的学生
en:clerk:noun:1,clerk,noun,店员； 办事员， 职员,n 店员； 办事员， 职员,/klɝk/,/klɑːk/,a clerk in a commercial firm,一家商行的文员
en:acknowledge:verb:2,acknowledge,verb,承认， 承认…的权威； 告知收到， 确认； 对…表示谢意， 报偿,vt 承认， 承认…的权威； 告知收到， 确认； 对…表示谢意， 报偿,/ək'nɑlɪdʒ/,/ək'nɒlɪdʒ/,The family acknowledge the need for change.,全家人都承认需要改变一下。
en:equip:verb:1,equip,verb,装备， 配备； 使有准备,vt 装备， 配备； 使有准备,/ɪ'kwɪp/,/ɪ'kwɪp/,They try to equip their vehicles with gadgets to deal with every possible contingency.,他们尽量给他们的车辆配备各种小装置以应付任何可能的突发状况。
en:deferential:adjective:1,deferential,adjective,恭敬的， 恭顺的,adj 恭敬的， 恭顺的,/ˌdefə'rɛnʃl/,/ˌdefə'renʃl/,They like five-star hotels and deferential treatment.,他们喜欢五星级酒店和谦恭的礼遇。
en:manuscript:noun:3,manuscript,noun,手稿， 原稿， 底稿； 手写本,n 手稿， 原稿， 底稿； 手写本,/'mænjuskrɪpt/,/'mænjuskrɪpt/,"Unfortunately, parts of the original manuscript have been lost.",遗憾的是，部分原始手稿丢失了。
en:luxury:noun:1,luxury,noun,奢侈； 奢侈品,n 奢侈； 奢侈品,/'lʌɡʒəri/,/'lʌkʃəri/,He was leading a life of luxury in Australia.,他在澳大利亚过着豪华舒适的生活。
en:overthrow:verb:2,overthrow,verb,推翻，打倒；使终止，摒弃,vt 推翻，打倒；使终止，摒弃；n 推翻， 终止， 结束,"/,ovɚ'θro/",/ˌəuvə'θrəu/,Rebels were already making plans to overthrow the government.,反叛者已在密谋颠覆政府。
en:knit:verb:1,knit,verb,编结， 编织； 愈合,vi 编结， 编织； 愈合；vt 编结，编织；使紧密地结合，使紧凑；皱紧，皱,/nɪt/,/nɪt/,My grandmother taught me how to knit.,我祖母教过我编织。
en:inflict:verb:1,inflict,verb,把…强加给； 使…遭受， 使…承担,vt 把…强加给； 使…遭受， 使…承担,/ɪn'flɪkt/,/ɪn'flɪkt/,...the damage being inflicted on industries by the recession.,…经济衰退给工业造成的损失。
en:worthwhile:adjective:1,worthwhile,adjective,值得花时间做的,adj 值得花时间做的,/'wɝθ'waɪl/,/ˌwɜːθ'waɪl/,He wanted to do a worthwhile job.,他想做有意义的工作。
en:inland:adverb:1,inland,adverb,在内地， 向内地,adv 在内地， 向内地；adj 内陆的， 内地的,"/,ɪn'lænd/",/'ɪnlənd; -lænd/,The mountains are five miles inland.,这些山位于内陆五英里处。
en:stumble:verb:1,stumble,verb,绊脚， 绊倒； 跌跌撞撞地走； 结结巴巴,vi 绊脚， 绊倒； 跌跌撞撞地走； 结结巴巴,/'stʌmbl/,/'stʌmbl/,"In her hurry, she stumbled and spilled the milk all over the floor.",匆忙中她绊了一下，把牛奶洒得满地都是。
en:specialty:noun:1,specialty,noun,特产， 名产， 特色菜； 专业， 专长,n 特产， 名产， 特色菜； 专业， 专长,/'spɛʃəlti/,/ˌspeʃəltɪ/,Our specialty is clam chowder.,我们的特色菜是蛤肉汤。
en:vary:verb:2,vary,verb,变化， 有差异,vi 变化， 有差异；vt 改变，使多样化,/ˈveri/,/'veəri/,Test scores vary from school to school.,测验成绩各校不同。
en:readily:adverb:1,readily,adverb,乐意地， 欣然地； 容易地； 很快地， 立即,adv 乐意地， 欣然地； 容易地； 很快地， 立即,/'rɛdɪli/,/'redɪli/,Boats are readily available to visitors.,游客可以很方便地租到船只。
en:coherent:adjective:2,coherent,adjective,条理清楚的， 连贯的； 一致的， 协调的,adj 条理清楚的， 连贯的； 一致的， 协调的,/ko'hɪrənt/,/kəu'hɪərənt/,The three years of the course are planned as a coherent whole.,这三年的课程是作为连贯的整体来安排的。
en:intercourse:noun:2,intercourse,noun,性交； 交流， 交往， 交际,n 性交； 交流， 交往， 交际,/'ɪntɚkɔrs/,/'ɪntəkɔːs/,social intercourse,社交
en:convenience:noun:1,convenience,noun,方便； 便利设施,n 方便； 便利设施,/kən'vinɪəns/,/kən'viːniəns/,Ready meals sell well because of their convenience.,即食餐因为方便销路好。
en:decency:noun:1,decency,noun,得体；宽容，大方；正派，合乎礼仪，体面；,n 得体；宽容，大方；正派，合乎礼仪，体面；,/'disnsi/,/'diːsnsi/,a judgment reflecting the decency and good sense of the American people,反映美国人民正直和智慧的判断
en:falsehood:noun:1,falsehood,noun,谬误， 虚假； 谎言， 说谎,n 谬误， 虚假； 谎言， 说谎,/'fɔlshʊd/,/'fɔːlshud/,Saunders is deliberately telling a falsehood.,桑德斯在故意说假话。
en:discipline:noun:2,discipline,noun,纪律，训练；惩罚；学科,n 纪律，训练；惩罚；学科；vt 训练； 惩罚， 处罚,/'dɪsəplɪn/,/'dɪsəplɪn/,The book gives parents advice on discipline.,这本书指导父母如何管教孩子。
en:ponder:verb:3,ponder,verb,思索， 考虑， 沉思,v 思索， 考虑， 沉思,/'pɑndɚ/,/'pɒndə/,He continued to ponder the problem as he walked home.,他一边往家走一边继续思考那个问题。
en:objective:adjective:1,objective,adjective,客观的， 无偏见的,adj 客观的， 无偏见的；n 目标，目的,/əb'dʒɛktɪv/,/əb'dʒektɪv/,Scientists need to be objective when doing research.,科学家做研究时要客观。
en:exert:verb:3,exert,verb,用， 尽； 运用， 行使,vt 用， 尽； 运用， 行使,/ɪɡ'zɝt/,/ɪg'zɜːt/,They exerted considerable influence within the school.,他们在校内施加了很大的影响力。
en:scandal:noun:3,scandal,noun,丑事， 丑闻； 流言蜚语； 反感， 愤慨,n 丑事， 丑闻； 流言蜚语； 反感， 愤慨,/'skændl/,/'skændl/,It caused quite a scandal when he left his wife.,他离开妻子成了一大丑闻。
en:composite:adjective:2,composite,adjective,混合成的，综合成的,adj 混合成的，综合成的；n 合成物； 复合材料,/kɑm'pɑzɪt/,/'kɒmpəzɪt/,The author builds up a useful compo-site picture of contemporary consumer culture.,作者勾勒出了一幅实用的当代消费文化全景图。
en:hinder:verb:2,hinder,verb,阻碍， 妨碍,vt 阻碍， 妨碍,/'hɪndɚ/,/'hɪndə/,His career has been hindered by injury.,由于受伤，他的事业受到了阻碍。
en:scent:noun:2,scent,noun,香味，气味；臭迹；踪迹，线索；香水,n 香味，气味；臭迹；踪迹，线索；香水；vt 嗅到， 察觉,/sɛnt/,/sent/,a yellow rose with a lovely scent,香气怡人的黄玫瑰
en:estimate:verb:1,estimate,verb,估计； 评价,vt 估计； 评价；n 估计； 评价； 看法,"/'ɛstə,met/",/'estɪmeɪt/,Try to estimate how many steps it will take to get to a close object.,估计一下需要多少步才能到达一个近距目标。
en:diploma:noun:2,diploma,noun,毕业文凭， 毕业证书， 资格证书,n 毕业文凭， 毕业证书， 资格证书,/dɪ'plomə/,/dɪ'pləumə/,I’m hoping to get my teaching diploma this year.,我希望今年能拿到教师证书。
en:exhibit:verb:1,exhibit,verb,显示；陈列，展览,vt 显示；陈列，展览；n 展览品,/ɪɡ'zɪbɪt/,/ɪg'zɪbɪt/,Her paintings have been exhibited all over the world.,她的绘画作品在世界各地展出。
en:brand:noun:1,brand,noun,商标，牌子,n 商标，牌子；vt 铭刻， 打烙印于； 加污名于， 谴责,/brænd/,/brænd/,products which lack a strong brand image,缺乏鲜明品牌形象的产品
en:suspension:noun:1,suspension,noun,暂停， 中止； 暂令停止参加， 暂时剥夺； 悬架， 悬置机构； 悬浮液； 悬， 挂， 吊,n 暂停， 中止； 暂令停止参加， 暂时剥夺； 悬架， 悬置机构； 悬浮液； 悬， 挂， 吊,/sə'spɛnʃən/,/sə'spenʃn/,He received a six-month suspension for unprofessional behaviour.,他因有违职业道德的行为被停职六个月。
en:alcohol:noun:1,alcohol,noun,酒精， 乙醇,n 酒精， 乙醇,/'ælkəhɔl/,/'ælkəhɒl/,I don’t drink alcohol anymore.,我不再喝酒了。
en:inevitable:adjective:2,inevitable,adjective,不可避免的， 必然的,adj 不可避免的， 必然的,/ɪn'ɛvɪtəbl/,/ɪn'evɪtəbl/,A further escalation of the crisis now seems inevitable.,危机的进一步升级现在看来已不可避免。
en:deny:verb:2,deny,verb,否定， 拒绝相信,vt 否定， 拒绝相信,/dɪ'nai/,/dɪ'naɪ/,The government denied the existence of poverty among 16- and 17-year-olds.,政府否认十六七岁的青少年当中存在贫困问题。
en:trench:noun:2,trench,noun,沟， 沟渠,n 沟， 沟渠,/trɛntʃ/,/trentʃ/,Workers dug a trench for gas lines.,工人们挖了一条沟来铺设煤气管道。
en:subtract:verb:1,subtract,verb,减， 减去； 去掉,vt 减， 减去； 去掉,/səb'trækt/,/səb'trækt/,Mandy subtracted the date of birth from the date of death.,曼迪从死亡的日期减去了出生的日期。
en:recreation:noun:2,recreation,noun,娱乐活动， 消遣,n 娱乐活动， 消遣,"/,rɛkrɪ'eʃən/",/ˌrekri'eɪʃn/,His only recreations are drinking beer and watching football.,他唯一的消遣就是喝啤酒和看足球比赛。
en:frustration:noun:1,frustration,noun,挫败， 挫折， 受挫,n 挫败， 挫折， 受挫,/frʌ'streʃən/,/frʌ'streɪʃn/,People often feel a sense of frustration that they are not being promoted quickly enough.,人们经常有一种挫折感，就是觉得自己升职不够快。
en:allowance:noun:2,allowance,noun,津贴， 补贴； 零用钱,n 津贴， 补贴； 零用钱,/ə'laʊəns/,/ə'lauəns/,Sales staff get a generous mileage allowance or a company car.,销售人员有优厚的里程补贴或者公司提供的专用汽车。
en:hurricane:noun:2,hurricane,noun,飓风,n 飓风,/ˈhʌrɪken/,/'hʌrɪkən/,I still remember a hurricane that hit us thirty years ago.,我还记得三十年前袭击我们的一次飓风。
en:hike:verb:2,hike,verb,徒步旅行,vi 徒步旅行；n 徒步旅行；增加，上升；vt 提高,/haɪk/,/haɪk/,He wants to hike round the world.,他打算徒步旅行环游世界一周。
en:ancient:adjective:2,ancient,adjective,古代的， 古老的； 年老的， 看上去很老的,adj 古代的， 古老的； 年老的， 看上去很老的,/ˈenʃənt/,/'eɪnʃənt/,the ancient civilizations of Asia,亚洲的古代文明
en:mission:noun:1,mission,noun,使命， 任务； 使团,n 使命， 任务； 使团,/'mɪʃən/,/'mɪʃn/,He was sent on over 200 missions before being killed in action.,在阵亡之前他奉命执行过200多次军事任务。
en:cognitive:adjective:2,cognitive,adjective,认知的， 认识能力的,adj 认知的， 认识能力的,/'kɑɡnətɪv/,/'kɒgnətɪv/,cognitive psychology,认知心理学
en:adopt:verb:2,adopt,verb,收养； 采用， 采取； 正式通过， 批准,vt 收养； 采用， 采取； 正式通过， 批准,/ə'dɑpt/,/ə'dɒpt/,Sally was adopted when she was four.,莎莉四岁时被人收养。
en:expire:verb:2,expire,verb,期满， 终止； 断气， 死亡,vi 期满， 终止； 断气， 死亡,/ɪk'spaɪɚ/,/ɪk'spaɪə/,The chairman’s term of office has already expired.,主席任期已满。
en:smuggle:verb:3,smuggle,verb,走私， 非法私运； 偷运， 偷带,vt 走私， 非法私运； 偷运， 偷带,/'smʌgl/,/'smʌgl/,"My message is ""If you try to smuggle drugs you are stupid.""",我的讯息是，“你若企图走私毒品，那是犯傻。”
en:hustle:verb:1,hustle,verb,催促，赶紧做；猛推，挤，强迫,v 催促，赶紧做；猛推，挤，强迫；n 忙碌， 奔忙； 挤,/'hʌsl/,/'hʌsl/,We need to hustle if we’re going to make this flight.,要想搭乘这趟班机，我们得抓紧时间。
en:oppose:verb:2,oppose,verb,反对， 反抗,vt 反对， 反抗,/ə'poz/,/ə'pəuz/,Congress is continuing to oppose the President’s health care budget.,国会继续反对总统的医疗保健预算。
en:device:noun:1,device,noun,器械， 装置； 设计； 手段， 策略,n 器械， 装置； 设计； 手段， 策略,/dɪ'vaɪs/,/dɪ'vaɪs/,modern labour-saving devices,省力的现代设备
en:commentary:noun:1,commentary,noun,实况报道， 解说词； 评论， 评论文章,n 实况报道， 解说词； 评论， 评论文章,/'kɑməntɛri/,/'kɒməntri/,Commentary is by Tom Ferris.,由汤姆•费里斯现场解说。
en:sue:verb:1,sue,verb,控告， 起诉； 要求， 请求,v 控告， 起诉； 要求， 请求,/su/,/suː/,"If the builders don’t fulfil their side of the contract, we’ll sue.",如果建筑商不履行合同，我们就要提出起诉。
en:conservative:adjective:3,conservative,adjective,保守的，守旧的；不时兴的，传统的,adj 保守的，守旧的；不时兴的，传统的；n 保守的人,/kən'sɝvətɪv/,/kən'sɜːvətɪv/,a very conservative attitude to education,对待教育非常守旧的态度
en:belly:noun:1,belly,noun,肚子， 腹部,n 肚子， 腹部,/'bɛli/,/'beli/,She laid her hands on her swollen belly.,她把手放在隆起的肚子上。
en:access:noun:1,access,noun,接近；通道，入口；接近的机会,n 接近；通道，入口；接近的机会；vt 存取,/'æksɛs/,/'ækses/,Access is by means of a small door on the right.,入口是右边的一扇小门。
en:conference:noun:1,conference,noun,会议， 讨论会； 讨论， 商谈,n 会议， 讨论会； 讨论， 商谈,/'kɑnfərəns/,/'kɒnfərəns/,Representatives from over 100 countries attended the International Peace Conference in Geneva.,来自一百多个国家的代表出席了在日内瓦举行的国际和平大会。
en:primitive:adjective:3,primitive,adjective,原始的，早期的；简单的；粗糙的,adj 原始的，早期的；简单的；粗糙的；n 原人； 原始事物,/'prɪmətɪv/,/'prɪmətɪv/,a primitive society,原始社会
en:knob:noun:1,knob,noun,球形把手， 球形柄； 旋钮； 小块,n 球形把手， 球形柄； 旋钮； 小块,/nɑb/,/nɒb/,"He thought the door was locked, but he turned the knob and the door opened.",他本以为门是锁住的，但是转了一下把手门就开了。
en:advisable:adjective:1,advisable,adjective,可取的； 适当的,adj 可取的； 适当的,/əd'vaɪzəbl/,/əd'vaɪzəbl/,Regular medical check-ups are advisable.,定期检查身体是明智的。
en:overcome:verb:1,overcome,verb,战胜， 克服； 压倒， 使受不了,vt 战胜， 克服； 压倒， 使受不了,"/,ovɚ'kʌm/",/ˌəuvə'kʌm/,Australia overcame the Netherlands 2-1.,澳大利亚队2比1战胜了荷兰队。
en:cabin:noun:1,cabin,noun,小屋； 船舱， 机舱,n 小屋； 船舱， 机舱,/'kæbɪn/,/'kæbɪn/,a log cabin,原木小屋
en:recite:verb:1,recite,verb,背诵， 朗诵； 列举， 一一说出,v 背诵， 朗诵； 列举， 一一说出,/rɪ'saɪt/,/rɪ'saɪt/,She recited a poem that she had learnt at school.,她背诵了一首学校里学的诗。
en:oppress:verb:1,oppress,verb,压迫， 压制； 使沉重， 使烦恼,vt 压迫， 压制； 使沉重， 使烦恼,/ə'prɛs/,/ə'pres/,native tribes oppressed by the authorities,受到当局压迫的土著部落
en:current:adjective:1,current,adjective,当前的，通用的；流行的，流传的,adj 当前的，通用的；流行的，流传的；n 潮流； 电流； 趋势， 倾向,/kɝ​ənt/,/'kʌrənt/,the current President,现任总统
en:heel:noun:1,heel,noun,脚后跟， 踵； 后跟,n 脚后跟， 踵； 后跟,/hil/,/hiːl/,black boots with high heels,有高跟的黑靴子
en:gloom:noun:1,gloom,noun,昏暗， 阴暗； 忧郁， 沮丧,n 昏暗， 阴暗； 忧郁， 沮丧,/ɡlum/,/gluːm/,He peered into the gathering (= increasing ) gloom.,他在渐深的暮色中眺望远方。
en:adore:verb:2,adore,verb,崇拜， 敬慕； 爱慕， 热爱； 非常喜欢,vt 崇拜， 敬慕； 爱慕， 热爱； 非常喜欢,/ə'dɔr/,/ə'dɔː/,Betty adores her grandchildren.,贝蒂非常宠爱孙辈。
en:persist:verb:2,persist,verb,坚持， 持续,vi 坚持， 持续,/pɚ'sɪst/,/pə'sɪst/,"‘I don’t think it’s right,’ John persisted.",“我认为那不对。”约翰坚持说道。
en:caution:noun:2,caution,noun,小心，谨慎；注意，警告,n 小心，谨慎；注意，警告；vt 警告， 劝…小心,/'kɔʃən/,/'kɔːʃn/,The physician must exercise caution when prescribing antidepressants.,医师在开抗抑郁药处方时必须谨慎。
en:offensive:adjective:2,offensive,adjective,冒犯的，无礼的，使人不快的；进攻的，攻击性的,adj 冒犯的，无礼的，使人不快的；进攻的，攻击性的；n 进攻， 攻势,/ə'fɛnsɪv/,/ə'fensɪv/,I found her remarks deeply offensive.,我觉得她的话令人非常恼火。
en:texture:noun:1,texture,noun,质地； 结构,n 质地； 结构,/'tɛkstʃɚ/,/'tekstʃə/,a designer who experiments with different colours and textures,尝试不同色彩和材质的设计师
en:closet:adjective:1,closet,adjective,私下的；隐蔽的,adj 私下的；隐蔽的；n 橱，壁橱；vt 把…引进密室会谈,/'klɑzət/,/'klɒzɪt/,a closet full of beautiful clothes,满是漂亮衣服的壁橱
en:speculate:verb:2,speculate,verb,推测， 推断； 投机， 做投机买卖,v 推测， 推断； 投机， 做投机买卖,/'spɛkjə'let/,/'spekjuleɪt/,She refused to speculate.,她拒绝猜测。
en:dismantle:verb:1,dismantle,verb,拆开， 拆卸,vt 拆开， 拆卸,/dɪs'mæntl/,/dɪs'mæntl/,Chris dismantled the bike in five minutes.,克里斯五分钟内就把自行车拆掉了。
en:monster:adjective:1,monster,adjective,大的， 庞大的,adj 大的， 庞大的；n 怪物；极其残酷的人；巨人，巨兽，巨大的东西,/'mɑnstɚ/,/'mɒnstə/,a monster cat,巨型猫
en:bud:verb:1,bud,verb,发芽， 萌芽,vi 发芽， 萌芽；n 花蕾，叶芽,/bʌd/,/bʌd/,"Without love, the best in the bud before killing!",得不到的爱情，最好在萌芽之前扼杀！
en:confirm:verb:1,confirm,verb,证实， 肯定； 确认； 批准,vt 证实， 肯定； 确认； 批准,/kən'fɝm/,/kən'fɜːm/,New evidence has confirmed the first witness’s story.,新的证据证实了第一个证人的说法。
en:bug:noun:2,bug,noun,虫子；小病；故障，缺陷；窃听器,n 虫子；小病；故障，缺陷；窃听器；vt 烦扰， 纠缠； 在…装窃听器,/bʌɡ/,/bʌg/,There’s a nasty bug going round (= that a lot of people have caught ) .,现在流行着一种很烦人的传染病。
en:prescient:adjective:1,prescient,adjective,预知的， 预见的,adj 预知的， 预见的,/'prɛsɪənt/,/'presiənt/,...an eerily prescient comedy about a populist multimillionaire political candidate.,...围绕一位身价数百万的民粹主义政治候选人的一部喜剧，其预见性近乎诡异。
en:acquaint:verb:2,acquaint,verb,使认识， 使了解； 使熟悉,vt 使认识， 使了解； 使熟悉,/ə'kwent/,/ə'kweɪnt/,I need to acquaint myself with the new regulations.,我得熟悉一下新的规章制度。
en:elastic:adjective:1,elastic,adjective,有弹性的； 灵活的,adj 有弹性的； 灵活的；n 松紧带,/ɪ'læstɪk/,/ɪ'læstɪk/,the horny elastic pad in a horse’s hoof,马蹄上粗硬而有弹性的肉掌
en:consequent:adjective:2,consequent,adjective,作为结果的， 随之发生的,adj 作为结果的， 随之发生的,/'kɑnsəkwənt/,/'kɒnsɪkwənt/,the rise in inflation and consequent fall in demand,通货膨胀的加剧和随之而来的需求下降
en:vast:adjective:1,vast,adjective,巨大的， 大量的； 浩瀚的,adj 巨大的， 大量的； 浩瀚的,/væst/,/vɑːst/,The refugees come across the border in vast numbers.,大量难民涌过边境。
en:intervene:verb:3,intervene,verb,干涉， 干预； 干扰， 阻挠,vi 干涉， 干预； 干扰， 阻挠,"/,ɪntɚ'vin/",/ˌɪntə'viːn/,The situation calmed down when police intervened.,警察干预后，局势平静了下来。
en:symbol:noun:1,symbol,noun,象征； 符号， 标志,n 象征； 符号， 标志,/'sɪmbl/,/'sɪmbl/,The symbol on the packet is a guarantee that the food has been produced organically.,包装盒上的这个标识保证这种食物是有机生产的。
en:ignite:verb:2,ignite,verb,着火,vi 着火；vt 点燃，引发,/ɪɡ'naɪt/,/ɪg'naɪt/,The bombs ignited a fire which destroyed some 60 houses.,炸弹引起了一场火灾，烧毁了大约六十间房屋。
en:commercial:adjective:1,commercial,adjective,商业的， 商务的； 商品化的， 商业性的,adj 商业的， 商务的； 商品化的， 商业性的,/kə'mɝʃəl/,/kə'mɜːʃl/,Our top priorities must be profit and commercial growth.,我们必须把利润和贸易增长作为我们的第一要务。
en:revelation:noun:1,revelation,noun,被提示的真相， 新发现； 揭示， 透露， 显示,n 被提示的真相， 新发现； 揭示， 透露， 显示,/'rɛvə'leʃən/,/ˌrevə'leɪʃn/,...the seemingly everlasting revelations about his private life.,…有关他私生活的似乎永无休止的披露。
en:available:adjective:2,available,adjective,现成可使用的， 通用的； 可取的； 联系的； 可得到的,adj 现成可使用的， 通用的； 可取的； 联系的； 可得到的,/ə'veləbl/,/ə'veɪləbl/,Tickets are available from the box office.,售票处有票出售。
en:innumerable:adjective:2,innumerable,adjective,无数的， 数不清的,adj 无数的， 数不清的,/ɪ'nʊmərəbl/,/ɪ'njuːmərəbl/,She’s served on innumerable committees.,她在多个委员会担任委员。
en:advocate:verb:2,advocate,verb,拥护， 提倡， 主张,vt 拥护， 提倡， 主张；n 拥护者， 提倡者； 辩护者， 律师,/ˈædvəkeɪt；-et/,/'ædvəkeɪt；-ət/,Extremists were openly advocating violence.,极端主义者公开鼓吹使用暴力。
en:confine:verb:2,confine,verb,限制，使局限；使不外出，禁闭,vt 限制，使局限；使不外出，禁闭,/kən'faɪn/,/kən'faɪn/,Vaughan is confined to a wheelchair .,沃恩离不开轮椅。
en:quest:noun:1,quest,noun,寻找， 搜索； 追求,n 寻找， 搜索； 追求,/kwɛst/,/kwest/,They journeyed to the distant Molucca islands in quest of spices.,他们远赴摩鹿加群岛寻找香料。
en:frequency:noun:2,frequency,noun,屡次， 次数， 频率； 经常发生,n 屡次， 次数， 频率； 经常发生,/'frikwənsi/,/'friːkwənsi/,Side effects from prescribed drugs are being reported with increasing frequency (= more and more often ) .,处方药的副作用正越来越频繁地被报道出来。
en:elicit:verb:1,elicit,verb,诱出， 探出,vt 诱出， 探出,/ɪ'lɪsɪt/,/i'lɪsɪt/,My letters to her have elicited no response.,我写给她的信没有得到回应。
en:relegate:verb:1,relegate,verb,使降位， 使降级； 把…委托给,vt 使降位， 使降级； 把…委托给,/'rɛlɪɡet/,/'relɪgeɪt/,Might it not be better to relegate the king to a purely ceremonial function?,使该国王降级到一种纯粹礼仪性的职能难道不更好吗？
en:trivial:adjective:2,trivial,adjective,琐碎的， 不重要的,adj 琐碎的， 不重要的,/'trɪvɪəl/,/'trɪviəl/,a trivial sum,一笔极小的金额
en:burial:noun:3,burial,noun,葬， 掩埋； 葬礼,n 葬， 掩埋； 葬礼,/'bɛrɪəl/,/'beriəl/,The priest prepared the body for burial.,牧师为尸体做好了下葬的准备。
en:luggage:noun:1,luggage,noun,行李,n 行李,/'lʌɡɪdʒ/,/'lʌgɪdʒ/,They searched his luggage for illegal drugs.,他们搜查他的行李看是否藏有毒品。
en:drawback:noun:2,drawback,noun,缺点， 欠缺； 不利条件,n 缺点， 欠缺； 不利条件,/'drɔbæk/,/'drɔːbæk/,It’s a great city – the only drawback is the weather.,这是座很不错的城市，唯一的不足就是天气。
en:longevity:noun:1,longevity,noun,长寿， 寿命,n 长寿， 寿命,/lɔn'dʒɛvəti/,/lɒn'dʒevəti/,The ancient Chinese claimed that garlic promoted longevity.,中国古人说蒜能延寿。
en:military:adjective:1,military,adjective,军事的；军用的,adj 军事的；军用的；n 军队， 武装力量,/'mɪlətɛri/,/'mɪlətri/,a military helicopter,军用直升机
en:dynamic:adjective:1,dynamic,adjective,动力的， 动力学的； 动态的； 有活力的， 有生气的,adj 动力的， 动力学的； 动态的； 有活力的， 有生气的,/daɪ'næmɪk/,/daɪ'næmɪk/,dynamic and ambitious people,精力充沛且雄心勃勃的人
en:wardrobe:noun:2,wardrobe,noun,衣柜； 全部衣物,n 衣柜； 全部衣物,/ˈwɔrdˌrob/,/'wɔːdrəub/,"Can you hang these in the wardrobe, please?",请你把这些衣服挂到衣橱里去好吗？
en:reluctant:adjective:1,reluctant,adjective,不情愿的， 勉强的,adj 不情愿的， 勉强的,/rɪ'lʌktənt/,/rɪ'lʌktənt/,She gave a reluctant smile.,她勉强笑了笑。
en:conscientious:adjective:2,conscientious,adjective,认真的， 勤勤恳恳的,adj 认真的， 勤勤恳恳的,/'kɑnʃɪ'ɛnʃəs/,/ˌkɒnʃi'enʃəs/,A conscientious teacher may feel inclined to take work home.,一个认真负责的教师可能会想着把工作带回家去做。
en:passion:noun:1,passion,noun,激情， 热情； 酷爱,n 激情， 热情； 酷爱,/'pæʃən/,/'pæʃn/,The issue arouses strong passions .,那件事激起了人们强烈的情绪。
en:generate:verb:3,generate,verb,发生， 引起； 生殖,vt 发生， 引起； 生殖,/'dʒɛnəret/,/'dʒenəreɪt/,Wind turbines generate electricity for the local community.,风力机为当地社区发电。
en:extreme:adjective:2,extreme,adjective,极度的；最后的,adj 极度的；最后的；n 极端， 过分,/ɪk'strim/,/ɪk'striːm/,Extreme poverty still exists in many rural areas.,许多农村地区仍处于赤贫状态。
en:tuck:verb:1,tuck,verb,把边塞到下面；把…夹入，把…藏入,vt 把边塞到下面；把…夹入，把…藏入；n 褶， 裥,/tʌk/,/tʌk/,He tried to tuck his flapping shirt inside his trousers.,他试图把飘动的衬衫塞进他的裤子里。
en:authoritative:adjective:1,authoritative,adjective,有权威性的， 可信的； 专断的， 命令式的,adj 有权威性的， 可信的； 专断的， 命令式的,/ə'θɔrətetɪv/,/ɔː'θɒrətətɪv/,the most authoritative work on English surnames,有关英语姓氏的最权威著作
en:athlete:noun:1,athlete,noun,运动员， 体育家,n 运动员， 体育家,/'æθlit/,/'æθliːt/,a professional athlete,一位专业运动员
en:upright:adverb:1,upright,adverb,挺直着， 竖立着,adv 挺直着， 竖立着；adj 垂直的；正直的，诚实的,/'ʌpraɪt/,/'ʌpraɪt/,"You imagine being on a bicycle or motorbike; you go around the corner, you lean into the corner, which remains perfectly upright in physics.",想象一下骑着自行车和摩托车走在拐弯处时，你朝着拐角处倾斜，这在物理上仍然保持了完全笔直。
en:extract:verb:2,extract,verb,取出，抽出；采掘，提炼，榨取；获得，索取；摘录['3kstrækt],vt 取出，抽出；采掘，提炼，榨取；获得，索取；摘录['3kstrækt]；n 摘录， 选段； 提出物， 精， 汁,/'ɛkstrækt/,/ɪk'strækt/,You’ll have to have that tooth extracted.,你得把那颗牙拔掉。
en:obscure:adjective:2,obscure,adjective,不著名的，不重要的；费解的，模糊不清的,adj 不著名的，不重要的；费解的，模糊不清的；vt 使变糊， 掩盖,/əb'skjʊr/,/əb'skjuə/,an obscure poet,名不见经传的诗人
en:dismay:noun:2,dismay,noun,失望，气馁；惊恐,n 失望，气馁；惊恐；vt 使失望， 使气馁； 使惊恐,/dɪs'me/,/dɪs'meɪ/,The thought of leaving filled him with dismay .,想到要离开，他心里充满了忧伤。
en:expend:verb:1,expend,verb,花费， 消费； 消耗,vt 花费， 消费； 消耗,/ɪk'spɛnd/,/ɪk'spend/,Children expend a lot of energy and may need more high-energy food than adults.,孩子们耗能多，可能比成人需要更多高能量的食物。
en:forge:verb:3,forge,verb,打制， 锻造； 伪造,vt 打制， 锻造； 伪造,/fɔrdʒ/,/fɔːdʒ/,Someone stole my credit card and forged my signature.,有人偷了我的信用卡，并假冒我的签名。
en:demonstrate:verb:1,demonstrate,verb,说明， 论证； 表露,vt 说明， 论证； 表露,/'dɛmən'stret/,/'demənstreɪt/,The study demonstrates the link between poverty and malnutrition.,这项研究证明了贫困与营养不良之间的联系。
en:region:noun:1,region,noun,地区， 地带， 区域； 范围， 幅度,n 地区， 地带， 区域； 范围， 幅度,/'ridʒən/,/'riːdʒən/,efforts to bring peace to the region,给这个地区带来和平的努力
en:deceive:verb:1,deceive,verb,行骗,vi 行骗；vt 欺骗，蒙蔽,/dɪ'siv/,/dɪ'siːv/,He had been deceived by a young man claiming to be the son of a millionaire.,他被一个自称是百万富翁之子的年轻人骗了。
en:preview:noun:1,preview,noun,预映， 预演； 预告,n 预映， 预演； 预告,/'pri'vjʊ/,/'priːvjuː/,"the press preview of the show (= when people who write for newspapers, television etc could see it )",该节目的媒体试映
en:ingenious:adjective:2,ingenious,adjective,设计独特的， 别致的， 巧妙的； 灵巧的， 善于创造发明的,adj 设计独特的， 别致的， 巧妙的； 灵巧的， 善于创造发明的,/ɪn'dʒinɪəs/,/ɪn'dʒiːniəs/,Many fish have ingenious ways of protecting their eggs from predators.,很多鱼都有绝妙的方法来保护它们产的卵不被捕食者吃掉。
en:questionnaire:noun:2,questionnaire,noun,问卷， 征求意见表,n 问卷， 征求意见表,/ˌkwɛstʃənˈɛr/,/ˌkwestʃə'neə/,Teachers will be asked to fill in a questionnaire.,教师们将被要求填写一份调查问卷。
en:breakthrough:noun:2,breakthrough,noun,突破， 突破性进展， 重要的新发现,n 突破， 突破性进展， 重要的新发现,/'brek'θrʊ/,/'breɪkθruː/,The company looks poised to make a significant breakthrough in China.,该公司看上去稳将在中国实现一次重大突破。
en:snack:noun:2,snack,noun,快餐， 小吃， 点心,n 快餐， 小吃， 点心,/snæk/,/snæk/,I grabbed a quick snack.,我赶紧吃了点零食。
en:yoke:noun:2,yoke,noun,牛轭；束缚，枷锁,n 牛轭；束缚，枷锁；vt 结合， 联结,/jok/,/jəuk/,the yoke of tradition,传统的枷锁
en:destination:noun:2,destination,noun,目的地， 终点； 目标,n 目的地， 终点； 目标,"/,dɛstɪ'neʃən/",/ˌdestɪ'neɪʃn/,Ellis Island has become one of America's most popular tourist destinations.,埃利斯岛已经成为美国最受欢迎的游览地之一。
en:throne:noun:2,throne,noun,御座， 宝座； 王位， 王权,n 御座， 宝座； 王位， 王权,/θron/,/θrəun/,He is next in line to the throne (= will become king when the present ruler dies ) .,他是第一王位继承人。
en:privacy:noun:1,privacy,noun,个人自由； 隐私， 私生活， 私事,n 个人自由； 隐私， 私生活， 私事,/'praɪvəsi/,/'praɪvəsi/,each individual’s right to privacy,每个人的隐私权
en:reciprocal:adjective:2,reciprocal,adjective,相互的； 互惠的,adj 相互的； 互惠的,/rɪ'sɪprəkl/,/rɪ'sɪprəkl/,He spoke of the necessity for a reciprocal relationship that would be useful for all sides.,他谈及需要建立对各方都有益的互惠关系。
en:vertical:adjective:1,vertical,adjective,垂直的， 竖式的,adj 垂直的， 竖式的,/'vɝtɪkl/,/'vɜːtɪkl/,a vertical line,垂直线
en:inventory:noun:1,inventory,noun,详细目录， 存货清单,n 详细目录， 存货清单,/'ɪnvəntɔri/,/'ɪnvəntri/,...one inventory of twelve sails for each yacht.,…为每艘游艇配备12张帆的存货。
en:vivid:adjective:2,vivid,adjective,鲜艳的； 生动的， 栩栩如生的,adj 鲜艳的； 生动的， 栩栩如生的,/'vɪvɪd/,/'vɪvɪd/,I’ve got vivid memories of that summer.,我对那年夏天记忆犹新。
en:flush:verb:1,flush,verb,发红,vi 发红；adj 齐平的， 同高的,/flʌʃ/,/flʌʃ/,Susan flushed deeply and looked away.,苏珊脸涨得通红，目光转向别处。
en:heir:noun:1,heir,noun,继承人,n 继承人,/ɛr/,/eə/,Jonson was his political heir as leader of the party.,琼森是他的政治接班人，他将担任该党派的领袖。
en:screw:noun:1,screw,noun,螺丝,n 螺丝；vt 用螺钉固定， 拧， 拧紧,/skru/,/skruː/,Fix the frame in position and tighten the screws .,把框子固定在正确位置上，拧紧螺丝。
en:kit:noun:2,kit,noun,成套工具，成套用品；配套元件,n 成套工具，成套用品；配套元件；vt 装备,,/kɪt/,Sally keeps her make-up kit in her bag.,萨莉把化妆包放在手提包里。
en:virtue:noun:1,virtue,noun,善， 美德； 优点， 长处,n 善， 美德； 优点， 长处,/'vɝtʃʊ/,/'vɜːtjuː/,Women have often been used as symbols of virtue.,女性常被用作美德的象征。
en:emphasize:verb:2,emphasize,verb,强调， 着重,vt 强调， 着重,/'ɛmfəsaɪz/,/'emfəsaɪz/,The report emphasizes the importance of improving safety standards.,报告强调了改进安全标准的重要性。
en:turnover:noun:1,turnover,noun,营业额， 成交量； 人员调整， 人员更替率,n 营业额， 成交量； 人员调整， 人员更替率,/'tɝn'ovɚ/,/'tɜːnəuvə/,The company had a turnover of $3.8 million.,那个公司拥有380万美元的营业额。
en:mortal:adjective:1,mortal,adjective,终有一死的；致命的；你死我活的，不共戴天的,adj 终有一死的；致命的；你死我活的，不共戴天的；n 凡人， 人类,/'mɔrtl/,/'mɔːtl/,Her father’s death reminded her that she was mortal.,父亲的去世让她认识到终有一天她也会死去。
en:coverage:noun:2,coverage,noun,新闻报道； 覆盖范围,n 新闻报道； 覆盖范围,/'kʌvərɪdʒ/,/'kʌvərɪdʒ/,live coverage of the match (= the match is broadcast at the same time that it is happening ),这场比赛的现场直播
en:figure:verb:1,figure,verb,出现；合乎情理,vi 出现；合乎情理；n 数字；人物；算术；体型，风姿；轮廓；画像，塑像；图，图形；vt 计算； 认为， 猜想,/'fɪɡjɚ/,/'fɪgə/,Reform now figures high on the agenda.,眼下，改革是当务之急。
en:brutal:adjective:2,brutal,adjective,野兽般的， 残忍的； 无情的， 冷酷的， 难以忍受的,adj 野兽般的， 残忍的； 无情的， 冷酷的， 难以忍受的,/'brutl/,/'bruːtl/,a brutal man,一个凶残的男人
en:slight:adjective:2,slight,adjective,轻微的，微小的,adj 轻微的，微小的；v 侮慢；轻视，冷落,/slaɪt/,/slaɪt/,a slight improvement,些许的改进
en:ore:noun:1,ore,noun,矿， 矿石,n 矿， 矿石,/ɔr/,/ɔː/,iron ore,铁矿石
en:corrupt:adjective:1,corrupt,adjective,堕落的，腐败的，贪赃舞弊的,adj 堕落的，腐败的，贪赃舞弊的；vt 腐蚀， 使堕落,/kə'rʌpt/,/kə'rʌpt/,Corrupt judges have taken millions of dollars in bribes.,腐败的法官接受了几百万美元的贿赂。
en:preclude:verb:1,preclude,verb,排除； 阻止， 妨碍,vt 排除； 阻止， 妨碍,/prɪ'klud/,/prɪ'kluːd/,rules that preclude experimentation in teaching methods,禁止进行教学方法试验的规定
en:previous:adjective:2,previous,adjective,先的， 前的， 以前的,adj 先的， 前的， 以前的,/'privɪəs/,/'priːviəs/,She has a teenage daughter from a previous marriage.,她有个出自前一次婚姻的十几岁的女儿。
en:regime:noun:3,regime,noun,政治制度， 政权,n 政治制度， 政权,/re'ʒim/,/reɪ'ʒiːm/,The regime got rid of most of its opponents.,该政权清除了大多数反对者。
en:transmit:verb:2,transmit,verb,传送， 传递； 传染； 播送， 发射,vt 传送， 传递； 传染； 播送， 发射,/trænzˈmɪt/,/trænz'mɪt/,The US Open will be transmitted live via satellite.,美国公开赛将通过卫星现场直播。
en:commemorate:verb:1,commemorate,verb,纪念， 庆祝,vt 纪念， 庆祝,/kə'mɛməret/,/kə'meməreɪt/,a parade to commemorate the town’s bicentenary,庆祝该镇建立200周年的游行
en:argue:verb:1,argue,verb,争论，争辩，辩论,vi 争论，争辩，辩论；vt 主张； 说服,/'ɑrgjʊ/,/'ɑːgjuː/,We could hear the neighbours arguing.,我们听到邻居在争吵。
en:consumption:noun:3,consumption,noun,消耗， 消费； 肺病,n 消耗， 消费； 肺病,/kən'sʌmpʃən/,/kən'sʌmpʃn/,Vigorous exercise increases oxygen consumption.,剧烈运动增加氧的消耗。
en:premature:adjective:1,premature,adjective,比预期时间早的； 不成熟的， 仓促的,adj 比预期时间早的； 不成熟的， 仓促的,"/,primə'tʃʊr/",/'premətʃə/,his premature death due to cancer,他因癌症而早逝
en:superior:adjective:1,superior,adjective,上级的，较高的；优越的；有优越感的，高傲的,adj 上级的，较高的；优越的；有优越感的，高傲的；n 上级， 长官,/sʊˈpɪrɪɚ/,/suː'pɪəriə/,She had that superior tone of voice.,她带着那种傲慢的语气。
en:drought:noun:2,drought,noun,干旱， 旱灾,n 干旱， 旱灾,/draʊt/,/draut/,...a country where drought and famines have killed up to two million people during the last eighteen years.,…过去18年来干旱和饥荒致死达两百万人的一个国家。
en:periodical:adjective:1,periodical,adjective,周期的； 定期的； 时而发生的,adj 周期的； 定期的； 时而发生的；n 期刊,"/,pɪrɪ'ɑdɪkl/",/ˌpɪəri'ɒdɪkl/,She made periodical visits to her dentist.,她定期去看牙医。
en:leaflet:verb:1,leaflet,verb,散发传单,v 散发传单；n 传单，散页印刷品，小册子,/'liflət/,/'liːflət/,He’s leafleting the neighbourhood.,他在向街区居民散发传单。
en:accessory:noun:2,accessory,noun,附件， 零件， 配件； 装饰品； 同谋， 帮凶， 包庇犯,n 附件， 零件， 配件； 装饰品； 同谋， 帮凶， 包庇犯,/ək'sɛsəri/,/ək'sesəri/,bathroom accessories such as mirrors and towel-rails,镜子和毛巾架等浴室配件
en:compromise:verb:2,compromise,verb,妥协； 危及； 放弃,v 妥协； 危及； 放弃；n 妥协，和解；折中办法,/'kɑmprəmaɪz/,/'kɒmprəmaɪz/,She admitted that she was unable to compromise.,她承认自己无法作出妥协。
en:retort:noun:1,retort,noun,反驳， 回嘴,n&v 反驳， 回嘴,/rɪ'tɔrt/,/rɪ'tɔːt/,‘It’s all your fault!’ he retorted.,“那都是你的错！”他反驳道。
en:electrify:verb:1,electrify,verb,使充电， 使电气化； 使激动， 使兴奋,vt 使充电， 使电气化； 使激动， 使兴奋,/ɪ'lɛktrə'fai/,/ɪ'lektrɪfaɪ/,"She would sit at the piano and sing, electrifying us all.",她会边弹钢琴边唱歌，使我们大家兴奋不已。
en:seminar:noun:1,seminar,noun,研究班， 研讨会,n 研究班， 研讨会,/'sɛmɪnɑr/,/'semɪnɑː/,a Shakespeare seminar,莎士比亚研讨班
en:fringe:adjective:1,fringe,adjective,附加的,adj 附加的；n 刘海；饰以流苏的边；边缘，外围；vt 成为…的边缘,/frɪndʒ/,/frɪndʒ/,"Remember to use not only the hourly wage, but also include fringe benefits.",切记不要仅仅使用小时工资，还要包括附加福利。
en:competition:noun:1,competition,noun,比赛； 竞争,n 比赛； 竞争,"/,kɑmpə'tɪʃən/",/ˌkɒmpə'tɪʃn/,Going to trade fairs is an ideal opportunity to size up the competition .,参加商品交易会是估量竞争规模的理想机会。
en:beyond:adverb:1,beyond,adverb,在更远处， 再往后,adv 在更远处， 再往后；prep 在…的那边，远于；迟于；越出,/bɪ'jɑnd/,/bɪ'jɒnd/,The financing of home ownership will continue through the 1990s and beyond.,房屋产权的融资将持续到20世纪90年代及以后。
en:hazard:noun:2,hazard,noun,危险，公害,n 危险，公害；vt 尝试着做， 冒…风险,/'hæzɚd/,/'hæzəd/,That pile of rubbish is a fire hazard (= something that is likely to cause a fire ).,那堆垃圾是火灾隐患。
en:justify:verb:1,justify,verb,证明…是正当的,vt 证明…是正当的,/'dʒʌstə'fai/,/'dʒʌstɪfaɪ/,Nothing justifies murdering another human being.,什么都不能成为谋杀他人的正当理由。
en:dreadful:adjective:2,dreadful,adjective,糟透了的， 极不合意的； 极端的， 极其大的； 可怕的,adj 糟透了的， 极不合意的； 极端的， 极其大的； 可怕的,/'drɛdfəl/,/'dredfl/,We’ve had some dreadful weather lately.,最近我们这里的天气糟透了。
en:voluntary:adjective:1,voluntary,adjective,自愿的， 志愿的,adj 自愿的， 志愿的,/'vɑləntɛri/,/'vɒləntri/,Workers are being encouraged to take voluntary redundancy.,工人被鼓励主动离职。
en:connection:noun:1,connection,noun,连接； 联系； 连接物， 连接点； 亲戚,n 连接； 联系； 连接物， 连接点； 亲戚,/kə'nɛkʃən/,/kə'nekʃn/,Police have so far failed to establish a connection between the two murders.,到目前为止警方尚未确定两宗凶杀案之间有关联。
en:proof:adjective:1,proof,adjective,耐…的， 能防…的,adj 耐…的， 能防…的；n 证据，证明；校样，样张,/pruf/,/pruːf/,Their defences are proof against most weapons.,他们的防卫工事可以抵挡大多数武器的攻击。
en:militant:adjective:1,militant,adjective,激进的；好斗的,adj 激进的；好斗的；n 激进分子， 斗士,/'mɪlɪtənt/,/'mɪlɪtənt/,militant political activists,激进的政治活动家
en:simulate:verb:2,simulate,verb,模仿， 模拟； 假装， 冒充,vt 模仿， 模拟； 假装， 冒充,/'sɪmjulet/,/'sɪmjuleɪt/,a machine that simulates conditions in space,一台模拟太空环境的机器
en:intricacy:noun:1,intricacy,noun,错综复杂；,n 错综复杂；,/'ɪntrɪkəsi/,/'ɪntrɪkəsi/,the intricacies of private banking,私人银行业务的错综复杂
en:phase:noun:1,phase,noun,阶段； 方面； 相， 相位,n 阶段； 方面； 相， 相位,/fez/,/feɪz/,a new drug that is in the experimental phase,处于试验阶段的一种新药
en:dilute:adjective:1,dilute,adjective,稀释的， 冲淡的,adj 稀释的， 冲淡的；vt 稀释，冲淡,/daɪ'l(j)ut/,/daɪ'luːt/,dilute hydrochloric acid,稀盐酸
en:inclusive:adjective:2,inclusive,adjective,包括一切的， 包括一切费用在内的； 所有数目包括在内的,adj 包括一切的， 包括一切费用在内的； 所有数目包括在内的,/ɪn'klusɪv/,/ɪn'kluːsɪv/,Not everyone shares his vision of an inclusive America.,不是所有人都同意他的观点，认为美国是个包容性很强的国家。
en:efficiency:noun:1,efficiency,noun,效率； 功效， 效能,n 效率； 功效， 效能,/ɪˈfɪʃənsɪ/,/ɪ'fɪʃnsi/,considerable advancements in energy efficiency,能源效率的显著提高
en:ethnic:adjective:2,ethnic,adjective,种族的,adj 种族的,/'ɛθnɪk/,/'eθnɪk/,The school teaches pupils from different ethnic groups.,该校教授不同种族的小学生。
en:spectacle:noun:3,spectacle,noun,演出， 场面； 景象， 壮观； 眼镜,n 演出， 场面； 景象， 壮观； 眼镜,/'spɛktəkl/,/'spektəkl/,a multimedia dance and opera spectacle,盛大的多媒体舞蹈戏剧表演
en:overhead:adverb:1,overhead,adverb,在头顶上,adv 在头顶上；adj 在头顶上的；架空的；n 经常费用， 管理费用,"/,ovɚ'hɛd/",/əʊvə'hed/,Bullets whizzed overhead.,子弹嗖嗖地掠过头顶。
en:contract:verb:1,contract,verb,缩小； 订合同； 感染， 染上,v 缩小； 订合同； 感染， 染上；n 契约， 合同,/'kɑntrækt/,/'kɒntrækt/,Metal contracts as it cools.,金属遇冷收缩。
en:conclude:verb:1,conclude,verb,结束， 终了,vi 结束， 终了；vt 推断出，推论出；缔结，议定,/kən'klud/,/kən'kluːd/,"When the investigation is concluded, the results will be sent to the US Attorney’s office.",等到调查结束后，结果会被送到联邦检察官办公室。
en:profitable:adjective:3,profitable,adjective,有利可图的， 有益的,adj 有利可图的， 有益的,/'prɑfɪtəbl/,/'prɒfɪtəbl/,The advertising campaign proved very profitable.,事实证明，这次广告宣传活动卓有成效。
en:misfortune:noun:3,misfortune,noun,不幸， 厄运， 逆境； 不幸事故， 灾难， 灾祸,n 不幸， 厄运， 逆境； 不幸事故， 灾难， 灾祸,/'mɪs'fɔrtʃən/,/ˌmɪs'fɔːtʃʊːn/,It seems the banks always profit from farmers’ misfortunes.,银行似乎总是从农民的不幸中获益。
en:comprehension:noun:1,comprehension,noun,理解， 理解力， 领悟； 理解力测验,n 理解， 理解力， 领悟； 理解力测验,"/,kɑmprɪ'hɛnʃən/",/ˌkɒmprɪ'henʃn/,Why you let her talk you into doing such a foolish thing is beyond my comprehension (= impossible for me to understand ) .,你怎么会被她说服去做这种蠢事，我实在是无法理解。
en:susceptible:adjective:1,susceptible,adjective,易受影响的； 过敏的； 能经受的， 容许的,adj 易受影响的； 过敏的； 能经受的， 容许的,/sə'sɛptəbl/,/sə'septəbl/,A lot of TV advertising is aimed at susceptible young children.,很多电视广告瞄准了易受影响的幼儿。
en:leather:noun:1,leather,noun,皮革； 皮革制品,n 皮革； 皮革制品,/'lɛðɚ/,/'leðə/,The inside of the bag was lined with soft leather.,这包的里面衬了软皮。
en:insight:noun:2,insight,noun,洞察力； 洞悉， 深刻的见解,n 洞察力； 洞悉， 深刻的见解,/'ɪn'saɪt/,/'ɪnsaɪt/,a woman of great insight,一位极有眼光的妇女
en:intact:adjective:1,intact,adjective,完整无缺的； 未经触动的； 未受损伤的,adj 完整无缺的； 未经触动的； 未受损伤的,/ɪn'tækt/,/ɪn'tækt/,Only the medieval tower had remained intact.,只有这座中世纪塔楼保存完好。
en:instrumental:adjective:2,instrumental,adjective,起作用的， 有帮助的； 用乐器演奏的,adj 起作用的， 有帮助的； 用乐器演奏的,"/,ɪnstrə'mɛntl/",/ˌɪnstrə'mentl/,He was instrumental in developing links with European organizations.,他在建立与欧洲各组织之间的联系中起了重要作用。
en:fabric:noun:2,fabric,noun,织物， 纺织品； 结构,n 织物， 纺织品； 结构,/'fæbrɪk/,/'fæbrɪk/,our new range of fabrics and wallpapers,我们新的织物和墙纸系列
en:revolutionary:adjective:1,revolutionary,adjective,革命的；革新的,adj 革命的；革新的；n 革命者,/'rɛvə'lʊʃə'nɛri/,/ˌrevə'luːʃənəri/,The new cancer drug is a revolutionary breakthrough.,这种抗癌新药是一个革命性突破。
en:unemployment:noun:2,unemployment,noun,失业， 失业人数,n 失业， 失业人数,"/,ʌnɪm'plɔɪmənt/",/ˌʌnɪm'plɔɪmənt/,a town where there is high unemployment,高失业率城镇
en:juvenile:adjective:1,juvenile,adjective,少年的，少年特有的；幼稚的，不成熟的,adj 少年的，少年特有的；幼稚的，不成熟的；n 未成年人， 少年,/'dʒʊvənaɪl/,/'dʒuːvənaɪl/,juvenile crime,少年犯罪
en:force:verb:1,force,verb,强迫；用力推动，用力打开,vt 强迫；用力推动，用力打开；n 军队， 兵力； 暴力， 武力； 力， 力气； 影响力， 效力,/fɔrs/,/fɔːs/,Westerly gales forced the ship off course.,强劲的西风将那艘船吹离了航道。
en:sympathetic:adjective:2,sympathetic,adjective,同情的； 和谐的； 赞同的， 支持的； 合意的,adj 同情的； 和谐的； 赞同的， 支持的； 合意的,"/,sɪmpə'θɛtɪk/",/ˌsɪmpə'θetɪk/,a sympathetic friend,一个有同情心的朋友
en:periodic:adjective:2,periodic,adjective,周期的， 定期的， 时而发生的,adj 周期的， 定期的， 时而发生的,"/,pɪrɪ'ɑdɪk/",/ˌpɪəri'ɒdɪk/,periodic home visits by nurses,护士的定期上门探访
en:distribution:noun:2,distribution,noun,分发， 分配， 分布,n 分发， 分配， 分布,/'dɪstrə'bjʊʃən/,/ˌdɪstrɪ'bjuːʃn/,a distribution centre,经销中心
en:derive:verb:2,derive,verb,起源， 衍生,vi 起源， 衍生；vt 取得，得到；追溯…的起源或来由,/dɪ'raɪv/,/dɪ'raɪv/,"The name Anastasia is derived from a Greek word meaning ""of the resurrection.""",阿纳斯塔西娅这个名字是从一个意为“复活”的希腊词语衍生而来的。
en:capacity:noun:2,capacity,noun,容量； 能力； 能量； 才能； 身份， 地位,n 容量； 能力； 能量； 才能； 身份， 地位,/kə'pæsəti/,/kə'pæsəti/,an infinite capacity for love,无尽的爱心
en:cope:verb:1,cope,verb,应付， 处理,vi 应付， 处理,/kop/,/kəup/,Sometimes I find it hard to cope.,有时候我觉得很难应付。
en:overhear:verb:2,overhear,verb,无意中听到， 偷听到,vt 无意中听到， 偷听到,"/,ovɚ'hɪr/",/ˌəuvə'hɪə/,I overheard part of their conversation.,我碰巧听到了他们谈话的部分内容。
en:dart:verb:1,dart,verb,猛冲，飞奔,vi 猛冲，飞奔；vt 投射；n 飞镖， 飞镖游戏； 急驰， 飞奔,/dɑrt/,/dɑːt/,Jill darted forward and pulled him away from the fire.,吉尔冲上前把他从火边拉开。
en:flaw:noun:3,flaw,noun,缺点， 瑕疵， 缺陷,n 缺点， 瑕疵， 缺陷,/flɔ/,/flɔː/,A design flaw (= a mistake or weakness in the way something was made ) caused the engine to explode.,一个设计缺陷导致了引擎爆炸。
en:saturate:verb:1,saturate,verb,使湿透， 浸透； 使充满， 使饱和,vt 使湿透， 浸透； 使充满， 使饱和,/'sætʃərɪt/,/'sætʃəreɪt/,"Water poured through the hole, saturating the carpet.",水从洞里流进来，浸湿了地毯。
en:feature:noun:1,feature,noun,特征，特色；面貌；特写，专题节目；故事片,n 特征，特色；面貌；特写，专题节目；故事片；vt 突出； 由…主演,/'fitʃɚ/,/'fiːtʃə/,Air bags are a standard feature in most new cars.,气囊是大多数新车的标准配置。
en:flat:adverb:1,flat,adverb,平直地； 直截了当地,adv 平直地； 直截了当地；adj 平的；固定的；漏气的；单调的，沉闷的；浅的；n 一套房间，单元住宅,/flæt/,/flæt/,The bed can be folded flat for storage.,这张床可以折扁存放。
en:assert:verb:3,assert,verb,肯定地说， 断言； 维护， 坚持； 坚持己见,vt 肯定地说， 断言； 维护， 坚持； 坚持己见,/ə'sɝt/,/ə'sɜːt/,"French cooking, she asserted, is the best in the world.",她坚称法国菜是世界上最好的。
en:climax:noun:2,climax,noun,高潮， 最令人兴奋的部分,n 高潮， 最令人兴奋的部分,/'klaɪmæks/,/'klaɪmæks/,The festival reaches its climax with the traditional boat-burning ceremony.,传统的烧船仪式将节庆活动推向了高潮。
en:recall:verb:2,recall,verb,回忆； 召回， 叫回； 收回， 撤销,vt 回忆； 召回， 叫回； 收回， 撤销,/'rikɔl/,/rɪ'kɔːl/,"You don’t happen to recall his name, do you?",你不会恰巧还想得起他的名字吧？
en:rectangular:adjective:1,rectangular,adjective,长方形的， 矩形的,adj 长方形的， 矩形的,/rɛk'tæŋgjəlɚ/,/rek'tæŋgjələ/,...a rectangular table.,…一张长方形的桌子。
en:flap:verb:2,flap,verb,飘动， 拍动； 振翅,vi 飘动， 拍动； 振翅；n 片状垂悬物；飘动，摆动，振动；激动，慌忙状态；vt 使拍动，使飘动,/flæp/,/flæp/,The flags were flapping in the breeze.,旗帜在微风中飘扬。
en:precise:adjective:1,precise,adjective,精确的， 准确的； 严谨的,adj 精确的， 准确的； 严谨的,/prɪ'saɪs/,/prɪ'saɪs/,precise sales figures,准确的销售数据
en:sensible:adjective:3,sensible,adjective,明智的， 合情理的,adj 明智的， 合情理的,/'sɛnsəbl/,/'sensəbl/,She seems very sensible.,她好像很明智。
en:objection:noun:1,objection,noun,反对， 异议； 反对的理由,n 反对， 异议； 反对的理由,/əb'dʒɛkʃən/,/əb'dʒekʃn/,Her objection was that he was too young.,她反对的理由是他太小。
en:precious:adjective:1,precious,adjective,珍贵的， 宝贵的,adj 珍贵的， 宝贵的,/'prɛʃəs/,/'preʃəs/,planes delivering precious supplies of medicine and food,运送药品、食品等宝贵物资的飞机
en:contrive:verb:1,contrive,verb,谋划， 策划； 设法做到； 设计， 想出,vt 谋划， 策划； 设法做到； 设计， 想出,/kən'traɪv/,/kən'traɪv/,The lawsuit says oil companies contrived the oil shortage in the 1970s.,诉讼中说，是石油公司策划了20世纪70年代的油荒。
en:inhabitant:noun:1,inhabitant,noun,居民， 住户,n 居民， 住户,/ɪn'hæbɪtənt/,/ɪn'hæbɪtənt/,a city of six million inhabitants,有600万居民的城市
en:fraction:noun:2,fraction,noun,小部分， 片断； 【数】 分数,n 小部分， 片断； 【数】 分数,/'frækʃən/,/'frækʃn/,"The students had a grasp of decimals, percentages and fractions.",学生们掌握了小数、百分数和分数。
en:token:adjective:1,token,adjective,象征性的， 装样子的,adj 象征性的， 装样子的；n 筹码；信物，标志，纪念品；代金券，礼券,/'tokən/,/'təukən/,The government thinks it can get away with token gestures on environmental issues.,政府以为它在环境问题上做个样子就能敷衍过去。
en:emotion:noun:1,emotion,noun,情感， 感情； 激动,n 情感， 感情； 激动,/ɪ'moʃən/,/ɪ'məuʃn/,Her voice was full of emotion.,她的声音充满了激情。
en:massive:adjective:2,massive,adjective,大的， 大而重的； 大块的； 大量的， 大规模的,adj 大的， 大而重的； 大块的； 大量的， 大规模的,/'mæsɪv/,/'mæsɪv/,"The bell is massive, weighing over 40 tons.",那口钟非常大，有40多吨重。
en:assess:verb:1,assess,verb,对估价； 评价， 评论,vt 对估价； 评价， 评论,/ə'sɛs/,/ə'ses/,The test was to assess aptitude rather than academic achievement.,该测试将评估能力而不是学业成绩。
en:mingle:verb:2,mingle,verb,混合起来， 相混合； 相交往， 相往来,vi 混合起来， 相混合； 相交往， 相往来；vt 使混合，使相混,/'mɪŋɡl/,/'mɪŋgl/,Add the mint and allow the flavours to mingle.,加入薄荷，把各种味道混合起来。
en:prescription:noun:2,prescription,noun,处方， 药方， 药； 开处方， 开药方,n 处方， 药方， 药； 开处方， 开药方,/prɪ'skrɪpʃən/,/prɪ'skrɪpʃn/,We are trying to cut the price of prescription drugs .,我们正努力降低处方药的价格。
en:spectator:noun:2,spectator,noun,观众， 旁观者,n 观众， 旁观者,/'spɛktetɚ/,/spek'teɪtə/,"The match attracted over 40,000 spectators.",这场比赛吸引了四万多名观众。
en:edible:adjective:1,edible,adjective,可以吃的， 可食用的,adj 可以吃的， 可食用的,/'ɛdəbl/,/'edəbl/,"These berries are edible, but those are poisonous.",这些浆果可以吃，但那些有毒。
en:prone:adjective:1,prone,adjective,易于…的， 很有可能…的； 俯卧的,adj 易于…的， 很有可能…的； 俯卧的,/pron/,/prəun/,His eyes shifted to the prone body on the floor.,他的视线移向了趴在地上的尸体。
en:chorus:noun:1,chorus,noun,合唱队；合唱，合唱曲；副歌，叠句；齐声，齐声说的话,n 合唱队；合唱，合唱曲；副歌，叠句；齐声，齐声说的话；vt 齐声说， 随声附和,/'kɔrəs/,/'kɔːrəs/,Everyone joined in the chorus.,唱到副歌时，每个人都跟着齐唱起来。
en:owe:verb:2,owe,verb,欠； 应把…归功于； 感激， 感恩,vt 欠； 应把…归功于； 感激， 感恩,/o/,/əu/,How much do I owe you (= often used to show that you want to pay for something )?,我该付你多少钱？
en:asset:noun:1,asset,noun,资产， 财产； 有价值的特性或技能， 优点,n 资产， 财产； 有价值的特性或技能， 优点,/'æsɛt/,/'æset/,the value of a company’s assets,公司的资产价值
en:exposition:noun:2,exposition,noun,阐述， 讲解； 展览会， 博览会,n 阐述， 讲解； 展览会， 博览会,"/,ɛkspə'zɪʃən/",/ˌekspə'zɪʃn/,Aristotle was valued because of his clear exposition of rational thought.,亚里士多德因其对理性思维的清晰阐述而被重视。
en:minimum:adjective:1,minimum,adjective,最低的， 最小的,adj 最低的， 最小的；n 最低限度，最小量,/'mɪnɪməm/,/'mɪnɪməm/,The minimum number of students we need to run the course is fifteen.,我们开这门课程最少要有15个学生。
en:apology:noun:1,apology,noun,道歉， 认错， 谢罪,n 道歉， 认错， 谢罪,/ə'pɑlədʒi/,/ə'pɒlədʒi/,"Edward can’t be here today, but he sends his apologies .",爱德华今天来不了，他向大家表示歉意。
en:reveal:verb:3,reveal,verb,揭露， 泄露； 展现， 显示,vt 揭露， 泄露； 展现， 显示,/rɪ'vil/,/rɪ'viːl/,He may be prosecuted for revealing secrets about the security agency.,他可能因泄露安全部门的机密而被起诉。
en:adequate:adjective:1,adequate,adjective,足够的； 可以胜任的,adj 足够的； 可以胜任的,/ˈædɪkwət/,/'ædɪkwət/,Farmers have been slow to make adequate provision for their retirement.,农民们迟迟没有为退休做好适当安排。
en:owl:noun:2,owl,noun,猫头鹰,n 猫头鹰,/aʊl/,/aul/,Rachael:Do you like our owl?,瑞切尔：你喜欢我们的猫头鹰吗？
en:cork:noun:1,cork,noun,软木，软木塞,n 软木，软木塞；vt 用瓶塞塞住,/kɔrk/,/kɔːk/,a cork bulletin board,软木公告板
en:tremendous:adjective:2,tremendous,adjective,极大的， 非常的； 精彩的， 了不起的,adj 极大的， 非常的； 精彩的， 了不起的,/trə'mɛndəs/,/trə'mendəs/,"Suddenly, there was a tremendous bang, and the whole station shook.",突然一声巨响，整个车站都晃动了。
en:norm:noun:2,norm,noun,标准， 规范； 准则,n 标准， 规范； 准则,/nɔrm/,/nɔːm/,Joyce’s style of writing was a striking departure from the literary norm.,乔伊斯的写作风格与传统的文学风格大相径庭。
en:condense:verb:1,condense,verb,使冷凝， 使凝结； 浓缩， 压缩， 简缩,vt 使冷凝， 使凝结； 浓缩， 压缩， 简缩,/kən'dɛns/,/kən'dens/,the mist which condensed on every cold surface,每个冰冷的表面上凝结的水汽
en:impetus:noun:1,impetus,noun,推动， 促进， 刺激； 推动力,n 推动， 促进， 刺激； 推动力,/'ɪmpɪtəs/,/'ɪmpɪtəs/,The discovery gave fresh impetus to the research.,这个发现为研究带来新动力。
en:indignation:noun:2,indignation,noun,愤怒， 愤慨， 义愤,n 愤怒， 愤慨， 义愤,"/,ɪndɪɡ'neʃən/",/ˌɪndɪg'neɪʃn/,"To his indignation, Charles found that his name was not on the list.",查尔斯发现他的名字没有出现在名单上，这让他深感愤慨。
en:barrier:noun:2,barrier,noun,栅栏； 检票口； 屏障； 障碍， 隔阂,n 栅栏； 检票口； 屏障； 障碍， 隔阂,/'bærɪɚ/,/'bæriə/,He advocated the removal of trade barriers.,他提倡消除贸易壁垒。
en:realistic:adjective:2,realistic,adjective,现实的； 实际可行的； 现实主义的， 逼真的,adj 现实的； 实际可行的； 现实主义的， 逼真的,"/,riə'lɪstɪk/",/ˌrɪːə'lɪstɪk/,Is this a realistic target?,这个目标能够实现吗？
en:divert:verb:3,divert,verb,使转向， 使改道； 转移， 转移…的注意力； 使娱乐， 使消遣,vt 使转向， 使改道； 转移， 转移…的注意力； 使娱乐， 使消遣,/dɪˈvɚt/,/daɪ'vɜːt/,The high street is closed and traffic is being diverted .,大街封闭，车辆正改道而行。
en:conspicuous:adjective:2,conspicuous,adjective,显眼的， 明显的,adj 显眼的， 明显的,/kən'spɪkjʊəs/,/kən'spɪkjuəs/,The notice must be displayed in a conspicuous place.,通告一定要贴在显眼的地方。
en:verse:noun:2,verse,noun,诗， 诗句,n 诗， 诗句,/vɝs/,/vɜːs/,a book of comic verse,一本滑稽诗集
en:criminal:adjective:2,criminal,adjective,犯罪的， 刑事的,adj 犯罪的， 刑事的；n 犯人，罪犯，刑事犯,/'krɪmɪnl/,/'krɪmɪnl/,Experts cannot agree on the causes of criminal behaviour .,专家对犯罪行为的原因不能取得一致意见。
en:furious:adjective:3,furious,adjective,狂怒的， 暴怒的； 强烈的， 激烈的,adj 狂怒的， 暴怒的； 强烈的， 激烈的,/'fjʊrɪəs/,/'fjuəriəs/,She was absolutely furious .,她怒不可遏。
en:obesity:noun:2,obesity,noun,过度肥胖,n 过度肥胖,/o'bisəti/,/əu'biːsəti/,"But, it warns this progress could be set back if measures are not taken to reverse the rise in obesity among young people.",但是，该机构提醒到，如果不采取措施逆转年轻人中不断增加的肥胖情况，这种进展可能会发生倒退。
en:tan:verb:1,tan,verb,晒成棕褐色,vi 晒成棕褐色；vt 使晒成棕褐色；硝制；n 棕褐色， 棕黄色； 晒成棕褐色， 晒黑,/tæn/,/tæn/,She has a pale skin which doesn’t tan easily.,她的肤色很白，不容易被晒黑。
en:individual:adjective:2,individual,adjective,个别的；独特的,adj 个别的；独特的；n 个人， 个体,/ˌɪndəˈvɪdʒʊəl/,/ˌɪndɪ'vɪdʒuəl/,Each individual leaf on the tree is different.,树上每片叶子都不相同。
en:briefcase:noun:1,briefcase,noun,公文包， 公事包,n 公文包， 公事包,/'brifkes/,/'briːfkeɪs/,No one told me about any briefcase.,没有人和我提过什么公文包。
en:nuisance:noun:1,nuisance,noun,讨厌的人； 麻烦事,n 讨厌的人； 麻烦事,/'nusns/,/'njuːsns/,He could be a bit of a nuisance when he was drunk.,他喝醉时会是一个有点令人讨厌的人。
en:brace:verb:1,brace,verb,做好准备；振作精神,vi 做好准备；振作精神；vt 使防备，使受锻炼；支住，撑牢，使绷紧；n 支架， 托架,/bres/,/breɪs/,He braced himself for the icy plunge into the black water.,他准备跳入冰冷的黑水。
en:constrain:verb:2,constrain,verb,限制， 约束； 克制， 抑制,vt 限制， 约束； 克制， 抑制,/kən'stren/,/kən'streɪn/,Poor soil has constrained the level of crop production.,贫瘠的土地限制了农作物的产量。
en:brisk:adjective:1,brisk,adjective,轻快的， 生气勃勃的； 兴隆的， 繁忙活跃的； 寒冷而清新的,adj 轻快的， 生气勃勃的； 兴隆的， 繁忙活跃的； 寒冷而清新的,/brɪsk/,/brɪsk/,a brisk walk,轻快的行走
en:prestige:noun:3,prestige,noun,威信， 威望,n 威信， 威望,/prɛ'stidʒ/,/pre'stiːʒ/,The king wanted to enhance his prestige through war.,国王想通过战争来提高自己的威信。
en:insulation:noun:1,insulation,noun,绝缘,n 绝缘,"/,ɪnsə'leʃən/",/ˌɪnsju'leɪʃn/,Good insulation can save you money on heating bills.,好的隔热效果能节省暖气费。
en:cord:noun:1,cord,noun,细绳， 粗线， 索； 灯芯绒裤,n 细绳， 粗线， 索； 灯芯绒裤,/kɔrd/,/kɔːd/,The robe was held at the waist by a cord.,在袍子腰处束了根细绳。
en:startle:verb:2,startle,verb,使惊吓， 使吃惊,vt 使惊吓， 使吃惊,/'stɑrtl/,/'stɑːtl/,"Sorry, I didn’t mean to startle you.",抱歉，我不是故意吓你一跳的。
en:interim:adjective:1,interim,adjective,暂时的，临时的,adj 暂时的，临时的；n 间歇， 过渡期间,/'ɪntərɪm/,/'ɪntərɪm/,an interim report,中期报告
en:fraud:noun:1,fraud,noun,欺诈， 诈骗； 骗子,n 欺诈， 诈骗； 骗子,/frɔd/,/frɔːd/,"{""COLLOINEXA"":[""electoral fraud""]}",选举欺诈
en:testimony:noun:2,testimony,noun,证词； 见证， 证明,n 证词； 见证， 证明,/'tɛstə'moni/,/'testɪməni/,Barker’s testimony is crucial to the prosecution’s case.,巴克的证词对控方的指控起到了关键作用。
en:council:noun:1,council,noun,理事会， 委员会,n 理事会， 委员会,/'kaʊnsl/,/'kaunsl/,the council for civil liberties,公民自由委员会
en:reaffirm:verb:1,reaffirm,verb,重申； 再确认,vt 重申； 再确认,/'riə'fɝm/,/ˌriːə'fɜːm/,The party reaffirmed its commitment to nuclear disarmament.,该党重申其核裁军承诺。
en:enforce:verb:2,enforce,verb,实施， 执行； 强制， 强迫， 迫使,vt 实施， 执行； 强制， 强迫， 迫使,/ɪn'fɔrs/,/ɪn'fɔːs/,Parking restrictions will be strictly enforced.,停车限制将会严格执行。
en:glitter:verb:1,glitter,verb,闪闪发光，闪耀,vi 闪闪发光，闪耀；n 闪光， 灿烂的光辉； 耀眼， 辉煌,/'ɡlɪtɚ/,/'glɪtə/,The river glittered in the sunlight.,阳光下河面波光粼粼。
en:destined:adjective:1,destined,adjective,命中注定的， 预定的； 以…为目的地的,adj 命中注定的， 预定的； 以…为目的地的,/'dɛstɪnd/,/'destɪnd/,The flight was destined for Cairo.,本次航班飞往开罗。
en:repression:noun:1,repression,noun,压抑， 压制， 镇压,n 压抑， 压制， 镇压,/rɪ'prɛʃən/,/rɪ'preʃn/,"{""COLLOINEXA"":[""sexual repression""]}",性压抑
en:fragile:adjective:2,fragile,adjective,易碎的， 脆的， 易损坏的； 虚弱的， 脆弱的,adj 易碎的， 脆的， 易损坏的； 虚弱的， 脆弱的,/'frædʒəl/,/'frædʒaɪl/,Be careful with that vase – it’s very fragile.,小心那只花瓶——很容易打碎的。
en:penalty:noun:3,penalty,noun,处罚， 惩罚； 罚金,n 处罚， 惩罚； 罚金,/'pɛnəlti/,/'penəlti/,No littering. Penalty $500.,禁止乱扔垃圾。 违者罚款500美元。
en:sociology:noun:2,sociology,noun,社会学,n 社会学,"/,sosɪ'ɑlədʒi/",/ˌsəusi'ɒlədʒi/,Basic courses in sociology and psychology as well as other humanities courses give students plenty of opportunity to explore their own emotions.,社会学和心理学的基础，以及其他人文学科的课程，赋予学生大量的机会去探索其个人情感。
en:exile:noun:1,exile,noun,流放，流亡；被流放者，流亡国外者,n 流放，流亡；被流放者，流亡国外者；vt 流放， 放逐， 使流亡,/'ɛksaɪl/,/'eksaɪl/,He went into exile to escape political imprisonment.,他为了逃避政治监禁而流亡国外。
en:scale:noun:1,scale,noun,大小，规模；等级，级别；天平，磅秤；比例；刻度，标度；鳞,n 大小，规模；等级，级别；天平，磅秤；比例；刻度，标度；鳞；vt 攀登， 爬越,/skel/,/skeɪl/,A structural survey revealed the full scale of the damage.,结构检验揭示了实际受损程度。
en:gigantic:adjective:2,gigantic,adjective,巨大的， 庞大的,adj 巨大的， 庞大的,/dʒaɪ'ɡæntɪk/,/dʒaɪ'gæntɪk/,a gigantic skyscraper,摩天大楼
en:distinct:adjective:2,distinct,adjective,与其他不同的； 清楚的， 明确的,adj 与其他不同的； 清楚的， 明确的,/dɪ'stɪŋkt/,/dɪ'stɪŋkt/,two entirely distinct languages,两种完全不同的语言
en:vegetation:noun:1,vegetation,noun,植物， 草木,n 植物， 草木,/'vɛdʒə'teʃən/,/ˌvedʒə'teɪʃn/,Lefkas has an abundance of lush green vegetation.,莱夫卡斯有葱郁茂盛的植被。
en:recovery:noun:1,recovery,noun,恢复， 痊愈； 追回， 寻回， 收复,n 恢复， 痊愈； 追回， 寻回， 收复,/rɪ'kʌvəri/,/rɪ'kʌvəri/,Hopes of economic recovery are fading.,经济复苏的希望越来越渺茫。
en:geology:noun:3,geology,noun,地质学； 地质情况,n 地质学； 地质情况,/dʒɪ'ɑlədʒi/,/dʒi'ɒlədʒi/,He was visiting professor of geology at the University of Georgia.,他曾是佐治亚大学的地质学客座教授。
en:hoist:verb:2,hoist,verb,举起，升起，吊起,vt 举起，升起，吊起；n 起重器械； 举起， 升起， 吊起,/hɔɪst/,/hɔɪst/,The crew hurried to hoist the flag.,船员们急忙把旗子升起来。
en:aware:adjective:1,aware,adjective,知道的， 意识到的,adj 知道的， 意识到的,/ə'wɛr/,/ə'weə/,Mr Braley has been made aware of the need for absolute secrecy.,布雷利先生被告知需要绝对保密。
en:quart:noun:1,quart,noun,夸脱,n 夸脱,/kwɔrt/,/kwɔːt/,The guardian found a quarterly quart of quartz in the safeguard.,监护人在安全装置内找到了四分之一夸脱石英。
en:numerical:adjective:2,numerical,adjective,数字的； 用数字表示的； 数值的,adj 数字的； 用数字表示的； 数值的,/nʊ'mɛrɪkl/,/njuː'merɪkl/,a numerical code,数字密码
en:limp:verb:2,limp,verb,一瘸一拐地走，蹒跚,vi 一瘸一拐地走，蹒跚；adj 软弱的，无生气的，无精神的；软的，松沓的；n 跛行,/lɪmp/,/lɪmp/,Moreno limped off the field with a foot injury.,莫雷诺脚上受了伤，一瘸一拐地走出球场。
en:security:noun:1,security,noun,安全， 保障； 抵押品； 证券,n 安全， 保障； 抵押品； 证券,/sə'kjʊrəti/,/sɪ'kjuərəti/,Parenting is about giving your child security and love.,养育儿女就是要给他们保护和爱。
en:award:noun:1,award,noun,奖，奖品；判定,n 奖，奖品；判定；vt 授予， 给予； 判给， 裁定,/ə'wɔrd/,/ə'wɔːd/,The movie has won a number of awards.,该片获得了多个奖项。
en:buck:verb:2,buck,verb,猛然弓背跃起,vi 猛然弓背跃起；n 美元，澳元；雄鹿，雄兔,,/bʌk/,The stallion bucked as he fought against the reins holding him tightly in.,那匹种马四蹄离地狂跳，试图挣脱紧紧拴住它的缰绳。
en:eligible:adjective:2,eligible,adjective,有条件被选中的； 合适的， 合意的,adj 有条件被选中的； 合适的， 合意的,/'ɛlɪdʒəbl/,/'elɪdʒəbl/,Stephen was regarded as an eligible bachelor.,斯蒂芬被认为是一个钻石王老五。
en:alarm:noun:1,alarm,noun,惊恐，忧虑，警报,n 惊恐，忧虑，警报；vt 使惊恐， 使担心,/ə'lɑrm/,/ə'lɑːm/,I forgot to set the burglar alarm.,我忘记打开防盗警报器了。
en:feeble:adjective:1,feeble,adjective,虚弱的， 衰弱的， 无力的； 无效的， 无益的,adj 虚弱的， 衰弱的， 无力的； 无效的， 无益的,/'fibl/,/'fiːbl/,His voice sounded feeble and far away.,他的声音听上去既无力又遥远。
en:appraisal:noun:1,appraisal,noun,估计， 估量； 评价,n 估计， 估量； 评价,/ə'prezl/,/ə'preɪzl/,What is needed in such cases is a calm appraisal of the situation.,在此类情况下需要的是对形势的冷静估计。
en:continual:adjective:1,continual,adjective,连续的； 频频的,adj 连续的； 频频的,/kən'tɪnjuəl/,/kən'tɪnjuəl/,five weeks of continual rain,持续了五个星期的降雨
en:herb:noun:2,herb,noun,药草， 香草； 草本植物,n 药草， 香草； 草本植物,/ɝb/,/hɜːb/,Sprinkle the dish with chopped fresh herbs.,在菜肴上撒些切碎的新鲜香草。
en:prose:noun:2,prose,noun,散文,n 散文,/proz/,/prəuz/,Shute's prose is stark and chillingly unsentimental.,舒特的散文刻板而冷峻。
en:limb:noun:2,limb,noun,肢， 臂， 腿； 树枝,n 肢， 臂， 腿； 树枝,/lɪm/,/lɪm/,She would be able to stretch out her cramped limbs and rest for a few hours.,她将可以伸开蜷缩的四肢，休息几个小时。
en:orientation:noun:2,orientation,noun,方向， 目标， 方位； 熟悉情况， 适应， 情况介绍,n 方向， 目标， 方位； 熟悉情况， 适应， 情况介绍,/orɪɛn'teʃən/,/ˌɔːriən'teɪʃn/,The party has a broadly socialist orientation.,该政党大体上倾向于社会主义。
en:refreshment:noun:2,refreshment,noun,茶点， 点心； 恢复， 精神爽快,n 茶点， 点心； 恢复， 精神爽快,/ri'frɛʃmənt/,/rɪ'freʃmənt/,Refreshments will be served after the meeting.,会后有茶点招待。
en:confidence:noun:2,confidence,noun,信任， 信赖； 信心， 自信,n 信任， 信赖； 信心， 自信,/'kɑnfɪdəns/,/'kɒnfɪdəns/,I felt I was doing well and my confidence began to grow.,我觉得自己干得不错，自信心就开始增加了。
en:arbitrary:adjective:1,arbitrary,adjective,随心所欲的； 专断的,adj 随心所欲的； 专断的,/ˈɑːrbətreri/,/'ɑːbɪtrəri/,an arbitrary decision,武断的决定
en:intent:adjective:2,intent,adjective,专心的， 专注的； 急切的,adj 专心的， 专注的； 急切的；n 意图，意向，目的,/ɪn'tɛnt/,/ɪn'tent/,his intent gaze,他专注的凝视
en:passive:adjective:1,passive,adjective,被动的， 消极的,adj 被动的， 消极的,/'pæsɪv/,/'pæsɪv/,Kathy seems to take a very passive role in the relationship.,凯茜在这一关系中似乎扮演着十分被动的角色。
en:fertilizer:noun:2,fertilizer,noun,肥料,n 肥料,/'fɝtəlaɪzɚ/,/'fɜːtəlaɪzə/,"...farming without any purchased chemical, fertilizer or pesticide.",…不使用任何购买的化学品、肥料或杀虫剂的耕作。
en:corresponding:adjective:1,corresponding,adjective,相应的， 符合的,adj 相应的， 符合的,"/,kɔrə'spɑndɪŋ/",/ˌkɒrə'spɒndɪŋ/,The war and the corresponding fall in trade have had a devastating effect on the country.,战争以及由此所导致的贸易量下降对这个国家产生了致命的影响。
en:oath:noun:2,oath,noun,誓言， 誓约； 咒骂， 诅咒语,n 誓言， 誓约； 咒骂， 诅咒语,/oθ/,/əuθ/,The president took the oath of office (= made the official public promises that every president makes when starting their job ) .,总统宣誓就职。
en:response:noun:2,response,noun,回答， 答复； 反应， 响应,n 回答， 答复； 反应， 响应,/rɪ'spɑns/,/rɪ'spɒns/,His immediate response was one of disbelief.,他的第一反应是不相信。
en:treaty:noun:1,treaty,noun,条约， 协议， 协定,n 条约， 协议， 协定,/'triti/,/'triːti/,Both sides have agreed to sign the treaty .,双方都同意签署该条约。
en:dignity:noun:2,dignity,noun,庄严， 端庄； 尊严， 高贵,n 庄严， 端庄； 尊严， 高贵,/'dɪɡnəti/,/'dɪgnəti/,an appearance of quiet dignity,肃穆的神态
en:challenge:noun:2,challenge,noun,挑战，邀请比赛；艰巨的任务；怀疑，质问,n 挑战，邀请比赛；艰巨的任务；怀疑，质问；vt 反对， 公然反抗； 向…挑战； 对…质疑,/'tʃælɪndʒ/,/'tʃælɪndʒ/,They threw down the challenge that he couldn’t wash 40 cars in one hour (= invited him to try to do it ) .,他们激将他，说他不可能在1小时内擦洗40辆汽车。
en:rival:adjective:1,rival,adjective,竞争的，对抗的,adj 竞争的，对抗的；n 竞争对手，敌手；可与匹敌的人；vt 与…竞争； 与…匹敌， 比得上,/'raɪvl/,/'raɪvl/,"He is, in effect, my rival.",实际上他是我的竞争对手。
