sense_uid,lemma,pos,quiz_prompt_zh,gloss_zh,ipa_us,ipa_uk,example_en,example_zh
en:a:noun:1,a,noun,字母A；第一流的；学业成绩达最高标准的评价符号,n 字母A；第一流的；学业成绩达最高标准的评价符号；abbr [物]安（ampere）,/ə; e/,/ə; eɪ/,Would you like a sandwich?,来块三明治好吗？
en:abandon:noun:1,abandon,noun,放任；狂热,n 放任；狂热；v 遗弃；放弃,/ə'bændən/,/ə'bænd(ə)n/,He approached life with reckless abandon–I don't think he himself knew what he was going to do next.,他以不计后果的放纵态度对待生活–我想他自己都不知道他接下来要做什么。
en:ability:noun:1,ability,noun,能力，能耐；才能,n 能力，能耐；才能,/ə'bɪləti/,/ə'bɪlɪtɪ/,The test measures your mathematical ability.,这种测试考查的是数学能力。
en:able:adjective:1,able,adjective,能；[经管] 有能力的；能干的,adj 能；[经管] 有能力的；能干的；n (Able)人名；(伊朗)阿布勒；(英)埃布尔,/'ebl/,/'eɪb(ə)l/,one of my more able students,我班上能力比较强的学生之一
en:abnormal:adjective:1,abnormal,adjective,反常的，不规则的；变态的,adj 反常的，不规则的；变态的,/æbˈnɔːrml/,/æb'nɔːml/,abnormal behaviour,反常行为
en:aboard:adverb:1,aboard,adverb,在飞机上；[船] 在船上；在火车上,adv 在飞机上；[船] 在船上；在火车上；prep 在…上,/ə'bɔrd/,/ə'bɔːd/,"The plane crashed, killing all 200 people aboard.",飞机失事，机上200人全部遇难。
en:abolish:verb:1,abolish,verb,废除，废止；取消，革除,v 废除，废止；取消，革除,/ə'bɑlɪʃ/,/ə'bɒlɪʃ/,Slavery was abolished in the US in the 19th century.,美国于19世纪废除了奴隶制。
en:abortion:noun:1,abortion,noun,流产，堕胎，小产；流产的胎儿；（计划等）失败，夭折,n 流产，堕胎，小产；流产的胎儿；（计划等）失败，夭折,/ə'bɔrʃən/,/ə'bɔːʃ(ə)n/,She decided to have an abortion .,她决定做人工流产。
en:about:preposition:1,about,preposition,关于；大约,prep 关于；大约；adj 在附近的；四处走动的；在起作用的；adv 大约；周围；到处；n 大致；粗枝大叶；不拘小节的人,/ə'baʊt/,/ə'baʊt/,a book about politics,一本有关政治的书
en:above:preposition:1,above,preposition,超过；在……上面；在……之上,prep 超过；在……上面；在……之上；adv 在上面；在上文；adj 上文的；n 上文,/ə'bʌv/,/ə'bʌv/,Our office is above the hairdresser’s.,我们的办公室在理发店上面。
en:abroad:adverb:1,abroad,adverb,在国外；到海外,adv 在国外；到海外；adj 往国外的；n 海外；异国,/ə'brɔd/,/ə'brɔːd/,I’ve never lived abroad before.,我以前从未在国外生活过。
en:abrupt:adjective:1,abrupt,adjective,生硬的；突然的；唐突的；陡峭的,adj 生硬的；突然的；唐突的；陡峭的,/ə'brʌpt/,/ə'brʌpt/,an abrupt change of plan,计划的突然改变
en:absence:noun:1,absence,noun,没有；缺乏；缺席；不注意,n 没有；缺乏；缺席；不注意,/'æbsns/,/'æbs(ə)ns/,"In the absence of any evidence, the police had to let Myers go.",警察没有证据，只好把迈尔斯放了。
en:absent:adjective:1,absent,adjective,缺席的；缺少的；心不在焉的；茫然的,adj 缺席的；缺少的；心不在焉的；茫然的；v 使缺席,/ˈæbsənt/,/'æbs(ə)nt/,"The dull, absent look on her face implied boredom.",她脸上呆滞、茫然的神情说明她觉得无聊了。
en:absolute:adjective:1,absolute,adjective,绝对的；完全的；专制的,adj 绝对的；完全的；专制的；n 绝对；绝对事物,/'æbsəlut/,/'æbsəluːt/,I have absolute confidence in her.,我对她充满信心。
en:absorb:verb:1,absorb,verb,吸收；吸引；承受；理解；使…全神贯注,v 吸收；吸引；承受；理解；使…全神贯注,/æbˈsɔrb; æbˈzɔrb; əbˈsɔrb/,/əb'zɔːb; -'sɔːb/,Plants absorb nutrients from the soil.,植物从土壤中吸收养分。
en:abstract:noun:1,abstract,noun,摘要；抽象；抽象的概念,n 摘要；抽象；抽象的概念；adj 抽象的；深奥的；v 摘要；提取；使……抽象化；转移(注意力、兴趣等)；使心不在焉,/'æbstrækt/,/'æbstrækt/,Talking about crime in the abstract just isn’t enough.,抽象地谈论犯罪根本不足以说明问题。
en:absurd:adjective:1,absurd,adjective,荒谬的；可笑的,adj 荒谬的；可笑的；n 荒诞；荒诞作品,"/əbˈsɚd, -ˈzɚd/",/əb'sɜːd/,It seems an absurd idea.,这似乎是个荒唐的想法。
en:abundant:adjective:1,abundant,adjective,丰富的；充裕的；盛产,adj 丰富的；充裕的；盛产,/ə'bʌndənt/,/ə'bʌnd(ə)nt/,an abundant supply of fresh water,充足的淡水供应
en:abuse:noun:1,abuse,noun,滥用；虐待；辱骂；弊端；恶习，陋习,n 滥用；虐待；辱骂；弊端；恶习，陋习；v 滥用；虐待；辱骂,/ə'bjus/,/ə'bjuːz/,several cases of child abuse,数宗虐待儿童案
en:academic:adjective:1,academic,adjective,学术的；理论的；学院的,adj 学术的；理论的；学院的；n 大学生，大学教师；学者,"/,ækə'dɛmɪk/",/ækə'demɪk/,He possessed no academic qualifications.,他没有学历。
en:academy:noun:1,academy,noun,学院；研究院；学会；专科院校,n 学院；研究院；学会；专科院校,/ə'kædəmi/,/ə'kædəmɪ/,the American Academy of Arts and Letters,美国艺术和文学学会
en:accelerate:verb:1,accelerate,verb,使……加快；使……增速,v 使……加快；使……增速,/əkˈsɛləˌret/,/ək'seləreɪt/,measures to accelerate the rate of economic growth,加快经济增长速度的措施
en:accent:noun:1,accent,noun,口音；重音；强调；特点；重音符号,n 口音；重音；强调；特点；重音符号；v 强调；重读；带…口音讲话,/'æksɛnt/,/'æks(ə)nt; -sent/,He had a strong Irish accent,他有浓重的爱尔兰口音。
en:accept:verb:1,accept,verb,接受；承认；承担；承兑；容纳,v 接受；承认；承担；承兑；容纳,/ækˈsɛpt; əkˈsɛpt/,/ə'ksept/,Rick accepted her offer of coffee.,她请里克喝咖啡，他接受了。
en:access:verb:1,access,verb,使用；存取；接近,v 使用；存取；接近；n 进入；使用权；通路,/'æksɛs/,/'ækses/,Users can access their voice mail remotely.,用户可以远程获取语音邮件。
en:accessible:adjective:1,accessible,adjective,易接近的；可进入的；可理解的,adj 易接近的；可进入的；可理解的,/ək'sɛsəbl/,/ək'sesɪb(ə)l/,The island is only accessible by boat.,这个岛只有坐船才能到。
en:anchor:noun:1,anchor,noun,锚；抛锚停泊；靠山；新闻节目主播,n 锚；抛锚停泊；靠山；新闻节目主播；v 抛锚；使固定；主持节目；adj 末棒的；最后一棒的,/'æŋkɚ/,/'æŋkə/,We dropped anchor a few yards offshore.,我们在离岸几码远的地方抛锚停航。
en:accident:noun:1,accident,noun,事故；意外；[法] 意外事件；机遇,n 事故；意外；[法] 意外事件；机遇,/'æksədənt/,/'æksɪdənt/,I met her quite by accident (= completely by accident ) .,我遇见她完全是偶然。
en:accommodation:noun:1,accommodation,noun,住处，膳宿；调节；和解；预订铺位,n 住处，膳宿；调节；和解；预订铺位,"/ə,kɑmə'deʃən/",/əkɒmə'deɪʃ(ə)n/,The price for the holiday includes flights and accommodation.,度假的价格包括机票和住宿。
en:accompany:verb:1,accompany,verb,陪伴，伴随；伴奏,v 陪伴，伴随；伴奏,/ə'kʌmpəni/,/ə'kʌmpənɪ/,Children under 14 must be accompanied by an adult.,14岁以下儿童必须有成人陪同。
en:accomplish:verb:1,accomplish,verb,完成；实现；达到,v 完成；实现；达到,/ə'kɑmplɪʃ/,/ə'kʌmplɪʃ; ə'kɒm-/,We have accomplished all we set out to do.,所有计划要做的事情，我们都已完成。
en:account:noun:1,account,noun,账户；解释；账目，账单；理由；描述,n 账户；解释；账目，账单；理由；描述；v 解释；导致；报账,/ə'kaʊnt/,/ə'kaʊnt/,My salary is paid into my bank account.,我的工资直接存入我的银行账户。
en:accountant:noun:1,accountant,noun,会计师；会计人员,n 会计师；会计人员,/ə'kaʊntənt/,/ə'kaʊnt(ə)nt/,The boss dropped an accountant from the payroll.,老板把一名会计师从在职人员名单中除了名。
en:accumulate:verb:1,accumulate,verb,累积；积聚,v 累积；积聚,/ə'kjumjəlet/,/ə'kjuːmjʊleɪt/,It is unjust that a privileged few should continue to accumulate wealth.,少数特权阶级继续积聚财富，这是不公平的。
en:accuracy:noun:1,accuracy,noun,[数] 精确度，准确性,n [数] 精确度，准确性,/'ækjərəsi/,/'ækjʊrəsɪ/,He passes the ball with unerring accuracy.,他传球准确无误。
en:accuse:verb:1,accuse,verb,控告，指控；谴责；归咎于,v 控告，指控；谴责；归咎于,/ə'kjuz/,/ə'kjuːz/,The professor stands accused of (= has been accused of ) stealing his student’s ideas and publishing them.,那位教授被指控剽窃学生的观点拿去发表。
en:accustomed:adjective:1,accustomed,adjective,习惯的；通常的；独有的,adj 习惯的；通常的；独有的；v 使习惯于（accustom的过去分词）,/ə'kʌstəmd/,/ə'kʌstəmd/,The pans were in their accustomed places.,那些锅在老地方。
en:ache:verb:1,ache,verb,疼痛；渴望,v 疼痛；渴望；n 疼痛,/ek/,/eɪk/,His feet were aching from standing so long.,他站了那么久，双脚隐隐作痛。
en:achieve:verb:1,achieve,verb,取得；获得；实现；成功,v 取得；获得；实现；成功,/ə'tʃiv/,/ə'tʃiːv/,Frances achieved very good exam results.,弗朗西丝考试取得了优异成绩。
en:achievement:noun:1,achievement,noun,成就；完成；达到；成绩,n 成就；完成；达到；成绩,/ə'tʃivmənt/,/ə'tʃiːvm(ə)nt/,His great achievement is to make all the players into a united team.,他的伟大成就在于把所有选手组织成一支团结的队伍。
en:acid:noun:1,acid,noun,酸；<俚>迷幻药,n 酸；<俚>迷幻药；adj 酸的；讽刺的；刻薄的,/'æsɪd/,/'æsɪd/,sulphuric acid,硫酸
en:acknowledge:verb:1,acknowledge,verb,承认；答谢；报偿；告知已收到,v 承认；答谢；报偿；告知已收到,/ək'nɑlɪdʒ/,/ək'nɒlɪdʒ/,The family acknowledge the need for change.,全家人都承认需要改变一下。
en:acquaintance:noun:1,acquaintance,noun,熟人；相识；了解；知道,n 熟人；相识；了解；知道,/ə'kwentəns/,/ə'kweɪnt(ə)ns/,She was a casual acquaintance of my family in Vienna.,她是我们家在维也纳的一个交情不深的朋友。
en:acquire:verb:1,acquire,verb,获得；取得；学到；捕获,v 获得；取得；学到；捕获,/ə'kwaɪr/,/ə'kwaɪə/,Manning hoped to acquire valuable works of art as cheaply as possible.,曼宁希望以尽可能低的价格买到有价值的艺术品。
en:acquisition:noun:1,acquisition,noun,获得物，获得；收购,n 获得物，获得；收购,"/,ækwɪ'zɪʃən/","/,ækwɪ'zɪʃ(ə)n/",the acquisition of language,语言的习得
en:acre:noun:1,acre,noun,土地，地产；英亩,n 土地，地产；英亩,/'ekɚ/,/'eɪkə/,They own 200 acres of farmland.,他们拥有200英亩农田。
en:across:preposition:1,across,preposition,穿过；横穿,prep 穿过；横穿；adv 横过；在对面,/ə'krɔs/,/ə'krɒs/,We can gain some time if we cut across this field.,我们如果抄近路穿过这片田野可以省下一些时间。
en:act:verb:1,act,verb,扮演；装作，举动像,v 扮演；装作，举动像；n 行为，行动；法令，法案；（戏剧，歌剧的）一幕，段；装腔作势,/ækt/,/ækt/,I first started acting when I was 12 years old.,我12岁开始演戏。
en:action:noun:1,action,noun,行动；活动；功能；战斗；情节,n 行动；活动；功能；战斗；情节,/'ækʃən/,/'ækʃ(ə)n/,The government must take action (= do something ) now to stop the rise in violent crime.,政府现在必须采取行动遏止暴力犯罪的上升。
en:active:adjective:1,active,adjective,积极的；活跃的；主动的；有效的；现役的,adj 积极的；活跃的；主动的；有效的；现役的；n 主动语态；积极分子,/'æktɪv/,/'æktɪv/,games for active youngsters,活跃好动的年轻人玩的游戏
en:activity:noun:1,activity,noun,活动；行动；活跃,n 活动；行动；活跃,/æk'tɪviti/,/æk'tɪvɪtɪ/,Everyone is free to engage in peaceful political activity.,每个人都可以自由参加和平的政治活动。
en:actor:noun:1,actor,noun,男演员；行动者；作用物,n 男演员；行动者；作用物,/'æktɚ/,/'æktə/,His father was an actor in the Cantonese Opera Company.,他父亲曾是粤剧团的一名演员。
en:actress:noun:1,actress,noun,女演员,n 女演员,/'æktrɪs/,/'æktrɪs/,She's not only a great dramatic actress but she's also very funny.,她不仅是一位伟大的女戏剧演员，而且也很幽默。
en:actual:adjective:1,actual,adjective,真实的，实际的；现行的，目前的,adj 真实的，实际的；现行的，目前的,/'æktʃuəl/,/'æktʃʊəl; -tjʊəl/,I’m not joking. Those were his actual words.,我没开玩笑，那都是他的原话。
en:acute:adjective:1,acute,adjective,严重的，[医] 急性的；敏锐的；激烈的；尖声的,adj 严重的，[医] 急性的；敏锐的；激烈的；尖声的,/ə'kjut/,/ə'kjuːt/,The housing shortage is more acute than first thought.,住房短缺情况比一开始想的要严重。
en:ad:noun:1,AD,noun,公元；广告（ad）,n 公元；广告（ad）,,,ad hoc,adj. 特别的；临时；专设
en:adapt:verb:1,adapt,verb,使适应；改编,v 使适应；改编,/ə'dæpt/,/ə'dæpt/,The ability to adapt is a definite asset in this job.,适应能力是做这份工作的绝对有利条件。
en:adaptation:noun:1,adaptation,noun,适应；改编；改编本，改写本,n 适应；改编；改编本，改写本,"/,ædæp'teʃən/",/ædəp'teɪʃ(ə)n/,Branagh won two awards for his screen adaptation of Shakespeare's Henry the Fifth.,布拉纳因他对莎士比亚的《亨利五世》的荧幕改编而获了两次奖。
en:add:verb:1,add,verb,加；增加；加起来；做加法,v 加；增加；加起来；做加法；n 加法，加法运算,/æd/,/æd/,"If the mixture seems dry, add water.",如果混合物看上去干，加点水。
en:addicted:adjective:1,addicted,adjective,沉溺于某种（尤其是不良的）嗜好的；入了迷的，上了瘾的,adj 沉溺于某种（尤其是不良的）嗜好的；入了迷的，上了瘾的；v 使…上瘾（addict的过去分词）,/ə'dɪktɪd/,/ə'dɪktɪd/,Many of the women are addicted to heroin and cocaine.,这些妇女中的很多吸食海洛因和可卡因成瘾。
en:addition:noun:1,addition,noun,添加；[数] 加法；增加物,n 添加；[数] 加法；增加物,/ə'dɪʃən/,/ə'dɪʃ(ə)n/,This is a fine book; a worthy addition to the series.,这是一本好书——是对这套丛书有价值的增补。
en:address:verb:1,address,verb,演说；从事；忙于；写姓名地址；向…致辞；与…说话；提出；处理,v 演说；从事；忙于；写姓名地址；向…致辞；与…说话；提出；处理；n 地址；演讲；致辞；说话的技巧；称呼,/ə'drɛs/,/ə'dres/,"Send a stamped, self-addressed envelope (= with your address on it so it can be sent back to you ) .",寄上一个贴好邮票的、写有回邮地址的信封。
en:adequate:adjective:1,adequate,adjective,充足的；适当的；胜任的,adj 充足的；适当的；胜任的,/ˈædɪkwət/,/'ædɪkwət/,Farmers have been slow to make adequate provision for their retirement.,农民们迟迟没有为退休做好适当安排。
en:adjust:verb:1,adjust,verb,调整，使…适合；校准,v 调整，使…适合；校准,/ə'dʒʌst/,/ə'dʒʌst/,Check and adjust the brakes regularly.,经常检查并调节刹车装置。
en:adjustment:noun:1,adjustment,noun,调整，调节；调节器,n 调整，调节；调节器,/ə'dʒʌstmənt/,/ə'dʒʌs(t)m(ə)nt/,a period of adjustment,一段调整期
en:administration:noun:1,administration,noun,管理；行政；实施；行政机构,n 管理；行政；实施；行政机构,"/əd,mɪnɪ'streʃən/",/ədmɪnɪ'streɪʃ(ə)n/,We’re looking for someone with experience in administration.,我们正在寻找一个有管理经验的人。
en:admirable:adjective:1,admirable,adjective,令人钦佩的；极好的；值得赞扬的,adj 令人钦佩的；极好的；值得赞扬的,/'ædmərəbl/,/'ædm(ə)rəb(ə)l/,an admirable achievement,令人钦佩的成就
en:admire:verb:1,admire,verb,钦佩；赞美,v 钦佩；赞美,/ədˈmaɪr/,/əd'maɪə/,I really admire the way she brings up those kids all on her own.,我十分佩服她独力把那些孩子抚养大。
en:admission:noun:1,admission,noun,承认；入场费；进入许可；坦白；录用,n 承认；入场费；进入许可；坦白；录用,/əd'mɪʃən/,/əd'mɪʃ(ə)n/,"Reese, by his own admission , lacks the necessary experience.",里斯自己也承认缺乏必要的经验。
en:admit:verb:1,admit,verb,承认；准许进入；可容纳,v 承认；准许进入；可容纳,/əd'mɪt/,/əd'mɪt/,"‘Okay, so maybe I was a little bit scared,’ Jenny admitted.",“行了，也许我是有点害怕。”珍妮承认道。
en:adolescence:noun:1,adolescence,noun,青春期,n 青春期,"/,ædə'lɛsns/",/ædə'les(ə)ns/,Some young people suddenly become self-conscious and tongue-tied in early adolescence.,一些年青人在青春期早期突然变得害羞结舌。
en:adolescent:adjective:1,adolescent,adjective,青春期的；未成熟的,adj 青春期的；未成熟的；n 青少年,"/,ædə'lɛsnt/",/ædə'les(ə)nt/,It is important that an adolescent boy should have an adult in whom he can confide.,一个青春期男孩应该有一个他能倾吐心声的成年人，这是很重要的。
en:adopt:verb:1,adopt,verb,采取；接受；收养；正式通过,v 采取；接受；收养；正式通过,/ə'dɑpt/,/ə'dɒpt/,Sally was adopted when she was four.,莎莉四岁时被人收养。
en:adore:verb:1,adore,verb,崇拜；爱慕；喜爱；极喜欢,v 崇拜；爱慕；喜爱；极喜欢；n (Adore)人名；(法)阿多尔,/ə'dɔr/,/ə'dɔː/,Betty adores her grandchildren.,贝蒂非常宠爱孙辈。
en:adult:adjective:1,adult,adjective,成年的；成熟的,adj 成年的；成熟的；n 成年人,/'ædʌlt/,/'ædʌlt; ə'dʌlt/,an adult lion,一头成年的狮子
en:advance:noun:1,advance,noun,发展；前进；增长；预付款,n 发展；前进；增长；预付款；v 提出；预付；使……前进；将……提前；adj 预先的；先行的,/əd'væns/,/əd'vɑːns/,a major advance,一项重大进展
en:advantage:noun:1,advantage,noun,优势；利益；有利条件,n 优势；利益；有利条件；v 获利,/əd'væntɪdʒ/,/əd'vɑːntɪdʒ/,Younger workers tend to be at an advantage (= have an advantage ) when applying for jobs.,年轻点的工人申请工作时往往处于优势地位。
en:adventure:noun:1,adventure,noun,冒险；冒险精神；投机活动,n 冒险；冒险精神；投机活动；v 冒险；大胆说出,/əd'vɛntʃɚ/,/əd'ventʃə/,Come on – where’s your sense of adventure?,来吧——你的冒险精神哪里去了？
en:advertise:verb:1,advertise,verb,通知；为…做广告；使突出,v 通知；为…做广告；使突出,/'ædvɚtaɪz/,/'ædvətaɪz/,They no longer advertise alcohol or cigarettes at sporting events.,他们不再在体育赛事上做烟酒广告了。
en:advertisement:noun:1,advertisement,noun,广告，宣传,n 广告，宣传,"/,ædvɚ'taɪzmənt/",/əd'vɜːtɪzm(ə)nt; -tɪs-/,"They put an advertisement in ‘The Morning News’, offering a high salary for the right person.",他们在《晨报》上刊登了一则启事，出高薪寻找合适的人选。
en:advice:noun:1,advice,noun,建议；忠告；劝告；通知,n 建议；忠告；劝告；通知,/ædˈvaɪs; əd'vaɪs/,/əd'vaɪs/,You should have followed my advice.,你真该听我的建议。
en:advise:verb:1,advise,verb,建议；劝告，忠告；通知；警告,v 建议；劝告，忠告；通知；警告,/əd'vaɪz/,/əd'vaɪz/,She needed someone to advise her.,她需要有个人给她出主意。
en:advocate:verb:1,advocate,verb,提倡，主张，拥护,v 提倡，主张，拥护；n 提倡者；支持者；律师,/ˈædvəkeɪt；-et/,/'ædvəkeɪt；-ət/,Extremists were openly advocating violence.,极端主义者公开鼓吹使用暴力。
en:aeroplane:noun:1,aeroplane,noun,飞机（等于airplane）,n 飞机（等于airplane）,/'ɛrə'plen/,/'eərəpleɪn/,The aeroplane landed us at the airport in Barcelona.,飞机把我们降落在巴塞罗那机场。
en:affair:noun:1,affair,noun,事情；事务；私事；（尤指关系不长久的）风流韵事,n 事情；事务；私事；（尤指关系不长久的）风流韵事,/ə'fɛr/,/ə'feə/,Are you interested in world affairs?,你对世界大事感兴趣吗？
en:affect:verb:1,affect,verb,影响；感染；感动；假装,v 影响；感染；感动；假装；n 情感；引起感情的因素,/ə'fɛkt/,/ə'fekt/,the areas affected by the hurricane,受飓风影响的地区
en:affection:noun:1,affection,noun,喜爱，感情；影响；感染,n 喜爱，感情；影响；感染,/ə'fɛkʃən/,/ə'fekʃ(ə)n/,She looked back on those days with affection .,她深情地回顾那些日子。
en:afford:verb:1,afford,verb,给予，提供；买得起,v 给予，提供；买得起；n (Afford)人名；(英)阿福德,/ə'fɔrd/,/ə'fɔːd/,The room affords a beautiful view over the city.,这房间可以俯瞰城市美景。
en:afraid:adjective:1,afraid,adjective,害怕的；恐怕；担心的,adj 害怕的；恐怕；担心的,/ə'fred/,/ə'freɪd/,There’s no need to be afraid.,没有必要害怕。
en:africa:noun:1,Africa,noun,非洲,n 非洲,/ˈæfrɪkə/,/'æfrɪkə/,The giraffe ranges in Africa.,长颈鹿生长在非洲。
en:african:adjective:1,African,adjective,非洲的，非洲人的,adj 非洲的，非洲人的；n 非洲人,/'æfrɪkən/,/'æfrɪk(ə)n/,...the African continent.,…非洲大陆。
en:after:adverb:1,after,adverb,后来，以后,adv 后来，以后；prep 在……之后；conj 在……之后；adj 以后的,/'æftɚ/,/'ɑːftə/,Tomorrow. Or the day after.,明天。或者后天。
en:afternoon:noun:1,afternoon,noun,午后，下午,n 午后，下午,"/,æftɚ'nun/",/ɑːftə'nuːn/,There’s a meeting on Thursday afternoon .,星期四下午有个会议。
en:afterward:adverb:1,afterward,adverb,以后，后来,adv 以后，后来,/ˈæftərwərd/,/'ɑːftəwəd/,"Shortly afterward, police arrested four suspects.",之后不久，警方逮捕了４名嫌疑犯。
en:again:adverb:1,again,adverb,又，此外；再一次；再说；增加,adv 又，此外；再一次；再说；增加；n （英、保）阿盖恩,/ə'ɡɛn/,/ə'gen; ə'geɪn/,Can you say that again? I didn’t hear.,你能再说一遍吗？ 我没听见。
en:against:preposition:1,against,preposition,反对，违反；靠；倚；防备,prep 反对，违反；靠；倚；防备；adj 不利的；对立的,/ə'ɡɛnst/,/ə'genst; ə'geɪnst/,There was a ladder propped up against the wall.,有一把梯子靠在墙边。
en:age:noun:1,age,noun,年龄；时代；寿命，使用年限；阶段,n 年龄；时代；寿命，使用年限；阶段；v 成熟；变老,/edʒ/,/eɪdʒ/,Francis is the same age as me.,弗朗西斯和我同年岁。
en:agency:noun:1,agency,noun,代理，中介；代理处，经销处,n 代理，中介；代理处，经销处,/'edʒənsi/,/'eɪdʒ(ə)nsɪ/,a UN agency responsible for helping refugees,负责为难民提供帮助的联合国机构
en:agenda:noun:1,agenda,noun,议程；日常工作事项；日程表,n 议程；日常工作事项；日程表,/ə'dʒɛndə/,/ə'dʒendə/,The Republicans have stuck to their conservative agenda.,共和党人坚持自己的保守议题。
en:agent:noun:1,agent,noun,代理人，代理商；药剂；特工,n 代理人，代理商；药剂；特工；vt 由…作中介；由…代理；adj 代理的,/'edʒənt/,/'eɪdʒ(ə)nt/,Our agent in Rio deals with all our Brazilian business.,我们在里约热内卢的业务代表处理我们在巴西的全部业务。
en:aggression:noun:1,aggression,noun,侵略；进攻；侵犯；侵害,n 侵略；进攻；侵犯；侵害,/ə'ɡrɛʃən/,/ə'greʃ(ə)n/,an unprovoked act of aggression,无端的侵犯
en:aggressive:adjective:1,aggressive,adjective,侵略性的；好斗的；有进取心的；有闯劲的,adj 侵略性的；好斗的；有进取心的；有闯劲的,/ə'ɡrɛsɪv/,/ə'gresɪv/,Jim’s voice became aggressive.,吉姆的声音凶了起来。
en:ago:adverb:1,ago,adverb,以前，以往,adv 以前，以往；adj 以前的；过去的；n (Ago)人名；(英、西、意、塞、瑞典)阿戈,/ə'ɡo/,/ə'gəʊ/,They moved to a new house some time ago (= a fairly long time ago ) .,他们搬进新居已有些日子了。
en:agree:verb:1,agree,verb,同意，赞成；承认；约定，商定,v 同意，赞成；承认；约定，商定,/ə'ɡri/,/ə'griː/,Teenagers and their parents rarely agree.,十几岁的孩子跟父母意见很少一致。
en:agreement:noun:1,agreement,noun,协议；同意，一致,n 协议；同意，一致,/ə'grimənt/,/ə'griːm(ə)nt/,It is easier for two parties to reach agreement than for three.,两方达成一致比三方达成一致容易。
en:agricultural:adjective:1,agricultural,adjective,农业的；农艺的,adj 农业的；农艺的,"/,ægrɪ'kʌltʃərəl/",/æɡrɪ'kʌltʃərəl/,Farmers struggling for survival strip the forests for agricultural land.,为生存而挣扎的农民们把森林伐光来作农业用地。
en:agriculture:noun:1,agriculture,noun,农业；农耕；农业生产；农艺，农学,n 农业；农耕；农业生产；农艺，农学,/'æɡrɪkʌltʃɚ/,/'ægrɪkʌltʃə/,More than 75% of the land is used for agriculture.,75%以上的土地用于农耕。
en:ahead:adjective:1,ahead,adjective,向前；在前的；领先,adj 向前；在前的；领先；adv 向前地；领先地；在（某人或某事物的）前面；预先；在将来，为未来,/ə'hɛd/,/ə'hed/,He kept his gaze fixed on the car ahead.,他的目光一直盯着前面的那辆汽车。
en:aid:noun:1,aid,noun,援助；帮助；助手；帮助者,n 援助；帮助；助手；帮助者；v 援助；帮助；有助于,/ed/,/eɪd/,Foreign aid from many countries poured into the famine area.,来自许多国家的救援物资纷纷送到饥荒地区。
en:aids:adjective:1,AIDS,adjective,获得性免疫缺乏综合征；爱滋病（Acquired Immune Deficiency Syndrome）,abbr 获得性免疫缺乏综合征；爱滋病（Acquired Immune Deficiency Syndrome）,/edz/,,aids virus,艾滋病病毒
en:aim:verb:1,aim,verb,目的在于；引导；把…对准,v 目的在于；引导；把…对准；n 目的；目标；对准,/em/,/eɪm/,Denver aimed his gun but did not shoot.,丹佛举枪瞄准，但是没有射击。
en:air:noun:1,air,noun,空气，大气；天空；样子；曲调,n 空气，大气；天空；样子；曲调；v 使通风，晾干；夸耀,/ɛr/,/eə/,Let’s go outside and get some fresh air.,我们出去呼吸些新鲜空气吧。
en:aircraft:noun:1,aircraft,noun,飞机，航空器,n 飞机，航空器,/'ɛr'kræft/,/'eəkrɑːft/,The return flight of the aircraft was delayed.,飞机的返回航程被推迟了。
en:airline:noun:1,airline,noun,航空公司；航线,n 航空公司；航线；adj 航线的,/'ɛrlaɪn/,/'eəlaɪn/,an airline pilot,航空公司飞行员
en:airmail:noun:1,airmail,noun,航空邮件,n 航空邮件,/'ɛrmel/,/'eəmeɪl/,Send the letter by airmail.,这封信用航空邮寄。
en:airplane:noun:1,airplane,noun,飞机,n 飞机,/ˈerpleɪn/,/'eəpleɪn/,The airplane cracked up in landing.,这架飞机在着陆时坠毁。
en:airport:noun:1,airport,noun,机场；航空站,n 机场；航空站,/'ɛr'pɔrt/,/'eəpɔːt/,The plane landed at Heathrow Airport.,飞机降落在希思罗机场。
en:airspace:noun:1,airspace,noun,空域；领空；空间,n 空域；领空；空间,/'ɛr'spes/,/'eəspeɪs/,Canadian airspace,加拿大领空
en:alarm:noun:1,alarm,noun,闹钟；警报，警告器；惊慌,n 闹钟；警报，警告器；惊慌；v 警告；使惊恐,/ə'lɑrm/,/ə'lɑːm/,I forgot to set the burglar alarm.,我忘记打开防盗警报器了。
en:album:noun:1,album,noun,相簿；唱片集；集邮簿；签名纪念册,n 相簿；唱片集；集邮簿；签名纪念册,/'ælbəm/,/'ælbəm/,a photograph album,相册
en:alcohol:noun:1,alcohol,noun,酒精，乙醇,n 酒精，乙醇,/'ælkəhɔl/,/'ælkəhɒl/,I don’t drink alcohol anymore.,我不再喝酒了。
en:alcoholic:adjective:1,alcoholic,adjective,酒精的，含酒精的,adj 酒精的，含酒精的；n 酒鬼，酗酒者,"/,ælkə'hɔlɪk/",/ælkə'hɒlɪk/,alcoholic drinks,酒精饮料
en:algebra:noun:1,algebra,noun,代数学,n 代数学,/'ældʒɪbrə/,/'ældʒɪbrə/,"My behavior is on behalf of half zebras,"" the algebra teacher said.","""我的行为代表了一半斑马的利益,""代数老师说."
en:alike:adjective:1,alike,adjective,相似的；相同的,adj 相似的；相同的；adv 以同样的方式；类似于,/ə'laɪk/,/ə'laɪk/,My mother and I are alike in many ways.,我和母亲在许多方面很相似。
en:alive:adjective:1,alive,adjective,活着的；活泼的；有生气的,adj 活着的；活泼的；有生气的,/ə'laɪv/,/ə'laɪv/,It was a bad accident – they’re lucky to be alive.,这是一宗严重事故——他们能活着实属幸运。
en:all:adjective:1,all,adjective,全部的,adj 全部的；adv 全然地；越发；n 全部；pron 全部,/ɔl/,/ɔːl/,"You shouldn’t be sitting here by yourself, all alone.",你不应该一个人孤零零地坐在这儿。
en:allergic:adjective:1,allergic,adjective,对…过敏的；对…极讨厌的,adj 对…过敏的；对…极讨厌的,/ə'lɝdʒɪk/,/ə'lɜːdʒɪk/,an allergic reaction to nuts,对坚果的过敏性反应
en:alley:noun:1,alley,noun,小巷；小路；小径,n 小巷；小路；小径,/'æli/,/'ælɪ/,The alley led to the railway bridge.,这条小巷通往铁路桥。
en:allocate:verb:1,allocate,verb,分配；拨出；使坐落于,v 分配；拨出；使坐落于,/'æləket/,/'æləkeɪt/,Tickets are limited and will be allocated to those who apply first.,票数有限，将分配给那些先申请的人。
en:allow:verb:1,allow,verb,允许；给予；认可,v 允许；给予；认可,/ə'laʊ/,/ə'laʊ/,We don’t allow diving in the pool.,泳池内禁止跳水。
en:allowance:noun:1,allowance,noun,津贴，零用钱；允许；限额,n 津贴，零用钱；允许；限额；v 定量供应,/ə'laʊəns/,/ə'laʊəns/,Sales staff get a generous mileage allowance or a company car.,销售人员有优厚的里程补贴或者公司提供的专用汽车。
en:almost:adverb:1,almost,adverb,差不多，几乎,adv 差不多，几乎,/'ɔlmost/,/'ɔːlməʊst/,Have you almost finished?,你差不多完成了吗？
en:alone:adjective:1,alone,adjective,独自的；单独的；孤独的,adj 独自的；单独的；孤独的；adv 独自地；单独地,/ə'lon/,/ə'ləʊn/,She lives alone .,她一个人生活。
en:along:adverb:1,along,adverb,一起；向前；来到,adv 一起；向前；来到；prep 沿着；顺着,/ə'lɔŋ/,/ə'lɒŋ/,"I was driving along, thinking about Chris.",我一边开车，一边想着克里斯。
en:alongside:adverb:1,alongside,adverb,在旁边,adv 在旁边；prep 在……旁边,/ə'lɔŋ'saɪd/,/əlɒŋ'saɪd/,A car drew up alongside .,一辆车在旁边停了下来。
en:aloud:adverb:1,aloud,adverb,大声地；出声地,adv 大声地；出声地,/ə'laʊd/,/ə'laʊd/,"When we were children, our father read aloud to us.",当我们是孩子时，我们的父亲大声地朗读给我们听。
en:alphabet:noun:1,alphabet,noun,字母表，字母系统；入门，初步,n 字母表，字母系统；入门，初步,/'ælfə'bɛt/,/'ælfəbet/,The modern Russian alphabet has 31 letters.,现代俄语字母表有31个字母。
en:already:adverb:1,already,adverb,已经，早已；先前,adv 已经，早已；先前,/ɔl'rɛdi/,/ɔːl'redɪ/,The design of the new house is similar to those that have already been built.,新房的设计与那些已建好的房子相似。
en:also:adverb:1,also,adverb,也；而且；同样,adv 也；而且；同样；conj 并且；另外；n (Also)人名；(罗)阿尔索,/'ɔlso/,/'ɔːlsəʊ/,Information is also available on women’s health care.,还可以获得有关女性保健方面的资料。
en:alternative:adjective:1,alternative,adjective,供选择的；选择性的；交替的,adj 供选择的；选择性的；交替的；n 二中择一；供替代的选择,/ɔl'tɝnətɪv/,/ɔːl'tɜːnətɪv; ɒl-/,...alternative health care.,…替代性保健。
en:although:conjunction:1,although,conjunction,尽管；虽然；但是；然而,conj 尽管；虽然；但是；然而,/ɔl'ðo/,/ɔːl'ðəʊ; ɒl-/,"Although in poor health, she continued to carry out her duties.",尽管身体不好，她仍继续执行任务。
en:altitude:noun:1,altitude,noun,高地；高度；[数] 顶垂线；（等级和地位等的）高级；海拔,n 高地；高度；[数] 顶垂线；（等级和地位等的）高级；海拔,/'æltɪtud/,/'æltɪtjuːd/,"The aircraft had reached its cruising altitude of about 39,000 feet.",那架飞机已经达到了大约三万九千英尺的巡航高度。
en:altogether:adverb:1,altogether,adverb,完全地；总共；总而言之,adv 完全地；总共；总而言之；n 整个；裸体,"/,ɔltə'ɡɛðɚ/",/ɔːltə'geðə; ɒl-/,an old custom that has vanished altogether,一个彻底消亡的古老习俗
en:aluminium:adjective:1,aluminium,adjective,铝的,adj 铝的；n 铝,"/,æljə'mɪnɪəm/",/æl(j)ʊ'mɪnɪəm/,"If necessary, we can use aluminium instead of steel.",如果必要，我们可用铝代钢。
en:always:adverb:1,always,adverb,永远，一直；总是；常常,adv 永远，一直；总是；常常,/'ɔlwez/,/'ɔːlweɪz; -ɪz/,Always lock your bicycle to something secure.,每次都要把自行车锁在牢固的物体上。
en:am:adjective:1,am,adjective,调频，调谐，调幅（ amplitude modulation）,abbr 调频，调谐，调幅（ amplitude modulation）；v （用于第一人称单数现在时）；aux （与v-ing连用构成现在进行时，与v-ed连用构成被动语态）；n （柬）安（人名）,/ɛm/,/em/,You have made me what I am.,你使我成了我现在这个样子。
en:amateur:noun:1,amateur,noun,爱好者；业余爱好者；外行,n 爱好者；业余爱好者；外行；adj 业余的；外行的,/ˈæmətər/,"/'æmətə; -tʃə; -tjʊə; ,æmə'tɜː/",a gifted amateur,有天赋的业余爱好者
en:amaze:verb:1,amaze,verb,使吃惊,v 使吃惊,/ə'mez/,/ə'meɪz/,Dave amazed his friends by suddenly getting married.,戴夫突然结婚，令朋友们非常吃惊。
en:amazing:adjective:1,amazing,adjective,令人惊异的,adj 令人惊异的；v 使吃惊（amaze的ing形式）,/ə'mezɪŋ/,/ə'meɪzɪŋ/,He’s an amazing player to watch.,看他比赛那才叫精彩呢。
en:ambassador:noun:1,ambassador,noun,大使；代表；使节,n 大使；代表；使节,/æm'bæsədɚ/,/æm'bæsədə/,...the German ambassador to Poland.,…德国驻波兰大使。
en:ambiguous:adjective:1,ambiguous,adjective,模糊不清的；引起歧义的,adj 模糊不清的；引起歧义的,/æm'bɪɡjuəs/,/æm'bɪgjʊəs/,The language in the Minister’s statement is highly ambiguous.,部长的声明措辞很含糊。
en:ambition:noun:1,ambition,noun,野心，雄心；抱负，志向,n 野心，雄心；抱负，志向；v 追求；有…野心,/æm'bɪʃən/,/æm'bɪʃ(ə)n/,He was young and full of ambition.,他年轻，而且雄心勃勃。
en:ambulance:noun:1,ambulance,noun,[车辆][医] 救护车；战时流动医院,n [车辆][医] 救护车；战时流动医院,/'æmbjələns/,/'æmbjʊl(ə)ns/,the ambulance service,救护车服务
en:america:noun:1,America,noun,美洲（包括北美和南美洲）；美国,n 美洲（包括北美和南美洲）；美国,/əˈmɛrɪkə/,/ə'merɪkə/,"I may go to America or I may not,it all depends.",我也许去美国，也许不去，要视情况而定。
en:american:noun:1,American,noun,美国人，美洲人；美国英语,n 美国人，美洲人；美国英语；adj 美国的，美洲的；地道美国式的,/əˈmɛrɪkən/,/əmerɪkən/,The 1990 Nobel Prize for medicine was won by two Americans.,两名美国人获得了1990年度诺贝尔医学奖。
en:among:preposition:1,among,preposition,在…中间；在…之中,prep 在…中间；在…之中,/ə'mʌŋ/,/ə'mʌŋ/,The girl quickly disappeared among the crowd.,女孩转眼消失在人群中。
en:amount:verb:1,amount,verb,总计，合计；相当于；共计；产生…结果,v 总计，合计；相当于；共计；产生…结果；n 数量；总额，总数,/ə'maʊnt/,/ə'maʊnt/,Consumer spending on sports-related items amounted to $9.75 billion.,消费者在体育相关用品上的消费总共达到了97.5亿美元。
en:ample:adjective:1,ample,adjective,丰富的；足够的；宽敞的,adj 丰富的；足够的；宽敞的；n (Ample)人名；(西)安普尔,/'æmpl/,/'æmp(ə)l/,an ample bosom,丰满的胸部
en:amuse:verb:1,amuse,verb,娱乐；消遣；使发笑；使愉快,v 娱乐；消遣；使发笑；使愉快,/ə'mjuz/,/ə'mjuːz/,Doing jigsaws would amuse Amy for hours on end.,拼图能让埃米连续玩上几个小时。
en:amusement:noun:1,amusement,noun,消遣，娱乐；乐趣,n 消遣，娱乐；乐趣,/ə'mjuzmənt/,/ə'mjuːzm(ə)nt/,Steve couldn’t hide his amusement.,史蒂夫忍俊不禁。
en:analysis:noun:1,analysis,noun,分析；分解；验定,n 分析；分解；验定,/ə'næləsɪs/,/ə'nælɪsɪs/,She’s been in analysis for three years.,她接受精神分析治疗已经三年了。
en:analyze:verb:1,analyze,verb,对…进行分析，分解（等于analyse）,v 对…进行分析，分解（等于analyse）,"/'ænə,laɪz/","/'ænə,laɪz/",analyze data,分析数据；分析资料
en:ancestor:noun:1,ancestor,noun,始祖，祖先；被继承人,n 始祖，祖先；被继承人,/'ænsɛstɚ/,/'ænsestə/,My ancestors were French.,我的祖先是法国人。
en:ancient:adjective:1,ancient,adjective,古代的；古老的，过时的；年老的,adj 古代的；古老的，过时的；年老的；n 古代人；老人,/ˈeɪnʃənt/,/'eɪnʃ(ə)nt/,the ancient civilizations of Asia,亚洲的古代文明
en:and:conjunction:1,and,conjunction,和，与；就；而且；但是；然后,conj 和，与；就；而且；但是；然后；n (And)人名；(土、瑞典)安德,"/ənd, ən,ænd/",/ənd; (ə)n; ænd/,He’s gone to get some fish and chips.,他去买炸鱼薯条了。
en:anecdote:noun:1,anecdote,noun,轶事；奇闻；秘史,n 轶事；奇闻；秘史,/'ænɪkdot/,/'ænɪkdəʊt/,The book is full of amusing anecdotes about his life in Japan.,这本书里全是他在日本生活的趣闻轶事。
en:anger:noun:1,anger,noun,怒，愤怒；忿怒,n 怒，愤怒；忿怒；v 使发怒，激怒；恼火,/'æŋɡɚ/,/'æŋgə/,There is growing anger among the people against the government.,民众对政府越来越不满。
en:angle:verb:1,angle,verb,钓鱼；谋取,v 钓鱼；谋取；n 角度，角，方面,/'æŋɡl/,/'æŋg(ə)l/,You didn’t measure the angle accurately.,你没有量准角度。
en:angry:adjective:1,angry,adjective,生气的；愤怒的；狂暴的；（伤口等）发炎的,adj 生气的；愤怒的；狂暴的；（伤口等）发炎的,/'æŋɡri/,/'æŋgrɪ/,I was angry because he hadn’t told me his plans.,我很生气，因为他没有告诉我他的计划。
en:animal:noun:1,animal,noun,动物,n 动物,/'ænɪml/,/'ænɪm(ə)l/,furry little animals,毛茸茸的小动物
en:ankle:noun:1,ankle,noun,踝关节，踝,n 踝关节，踝,/'æŋkl/,/'æŋk(ə)l/,slender ankles,纤细的脚踝
en:anniversary:noun:1,anniversary,noun,周年纪念日,n 周年纪念日,"/,ænɪ'vɝsəri/",/ænɪ'vɜːs(ə)rɪ/,Jack and Kim celebrated their twentieth wedding anniversary in January.,1月，杰克和金庆祝了他们的结婚20周年纪念日。
en:announce:verb:1,announce,verb,宣布；述说；预示；播报,v 宣布；述说；预示；播报,/ə'naʊns/,/ə'naʊns/,They announced their engagement in ‘The Times’.,他们在《泰晤士报》上宣布了订婚的消息。
en:announcement:noun:1,announcement,noun,公告；宣告；发表；通告,n 公告；宣告；发表；通告,/ə'naʊnsmənt/,/ə'naʊnsm(ə)nt/,The minister made the announcement at a news conference.,部长在记者招待会上发表了这项声明。
en:annoy:verb:1,annoy,verb,骚扰；惹恼；打搅,v 骚扰；惹恼；打搅；n 烦恼（等于annoyance）,/ə'nɔɪ/,/ə'nɒɪ/,He is not doing this to annoy you.,他做这件事并非是要惹你烦恼。
en:annual:adjective:1,annual,adjective,年度的；每年的,adj 年度的；每年的；n 年刊，年鉴；一年生植物,/'ænjuəl/,/'ænjʊəl/,The school trip has become an annual event.,学校组织的旅行成了一年一度的活动。
en:another:adjective:1,another,adjective,又一，另一；另外的；不同的,adj 又一，另一；另外的；不同的；pron 另一个；又一个；prep 另一个；另一个人,/ə'nʌðɚ/,/ə'nʌðə/,Can you cite another case like this one?,你能举出另一个像这样的例子吗?
en:answer:verb:1,answer,verb,回答；符合,v 回答；符合；n 回答；答案；答辩,/'ænsɚ/,/'ɑːnsə/,She thought for a moment before answering.,她想了一会儿才回答。
en:ant:noun:1,ant,noun,蚂蚁,n 蚂蚁,/ænt/,/ænt/,Ants swarmed up out of the ground and covered her shoes and legs.,蚂蚁从地里成群地爬出来，爬满了她的鞋和腿。
en:antique:adjective:1,antique,adjective,古老的，年代久远的；过时的，古董的；古风的，古式的,adj 古老的，年代久远的；过时的，古董的；古风的，古式的；n 古董，古玩；古风，古希腊和古罗马艺术风格；v 觅购古玩,/æn'tik/,/æn'tiːk/,an antique rosewood desk,古董红木书桌
en:anxiety:noun:1,anxiety,noun,焦虑；渴望；挂念；令人焦虑的事,n 焦虑；渴望；挂念；令人焦虑的事,/æŋ'zaɪəti/,/æŋ'zaɪətɪ/,his feelings of anxiety,他焦虑的心情
en:anxious:adjective:1,anxious,adjective,焦虑的；担忧的；渴望的；急切的,adj 焦虑的；担忧的；渴望的；急切的,/'æŋkʃəs/,/'æŋ(k)ʃəs/,She gave me an anxious look.,她焦急地看了我一眼。
en:any:adjective:1,any,adjective,任何的；所有的；丝毫,adj 任何的；所有的；丝毫；pron 任何；任何一个；若干；adv 稍微；少许；n (Any)人名；(法、罗)阿尼,/'ɛni/,/'enɪ/,We should be prepared for any contingency.,我们应该对任何应急情况有所准备。
en:anyhow:adverb:1,anyhow,adverb,总之；无论如何；不管怎样,adv 总之；无论如何；不管怎样,/'ɛnɪ'haʊ/,/'enɪhaʊ/,The scandal could damage her reputation but the press reported it anyhow.,这宗丑闻可能损害她的名声，不过报纸还是给登了出来。
en:anyone:pronoun:1,anyone,pronoun,任何人；任何一个,pron 任何人；任何一个,/'ɛnɪ'wʌn/,/'enɪwʌn/,Anyone could win tonight.,今晚任何人都可能赢。
en:anything:pronoun:1,anything,pronoun,任何事,pron 任何事,/'ɛnɪ'θɪŋ/,/'enɪθɪŋ/,You can buy anything you want.,你想要什么都可以买。
en:anyway:adverb:1,anyway,adverb,无论如何，不管怎样；总之,adv 无论如何，不管怎样；总之,/'ɛnɪ'we/,/'enɪweɪ/,"Catherine wasn’t sure the book was the right one, but she bought it anyway.",凯瑟琳不能确定就是这本书，但她还是买了。
en:anywhere:adverb:1,anywhere,adverb,在任何地方；无论何处,adv 在任何地方；无论何处；n 任何地方,/'ɛnɪwɛr/,/'enɪweə/,Sit anywhere you like.,你随便坐吧。
en:apart:adverb:1,apart,adverb,相距；与众不同地；分离着,adv 相距；与众不同地；分离着；adj 分离的；与众不同的,/ə'pɑrt/,/ə'pɑːt/,They have offices in countries as far apart as India and Peru.,他们的办事处远至印度、秘鲁等国。
en:apartment:noun:1,apartment,noun,公寓；房间,n 公寓；房间,/ə'pɑrtmənt/,/ə'pɑːtm(ə)nt/,She lives in a small apartment.,她住在一套小公寓里。
en:apologize:verb:1,apologize,verb,道歉；辩解；赔不是,v 道歉；辩解；赔不是,/ə'pɑlədʒaɪz/,/ə'pɒlədʒaɪz/,"I’m so sorry, I do apologize.",非常对不起，我真心道歉。
en:apology:noun:1,apology,noun,道歉；谢罪；辩护；勉强的替代物,n 道歉；谢罪；辩护；勉强的替代物,/ə'pɑlədʒi/,/ə'pɒlədʒɪ/,"Edward can’t be here today, but he sends his apologies .",爱德华今天来不了，他向大家表示歉意。
en:apparent:adjective:1,apparent,adjective,显然的；表面上的,adj 显然的；表面上的,/ə'pærənt/,/ə'pær(ə)nt/,"He did well in his exams, despite his apparent lack of interest in his work.",他考得很好，尽管表面上他对功课不感兴趣。
en:appeal:verb:1,appeal,verb,呼吁，恳求；上诉；诉诸，求助；有吸引力，迎合爱好；（体育比赛中）诉诸裁判,v 呼吁，恳求；上诉；诉诸，求助；有吸引力，迎合爱好；（体育比赛中）诉诸裁判；n 呼吁，请求；吸引力，感染力；上诉；诉诸裁判,/ə'pil/,/ə'piːl/,She is not happy with the decision and plans to appeal.,她不服判决，打算上诉。
en:appear:verb:1,appear,verb,出现；显得；似乎；出庭；登场,v 出现；显得；似乎；出庭；登场,/ə'pɪr/,/ə'pɪə/,Police have found what appear to be human remains.,警方发现了疑似人体遗骸的东西。
en:appearance:noun:1,appearance,noun,外貌，外观；出现，露面,n 外貌，外观；出现，露面,/ə'pɪrəns/,/ə'pɪər(ə)ns/,He was always criticising his wife’s appearance.,他老是批评妻子的外表。
en:appendix:noun:1,appendix,noun,附录；阑尾；附加物,n 附录；阑尾；附加物,/ə'pɛndɪks/,/ə'pendɪks/,Christine had to go into hospital to have her appendix out (= have it removed ) .,克里丝蒂娜不得不去医院切除阑尾。
en:appetite:noun:1,appetite,noun,食欲；嗜好,n 食欲；嗜好,/'æpɪtaɪt/,/'æpɪtaɪt/,Her husband always had a huge appetite.,她丈夫向来胃口极大。
en:applaud:verb:1,applaud,verb,赞同；称赞；向…喝彩,v 赞同；称赞；向…喝彩,/ə'plɔd/,/ə'plɔːd/,I applaud the decision to install more security cameras.,我极力赞成安装更多监控摄像机的决定。
en:apple:noun:1,apple,noun,苹果，苹果树，苹果似的东西；[美俚]炸弹，手榴弹，（棒球的）球；[美俚]人，家伙。,n 苹果，苹果树，苹果似的东西；[美俚]炸弹，手榴弹，（棒球的）球；[美俚]人，家伙。,/'æpl/,/'æp(ə)l/,apple pie,苹果馅饼
en:applicant:noun:1,applicant,noun,申请人，申请者；请求者,n 申请人，申请者；请求者,/'æplɪkənt/,/'æplɪk(ə)nt/,We have had lots of applicants for these positions.,对这些职位我们已有了很多申请人。
en:application:noun:1,application,noun,应用；申请；应用程序；敷用,n 应用；申请；应用程序；敷用,/ˌæpləˈkeʃən/,/ˌæplɪ'keɪʃ(ə)n/,We receive hundreds of job applications each year.,我们每年收到数百封求职信。
en:apply:verb:1,apply,verb,申请；涂，敷；应用,v 申请；涂，敷；应用,/ə'plaɪ/,/ə'plaɪ/,We need to apply for planning permission to build a garage.,我们建车库需要申请规划许可。
en:appoint:verb:1,appoint,verb,任命；指定；约定,v 任命；指定；约定,/ə'pɔɪnt/,/ə'pɒɪnt/,officials appointed by the government,政府任命的官员
en:appointment:noun:1,appointment,noun,任命；约定；任命的职位,n 任命；约定；任命的职位,/ə'pɔɪntmənt/,/ə'pɒɪntm(ə)nt/,All consultations are by appointment only .,就诊必须预约。
en:appreciate:verb:1,appreciate,verb,欣赏；感激；领会；鉴别,v 欣赏；感激；领会；鉴别,/ə'priʃɪet/,/ə'priːʃɪeɪt; -sɪ-/,"Thanks ever so much for your help, I really appreciate it.",多谢你的帮助，我真的很感激。
en:appreciation:noun:1,appreciation,noun,欣赏，鉴别；增值；感谢,n 欣赏，鉴别；增值；感谢,"/ə,priʃɪ'eʃən/",/əpriːʃɪ'eɪʃ(ə)n; -sɪ-/,He was presented with a watch in appreciation of his long service.,他获赠一块手表，作为对其长期服务的感谢。
en:approach:noun:1,approach,noun,方法；途径；接近,n 方法；途径；接近；v 接近；着手处理,/ə'protʃ/,/ə'prəʊtʃ/,He decided to adopt a different approach and teach the Bible through story-telling.,他决定采用一种不同的方法，通过讲故事来教授《圣经》。
en:appropriate:adjective:1,appropriate,adjective,适当的；恰当的；合适的,adj 适当的；恰当的；合适的；v 占用，拨出,/əˈpropriɪt/,/ə'prəʊprɪət/,The timing of the announcement was particularly appropriate .,通告发布的时机很合适。
en:approve:verb:1,approve,verb,批准；赞成；为…提供证据,v 批准；赞成；为…提供证据,/ə'prʊv/,/ə'pruːv/,The conference approved a proposal for a referendum.,会议通过了举行全民公决的提议。
en:approximately:adverb:1,approximately,adverb,大约，近似地；近于,adv 大约，近似地；近于,/ə'prɑksɪmətli/,/ə'prɒksɪmətlɪ/,approximately equal,约等于，近似等于
en:april:noun:1,April,noun,四月,n 四月,/'eprəl/,/'eɪprəl/,The changes will be introduced in April.,这些变更将于4月实施。
en:apron:noun:1,apron,noun,围裙；[航] 停机坪；舞台口,n 围裙；[航] 停机坪；舞台口；vt 着围裙于；围绕,/'eprən/,/'eɪpr(ə)n/,parking apron,停机坪
en:arabic:adjective:1,Arabic,adjective,阿拉伯的；阿拉伯人的,adj 阿拉伯的；阿拉伯人的；n 阿拉伯语,/ˈærəbɪk/,/'ærəbik/,...the development of modern Arabic literature.,...现代阿拉伯文学的发展。
en:arbitrary:adjective:1,arbitrary,adjective,[数] 任意的；武断的；专制的,adj [数] 任意的；武断的；专制的,/ˈɑːrbətreri/,/'ɑːbɪt(rə)rɪ/,an arbitrary decision,武断的决定
en:arch:noun:1,arch,noun,弓形，拱形；拱门,n 弓形，拱形；拱门；adj 主要的；v 使…弯成弓形；用拱连接,/ɑrtʃ/,/ɑːtʃ/,"When she passed under the arch leading out of the park, Mira whooped with delight.",从通向公园外的拱门下走过时，米拉高兴地喊叫起来。
en:architect:noun:1,architect,noun,建筑师,n 建筑师,/'ɑrkɪtɛkt/,/'ɑːkɪtekt/,But I am an architect.,但是我是一名建筑师。
en:architecture:noun:1,architecture,noun,建筑学；建筑风格；建筑式样；架构,n 建筑学；建筑风格；建筑式样；架构,/'ɑrkə'tɛktʃɚ/,/'ɑːkɪtektʃə/,He studied architecture at university.,他在大学里读的是建筑学。
en:arctic:adjective:1,Arctic,adjective,北极的；极寒的,adj 北极的；极寒的；n 北极圈；御寒防水套鞋,/'ɑrktɪk/,/'ɑːktɪk/,the Arctic island of Novaya Zemlya,北极的新地岛
en:are:verb:1,are,verb,是（be的第二人称单复数现在式）,v 是（be的第二人称单复数现在式）；n 公亩,/ɑr; ər/,/ɑː; ə/,They are my students.,他们是我的学生。
en:area:noun:1,area,noun,区域，地区；面积；范围,n 区域，地区；面积；范围,/'ɛrɪə/,/'eərɪə/,Only cheeses made in this area may be labelled ‘Roquefort.’,只有这个地区出产的干酪才能被称作“罗克福尔干酪”。
en:argue:verb:1,argue,verb,争论，辩论；提出理由,v 争论，辩论；提出理由；n (Argue)人名；(英、法)阿格,/'ɑrgjʊ/,/'ɑːgjuː/,We could hear the neighbours arguing.,我们听到邻居在争吵。
en:argument:noun:1,argument,noun,论证；论据；争吵；内容提要,n 论证；论据；争吵；内容提要,/'ɑrɡjumənt/,/'ɑːgjʊm(ə)nt/,We need to provide a convincing argument as to why the system should be changed.,我们得提出有说服力的论据，证明为何要改变体制。
en:arise:verb:1,arise,verb,出现；上升；起立,v 出现；上升；起立；n (Arise)人名；(西)阿里塞；(日)在濑(姓),/ə'raɪz/,/ə'raɪz/,A crisis has arisen in the Foreign Office.,外交部出现了危机。
en:arithmetic:noun:1,arithmetic,noun,算术，算法,n 算术，算法,/ə'rɪθmətɪk/,/ə'rɪθmətɪk/,"...teaching the basics of reading, writing and arithmetic.",…教授读、写、算的基本知识。
en:arm:noun:1,arm,noun,手臂；武器；袖子；装备；部门,n 手臂；武器；袖子；装备；部门；v 武装起来,/ɑrm/,/ɑːm/,Dave has a broken arm .,戴夫手臂断了。
en:armchair:noun:1,armchair,noun,扶手椅，单人沙发,n 扶手椅，单人沙发；adj 不切实际的,/'ɑrmtʃɛr/,/ɑːm'tʃeə; 'ɑːm-/,She was sitting in an armchair with blankets wrapped around her.,她当时正裹着毯子坐在一把扶手椅里。
en:army:noun:1,army,noun,陆军，军队,n 陆军，军队,/'ɑrmi/,/'ɑːmɪ/,The army are helping to clear up after the floods.,陆军部队正协助洪灾后的清理工作。
en:around:adverb:1,around,adverb,大约；到处；在附近,adv 大约；到处；在附近；prep 四处；在…周围,/ə'raʊnd/,/ə'raʊnd/,"He wandered around the streets, looking in shop windows.",他在街上闲逛，看看商店橱窗。
en:arrange:verb:1,arrange,verb,安排；排列；整理,v 安排；排列；整理,/ə'rendʒ/,/ə'reɪn(d)ʒ/,Contact your local branch to arrange an appointment.,请联络当地分部安排预约。
en:arrangement:noun:1,arrangement,noun,布置；整理；准备,n 布置；整理；准备,/ə'rendʒmənt/,/ə'reɪn(d)ʒm(ə)nt/,Have you made all your travel arrangements?,你的旅行都安排好了吗？
en:arrest:verb:1,arrest,verb,逮捕；阻止；吸引,v 逮捕；阻止；吸引；n 逮捕；监禁,/ə'rɛst/,/ə'rest/,He was arrested and charged with murder.,他遭到逮捕并被指控谋杀。
en:arrival:noun:1,arrival,noun,到来；到达；到达者,n 到来；到达；到达者,/ə'raɪvəl/,/ə'raɪv(ə)l/,Only the timely arrival of the police prevented the situation from becoming worse.,警方及时赶到才阻止了事态恶化。
en:arrive:verb:1,arrive,verb,到达；成功；达成；出生,v 到达；成功；达成；出生；n (Arrive)人名；(法)阿里夫,/ə'raɪv/,/ə'raɪv/,Give me a call to let me know you’ve arrived safely.,打个电话给我，告诉我你已平安到达。
en:arrow:noun:1,arrow,noun,箭，箭头；箭状物；箭头记号,n 箭，箭头；箭状物；箭头记号；vt 以箭头指示；箭一般地飞向,/'æro/,/'ærəʊ/,Follow the arrows to the X-ray department.,顺着箭头指示的方向去X光科。
en:art:noun:1,art,noun,艺术；美术；艺术品,n 艺术；美术；艺术品；adj 艺术的；艺术品的；v 是（be的变体）,/ɑrt/,/ɑːt/,the Museum of Modern Art in New York,纽约现代艺术博物馆
en:article:noun:1,article,noun,文章；物品；条款；[语] 冠词,n 文章；物品；条款；[语] 冠词；v 订约将…收为学徒或见习生；使…受协议条款的约束,/'ɑrtɪkl/,/'ɑːtɪk(ə)l/,The paper’s leading article (= the main article ) described the government as weak.,该报社论称政府软弱。
en:artificial:adjective:1,artificial,adjective,人造的；仿造的；虚伪的；非原产地的；武断的,adj 人造的；仿造的；虚伪的；非原产地的；武断的,"/,ɑrtɪ'fɪʃl/",/ɑːtɪ'fɪʃ(ə)l/,artificial flowers,假花
en:artist:noun:1,artist,noun,艺术家；美术家（尤指画家）；大师,n 艺术家；美术家（尤指画家）；大师,/'ɑrtɪst/,/'ɑːtɪst/,an exhibition of paintings by local artists,当地画家的画展
en:as:conjunction:1,as,conjunction,因为；随着；虽然；依照；当…时,conj 因为；随着；虽然；依照；当…时；prep 如同；当作；以…的身份；adv 同样地；和…一样的,"/æz,əz/",/æz; əz/,I saw Peter as I was getting off the bus.,我下公共汽车的时候看见了彼得。
en:ash:noun:1,ash,noun,灰；灰烬,n 灰；灰烬,/æʃ/,/æʃ/,cigarette ash,香烟灰
en:ashamed:adjective:1,ashamed,adjective,惭愧的，感到难为情的；耻于……的,adj 惭愧的，感到难为情的；耻于……的,/ə'ʃemd/,/ə'ʃeɪmd/,Everyone cries sometimes – it’s nothing to be ashamed of.,每个人都会有哭的时候——没什么好难为情的。
en:asia:noun:1,Asia,noun,亚洲,n 亚洲,/ˈeʒə;ˈeʃə/,/ˈeɪʒə;ˈeɪʃə/,The European powers extended their authority in Asia.,欧洲列强在亚洲扩大他们的管辖权。
en:asian:noun:1,Asian,noun,亚洲人,n 亚洲人；adj 亚洲的；亚洲人的,"/ˈeʒən, ˈeʃən/",/'eiʃən/,Many of the shops were run by Asians.,这些商店中有许多是由亚洲人经营的。
en:aside:adverb:1,aside,adverb,离开，撇开；在旁边,adv 离开，撇开；在旁边；n 旁白；私语，悄悄话；离题的话；prep 在…旁边,/ə'saɪd/,/ə'saɪd/,He pushed his half-eaten salad aside and left.,他推开吃了一半的色拉走了。
en:ask:verb:1,ask,verb,问，询问；要求；需要；邀请；讨价,v 问，询问；要求；需要；邀请；讨价；n (Ask)人名；(芬、瑞典)阿斯克,/æsk/,/ɑːsk/,‘What’s your name?’ she asked.,“你叫什么名字？”她问道 。
en:asleep:adjective:1,asleep,adjective,睡着的；麻木的；长眠的,adj 睡着的；麻木的；长眠的；adv 熟睡地；进入睡眠状态,/ə'slip/,/ə'sliːp/,Quiet! The baby’s asleep.,安静！ 宝宝在睡觉。
en:aspect:noun:1,aspect,noun,方面；方向；形势；外貌,n 方面；方向；形势；外貌,/'æspɛkt/,/'æspekt/,a south-facing aspect,朝南方向
en:assess:verb:1,assess,verb,评定；估价；对…征税,v 评定；估价；对…征税,/ə'sɛs/,/ə'ses/,The test was to assess aptitude rather than academic achievement.,该测试将评估能力而不是学业成绩。
en:assessment:noun:1,assessment,noun,评定；估价,n 评定；估价,/ə'sɛsmənt/,/ə'sesmənt/,a reading assessment test,阅读评估测试
en:assist:noun:1,assist,noun,帮助；助攻,n 帮助；助攻；v 参加；出席,/ə'sɪst/,/ə'sɪst/,He asked us to assist him in carrying through their plan.,他要我们帮助他实施他们的计划。
en:assistance:noun:1,assistance,noun,援助，帮助；辅助设备,n 援助，帮助；辅助设备,/ə'sɪstəns/,/ə'sɪst(ə)ns/,We offer financial assistance to students.,我们向学生提供经济援助。
en:assistant:noun:1,assistant,noun,助手，助理，助教,n 助手，助理，助教；adj 辅助的，助理的；有帮助的,/ə'sɪstənt/,/ə'sɪst(ə)nt/,a clerical assistant,文书助理
en:associate:verb:1,associate,verb,交往；结交,v 交往；结交；n 同事，伙伴；关联的事物；adj 副的；联合的,/ə'soʃɪet/,/ə'səʊʃɪeɪt; -sɪeɪt/,I don’t like these layabouts you’re associating with.,我不喜欢你结交的这些游手好闲的人。
en:association:noun:1,association,noun,协会，联盟，社团；联合；联想,n 协会，联盟，社团；联合；联想,"/ə,soʃɪ'eʃən/",/əsəʊsɪ'eɪʃ(ə)n; -ʃɪ-/,the Association of Master Builders,建筑师协会
en:assume:verb:1,assume,verb,假定；设想；承担；采取,v 假定；设想；承担；采取,/ə'sum/,/ə'sjuːm/,I think we can safely assume (= it is almost certain ) that interest rates will go up again soon.,我想我们几乎可以肯定，利率很快会再次上调。
en:assumption:noun:1,assumption,noun,假定；设想；担任；采取,n 假定；设想；担任；采取,/ə'sʌmpʃən/,/ə'sʌm(p)ʃ(ə)n/,You would be making an assumption that's not based on any fact that you could report.,你会做出不以你能报道的任何事实为依据的一种假设。
en:astonish:verb:1,astonish,verb,使惊讶,v 使惊讶,/ə'stɑnɪʃ/,/ə'stɒnɪʃ/,Her reply astonished me.,她的回答让我大吃一惊。
en:astronaut:noun:1,astronaut,noun,宇航员，航天员；太空旅行者,n 宇航员，航天员；太空旅行者,/'æstrə'nɔt/,/'æstrənɔːt/,,
en:astronomer:noun:1,astronomer,noun,天文学家,n 天文学家,/ə'strɑnəmɚ/,/ə'strɒnəmə/,My ideal is to be an astronomer.,我的理想是当一个天文学家。
en:astronomy:noun:1,astronomy,noun,天文学,n 天文学,/ə'strɑnəmi/,/ə'strɒnəmɪ/,Do you know anything about astronomy?,你懂天文学吗?
en:at:preposition:1,at,preposition,在（表示存在或出现的地点、场所、位置、空间）；以（某种价格、速度等）；向；达；因为；朝；忙于,prep 在（表示存在或出现的地点、场所、位置、空间）；以（某种价格、速度等）；向；达；因为；朝；忙于；n 阿特（老挝货币基本单位att）；[化]砹（极不稳定放射性元素）；abbr 密封的（airtight）；气温（air temperature）,,/æt; ət/,I met my wife at a disco.,我在迪斯科舞会上认识了我的妻子。
en:athlete:noun:1,athlete,noun,运动员，体育家；身强力壮的人,n 运动员，体育家；身强力壮的人,/'æθlit/,/'æθliːt/,a professional athlete,一位专业运动员
en:athletic:adjective:1,athletic,adjective,运动的，运动员的；体格健壮的,adj 运动的，运动员的；体格健壮的,/æθ'lɛtɪk/,/æθ'letɪk/,a tall athletic man,一个高大强壮的男子
en:athletics:noun:1,athletics,noun,竞技；体育运动；田径运动,n 竞技；体育运动；田径运动,/æθ'lɛtɪks/,/æθ'letɪks/,...students who play intercollegiate athletics.,…参加大学校际体育运动的学生们。
en:atlantic:noun:1,Atlantic,noun,大西洋,n 大西洋；adj 大西洋的,/ət'læntɪk/,/æt'læntɪk/,They underlaid the Atlantic with a cable.,他们在大西洋海底铺设了一条电缆。
en:atmosphere:noun:1,atmosphere,noun,气氛；大气；空气,n 气氛；大气；空气,/'ætməsfɪr/,/'ætməsfɪə/,The hotel had a lovely relaxed atmosphere .,那家宾馆的气氛轻松愉快。
en:atom:noun:1,atom,noun,原子,n 原子,/'ætəm/,/'ætəm/,carbon atoms,碳原子
en:attach:verb:1,attach,verb,使依附；贴上；系上；使依恋,v 使依附；贴上；系上；使依恋,/ə'tætʃ/,/ə'tætʃ/,We attach labels to things before we file them away.,我们在把东西归档前先给它们贴上标签。
en:attain:verb:1,attain,verb,达到，实现；获得；到达,v 达到，实现；获得；到达；n 成就,/ə'ten/,/ə'teɪn/,More women are attaining positions of power.,越来越多的女性获得要职。
en:attempt:noun:1,attempt,noun,企图，试图；攻击,n 企图，试图；攻击；v 企图，试图；尝试,/ə'tɛmpt/,/ə'tem(p)t/,He made no attempt to hide his anger.,他毫不掩饰自己的愤怒。
en:attend:verb:1,attend,verb,出席；上（大学等）；照料；招待；陪伴,v 出席；上（大学等）；照料；招待；陪伴,/ə'tɛnd/,/ə'tend/,Only 12 people attended the meeting.,只有12个人出席了会议。
en:attention:noun:1,attention,noun,注意力；关心；立正！（口令）,n 注意力；关心；立正！（口令）,/ə'tɛnʃən/,/ə'tenʃ(ə)n/,My attention wasn’t really on the game.,我的注意力其实不在比赛上。
en:attentively:adverb:1,attentively,adverb,注意地；聚精会神地；周到地,adv 注意地；聚精会神地；周到地,/ə'tentivli/,/ə'tentivli/,,
en:attitude:noun:1,attitude,noun,态度；看法；意见；姿势,n 态度；看法；意见；姿势,/'ætɪtʊd/,/'ætɪtjuːd/,"As soon as they found out I was a doctor, their whole attitude changed.",他们一听说我是医生，态度就完全改变了。
en:attract:verb:1,attract,verb,吸引；引起,v 吸引；引起,/ə'trækt/,/ə'trækt/,I’m not usually attracted to blondes.,我一般不喜欢金发女子。
en:attraction:noun:1,attraction,noun,吸引，吸引力；引力；吸引人的事物,n 吸引，吸引力；引力；吸引人的事物,/ə'trækʃən/,/ə'trækʃ(ə)n/,"The beautiful beaches are the island’s main attraction (= most popular place, activity etc ) .",美丽的海滩是这个岛上的主要魅力所在。
en:attractive:adjective:1,attractive,adjective,吸引人的；有魅力的；引人注目的,adj 吸引人的；有魅力的；引人注目的,/ə'træktɪv/,/ə'træktɪv/,an attractive young woman,妩媚动人的年轻女子
en:audience:noun:1,audience,noun,观众；听众；读者；接见；正式会见；拜会,n 观众；听众；读者；接见；正式会见；拜会,/'ɔdɪəns/,/'ɔːdɪəns/,The audience began clapping and cheering.,观众开始鼓掌欢呼。
en:august:adjective:1,August,adjective,威严的；令人敬畏的,adj 威严的；令人敬畏的；n 八月（简写为Aug）,/ɔɡəst/,/ɔ:ˈgʌst/,The world premiere took place in August 1956.,全球首映是在1956年8月。
en:aunt:noun:1,aunt,noun,阿姨；姑妈；伯母；舅妈,n 阿姨；姑妈；伯母；舅妈,/ænt/,/ɑːnt/,Aunt Mary,玛丽姑妈
en:australia:noun:1,Australia,noun,澳大利亚，澳洲,n 澳大利亚，澳洲,/ɔ'streljə/,/ɒ'streɪlɪə/,He transplanted his family to Australia.,他把家迁到澳大利亚。
en:australian:adjective:1,Australian,adjective,澳大利亚的，澳大利亚人的,adj 澳大利亚的，澳大利亚人的；n 澳大利亚人,/ɑ'strelɪən/,,She went solo backpacking for eight months in the Australian outback.,她在澳大利亚内陆独自背包旅行了八个月。
en:authentic:adjective:1,authentic,adjective,真正的，真实的；可信的,adj 真正的，真实的；可信的,/ɔ'θɛntɪk/,/ɔː'θentɪk/,an authentic account,真实可信的说法
en:author:noun:1,author,noun,作者；作家；创始人,n 作者；作家；创始人；v 创作出版,/'ɔθɚ/,/'ɔːθə/,Nothomb is a Belgian author.,诺东是位比利时作家。
en:authority:noun:1,authority,noun,权威；权力；当局,n 权威；权力；当局,/ə'θɔrəti/,/ɔː'θɒrɪtɪ/,an agreement between the US and Colombian authorities,美国和哥伦比亚当局的一份协议
en:automatic:adjective:1,automatic,adjective,自动的；无意识的；必然的,adj 自动的；无意识的；必然的；n 自动机械；自动手枪,/'ɔtə'mætɪk/,/ɔːtə'mætɪk/,an automatic weapon,自动武器
en:autonomous:adjective:1,autonomous,adjective,自治的；自主的；自发的,adj 自治的；自主的；自发的,/ɔ'tɑnəməs/,/ɔː'tɒnəməs/,They proudly declared themselves part of a new autonomous province.,他们自豪地宣布自己是新自治省的一部分。
en:autumn:noun:1,autumn,noun,秋天；成熟期；渐衰期，凋落期,n 秋天；成熟期；渐衰期，凋落期；adj 秋天的，秋季的,/'ɔtəm/,/'ɔːtəm/,autumn mists,秋天的雾霭
en:available:adjective:1,available,adjective,可获得的；可购得的；可找到的；有空的,adj 可获得的；可购得的；可找到的；有空的,/ə'veləbl/,/ə'veɪləb(ə)l/,Tickets are available from the box office.,售票处有票出售。
en:avenue:noun:1,avenue,noun,大街；林荫大道；[比喻](达到某物的)途径，手段，方法，渠道,n 大街；林荫大道；[比喻](达到某物的)途径，手段，方法，渠道,/'ævənu/,/'æv(ə)njuː/,Fifth Avenue,第五大街
en:average:noun:1,average,noun,平均；平均数；海损,n 平均；平均数；海损；adj 平均的；普通的；通常的；v 算出…的平均数；将…平均分配；使…平衡,/'ævərɪdʒ/,/'æv(ə)rɪdʒ/,The December figures brought the annual average for 2001 up to 10.6 per cent.,12月的数据将2001年的年平均水平提升到10.6%。
en:avoid:verb:1,avoid,verb,避免；避开，躲避；消除,v 避免；避开，躲避；消除,/ə'vɔɪd/,/ə'vɒɪd/,Road safety is taught to young children to avoid road accidents.,小孩子受到道路安全知识的教育，以避免交通事故。
en:awake:verb:1,awake,verb,觉醒，意识到；醒来；被唤起,v 觉醒，意识到；醒来；被唤起；adj 醒着的,/ə'wek/,/ə'weɪk/,It was midday when she awoke.,她醒来时已是中午。
en:award:verb:1,award,verb,授予；判定,v 授予；判定；n 奖品；判决,/ə'wɔrd/,/ə'wɔːd/,Moodie has been awarded a golf scholarship at the University of Hawaii.,穆迪获授夏威夷大学高尔夫奖学金。
en:aware:adjective:1,aware,adjective,意识到的；知道的；有…方面知识的；懂世故的,adj 意识到的；知道的；有…方面知识的；懂世故的；n (Aware)人名；(阿拉伯、索)阿瓦雷,/ə'wɛr/,/ə'weə/,Mr Braley has been made aware of the need for absolute secrecy.,布雷利先生被告知需要绝对保密。
en:away:adverb:1,away,adverb,离去，离开；在远处,adv 离去，离开；在远处,/əˈwe/,/ə'weɪ/,Go away!,走开！
en:awesome:adjective:1,awesome,adjective,令人敬畏的；使人畏惧的；可怕的；极好的,adj 令人敬畏的；使人畏惧的；可怕的；极好的,/'ɔsəm/,/'ɔːs(ə)m/,an awesome responsibility,一项令人惊惧的责任
en:awful:adjective:1,awful,adjective,可怕的；极坏的；使人敬畏的,adj 可怕的；极坏的；使人敬畏的,/'ɔfl/,/'ɔːfʊl/,The weather was awful.,天气很糟糕。
en:awkward:adjective:1,awkward,adjective,尴尬的；笨拙的；棘手的；不合适的,adj 尴尬的；笨拙的；棘手的；不合适的,/'ɔkwɚd/,/'ɔːkwəd/,I hoped he would stop asking awkward questions .,我希望他不要再问令人难堪的问题。
en:baby:noun:1,Baby,noun,婴儿，婴孩；孩子气的人,n 婴儿，婴孩；孩子气的人；v 纵容，娇纵；把……当婴儿般对待；adj 婴儿的；幼小的,/bebɪ/,/'beɪbɪ/,She used to take care of me when I was a baby.,她曾在我还是婴儿的时候照看过我。
en:bachelor:noun:1,bachelor,noun,学士；单身汉；（尚未交配的）小雄兽,n 学士；单身汉；（尚未交配的）小雄兽,/'bætʃəlɚ/,/'bætʃələ/,"Gerald was 38, and a confirmed bachelor (= a man who has decided that he will never marry ) .",杰拉德38岁，抱定主意独身。
en:back:noun:1,back,noun,后面；背部；靠背；足球等的后卫；书报等的末尾,n 后面；背部；靠背；足球等的后卫；书报等的末尾；v 支持；后退；背书；下赌注；adv 以前；向后地；来回地；上溯；回来；回原处；adj 后面的；过去的；拖欠的,/bæk/,/bæk/,a T-shirt with a picture of a snake on the back,后背印了一条蛇的T恤衫
en:backache:noun:1,backache,noun,背痛；腰痛,n 背痛；腰痛,/ˈbækˌeɪk/,/'bækeɪk/,Many workers go home from their first day on the job with either a bad headache or a backache—undoubtedly the result of nervous tension.,许多员工在第一天上班的时候会带着头痛或背痛回家，这无疑就是紧张情绪造成的结果。
en:background:noun:1,background,noun,背景；隐蔽的位置,n 背景；隐蔽的位置；v 作…的背景；adj 背景的；发布背景材料的,/'bækɡraʊnd/,/'bækgraʊnd/,Students with a background in chemistry will probably find the course easier.,学过化学的学生可能会觉得这门课程容易些。
en:backward:adjective:1,backward,adjective,向后的；反向的；发展迟缓的,adj 向后的；反向的；发展迟缓的；adv 向后地；相反地,/'bækwɚd/,/'bækwəd/,She went without a backward glance.,她头也不回地走了。
en:bacon:noun:1,bacon,noun,咸肉；腌肉；熏猪肉,n 咸肉；腌肉；熏猪肉,/'bekən/,/'beɪk(ə)n/,bacon and eggs,咸猪肉煎蛋
en:bacterium:noun:1,bacterium,noun,[微] 细菌；杆菌属,n [微] 细菌；杆菌属,/bæk'tɪrɪəm/,/bæk'tɪərɪəm/,acetic acid bacterium,醋细菌
en:bad:adjective:1,bad,adjective,坏的；严重的；劣质的,adj 坏的；严重的；劣质的；n 坏事；坏人；adv 很，非常；坏地；邪恶地,/bæd/,/bæd/,I have some bad news for you.,我有坏消息要告诉你。
en:badly:adverb:1,badly,adverb,非常，很；严重地，厉害地；恶劣地,adv 非常，很；严重地，厉害地；恶劣地,/'bædli/,/'bædlɪ/,The company has been very badly managed.,这家公司的管理非常差。
en:badminton:noun:1,badminton,noun,羽毛球,n 羽毛球,/'bædmɪntən/,/'bædmɪnt(ə)n/,Can I try you new badminton racket?,我可以试用你的羽毛球拍吗？
en:bag:noun:1,bag,noun,袋；猎获物；（俚）一瓶啤酒,n 袋；猎获物；（俚）一瓶啤酒；v 猎获；把…装入袋中；占据，私吞；使膨大,/bæɡ/,/bæg/,...a bag of sweets.,…一袋糖果。
en:baggage:noun:1,baggage,noun,行李；[交] 辎重（军队的）,n 行李；[交] 辎重（军队的）,/'bæɡɪdʒ/,/'bægɪdʒ/,Check your baggage in at the desk.,在服务台托运行李。
en:bake:verb:1,bake,verb,烤，烘焙,v 烤，烘焙；n 烤；烘烤食品,/bek/,/beɪk/,I’m baking some bread.,我在烤一些面包。
en:bakery:noun:1,bakery,noun,面包店,n 面包店,/'bekəri/,/'beɪk(ə)rɪ/,A smell of bread drifted from some distant bakery.,一股面包的味道从远处的某个面包店飘来。
en:balance:noun:1,balance,noun,平衡；余额；匀称,n 平衡；余额；匀称；v 使平衡；结算；使相称,/'bæləns/,/'bæl(ə)ns/,I lost my balance and fell on my face.,我失去平衡，脸着地摔倒了。
en:balcony:noun:1,balcony,noun,阳台；包厢；戏院楼厅,n 阳台；包厢；戏院楼厅,/'bælkəni/,/'bælkənɪ/,Has your flat got a balcony?,你的公寓有阳台吗？
en:ball:noun:1,ball,noun,球；舞会,n 球；舞会；v 成团块,/bɔl/,/bɔːl/,...a golf ball.,…一个高尔夫球。
en:ballet:noun:1,ballet,noun,芭蕾舞剧；芭蕾舞乐曲,n 芭蕾舞剧；芭蕾舞乐曲,/bæ'le/,/'bæleɪ; -lɪ/,We’re going to the ballet tomorrow evening.,我们明天晚上要去看芭蕾舞演出。
en:balloon:verb:1,balloon,verb,激增；膨胀如气球,v 激增；膨胀如气球；n 气球；adj 像气球般鼓起的,/bə'lun/,/bə'luːn/,The company’s debt has ballooned in the past year.,在过去一年里，公司的债务激增。
en:ballpoint:noun:1,ballpoint,noun,圆珠笔,n 圆珠笔,/'bɔlpɔɪnt/,,"To mouse proof your house, check all small openings with a ballpoint pen - if it fits the hole, it will let mice in.",要使你的房子里没有小老鼠，用圆珠笔来检查下所有的小洞，如果圆珠笔能放进去的话，那小老鼠就可能钻进去。
en:bamboo:noun:1,bamboo,noun,竹，竹子,n 竹，竹子；vt 为…装上篾条；adj 竹制的；土著居民的,"/,bæm'bu/",/bæm'buː/,Everything there is made of bamboo.,那里什么都是竹子做的。
en:ban:verb:1,ban,verb,禁止，取缔,v 禁止，取缔；n 禁令，禁忌,/bæn/,/bæn/,Smoking is banned in the building.,大楼内禁止吸烟。
en:banana:noun:1,banana,noun,香蕉；喜剧演员；大鹰钩鼻,n 香蕉；喜剧演员；大鹰钩鼻,/bə'nænə/,/bə'nɑːnə/,...a bunch of bananas.,…一串香蕉。
en:band:noun:1,band,noun,带，环；[物] 波段；(演奏流行音乐的) 乐队,n 带，环；[物] 波段；(演奏流行音乐的) 乐队；v 用带绑扎；给镶边,/bænd/,/bænd/,The band was playing old Beatles songs.,乐队正在演奏披头士的老歌。
en:bandage:noun:1,bandage,noun,绷带,n 绷带；v 用绷带包扎,/'bændɪdʒ/,/'bændɪdʒ/,We put some ointment and a bandage on his knee.,我们在他的膝盖上涂了些药膏，还缠了一条绷带。
en:bang:noun:1,bang,noun,刘海；重击；突然巨响,n 刘海；重击；突然巨响；adv 直接地；砰然地；突然巨响地；v 重击；发巨响,/bæŋ/,/bæŋ/,a bang on the head,头上一记猛烈的撞击
en:bank:noun:1,bank,noun,银行；岸；浅滩；储库,n 银行；岸；浅滩；储库；v 将…存入银行；倾斜转弯,/bæŋk/,/bæŋk/,the river bank,河岸
en:bar:noun:1,bar,noun,条，棒；酒吧；障碍；法庭,n 条，棒；酒吧；障碍；法庭；v 禁止；阻拦；prep 除……外,/bɑr/,/bɑː/,"...Devil's Herd, the city's most popular country and western bar.",…“魔鬼群”，全城最受欢迎的西部乡村酒吧。
en:barbecue:noun:1,barbecue,noun,烤肉；吃烤肉的野宴,n 烤肉；吃烤肉的野宴；v 烧烤；烤肉,/'bɑrbɪkju/,/'bɑːbɪkjuː/,We had a barbecue on the beach.,我们在海滩上烧烤。
en:barber:verb:1,barber,verb,为…理发；修整,v 为…理发；修整；n 理发师,/'bɑrbɚ/,/'bɑːbə/,"My father marched me over to Otto, the local barber, to have my hair cut short.",爸爸把我拽到当地理发师奥托跟前，让他把我的头发剪短。
en:barbershop:noun:1,barbershop,noun,理发店,n 理发店；adj 有男声合唱之和声的,/'bɑrbɚ'ʃɑp/,/'bɑːbəʃɒp/,a barbershop quartet,男声四重唱
en:bare:adjective:1,bare,adjective,空的；赤裸的，无遮蔽的,adj 空的；赤裸的，无遮蔽的；v 露出，使赤裸；n (Bare)人名；(英)贝尔,/bɛr/,/beə/,a ragged child with bare feet,一个衣衫褴褛、光着脚的小孩
en:bargain:noun:1,bargain,noun,交易；便宜货；契约,n 交易；便宜货；契约；v 讨价还价；议价；(谈价钱后)卖,/ˈbɑːɡɪn/,/ˈbɑːɡɪn/,There are no bargains in the clothes shops at the moment.,这阵子服装店里没有什么便宜货。
en:barrier:noun:1,barrier,noun,障碍物，屏障；界线,n 障碍物，屏障；界线；vt 把…关入栅栏,/'bærɪɚ/,/'bærɪə/,He advocated the removal of trade barriers.,他提倡消除贸易壁垒。
en:base:noun:1,base,noun,基础；底部；垒,n 基础；底部；垒；adj 卑鄙的；低劣的；v 以…作基础,/bes/,/beɪs/,India has a good scientific research base.,印度有良好的科研基础。
en:basement:noun:1,basement,noun,地下室；地窖,n 地下室；地窖,/'besmənt/,/'beɪsm(ə)nt/,They bought an old schoolhouse to live in and built a workshop in the basement.,他们买了座旧校舍居住，还在地下室建了个作坊。
en:basic:adjective:1,basic,adjective,基本的；基础的,adj 基本的；基础的；n 基础；要素,/'besɪk/,/'beɪsɪk/,the basic principles of chemistry,化学的基本原理
en:basin:noun:1,basin,noun,水池；流域；盆地；盆,n 水池；流域；盆地；盆,/'besn/,/'beɪs(ə)n/,a wash basin,洗脸盆
en:basis:noun:1,basis,noun,基础；底部；主要成分；基本原则或原理,n 基础；底部；主要成分；基本原则或原理,/'besɪs/,/'beɪsɪs/,Their claim had no basis in fact (= it was not true ) .,他们的说法没有事实根据。
en:basket:noun:1,basket,noun,篮子；（篮球比赛的）得分；一篮之量；篮筐,n 篮子；（篮球比赛的）得分；一篮之量；篮筐；vt 装入篮,/'bæskɪt/,/'bɑːskɪt/,a shopping basket,购物篮
en:basketball:noun:1,basketball,noun,篮球；篮球运动,n 篮球；篮球运动,/'bæskɪtbɔl/,/'bɑːskɪtbɔːl/,play basketball,打篮球
en:bat:noun:1,bat,noun,蝙蝠；球棒；球拍；批处理文件的扩展名,n 蝙蝠；球棒；球拍；批处理文件的扩展名；v 用球棒击球；击球率达…,/bæt/,/bæt/,...a baseball bat.,…一只棒球棒。
en:bath:noun:1,bath,noun,沐浴；浴室；浴盆,n 沐浴；浴室；浴盆；v 洗澡,,/bɑːθ/,"After a week of camping, I really needed a bath.",我露营了一个星期，实在得洗个澡了。
en:bathe:verb:1,bathe,verb,沐浴；用水洗,v 沐浴；用水洗；n 洗澡；游泳,/beð/,/beɪð/,The top of Pea Hill was bathed in brilliant sunshine.,豌豆山的山顶沐浴在灿烂的阳光中。
en:bathrobe:noun:1,bathrobe,noun,浴衣；睡衣,n 浴衣；睡衣,/'bæθrob/,/'bɑːθrəʊb/,"Without bothering to dry off, I pulled on my bathrobe.",还没来得及擦干身子，我就穿上了浴衣。
en:bathroom:noun:1,bathroom,noun,浴室；厕所；盥洗室,n 浴室；厕所；盥洗室,/'bæθrum/,/'bɑːθruːm; -rʊm/,Where’s the bathroom?,洗手间在哪里？
en:bathtub:noun:1,bathtub,noun,浴缸,n 浴缸,/bæθtʌb/,/'bɑːθtʌb/,Clean out the bathtub when you are done.,洗完澡后请把浴缸洗干净。
en:battery:noun:1,battery,noun,[电] 电池，蓄电池,n [电] 电池，蓄电池,/'bæt(ə)rɪ/,/'bætri/,You have to take the top off to change the batteries .,你得把顶盖拿掉才能更换电池。
en:battle:noun:1,battle,noun,战役；斗争,n 战役；斗争；v 斗争；作战,/'bætl/,/'bæt(ə)l/,the Battle of Trafalgar,特拉法尔加战役
en:battleground:noun:1,battleground,noun,战场,n 战场,/'bætlɡraund/,,"But all too often, a relationship becomes a battleground where each partner becomes well schooled in the art of inflicting pain on the other.",不过一切太频繁，一段关系成为一个战场，在每一方在对别人造成伤害的艺术中成为好的学校。
en:bay:noun:1,bay,noun,海湾；狗吠声,n 海湾；狗吠声；v 向…吠叫,/be/,/beɪ/,a house with a view across the bay,能看到海湾全景的一幢房子
en:be:verb:1,be,verb,是； 有，存在； 做，成为； 发生,v 是； 有，存在； 做，成为； 发生；n (Be)人名；(缅)拜；(日)部(姓)；(朝)培；(中非)贝,/bi/,/biː/,Don’t disturb me while I’m working.,我工作的时候不要打扰我。
en:beach:noun:1,beach,noun,海滩；湖滨,n 海滩；湖滨；v 将…拖上岸,/bitʃ/,/biːtʃ/,a sandy beach,沙滩
en:beam:noun:1,beam,noun,横梁；光线；电波；船宽；[计量] 秤杆,n 横梁；光线；电波；船宽；[计量] 秤杆；v 发送；以梁支撑；用…照射；流露,/bim/,/biːm/,...high-energy laser beams.,…高能激光束。
en:bean:noun:1,bean,noun,豆；嘴峰；毫无价值的东西,n 豆；嘴峰；毫无价值的东西；v 击…的头部,/bin/,/biːn/,baked beans,烘豆
en:beancurd:noun:1,beancurd,noun,豆腐,n 豆腐,/'bi:nkə:d/,/'bi:nkə:d/,"A woman is busy making beancurd while her husband runs to her hilariously , saying that they have finally obtained the "" sanitation license"".","一个女人正忙着做豆腐，此时他的丈夫欢天喜地地跑过来告诉她他们终于拿到了""卫生许可证""。"
en:bear:verb:1,bear,verb,结果实，开花（正式）,v 结果实，开花（正式）；n 熊,/bɛr/,/beə/,As the plants grow and start to bear fruit they will need a lot of water.,随着植物的生长及开始结果，它们将需要大量的水分。
en:beard:verb:1,beard,verb,公然反对；抓…的胡须,v 公然反对；抓…的胡须；n 胡须；颌毛,/bɪrd/,/bɪəd/,He's decided to grow a beard.,他已经决定蓄胡须。
en:beast:noun:1,beast,noun,野兽；畜生，人面兽心的人,n 野兽；畜生，人面兽心的人,/bist/,/biːst/,You beast! Let go!,你这畜生，放开我！
en:beat:verb:1,beat,verb,打；打败,v 打；打败；n 拍子；敲击；有规律的一连串敲打；adj 筋疲力尽的；疲惫不堪的,/bit/,/biːt/,Brazil were beaten 2–1.,巴西队以1比2告负。
en:beautiful:adjective:1,beautiful,adjective,美丽的,adj 美丽的,/'bjʊtəfəl/,/'bjuːtɪfʊl; -f(ə)l/,She was even more beautiful than I had remembered.,她比我记忆中更美。
en:beauty:noun:1,beauty,noun,美；美丽；美人；美好的东西,n 美；美丽；美人；美好的东西,/'bjuti/,/'bjuːtɪ/,her beauty and grace,她的美貌和优雅风姿
en:because:conjunction:1,because,conjunction,因为,conj 因为,/bɪ'kɔz/,/bɪ'kɒz/,We didn’t enjoy the day because the weather was so awful.,那天我们很不尽兴，因为天气实在太糟。
en:become:verb:1,become,verb,成为；变得；变成,v 成为；变得；变成,/bɪ'kʌm/,/bɪ'kʌm/,The weather became warmer.,天气变暖和了。
en:bed:noun:1,bed,noun,床；基础；河底， 海底,n 床；基础；河底， 海底；v 使睡觉；安置，嵌入；栽种,/bɛd/,/bed/,You should go to bed early.,你应该早点上床。
en:bedclothes:noun:1,bedclothes,noun,床上用品；铺盖,n 床上用品；铺盖,/'bedkləuðz/,/'bedkləʊðz/,"Momma was cleaning inside, changing the bedclothes.",妈妈在里面清扫，换卧具。
en:beddings:noun:1,beddings,noun,寝具；（建筑）[建] 基床；（家畜）草垫,n 寝具；（建筑）[建] 基床；（家畜）草垫；adj 适于花坛种植的；vt 把…栽入苗床（bed的ing形式）；vi 睡（bed的ing形式）,/'bɛdɪŋ/,/'bedɪŋ/,bedding plane,层面；层理面
en:bedroom:noun:1,bedroom,noun,卧室,n 卧室；adj 两性关系的；城郊住宅区的,/'bɛdrum/,/'bedruːm; -rʊm/,a hotel with 50 bedrooms,有50间客房的旅馆
en:bee:noun:1,bee,noun,蜜蜂，蜂；勤劳的人,n 蜜蜂，蜂；勤劳的人,/bi/,/biː/,a swarm of bees,一群蜜蜂
en:beef:noun:1,beef,noun,牛肉；肌肉；食用牛；牢骚,n 牛肉；肌肉；食用牛；牢骚；v 抱怨，告发；发牢骚,/bif/,/biːf/,roast beef,烤牛肉
en:beehive:noun:1,beehive,noun,蜂窝；蜂箱,n 蜂窝；蜂箱,/'bihaɪv/,/'biːhaɪv/,"If they wanted to eat something sweet, they had tolocate a beehive, smoke out the bees and retrieve the honey, often byclimbing up a tree or chopping it down.",如果他们想吃某些甜东西，就必须找到一个蜂箱，用烟把蜜蜂熏出来，取出蜂蜜，往往还要爬上树或把蜂窝砍下来。
en:beer:noun:1,beer,noun,啤酒,n 啤酒；vi 喝啤酒,/bɪr/,/bɪə/,a pint of beer,一品脱啤酒
en:before:preposition:1,before,preposition,在…之前，先于,prep 在…之前，先于；adv 以前；在前；conj 在…以前；在…之前,/bɪ'fɔr/,/bɪ'fɔː/,The new road should be completed before the end of the year.,这条新公路应该在年底前完工。
en:beg:verb:1,beg,verb,乞讨；恳求；回避正题,v 乞讨；恳求；回避正题；n (Beg)人名；(德、塞、巴基)贝格,/bɛɡ/,/beg/,She begged and pleaded with them until they finally agreed.,她一再恳求，后来他们终于同意了。
en:begin:verb:1,begin,verb,开始,v 开始；n (Begin)人名；(以、德)贝京；(英)贝让,/bɪ'ɡɪn/,/bɪ'gɪn/,"As everybody’s here, let’s begin.",大家都到齐了，我们就开始吧。
en:beginning:noun:1,beginning,noun,开始；起点,n 开始；起点；v 开始；创建（begin的ing形式）,/bɪ'ɡɪnɪŋ/,/bɪ'gɪnɪŋ/,There’s a short poem at the beginning of every chapter.,每一章的开头都有一首短诗。
en:behalf:noun:1,behalf,noun,代表；利益,n 代表；利益,/bɪ'hæf/,/bɪ'hɑːf/,She asked the doctor to speak to her parents on her behalf.,她请医生代她同她父母谈谈。
en:behave:verb:1,behave,verb,表现；（机器等）运转；举止端正；（事物）起某种作用,v 表现；（机器等）运转；举止端正；（事物）起某种作用,/bɪ'hev/,/bɪ'heɪv/,She behaved in a very responsible way .,她表现得很有责任心。
en:behavious:noun:1,behavious,noun,行为,n 行为,,,"Although some behavious don't hurt anyone, they hurt our society.",尽管有些行为没有伤害他人，但是伤害了我们的社会。
en:behind:preposition:1,behind,preposition,落后于；支持；晚于,prep 落后于；支持；晚于；adv 在后地；在原处；n 屁股,/bɪ'haɪnd/,/bɪ'haɪnd/,Mark’s always behind the rest of his class in mathematics.,马克的数学成绩总是落在班上其他同学后面。
en:being:noun:1,being,noun,存在；生命；本质；品格,n 存在；生命；本质；品格；adj 存在的；现有的,/'biɪŋ/,/'biːɪŋ/,a law that first came into being in 1912,于1912年制定的一条法律
en:belgium:noun:1,Belgium,noun,比利时（西欧国家，首都布鲁塞尔Brussels）,n 比利时（西欧国家，首都布鲁塞尔Brussels）,/'bɛldʒəm/,/'bɛldʒəm/,I remember watching one of my tapes from 1991 when I went to Belgium and looked at myself speaking English.,我记得我看过一盘我1991年的录像带，那时我刚到比利时，我看着我自己说英语的样子。
en:belief:noun:1,belief,noun,相信，信赖；信仰；教义,n 相信，信赖；信仰；教义,/bɪ'lif/,/bɪ'liːf/,"When you get something wrong, it can shake your belief in yourself.",如果有什么事情没做好，就会动摇你对自己的信心。
en:believe:verb:1,believe,verb,信任；料想；笃信宗教,v 信任；料想；笃信宗教,/bɪ'liv/,/bɪ'liːv/,You shouldn’t believe everything you read.,你不应尽信书上看来的东西。
en:bell:noun:1,bell,noun,铃，钟；钟声，铃声；钟状物,n 铃，钟；钟声，铃声；钟状物；v 装钟于，系铃于,/bɛl/,/bel/,church bells,教堂的钟
en:belly:noun:1,belly,noun,腹部；胃；食欲,n 腹部；胃；食欲；v 涨满；鼓起,/'bɛli/,/'belɪ/,She laid her hands on her swollen belly.,她把手放在隆起的肚子上。
en:belong:verb:1,belong,verb,属于，应归入；居住；适宜；应被放置,v 属于，应归入；居住；适宜；应被放置,/bɪ'lɔŋ/,/bɪ'lɒŋ/,The house had belonged to her family for three or four generations.,这座房子属于她家已有三四代了。
en:below:adverb:1,below,adverb,在下面，在较低处；在本页下面,adv 在下面，在较低处；在本页下面；prep 在…下面；n (Below)人名；(英、德、芬、瑞典)贝洛,/bɪ'lo/,/bɪ'ləʊ/,an animal that lives below ground,生活在地下的动物
en:belt:noun:1,belt,noun,带；腰带；地带,n 带；腰带；地带；v 用带子系住；用皮带抽打,/bɛlt/,/belt/,He unbuckled his leather belt.,他解开皮带。
en:bench:noun:1,bench,noun,长凳；工作台；替补队员,n 长凳；工作台；替补队员；v 给…以席位；为…设置条凳,/bɛntʃ/,/ben(t)ʃ/,We sat on a park bench.,我们坐在公园的长椅上。
en:bend:verb:1,bend,verb,使弯曲；使屈服；使致力；使朝向,v 使弯曲；使屈服；使致力；使朝向；n 弯曲,/bɛnd/,/bend/,Several branches started bending towards the ground.,数根枝条开始向地面弯垂。
en:beneath:preposition:1,beneath,preposition,在…之下,prep 在…之下；adv 在下方,/bɪˈniːθ/,/bɪ'niːθ/,The top layer should now point down to the layer beneath.,现在，顶部图层应当有小箭头指向下面的图层。
en:beneficial:adjective:1,beneficial,adjective,有益的，有利的；可享利益的,adj 有益的，有利的；可享利益的,"/,bɛnɪ'fɪʃl/",/benɪ'fɪʃ(ə)l/,a drug that has a beneficial effect on the immune system,有益于免疫系统的一种药物
en:benefit:noun:1,benefit,noun,利益，好处；救济金,n 利益，好处；救济金；v 有益于，对…有益,/'bɛnɪfɪt/,/'benɪfɪt/,I never had the benefit of a university education.,我从未受过大学教育。
en:bent:noun:1,bent,noun,爱好，嗜好,n 爱好，嗜好；adj 弯曲的；决心的,/bɛnt/,/bent/,a bent nail,弯曲的钉子
en:beside:preposition:1,beside,preposition,在旁边；与…相比；和…无关,prep 在旁边；与…相比；和…无关,/bɪ'saɪd/,/bɪ'saɪd/,Wendy came up and sat beside me.,温迪走过来，坐在我身边。
en:besides:adverb:1,besides,adverb,此外；而且,adv 此外；而且；prep 除…之外,/bɪ'saɪdz/,/bɪ'saɪdz/,"I need the money. And besides, when I agree to do something, I do it.",我需要这笔钱，而且，我一旦答应做什么事情就会做到。
en:best:noun:1,best,noun,最好的人，最好的事物；最佳状态,n 最好的人，最好的事物；最佳状态；adj 最好的；adv 最好地；v 打败，胜过,/bɛst/,/best/,We wish him the best of luck with this venture.,我们祝愿他在这个风险项目上顺顺利利。
en:betray:verb:1,betray,verb,背叛；出卖；泄露（秘密）；露出…迹象,v 背叛；出卖；泄露（秘密）；露出…迹象,/bɪ'tre/,/bɪ'treɪ/,He felt that she had betrayed him.,他感觉她背叛了自己。
en:better:noun:1,better,noun,长辈；较好者；打赌的人（等于bettor）,n 长辈；较好者；打赌的人（等于bettor）；adv 更好的；更多的；较大程度地；adj 较好的；v 改善；胜过,/'bɛtɚ/,/'betə/,It’s hard to decide which one’s the better.,很难确定哪一个更好。
en:between:preposition:1,between,preposition,在…之间,prep 在…之间；adv 在中间,/bɪ'twin/,/bɪ'twiːn/,He supplements his regular meals by eating between meals.,他在两餐之间吃点东西来补充正餐。
en:beyond:preposition:1,beyond,preposition,超过；越过；那一边；在较远的一边,prep 超过；越过；那一边；在较远的一边；adv 在远处；在更远处；n 远处,/bɪ'jɑnd/,/bɪ'jɒnd/,More people are choosing to work beyond retirement age.,越来越多的人选择过了退休年龄继续工作。
en:bicycle:noun:1,bicycle,noun,自行车,n 自行车；v 骑脚踏车,/'baɪsɪkl/,/'baɪsɪkl/,Can James ride a bicycle yet?,詹姆斯会骑自行车了吗？
en:bid:verb:1,bid,verb,投标；出价；表示；吩咐,v 投标；出价；表示；吩咐；n 出价；叫牌；努力争取,/bɪd/,/bɪd/,She wanted to bid for it.,她想出价买下它。
en:big:adjective:1,big,adjective,大的；重要的；量大的,adj 大的；重要的；量大的；adv 大量地；顺利；夸大地；n (Big)人名；(土)比格,/bɪɡ/,/bɪg/,a big house,大房子
en:bike:noun:1,bike,noun,自行车；脚踏车,n 自行车；脚踏车；v 骑自行车（或摩托车）,/baɪk/,/baɪk/,Let’s go for a bike ride .,我们去骑会儿自行车吧。
en:bill:noun:1,bill,noun,[法] 法案；广告；账单；[金融] 票据；钞票；清单,n [法] 法案；广告；账单；[金融] 票据；钞票；清单；v 宣布；开账单；用海报宣传,/bɪl/,/bɪl/,Have you paid the phone bill?,电话费你付了吗？
en:billion:noun:1,billion,noun,十亿；大量,n 十亿；大量；num 十亿；adj 十亿的,/'bɪljən/,/'bɪljən/,The final cost could be as much as one billion dollars.,最后的费用可能高达十亿美元。
en:bingo:noun:1,bingo,noun,宾戈游戏,n 宾戈游戏,/'bɪŋɡo/,/'bɪŋgəʊ/,Vera won £20 at bingo.,薇拉玩宾戈赢了20英镑。
en:biochemistry:noun:1,biochemistry,noun,生物化学,n 生物化学,/'baɪo'kɛmɪstri/,/baɪə(ʊ)'kemɪstrɪ/,...the effects of air pollutants on the biochemistry of plants or animals.,…大气污染物对植物或动物生化过程的影响。
en:biography:noun:1,biography,noun,传记；档案；个人简介,n 传记；档案；个人简介,/baɪ'ɑɡrəfi/,/baɪ'ɒgrəfɪ/,...recent biographies of Stalin.,…近年的斯大林传记。
en:biology:noun:1,biology,noun,（一个地区全部的）生物；生物学,n （一个地区全部的）生物；生物学,/baɪ'ɑlədʒi/,/baɪ'ɒlədʒɪ/,a degree in biology,生物学学位
en:bird:noun:1,bird,noun,鸟；家伙；羽毛球,n 鸟；家伙；羽毛球；v 向…喝倒彩；起哄,/bɝd/,/bɜːd/,wild birds,野鸟
en:birdcage:noun:1,birdcage,noun,鸟笼；鸟笼状物；信号灯；宿舍,n 鸟笼；鸟笼状物；信号灯；宿舍,/'bɝdkedʒ/,,,
en:birth:noun:1,birth,noun,出生；血统，出身；起源,n 出生；血统，出身；起源,/bɝθ/,/bɜːθ/,Congratulations on the birth of your daughter!,恭喜你生了个女儿！
en:birthday:noun:1,birthday,noun,生日，诞辰；诞生的日子,n 生日，诞辰；诞生的日子,/'bɝθde/,/'bɜːθdeɪ/,It’s my birthday on Monday.,星期一是我的生日。
en:birthplace:noun:1,birthplace,noun,出生地,n 出生地,/'bɝθ'ples/,/'bɜːθpleɪs/,Stratford-upon-Avon was Shakespeare’s birthplace.,埃文河畔的斯特拉特福是莎士比亚的出生地。
en:biscuit:noun:1,biscuit,noun,小点心，饼干,n 小点心，饼干,/'bɪskɪt/,/'bɪskɪt/,a packet of chocolate biscuits,一包巧克力饼干
en:bishop:noun:1,bishop,noun,（基督教的）主教；（国际象棋的）象,n （基督教的）主教；（国际象棋的）象,/'bɪʃəp/,/'bɪʃəp/,the Bishop of Durham,达勒姆郡的主教
en:bit:noun:1,bit,noun,[计] 比特（二进位制信息单位）；少量；马嚼子；辅币；老一套；一点，一块,n [计] 比特（二进位制信息单位）；少量；马嚼子；辅币；老一套；一点，一块；vt 控制；adj 很小的；微不足道的；adv 有点儿；相当,/bɪt/,/bɪt/,He’s taken the engine to bits .,他把发动机拆开了。
en:bite:verb:1,bite,verb,咬；刺痛,v 咬；刺痛；n 咬；一口；咬伤；刺痛；abbr 机内测试设备（Built-In Test Equipment）,/baɪt/,/baɪt/,The dog bit him and made his hand bleed.,那只狗把他的手咬出血了。
en:bitter:adjective:1,bitter,adjective,苦的；痛苦的；尖刻的；充满仇恨的,adj 苦的；痛苦的；尖刻的；充满仇恨的；n 苦味；苦啤酒；adv 激烈地；严寒刺骨地；v 使变苦,/'bɪtɚ/,/'bɪtə/,a bitter old man,一个满腹怨恨的老人
en:black:adjective:1,black,adjective,黑色的；黑人的；邪恶的,adj 黑色的；黑人的；邪恶的；n 黑色；黑人；黑颜料；v 使变黑；把鞋油等涂在…上；把（眼眶）打成青肿,/blæk/,/blæk/,a black evening dress,黑色晚礼服
en:blackboard:noun:1,blackboard,noun,黑板,n 黑板,/'blækbɔrd/,/'blækbɔːd/,He chalked out a design on the blackboard.,他用粉笔在黑板上勾划出一个图样。
en:blame:verb:1,blame,verb,责备；归咎于,v 责备；归咎于；n 责备；责任；过失,/blem/,/bleɪm/,Don’t blame me – it’s not my fault.,别来怪我——又不是我的错。
en:blank:adjective:1,blank,adjective,空白的；空虚的；单调的,adj 空白的；空虚的；单调的；n 空白；空虚；空白表格；v 使…无效；使…模糊；封锁,/blæŋk/,/blæŋk/,Leave the last page blank .,最后一页留空。
en:blanket:noun:1,blanket,noun,毛毯，毯子；毯状物，覆盖层,n 毛毯，毯子；毯状物，覆盖层；adj 总括的，全体的；没有限制的；v 覆盖，掩盖；用毯覆盖,/'blæŋkɪt/,/'blæŋkɪt/,The mud disappeared under a blanket of snow.,泥地在一层白雪的覆盖下消失不见了。
en:bleed:verb:1,bleed,verb,使出血；榨取,v 使出血；榨取,/blid/,/bliːd/,His ex-wife clearly intends to bleed him for every last penny.,他的前妻显然是想榨干他每一分钱。
en:bless:verb:1,bless,verb,祝福；保佑；赞美,v 祝福；保佑；赞美；n (Bless)人名；(英、意、德、匈)布莱斯,/blɛs/,/bles/,He’s always willing to help. Bless him!,他一向乐于助人，愿上帝保佑他！
en:blind:adjective:1,blind,adjective,盲目的；瞎的,adj 盲目的；瞎的；adv 盲目地；看不见地；n 掩饰，借口；百叶窗；v 使失明；使失去理智,/blaɪnd/,/blaɪnd/,David's good looks and impeccable manners had always made her blind to his faults.,大卫俊朗的外表和完美的风度总是令她对他的缺点视而不见。
en:block:noun:1,block,noun,块；街区；大厦；障碍物,n 块；街区；大厦；障碍物；v 阻止；阻塞；限制；封盖；adj 成批的，大块的；交通堵塞的,/blɑk/,/blɒk/,a wall made of concrete blocks,由混凝土块砌成的墙
en:blood:noun:1,blood,noun,血，血液；血统,n 血，血液；血统；v 从…抽血；使先取得经验,/blʌd/,/blʌd/,Her body was found in a pool of blood.,她的尸体被发现倒在血泊之中。
en:blouse:noun:1,blouse,noun,宽松的上衣；女装衬衫,n 宽松的上衣；女装衬衫；vt 使…宽松下垂；vi 宽松下垂,/blaʊs/,/'blaʊz/,a silk blouse,丝质女衬衫
en:blow:noun:1,blow,noun,吹；打击；殴打,n 吹；打击；殴打；v 风吹；喘气,/blo/,/bləʊ/,"Joe resigned, which was a severe blow because we needed him desperately.",乔辞职了，这是一个巨大的打击，因为我们非常需要他。
en:blue:noun:1,blue,noun,蓝色；[复数]（美国海、陆、空三军穿的）蓝色制服；蓝颜料；[the blue(s)][用作单数或复数]布鲁斯（歌曲）（一种伤感的美国黑人民歌,n 蓝色；[复数]（美国海、陆、空三军穿的）蓝色制服；蓝颜料；[the blue(s)][用作单数或复数]布鲁斯（歌曲）（一种伤感的美国黑人民歌；adj 蓝色的；沮丧的，忧郁的；下流的；v 把…染成蓝色；使成蓝色；给…用上蓝剂；用上蓝剂于,/blu/,/bluː/,She nearly always dresses in blue.,她几乎总是穿蓝色的衣服。
en:board:noun:1,board,noun,董事会；木板；甲板；膳食,n 董事会；木板；甲板；膳食；v 上（飞机、车、船等）；用板盖上；给提供膳宿,/bɔrd/,/bɔːd/,Martha was chopping vegetables on a wooden board.,玛莎正在用一块木砧板切蔬菜。
en:boat:noun:1,boat,noun,小船；轮船,n 小船；轮船；v 划船,/bot/,/bəʊt/,a fishing boat,渔船
en:boating:noun:1,boating,noun,划船,n 划船；adj 划船的；v 划船（boat的ing形式）,/'bəutiŋ/,/'bəʊtɪŋ/,Let’s go boating on the lake.,我们到湖上划船去吧。
en:boil:verb:1,boil,verb,煮沸，沸腾；激动，激昂,v 煮沸，沸腾；激动，激昂；n 沸腾，煮沸；疖子,/bɔɪl/,/bɒɪl/,Put the spaghetti into plenty of boiling salted water.,把意大利面放入大量煮沸的盐水中。
en:bomb:verb:1,bomb,verb,轰炸，投弹于,v 轰炸，投弹于；n 炸弹,/bɑm/,/bɒm/,The town was heavily bombed in World War II.,这座城镇在第二次世界大战中遭到猛烈轰炸。
en:bond:noun:1,bond,noun,债券；结合；约定；粘合剂；纽带,n 债券；结合；约定；粘合剂；纽带；v 结合，团结在一起,/bɑnd/,/bɒnd/,My father put all his money into stock market bonds.,我父亲把他所有的钱都投在上市债券上。
en:bone:noun:1,bone,noun,骨；骨骼,n 骨；骨骼；v 剔去的骨；施骨肥于,/bon/,/bəʊn/,The X-ray showed that the bone was broken in two places.,X光检查显示有两处骨折。
en:bonus:noun:1,bonus,noun,奖金；红利；额外津贴,n 奖金；红利；额外津贴,/'bonəs/,/'bəʊnəs/,Long-term savers qualify for a cash bonus.,长期储户可获现金红利。
en:book:noun:1,book,noun,书籍；卷；帐簿；名册；工作簿,n 书籍；卷；帐簿；名册；工作簿；v 预订；登记,/bʊk/,/bʊk/,I’ve just started reading a book by Graham Greene.,我刚开始看格雷厄姆·格林写的一本书。
en:bookcase:noun:1,bookcase,noun,[家具] 书柜，书架,n [家具] 书柜，书架,/'bʊkkes/,/'bʊkkeɪs/,This bookcase has five shelves.,这书架有五格。
en:bookmark:noun:1,bookmark,noun,书签（等于bookmarker）；标记,n 书签（等于bookmarker）；标记,/'bʊkmɑrk/,/'bʊkmɑːk/,This makes it extremely simple to save what you find with an electronic bookmark so you can return to it later.,用一个电子书签保存找到的内容使以后再次访问变得非常简单。
en:bookshelf:noun:1,bookshelf,noun,书架,n 书架,/ˈbʊkʃɛlf/,/'bʊkʃelf/,She dusted all the books on the bookshelf.,她把书架上所有书上的灰尘都掸干净。
en:bookshop:noun:1,bookshop,noun,书店,n 书店,/'bʊkʃɑp/,/'bʊkʃɒp/,His friends live above the bookshop.,他的朋友们住在书店的楼上。
en:bookstore:noun:1,bookstore,noun,书店（等于bookshop）,n 书店（等于bookshop）,/bʊkstɔr/,/'bʊkstɔː/,I ordered some new books from the bookstore.,我从书店订购了一些新书。
en:boom:verb:1,boom,verb,使兴旺；发隆隆声,v 使兴旺；发隆隆声；n 繁荣；吊杆；隆隆声,/buːm/,/buːm/,Guns boomed in the distance.,远处大炮隆隆作响。
en:boot:verb:1,boot,verb,引导；踢；解雇；使穿靴,v 引导；踢；解雇；使穿靴；n 靴子；踢；汽车行李箱,/but/,/buːt/,hiking boots,远足靴
en:booth:noun:1,booth,noun,货摊；公用电话亭,n 货摊；公用电话亭,/bʊθ/,/buːð; buːθ/,I called her from a public phone booth near the entrance to the bar.,我在酒吧入口附近的一个公用电话亭给她打了电话。
en:bored:adjective:1,bored,adjective,无聊的；无趣的；烦人的,adj 无聊的；无趣的；烦人的；v 使厌烦（bore的过去式）；烦扰,/bɔrd/,/bɔːd/,He was easily bored.,他很容易感到厌烦。
en:boring:adjective:1,boring,adjective,无聊的；令人厌烦的,adj 无聊的；令人厌烦的；n 钻孔；v 钻孔；使厌烦；挖空（bore的ing形式）,/'bɔrɪŋ/,/'bɔːrɪŋ/,Her husband is about the most boring person I’ve ever met.,她丈夫可以说是我见过的最无聊的人。
en:born:verb:1,born,verb,出世（bear的过去分词）,v 出世（bear的过去分词）；adj 天生的；n (Born)人名；(柬)邦；(英、西、俄、捷、德、瑞典、匈)博恩,/bɔrn/,/bɔːn/,Forty lambs were born this spring.,今年春天有40头小羊羔出生。
en:borrow:verb:1,borrow,verb,借；借用；从其他语言中引入,v 借；借用；从其他语言中引入；n (Borrow)人名；(英)博罗,/'bɑro/,/'bɒrəʊ/,Can I borrow your pen for a minute?,我可以借你的笔用一下吗？
en:boss:noun:1,boss,noun,老板；首领；工头,n 老板；首领；工头；v 指挥，调遣；当…的领导,/bɑs/,/bɒs/,I’ll have to ask my boss for a day off.,我得向老板请一天假。
en:botanical:adjective:1,botanical,adjective,植物学的,adj 植物学的；n 植物性药材,/bə'tænɪkl/,/bə'tænɪkl/,The area is of great botanical interest.,该地区很有植物学研究价值。
en:botany:noun:1,botany,noun,植物学；地区植物总称,n 植物学；地区植物总称,/'bɑtəni/,/'bɒt(ə)nɪ/,pharmaceutical botany,药用植物学
en:both:adjective:1,both,adjective,两个的；两者的,adj 两个的；两者的；adv 并；又；两者皆；pron 双方都；两者都；conj 既…且…；n (Both)人名；(德、罗、捷、南非、匈)博特,/boθ/,/bəʊθ/,"To help the talks along, both of us should make some concessions.",为了会谈有所进展，我们双方都得做出一些让步。
en:bottle:noun:1,bottle,noun,瓶子；一瓶的容量,n 瓶子；一瓶的容量；v 控制；把…装入瓶中,/'bɑtl/,/'bɒt(ə)l/,an empty bottle,一个空瓶子
en:bottom:noun:1,bottom,noun,底部；末端；臀部；尽头,n 底部；末端；臀部；尽头；adj 底部的；v 装底；测量深浅；查明真相,/'bɑtəm/,/'bɒtəm/,The drugs had been hidden in a suitcase with a false bottom.,毒品藏在一个带假底板的行李箱里。
en:bounce:noun:1,bounce,noun,跳；弹力；活力,n 跳；弹力；活力；v 弹跳；使弹起,/baʊns/,/baʊns/,Try to catch the ball on the second bounce.,尽量在球第二次弹起时接住。
en:bound:adjective:1,bound,adjective,有义务的；必定的；受约束的；装有封面的,adj 有义务的；必定的；受约束的；装有封面的；v 束缚；使跳跃；n 范围；跳跃,/baʊnd/,/baʊnd/,You are legally bound to report the accident.,法律上你有责任报告这起事故。
en:boundary:noun:1,boundary,noun,边界；范围；分界线,n 边界；范围；分界线,/'baʊndri/,/'baʊnd(ə)rɪ/,National boundaries are becoming increasingly meaningless in the global economy.,在全球经济中，国界已经变得越来越没有意义。
en:bow:noun:1,bow,noun,弓；鞠躬；船首,n 弓；鞠躬；船首；v 鞠躬；弯腰；adj 弯曲的,/baʊ/,/baʊ/,This is done with a formal bow to the king or queen.,与此同时，还要向国王或女王正式鞠躬行礼。
en:bowl:noun:1,bowl,noun,碗；木球；大酒杯,n 碗；木球；大酒杯；v 玩保龄球；滑动；平稳快速移动,/bol/,/bəʊl/,Mix all the ingredients thoroughly in a large bowl.,将所有配料放在大碗里搅拌均匀。
en:bowling:noun:1,bowling,noun,滚木球戏；保龄球戏,n 滚木球戏；保龄球戏；v 打保龄球（bowl的现在分词）,/'bolɪŋ/,/'bəʊlɪŋ/,Do you want to go bowling with us Friday?,星期五想和我们一起去打保龄球吗？
en:box:noun:1,box,noun,箱，盒子；包厢；一拳,n 箱，盒子；包厢；一拳；v 拳击,/bɑks/,/bɒks/,She ate two boxes of chocolates.,她吃了两盒巧克力。
en:boxing:noun:1,boxing,noun,拳击；装箱；围模；做箱的材料,n 拳击；装箱；围模；做箱的材料；v 将…装入盒中（box的ing形式）,/'bɑksɪŋ/,/'bɒksɪŋ/,boxing match,n. 拳赛
en:boy:noun:1,boy,noun,男孩；男人,n 男孩；男人,/bɔɪ/,/bɒɪ/,The boys wanted to play football.,男孩子们想踢足球。
en:boycott:verb:1,boycott,verb,联合抵制；拒绝参加,v 联合抵制；拒绝参加；n 联合抵制,/'bɔɪkɑt/,/'bɒɪkɒt/,We boycott all products tested on animals.,我们抵制所有拿动物做试验的产品。
en:brain:noun:1,brain,noun,头脑，智力；脑袋,n 头脑，智力；脑袋；v 猛击…的头部,/bren/,/breɪn/,Messages from the brain are carried by the central nervous system.,大脑发出的信息是通过中枢神经系统传递的。
en:brake:verb:1,brake,verb,刹车,v 刹车；n 闸，刹车；阻碍,/brek/,/breɪk/,He heard tyres squeal as the car braked to avoid a collision.,他听到当汽车刹车为避免撞车时轮胎发出了刺耳的尖声。
en:branch:verb:1,branch,verb,分支；出现分歧,v 分支；出现分歧；n 树枝，分枝；分部；支流,/bræntʃ/,/brɑːn(t)ʃ/,"When you reach the village green, the street branches into two .",到了村中心的公共草地，这条街就分岔成两条路。
en:brand:verb:1,brand,verb,铭刻于，铭记；打烙印于；印…商标于,v 铭刻于，铭记；打烙印于；印…商标于；n 商标，牌子；烙印,/brænd/,/brænd/,The owner couldn't be bothered to brand the cattle.,主人懒得给这牛打上烙印。
en:brave:adjective:1,brave,adjective,勇敢的；华丽的,adj 勇敢的；华丽的；v 勇敢地面对；n 勇士,/brev/,/breɪv/,brave soldiers,勇敢的士兵
en:bravery:noun:1,bravery,noun,勇敢；勇气,n 勇敢；勇气,/'brevəri/,/'breɪv(ə)rɪ/,an act of great bravery,非常勇敢的行为
en:bread:noun:1,bread,noun,面包；生计,n 面包；生计；v 在…上洒面包屑,/brɛd/,/bred/,Would you like some bread with your soup?,你喝汤时要吃点面包吗？
en:break:verb:1,break,verb,打破；折断；弄坏；削弱,v 打破；折断；弄坏；削弱；n 破裂；间断；（持续一段时间的状况的）改变；间歇,/brek/,/breɪk/,We need to break the cycle of poverty and crime in the inner cities.,我们需要打破旧城区里贫困和犯罪的恶性循环。
en:breakfast:noun:1,breakfast,noun,早餐；早饭,n 早餐；早饭；v 吃早餐,/'brɛkfəst/,/'brekfəst/,We had bacon and eggs for breakfast .,我们早餐吃了熏肉鸡蛋。
en:breakthrough:noun:1,breakthrough,noun,突破；突破性进展,n 突破；突破性进展,/'brek'θrʊ/,/'breɪkθruː/,The company looks poised to make a significant breakthrough in China.,该公司看上去稳将在中国实现一次重大突破。
en:breast:noun:1,breast,noun,乳房，胸部；胸怀；心情,n 乳房，胸部；胸怀；心情；v 以胸对着；与…搏斗,/brɛst/,/brest/,These bras are specially designed for women with large breasts.,这些胸罩专为乳房丰满的女性设计。
en:breath:noun:1,breath,noun,呼吸，气息；一口气，（呼吸的）一次；瞬间，瞬息；微风；迹象；无声音，气音,n 呼吸，气息；一口气，（呼吸的）一次；瞬间，瞬息；微风；迹象；无声音，气音,/brɛθ/,/breθ/,"Slow down, I need to catch my breath.",慢一点，我要喘口气。
en:breathe:verb:1,breathe,verb,呼吸；低语；松口气；（风）轻拂,v 呼吸；低语；松口气；（风）轻拂,/brið/,/briːð/,"The room filled with smoke, and it was becoming difficult to breathe.",房间里全是烟，呼吸越来越困难。
en:breathless:adjective:1,breathless,adjective,喘不过气来的；停止呼吸的,adj 喘不过气来的；停止呼吸的,/'brɛθləs/,/'breθlɪs/,The long climb left Jan feeling breathless.,攀爬了那么长时间，简感到喘不过气来。
en:brewery:noun:1,brewery,noun,啤酒厂,n 啤酒厂,/'bruəri/,/'brʊərɪ/,beer brewery,啤酒厂
en:brick:noun:1,brick,noun,砖，砖块；砖形物；心肠好的人,n 砖，砖块；砖形物；心肠好的人；v 用砖砌；adj 用砖做的；似砖的,/brɪk/,/brɪk/,a brick wall,砖墙
en:bride:noun:1,bride,noun,新娘；姑娘，女朋友,n 新娘；姑娘，女朋友,/braɪd/,/braɪd/,Guests toasted the bride and groom with champagne.,客人们以香槟为新娘新郎敬酒。
en:bridegroom:noun:1,bridegroom,noun,新郎,n 新郎,/'braɪdɡrum/,/'braɪdgruːm/,"Take me for thy bridegroom, for I love thee.",让我作你的新郎吧。 因为我爱你。
en:bridge:noun:1,bridge,noun,桥；桥牌；桥接器；船桥,n 桥；桥牌；桥接器；船桥；v 架桥；渡过,/brɪdʒ/,/brɪdʒ/,He walked back over the railway bridge.,他从铁路桥上走了回去。
en:brief:adjective:1,brief,adjective,简短的，简洁的；短暂的，草率的,adj 简短的，简洁的；短暂的，草率的；n 摘要，简报；概要，诉书；v 简报，摘要；作…的提要,/brif/,/briːf/,We stopped by Alice’s house for a brief visit.,我们顺路在艾丽斯家小坐片刻。
en:bright:adjective:1,bright,adjective,明亮的，鲜明的；聪明的；愉快的,adj 明亮的，鲜明的；聪明的；愉快的；adv 明亮地；光明地；欢快地；n 车头灯光,/braɪt/,/braɪt/,Her eyes were hurting from the bright lights.,明亮的光线刺痛了她的眼睛。
en:brilliant:adjective:1,brilliant,adjective,灿烂的，闪耀的；杰出的；有才气的；精彩的，绝妙的,adj 灿烂的，闪耀的；杰出的；有才气的；精彩的，绝妙的,/'brɪljənt/,/'brɪlj(ə)nt/,She closed her eyes against the brilliant light .,强烈的光线下，她闭起了眼睛。
en:bring:verb:1,bring,verb,带来；促使；引起；使某人处于某种情况或境地,v 带来；促使；引起；使某人处于某种情况或境地；n (Bring)人名；(英、瑞典)布林,/brɪŋ/,/brɪŋ/,The discovery of gold brought thousands of people to the Transvaal.,黄金的发现把成千上万的人引到了德兰士瓦。
en:britain:noun:1,Britain,noun,英国；不列颠,n 英国；不列颠,/'brɪtən/,/'brɪt(ə)n/,This is the stud naturalized from Britain.,这是从不列颠引进的种马。
en:british:adjective:1,British,adjective,英国的；英国人的；大不列颠的,adj 英国的；英国人的；大不列颠的；n 英国人,/'brɪtɪʃ/,/'brɪtɪʃ/,the British government,英国政府
en:broad:adjective:1,broad,adjective,宽的，辽阔的；显著的；大概的,adj 宽的，辽阔的；显著的；大概的；n 宽阔部分；adv 宽阔地,/brɔd/,/brɔːd/,We went along a broad passage.,我们走在一条宽阔的走廊上。
en:broadcast:verb:1,broadcast,verb,播送，播放；（无线电或电视）广播；播撒（种子）,v 播送，播放；（无线电或电视）广播；播撒（种子）；n 广播；播音；广播节目；adj 广播的,/'brɔdkæst/,/'brɔːdkɑːst/,The interview was broadcast live across Europe.,这次采访向整个欧洲进行了现场直播。
en:brochure:noun:1,brochure,noun,手册，小册子,n 手册，小册子,/bro'ʃʊr/,/'brəʊʃə; brɒ'ʃʊə/,a holiday brochure,度假手册
en:broken:adjective:1,broken,adjective,破碎的；坏掉的,adj 破碎的；坏掉的；v 折断；打碎；损坏（break的过去分词）,/'brokən/,/'brəʊk(ə)n/,The CD player’s broken again.,激光唱机又坏了。
en:broom:noun:1,broom,noun,扫帚；金雀花,n 扫帚；金雀花；v 扫除,/brum/,/bruːm/,"To the left of the port, a dry stone stairway leads to the ruins, through the mastic trees and broom.",在港口的左边，一段用石头搭建的楼梯穿过乳香树和金雀花从，通向建筑遗迹。
en:brother:noun:1,brother,noun,兄弟；同事；战友,n 兄弟；同事；战友；int 我的老兄！,/'brʌðɚ/,/'brʌðə/,"I have two brothers, William and Mark.",我有两个兄弟，威廉和马克。
en:brotherhood:noun:1,brotherhood,noun,兄弟关系；手足情谊；四海之内皆兄弟的信念,n 兄弟关系；手足情谊；四海之内皆兄弟的信念,/'brʌðɚhʊd/,/'brʌðəhʊd/,the spirit of brotherhood,互爱精神
en:brown:adjective:1,brown,adjective,棕色的，褐色的；太阳晒黑的,adj 棕色的，褐色的；太阳晒黑的；v 变成褐色；n 褐色，棕色,/braʊn/,/braʊn/,dark brown hair,深褐色的头发
en:brunch:noun:1,brunch,noun,早午餐,n 早午餐,/brʌntʃ/,/brʌn(t)ʃ/,This morning I went to a restaurant famous for its brunch buffet.,今天早上我去了一个以自助早午餐而闻名的餐厅。
en:brush:noun:1,brush,noun,刷子；画笔；毛笔；争吵；与某人有效冲突；灌木丛地带；矮树丛；狐狸尾巴,n 刷子；画笔；毛笔；争吵；与某人有效冲突；灌木丛地带；矮树丛；狐狸尾巴；v 刷；画；,/brʌʃ/,/brʌʃ/,a scrubbing brush,硬毛刷，板刷
en:bucket:noun:1,bucket,noun,桶，水桶；铲斗；一桶的量,n 桶，水桶；铲斗；一桶的量；v 倾盆而下；颠簸着行进,/'bʌkɪt/,/'bʌkɪt/,They were drinking beer by the bucket.,他们狂饮啤酒。
en:buddhism:noun:1,Buddhism,noun,佛教,n 佛教,/'bʊdɪzəm/,/'bʊdɪz(ə)m/,Mr White has converted to Buddhism.,怀特先生已改信佛教。
en:buddhist:noun:1,Buddhist,noun,佛教徒,n 佛教徒；adj 佛教的,/'budist/,,"In this case, I genuinely believe in the Buddhist way of thinking.",在这种情况下，我真诚地相信佛教徒的思维方式。
en:budget:noun:1,budget,noun,预算，预算费,n 预算，预算费；v 安排，预定；把…编入预算；adj 廉价的,/'bʌdʒɪt/,/'bʌdʒɪt/,We had a really tight budget .,我们的预算很紧。
en:buffet:noun:1,buffet,noun,自助餐；小卖部；打击；猛烈冲击,n 自助餐；小卖部；打击；猛烈冲击；v 与…搏斗；连续猛击；adj 自助的；自助餐的,/bə'fe/,/'bʊfeɪ; 'bʌfeɪ/,a cold buffet,冷餐会
en:build:verb:1,build,verb,建立；建筑,v 建立；建筑；n 构造；体形；体格,/bɪld/,/bɪld/,The purpose is to build new houses for local people.,目的是要为当地居民建造新的住宅。
en:building:noun:1,building,noun,建筑；建筑物,n 建筑；建筑物；v 建筑；建立；增加（build的ing形式）,/'bɪldɪŋ/,/'bɪldɪŋ/,The offices are on the top two floors of the building.,办公室在大楼最高的两层。
en:bun:noun:1,bun,noun,小圆面包,n 小圆面包,/bʌn/,/bʌn/,a sticky bun,一个黏糊糊的小圆甜点心
en:bunch:noun:1,bunch,noun,群；串；突出物,n 群；串；突出物；v 隆起；打褶；形成一串,/bʌntʃ/,/bʌn(t)ʃ/,Lili had fallen asleep clutching a fat bunch of grapes.,莉莉手里抓着一大串葡萄睡着了。
en:bungalow:noun:1,bungalow,noun,平房；小屋,n 平房；小屋,/ˈbʌŋɡəˌlo/,/'bʌŋgələʊ/,I remember changing cars twice when visiting her bungalow in New Delhi in 1998.,我记得1998年去她在新德里的小平房拜访时，中途两次换车。
en:burden:noun:1,burden,noun,负担；责任；船的载货量,n 负担；责任；船的载货量；v 使负担；烦扰；装货于,/'bɝdn/,/'bɜːd(ə)n/,His family responsibilities had started to become a burden.,家庭责任已开始成为他的负担。
en:bureaucratic:adjective:1,bureaucratic,adjective,官僚的；官僚政治的,adj 官僚的；官僚政治的,"/,bjʊrə'krætɪk/","/,bjɔːrə'krætɪk; ,bjʊərə'krætɪk/",Bureaucratic delays are inevitable.,官僚主义所致的延误是不可避免的。
en:burglar:noun:1,burglar,noun,夜贼，窃贼,n 夜贼，窃贼,/'bɝɡlɚ/,/'bɜːglə/,Burglars broke into their home.,窃贼闯进了他们家。
en:burial:noun:1,burial,noun,埋葬；葬礼；弃绝,n 埋葬；葬礼；弃绝；adj 埋葬的,/'bɛrɪəl/,/'berɪəl/,The priest prepared the body for burial.,牧师为尸体做好了下葬的准备。
en:burn:verb:1,burn,verb,燃烧；烧毁，灼伤；激起…的愤怒,v 燃烧；烧毁，灼伤；激起…的愤怒；n 灼伤，烧伤；烙印,/bɝn/,/bɜːn/,I burnt all his old letters.,我把他以前的信全烧了。
en:burst:verb:1,burst,verb,爆发，突发；爆炸,v 爆发，突发；爆炸；n 爆发，突发；爆炸,/bɝst/,/bɜːst/,The pipes had burst and the house was under two feet of water.,水管爆裂，房子被水淹了两英尺。
en:bury:verb:1,bury,verb,埋葬；隐藏,v 埋葬；隐藏；n (Bury)人名；(法)比里；(英、西)伯里；(德、意、罗、波、捷、匈)布里；(俄)布雷,/'bɛri/,/'berɪ/,Electric cables are buried beneath the streets.,电缆埋在街道的下面。
en:bus:noun:1,bus,noun,公共汽车,n 公共汽车,/bʌs/,/bʌs/,I took a bus to San Francisco.,我乘公共汽车去旧金山。
en:bush:noun:1,bush,noun,灌木；矮树丛,n 灌木；矮树丛；v 以灌木装饰；使…精疲力竭；adj 如灌木般长得低矮的；粗野的,,/bʊʃ/,a rose bush,玫瑰丛
en:business:noun:1,business,noun,商业；[贸易] 生意；[贸易] 交易；事情,n 商业；[贸易] 生意；[贸易] 交易；事情,/ˈbɪznəs/,/ˈbɪznɪs/,Students on the course learn about all aspects of business.,这门课程的学生要学习商业活动的各个方面。
en:businessman:noun:1,businessman,noun,商人,n 商人,/'bɪznəsmæn/,/'bɪznɪsmən/,...a wealthy businessman who owns a printing business in Orlando.,…一个在奥兰多拥有印刷企业的富有商人。
en:businesswoman:noun:1,businesswoman,noun,女商人,n 女商人,"/'biznis,wumən/","/'bɪznɪs,wʊmən/",...a successful businesswoman who runs her own international cosmetics company.,…一个经营着自己的国际化妆品公司的成功的女商人。
en:busy:adjective:1,busy,adjective,忙碌的；热闹的；正被占用的,adj 忙碌的；热闹的；正被占用的；v 使忙于；n (Busy)人名；(匈)布希；(法)比西,/'bɪzi/,/'bɪzɪ/,She’s busy now – can you phone later?,她现在正忙，你稍后打来好吗？
en:but:conjunction:1,but,conjunction,但是；而是；然而,conj 但是；而是；然而；adv 仅仅，只；prep 除…以外；n (But)人名；(俄、罗)布特；(越)笔,/bʌt/,/bʌt; bət/,"It’s an old car, but it’s very reliable.",这是一辆旧车，但是性能非常可靠。
en:butcher:verb:1,butcher,verb,屠杀,v 屠杀；n 屠夫,/ˈbʊtʃər/,/ˈbʊtʃə(r)/,"Pigs were butchered, hams were hung to dry from the ceiling.",猪被宰杀了，火腿吊在屋顶下风干。
en:butter:verb:1,butter,verb,涂黄油于；讨好,v 涂黄油于；讨好；n 黄油；奶油；奉承话,/'bʌtɚ/,/'bʌtə/,buttered toast,涂了黄油的烤面包片
en:butterfly:noun:1,butterfly,noun,蝴蝶；蝶泳；举止轻浮的人；追求享乐的人,n 蝴蝶；蝶泳；举止轻浮的人；追求享乐的人,/'bʌtɚflaɪ/,/'bʌtəflaɪ/,Gwen’s a real social butterfly .,格温是个十足的交际花。
en:button:noun:1,button,noun,按钮；纽扣,n 按钮；纽扣；v 扣住；扣紧；在…上装纽扣,/'bʌtn/,/[ˈbʌtn]/,small pearl buttons,小的珍珠纽扣
en:buy:verb:1,buy,verb,购买；获得；贿赂,v 购买；获得；贿赂；n 购买，买卖；所购的物品,/baɪ/,/baɪ/,People say the judge had been bought by the Mafia.,人们都说法官被黑手党收买了。
en:by:preposition:1,by,preposition,通过；被；依据；经由；在附近；在……之前,prep 通过；被；依据；经由；在附近；在……之前；adv 通过；经过；附近；[互联网] 白俄罗斯的国家代码顶级域名,/baɪ/,/baɪ/,I was attacked by a dog.,我被一条狗袭击。
en:bye:interjection:1,bye,interjection,再见,int 再见；n 轮空；次要的东西；adj 次要的,/baɪ/,/baɪ/,"Bye, Dave.",再见，戴夫。
en:cab:noun:1,cab,noun,驾驶室；出租汽车；出租马车,n 驾驶室；出租汽车；出租马车；v 乘出租马车（或汽车）,/kæb/,/kæb/,New York’s yellow cabs,纽约的黄色出租车
en:cabbage:noun:1,cabbage,noun,卷心菜，甘蓝菜，洋白菜；（俚)脑袋；（非正式、侮辱）植物人（常用于英式英语）；（俚）钱，尤指纸币（常用于美式俚语）,n 卷心菜，甘蓝菜，洋白菜；（俚)脑袋；（非正式、侮辱）植物人（常用于英式英语）；（俚）钱，尤指纸币（常用于美式俚语）,/ˈkæbɪdʒ/,/ˈkæbɪdʒ/,chinese cabbage,大白菜（等于celery cabbage）
en:cafeteria:noun:1,cafeteria,noun,自助餐厅,n 自助餐厅,"/,kæfə'tɪrɪə/",/kæfɪ'tɪərɪə/,the school cafeteria,学校餐厅
en:cage:noun:1,cage,noun,笼，兽笼；牢房，监狱,n 笼，兽笼；牢房，监狱；v 把…关进笼子；把…囚禁起来,/kedʒ/,/keɪdʒ/,I hate to see birds in cages.,我不喜欢看到鸟在笼子里。
en:cake:noun:1,cake,noun,蛋糕；块状物；利益总额,n 蛋糕；块状物；利益总额；v 使结块,/kek/,/keɪk/,We had cake and ice cream.,我们吃了蛋糕和冰激凌。
en:calculate:verb:1,calculate,verb,计算；以为；作打算,v 计算；以为；作打算,/'kælkjulet/,/'kælkjʊleɪt/,These instruments calculate distances precisely.,这些仪器计算距离非常精确。
en:call:verb:1,call,verb,呼叫；拜访；叫牌,v 呼叫；拜访；叫牌；n 电话；呼叫；要求；访问,/kɔl/,/kɔːl/,I heard someone calling in the distance.,我听到远处有人在叫。
en:calm:adjective:1,calm,adjective,静的，平静的；沉着的,adj 静的，平静的；沉着的；v 使平静；使镇定；n 风平浪静,/kɑm/,/kɑːm/,Glen was calm and composed at the funeral.,格伦在葬礼上表现得平静而镇定。
en:camel:noun:1,camel,noun,[畜牧][脊椎] 骆驼；打捞浮筒；工作作风官僚,n [畜牧][脊椎] 骆驼；打捞浮筒；工作作风官僚；adj 驼色的；暗棕色的；vi 工作刻板平庸,/'kæml/,/'kæm(ə)l/,camel hair,驼绒；骆驼毛
en:camera:noun:1,camera,noun,照相机；摄影机,n 照相机；摄影机,/'kæmərə/,/'kæm(ə)rə/,Her grandmother lent her a camera for a school trip to Venice and Egypt.,她的祖母借给她一部相机，让她在学校组织的到威尼斯和埃及的旅行中使用。
en:camp:verb:1,camp,verb,露营；扎营,v 露营；扎营；n 露营,/kæmp/,/kæmp/,"We’ll camp by the river for the night, and move on tomorrow.",我们今晚在河边露营，明天继续前进。
en:campaign:verb:1,campaign,verb,作战；参加竞选；参加活动,v 作战；参加竞选；参加活动；n 运动；活动；战役,/kæm'pen/,/kæm'peɪn/,Jones ran a good campaign.,琼斯的活动搞得很成功。
en:canada:noun:1,Canada,noun,加拿大（北美洲国家）,n 加拿大（北美洲国家）,/'kænədə/,/'kænədə/,She was domiciliated in Canada.,她在加拿大定居。
en:canadian:adjective:1,Canadian,adjective,加拿大（人）的,adj 加拿大（人）的；n 加拿大人,/kə'nedɪən/,/kə'neɪdɪən/,What about the Canadian policy?,那么加拿大的政策呢？
en:canal:noun:1,canal,noun,运河；[地理] 水道；[建] 管道；灌溉水渠,n 运河；[地理] 水道；[建] 管道；灌溉水渠；v 在…开凿运河,/kə'næl/,/kə'næl/,We walked along by the side of the canal.,我们沿着运河边往前走。
en:cancel:verb:1,cancel,verb,取消；删去,v 取消；删去；n 取消，撤销,/'kænsl/,/'kæns(ə)l/,Our flight was cancelled.,我们的航班取消了。
en:cancer:noun:1,cancer,noun,癌症；恶性肿瘤,n 癌症；恶性肿瘤,/'kænsɚ/,/'kænsə/,A lot of cancers can now be treated successfully.,现在许多癌症可以治愈。
en:candidate:noun:1,candidate,noun,候选人，候补者；应试者,n 候选人，候补者；应试者,"/ˈkændɪˌdet, -dɪt/",/'kændɪdeɪt; -dət/,a presidential candidate,总统候选人
en:candle:noun:1,candle,noun,蜡烛；烛光；烛形物,n 蜡烛；烛光；烛形物；v 对着光检查,/'kændl/,/'kænd(ə)l/,When the candle was only half an inch high it flickered out and the room became dark.,蜡烛只有半英寸长时，烛光忽闪忽闪地熄灭了，于是房间一片漆黑。
en:candy:verb:1,candy,verb,用糖煮；使结晶为砂糖；美化,v 用糖煮；使结晶为砂糖；美化；n 糖果（等于sweets）；冰糖（等于sugar candy，rock candy）；毒品；adj 新潮的（服饰）；甜言蜜语的,/'kændi/,/'kændɪ/,...a piece of candy.,…一块糖果。
en:canteen:noun:1,canteen,noun,食堂，小卖部；水壶,n 食堂，小卖部；水壶,/kænˈtiːn/,/kæn'tiːn/,Rennie had eaten his supper in the canteen.,伦尼已在食堂吃过晚饭。
en:cap:noun:1,cap,noun,盖；帽子,n 盖；帽子；v 脱帽致意,/kæp/,/kæp/,Make sure you put the cap back on the pen.,一定要把笔帽套上。
en:capital:noun:1,capital,noun,首都，省会；资金；大写字母；资本家,n 首都，省会；资金；大写字母；资本家；adj 首都的；重要的；大写的,/'kæpɪtl/,/'kæpɪt(ə)l/,"Washington D.C., the capital of the United States",美国首都华盛顿特区
en:capsule:noun:1,capsule,noun,胶囊；[植] 蒴果；太空舱；小容器,n 胶囊；[植] 蒴果；太空舱；小容器；adj 压缩的；概要的；v 压缩；简述,/ˈkæpsul/,/'kæpsjuːl; -sjʊl/,a space capsule orbiting the Earth,沿地球轨道飞行的太空舱
en:captain:noun:1,captain,noun,队长，首领；船长；上尉；海军上校,n 队长，首领；船长；上尉；海军上校；v 指挥；率领,/ˈkæptən/,/'kæptɪn/,The captain and crew welcome you aboard.,机长和全体机组人员欢迎各位乘坐本次航班。
en:caption:noun:1,caption,noun,标题；字幕；说明；逮捕,n 标题；字幕；说明；逮捕；v 加上说明；加上标题,/'kæpʃən/,/'kæpʃ(ə)n/,"The local paper featured me standing on a stepladder with a caption, ""Wendy climbs the ladder to success.""",当地的报纸刊登了一幅我站在活梯上的特写，下面写着：“温迪登上了成功之梯。”
en:car:noun:1,car,noun,汽车；车厢,n 汽车；车厢,/kɑr/,/kɑː/,Dan got out of the car and locked the door.,丹下了车，锁上车门。
en:carbon:noun:1,carbon,noun,[化学] 碳；碳棒；复写纸,n [化学] 碳；碳棒；复写纸；adj 碳的；碳处理的,/'kɑrbən/,/'kɑːb(ə)n/,"Across the world, forests and the soil beneath them absorb about a quarter of all carbon emissions.",纵观全球，森林与它们脚下的土壤能吸收大约碳排放总量的四分之一。
en:card:noun:1,card,noun,卡片；纸牌；明信片,n 卡片；纸牌；明信片；v 记于卡片上,/kɑrd/,/kɑːd/,Employees must show their identity cards at the gate.,雇员在大门口必须出示自己的身份卡。
en:care:noun:1,care,noun,关怀；照料；谨慎；忧虑,n 关怀；照料；谨慎；忧虑；v 照顾；关心；喜爱；顾虑,/kɛr/,/keə/,high standards of medical care,高水平的医疗护理
en:careful:adjective:1,careful,adjective,仔细的，小心的,adj 仔细的，小心的,/'kɛrfl/,/'keəfʊl; -f(ə)l/,Be careful - the floor’s slippery.,小心——地板很滑。
en:careless:adjective:1,careless,adjective,粗心的；无忧无虑的；淡漠的,adj 粗心的；无忧无虑的；淡漠的；n (Careless)人名；(英)凯尔利斯,/'kɛrləs/,/'keələs/,It was careless of him to leave the door unlocked.,他忘了锁门，真是粗心大意。
en:carpenter:noun:1,carpenter,noun,木匠，木工,n 木匠，木工；v 当木匠，做木匠工作,/ˈkɑːrpəntər/,/ˈkɑːpəntə(r)/,He is a carpenter by profession.,他以木工为业。
en:carpet:verb:1,carpet,verb,在…上铺地毯，把地毯铺在…上；斥责,v 在…上铺地毯，把地毯铺在…上；斥责；n 地毯；地毯状覆盖物,/'kɑrpɪt/,/'kɑːpɪt/,The building has been carpeted throughout.,大楼里上上下下都铺了地毯。
en:carriage:noun:1,carriage,noun,运输；运费；四轮马车；举止；客车厢,n 运输；运费；四轮马车；举止；客车厢,/'kærɪdʒ/,/'kærɪdʒ/,Canals were originally built for the carriage of coal.,运河原先是为运煤而修建的。
en:carrier:noun:1,carrier,noun,[化学] 载体；运送者；带菌者；货架,n [化学] 载体；运送者；带菌者；货架,/'kærɪɚ/,/'kærɪə/,"carriers of the lung disease, TB",肺结核病菌的携带者
en:carrot:noun:1,carrot,noun,胡萝卜,n 胡萝卜,/'kærət/,/'kærət/,grated carrots,磨碎的胡萝卜
en:carry:verb:1,carry,verb,拿，扛；携带；支持；搬运,v 拿，扛；携带；支持；搬运；n 运载；[计] 进位；射程,/'kæri/,/'kærɪ/,Gina was carrying a small bunch of flowers.,吉娜拿着一小束花。
en:cartoon:noun:1,cartoon,noun,卡通片，[电影] 动画片；连环漫画,n 卡通片，[电影] 动画片；连环漫画；v 为…画漫画,/kɑr'tun/,/kɑː'tuːn/,cartoon characters such as Donald Duck,唐老鸭一类的卡通人物
en:carve:verb:1,carve,verb,雕刻；切开；开创,v 雕刻；切开；开创；n (Carve)人名；(西、瑞典)卡韦,/kɑrv/,/kɑːv/,carved wooden chairs,木雕椅子
en:case:noun:1,case,noun,情况；实例；箱,n 情况；实例；箱；v 包围；把…装于容器中,/kes/,/keɪs/,Tom’s career is a case in point (= a clear example of something that you are discussing or explaining ) .,汤姆的事业就是个明证。
en:cash:noun:1,cash,noun,现款，现金,n 现款，现金；v 将…兑现；支付现款,/kæʃ/,/kæʃ/,Cash was taken during a burglary of the apartment.,在一次公寓盗窃案中现金被盗。
en:cassette:noun:1,cassette,noun,盒式磁带；暗盒；珠宝箱；片匣,n 盒式磁带；暗盒；珠宝箱；片匣,/kə'sɛt/,/kə'set/,His two albums released on cassette have sold 10 million copies.,他以磁带形式发行的两张专辑已售出1000万份。
en:cast:verb:1,cast,verb,投，抛；计算；浇铸；投射（光、影、视线等）,v 投，抛；计算；浇铸；投射（光、影、视线等）；n 投掷，抛；铸件，[古生] 铸型；演员阵容；脱落物,/kæst/,/kɑːst/,the shade cast by low-hanging branches,低垂的树枝投下的阴影
en:castle:noun:1,castle,noun,城堡；象棋中的车,n 城堡；象棋中的车；v 置…于城堡中；筑城堡防御,/'kæsl/,/'kɑːs(ə)l/,Edinburgh Castle,爱丁堡城堡
en:casual:adjective:1,casual,adjective,随便的；非正式的；临时的；偶然的,adj 随便的；非正式的；临时的；偶然的；n 便装；临时工人；待命士兵,/'kæʒʊəl/,/'kæʒjʊəl; -zj-/,Jean felt more comfortable in casual clothes .,琼穿上便服感到更舒服。
en:cat:noun:1,cat,noun,猫，猫科动物,n 猫，猫科动物,/kæt/,/kæt/,The police played an elaborate game of cat and mouse to trap him.,警方跟他玩了一场精心布局的猫捉老鼠游戏，诱他落网。
en:catalogue:noun:1,catalogue,noun,目录；（美）大学情况一览,n 目录；（美）大学情况一览；v 把…编入目录,/'kætəlɔɡ/,/'kæt(ə)lɒg/,a mail order catalog,邮购商品目录
en:catastrophe:noun:1,catastrophe,noun,大灾难；大祸；惨败,n 大灾难；大祸；惨败,/kə'tæstrəfi/,/kə'tæstrəfɪ/,"From all points of view, war would be a catastrophe.",从各个方面来看，战争都会是一场灾难。
en:catch:verb:1,catch,verb,赶上；抓住；感染；了解,v 赶上；抓住；感染；了解；n 捕捉；捕获物；窗钩,/kætʃ/,/kætʃ/,He was caught red-handed (= as he was doing something wrong ) taking money from the cash register.,他从现金出纳机偷钱时被当场抓住。
en:category:noun:1,category,noun,种类，分类；[数] 范畴,n 种类，分类；[数] 范畴,/'kætəɡɔri/,/'kætɪg(ə)rɪ/,people in the over-45 age category,属45岁以上年龄组的人
en:cater:verb:1,cater,verb,投合，迎合；满足需要；提供饮食及服务,v 投合，迎合；满足需要；提供饮食及服务；n (Cater)人名；(英)凯特,/'ketɚ/,/'keɪtə/,We cater to an exclusive clientele.,我们满足一个特殊客户群的需求。
en:cathedral:noun:1,cathedral,noun,大教堂,n 大教堂,/kə'θidrəl/,/kə'θiːdr(ə)l/,St Paul’s Cathedral,圣保罗大教堂
en:catholic:adjective:1,catholic,adjective,天主教的；宽宏大量的,adj 天主教的；宽宏大量的；n 天主教徒；罗马天主教,/kæθəlɪk/,,...the Catholic Church.,…天主教会。
en:cattle:noun:1,cattle,noun,牛；牲畜（骂人的话）；家畜；无价值的人,n 牛；牲畜（骂人的话）；家畜；无价值的人,/'kætl/,/'kæt(ə)l/,herds of cattle,成群的牛
en:cause:noun:1,cause,noun,原因；事业；目标,n 原因；事业；目标；v 引起；使遭受,/kɔz/,/kɔːz/,It’s our job to establish the cause of the fire.,查明起火原因是我们的责任。
en:caution:noun:1,caution,noun,小心，谨慎；警告，警示,n 小心，谨慎；警告，警示；v 警告,/'kɔʃən/,/'kɔːʃ(ə)n/,The physician must exercise caution when prescribing antidepressants.,医师在开抗抑郁药处方时必须谨慎。
en:cautious:adjective:1,cautious,adjective,谨慎的；十分小心的,adj 谨慎的；十分小心的,/'kɔʃəs/,/'kɔːʃəs/,a cautious driver,一位谨慎的司机
en:cave:verb:1,cave,verb,使凹陷，使塌落；在…挖洞穴,v 使凹陷，使塌落；在…挖洞穴；n 洞穴，窑洞,/kev/,/keɪv/,the entrance to a cave,洞穴的入口
en:cd:adjective:1,CD,adjective,光盘，激光唱片（Compact Disc）；呼叫设备（Calling Device）；中央地区（Central District）；商务部（Commerce Department）,abbr 光盘，激光唱片（Compact Disc）；呼叫设备（Calling Device）；中央地区（Central District）；商务部（Commerce Department）,,,cd player,CD播放器；激光唱机
en:ceiling:noun:1,ceiling,noun,天花板；上限,n 天花板；上限,/'silɪŋ/,/'siːlɪŋ/,rooms with high ceilings,天花板很高的房间
en:celebrate:verb:1,celebrate,verb,庆祝；举行；赞美；祝贺；宣告,v 庆祝；举行；赞美；祝贺；宣告,/'sɛlɪbret/,/'selɪbreɪt/,It’s Dad’s birthday and we’re going out for a meal to celebrate.,今天是爸爸的生日，我们打算出去吃饭庆祝一下。
en:celebration:noun:1,celebration,noun,庆典，庆祝会；庆祝；颂扬,n 庆典，庆祝会；庆祝；颂扬,"/,sɛlɪ'breʃən/",/selɪ'breɪʃ(ə)n/,the lively New Year celebrations in the city centre,市中心热闹的新年庆祝活动
en:cell:noun:1,cell,noun,细胞；电池；蜂房的巢室；单人小室,n 细胞；电池；蜂房的巢室；单人小室；vi 住在牢房或小室中,/sɛl/,/sel/,cancer cells,癌细胞
en:cellar:noun:1,cellar,noun,地窖；酒窖；地下室,n 地窖；酒窖；地下室；vt 把…藏入地窖,/'sɛlɚ/,/'selə/,a coal cellar,煤窖
en:cent:noun:1,cent,noun,分；一分的硬币；森特（等于半音程的百分之一）,n 分；一分的硬币；森特（等于半音程的百分之一）,/sɛnt/,/sent/,A cup of rice which cost thirty cents a few weeks ago is now being sold for up to one dollar.,几周前价值30美分的1杯米如今卖到了1美元。
en:centigrade:adjective:1,centigrade,adjective,摄氏的；[仪] 摄氏温度的；百分度的,adj 摄氏的；[仪] 摄氏温度的；百分度的,/'sɛntɪɡred/,/'sentɪgreɪd/,...daytime temperatures of up to forty degrees centigrade.,…高达40摄氏度的日间气温。
en:centimetre:noun:1,centimetre,noun,厘米；公分,n 厘米；公分,/'sɛntɪmitɚ/,/'sentɪmiːtə/,"...a tiny fossil plant, only a few centimetres high.",…一块小小的植物化石，只有几厘米高。
en:central:adjective:1,central,adjective,中心的；主要的；中枢的,adj 中心的；主要的；中枢的；n 电话总机,/'sɛntrəl/,/'sentr(ə)l/,He lives in central London.,他住在伦敦市中心。
en:centre:verb:1,centre,verb,以…为中心,v 以…为中心；n 中心；adj 中央的,/sɛntɚ/,/'sentə/,"The title isn’t quite centred on the page, is it?",标题并不在这页的正中间，是吗？
en:century:noun:1,century,noun,世纪，百年；（板球）一百分,n 世纪，百年；（板球）一百分,/'sɛntʃəri/,/ˈsentʃərɪ/,the story of life on a small farm at the turn of the century,讲述世纪初一个小农场生活的故事
en:ceremony:noun:1,ceremony,noun,典礼，仪式；礼节，礼仪；客套，虚礼,n 典礼，仪式；礼节，礼仪；客套，虚礼,/ˈsɛrəˌmoʊni/,/'serɪmənɪ/,a wedding ceremony,婚礼
en:certain:adjective:1,certain,adjective,某一；必然的；确信；无疑的；有把握的,adj 某一；必然的；确信；无疑的；有把握的；pron 某些；某几个；n (Certain)人名；(葡)塞尔塔因；(法)塞尔坦,/'sɝtn/,/'sɜːt(ə)n; -tɪn/,I felt certain that I’d passed the test.,我感觉自己肯定通过这次测验了。
en:certainly:adverb:1,certainly,adverb,当然；行（用于回答）；必定,adv 当然；行（用于回答）；必定,/'sɝtnli/,/ˈsəːt(ə)nli/,"‘I’d like a beer, please.’ ‘Certainly, sir.’",“请给我来杯啤酒。”“好的，先生。”
en:certificate:verb:1,certificate,verb,发给证明书；以证书形式授权给…；用证书批准,v 发给证明书；以证书形式授权给…；用证书批准；n 证书；执照，文凭,"/sɚˈtɪfɪkɪt; (for v.,) sɚˈtɪfɪˌket/","/səˈtɪfɪkɪt; (for v.,) səˈtɪfɪˌkeɪt/",a degree certificate,学位证书
en:chain:noun:1,chain,noun,链；束缚；枷锁,n 链；束缚；枷锁；v 束缚；囚禁；用铁链锁住,/tʃen/,/tʃeɪn/,She had a gold chain around her neck.,她脖子上戴了条金项链。
en:chair:noun:1,chair,noun,椅子；讲座；（会议的）主席位；大学教授的职位,n 椅子；讲座；（会议的）主席位；大学教授的职位；v 担任（会议的）主席；使…入座；使就任要职,/tʃɛr/,/tʃeə/,a kitchen chair,厨房椅
en:chairman:noun:1,chairman,noun,主席，会长；董事长,n 主席，会长；董事长,/'tʃɛrmən/,/'tʃeəmən/,deputy/vice chairman Barrett serves as vice chairman.,巴雷特担任副主席一职。
en:chairwoman:noun:1,chairwoman,noun,女主席；女议长,n 女主席；女议长,"/'tʃεə,wumən/",,Primakov was in Japan meeting with the chairwoman of the Socialist Party there.,普里马科夫正在日本和那里的社会党女主席会面。
en:chalk:verb:1,chalk,verb,用粉笔写；用白垩粉擦；记录；规划,v 用粉笔写；用白垩粉擦；记录；规划；n 粉笔；白垩；用粉笔划的记号；adj 用粉笔写的,/tʃɔk/,/tʃɔːk/,He chalked the message on the blackboard.,他用粉笔把这条消息写在黑板上。
en:challenge:noun:1,challenge,noun,挑战；怀疑,n 挑战；怀疑；v 向…挑战；对…质疑,/'tʃælɪndʒ/,/'tʃælɪn(d)ʒ/,They threw down the challenge that he couldn’t wash 40 cars in one hour (= invited him to try to do it ) .,他们激将他，说他不可能在1小时内擦洗40辆汽车。
en:challenging:adjective:1,challenging,adjective,挑战的；引起挑战性兴趣的,adj 挑战的；引起挑战性兴趣的；v 要求；质疑；反对；向…挑战；盘问（challenge的ing形式）,/'tʃælɪndʒɪŋ/,/'tʃælɪn(d)ʒɪŋ/,Teaching young children is a challenging and rewarding job.,幼儿教育是一项具有挑战性和有意义的工作。
en:champion:noun:1,champion,noun,冠军；拥护者；战士,n 冠军；拥护者；战士；v 支持；拥护；adj 优胜的；第一流的,/'tʃæmpɪən/,/'tʃæmpɪən/,the world heavyweight boxing champion,世界重量级拳击冠军
en:chance:noun:1,chance,noun,机会，际遇；运气，侥幸；可能性,n 机会，际遇；运气，侥幸；可能性；v 偶然发生；冒……的险,/tʃæns/,/tʃɑːns/,There’s always the chance that something will go wrong.,总有可能会出现问题。
en:change:verb:1,change,verb,改变；交换,v 改变；交换；n 变化；找回的零钱,/tʃendʒ/,/tʃeɪn(d)ʒ/,Susan has changed a lot since I last saw her.,自从我上次见到苏珊之后，她变了许多。
en:changeable:adjective:1,changeable,adjective,无常的；可改变的；易变的；不定的,adj 无常的；可改变的；易变的；不定的,/'tʃendʒəbl/,/'tʃeɪn(d)ʒəb(ə)l/,changeable weather,变化无常的天气
en:channel:verb:1,channel,verb,引导，开导；形成河道,v 引导，开导；形成河道；n 通道；频道；海峡,/'tʃænl/,/'tʃæn(ə)l/,Water had channelled grooves in the rock.,水在岩石上冲出了沟槽。
en:chant:noun:1,chant,noun,圣歌；赞美诗,n 圣歌；赞美诗；v 唱；诵扬,/tʃænt/,/tʃɑːnt/,...a Gregorian chant.,…一首格列高利圣歌。
en:chaos:noun:1,chaos,noun,混沌，混乱,n 混沌，混乱,/'keɑs/,/'keɪɒs/,The country was plunged into economic chaos.,这个国家陷入了经济大混乱。
en:chapter:noun:1,chapter,noun,章，回；（俱乐部、协会等的）分会；人生或历史上的重要时期,n 章，回；（俱乐部、协会等的）分会；人生或历史上的重要时期；vt 把…分成章节,/'tʃæptɚ/,/'tʃæptə/,Read Chapter 11 as your homework.,家庭作业是阅读第 11 章。
en:character:noun:1,character,noun,性格，品质；特性；角色；[计] 字符,n 性格，品质；特性；角色；[计] 字符；v 印，刻；使具有特征,/'kærəktɚ/,/'kærəktə/,He has a cheerful but quiet character.,他的性格乐观文静。
en:characteristic:adjective:1,characteristic,adjective,典型的；特有的；表示特性的,adj 典型的；特有的；表示特性的；n 特征；特性；特色,"/,kærəktə'rɪstɪk/",/kærəktə'rɪstɪk/,the highly characteristic (= very typical ) flint walls of the local houses,当地房子非常有特色的燧石墙
en:charge:noun:1,charge,noun,费用；电荷；掌管；控告；命令；负载,n 费用；电荷；掌管；控告；命令；负载；v 使充电；使承担；指责；装载；对…索费；向…冲去,/tʃɑrdʒ/,/tʃɑːdʒ/,Guided tours are provided at no charge .,免费提供有导游带队的观光游览。
en:chart:noun:1,chart,noun,图表；海图；图纸；排行榜,n 图表；海图；图纸；排行榜；v 绘制…的图表；在海图上标出；详细计划；记录；记述；跟踪（进展或发展,/tʃɑrt/,/tʃɑːt/,a chart showing last year’s sales,显示去年销售情况的一份图表
en:chat:verb:1,chat,verb,聊天；闲谈,v 聊天；闲谈；n 聊天；闲谈,/tʃæt/,/tʃæt/,John and I sat up until the early hours chatting.,我和约翰聊到凌晨才睡。
en:cheap:adjective:1,cheap,adjective,便宜的；小气的；不值钱的,adj 便宜的；小气的；不值钱的；adv 便宜地,/tʃip/,/tʃiːp/,cheap rail fares,便宜的火车票
en:cheat:verb:1,cheat,verb,欺骗；骗取,v 欺骗；骗取；n 欺骗，作弊；骗子,/tʃit/,/tʃiːt/,He had cheated in the test by using a calculator.,他在考试时作弊，用了计算器。
en:check:verb:1,check,verb,检查，核对；制止，抑制；在…上打勾,v 检查，核对；制止，抑制；在…上打勾；n <美>支票；制止，抑制；检验，核对,/tʃɛk/,/tʃek/,Check the tiles carefully before you buy them.,购买之前要把瓷砖仔细检查一下。
en:cheek:noun:1,cheek,noun,面颊，脸颊；臀部,n 面颊，脸颊；臀部；v 无礼地向…讲话，对…大胆无礼,/tʃik/,/tʃiːk/,Lucy stretched up to kiss his cheek.,露西伸长了脖子去亲吻他的脸颊。
en:cheer:verb:1,cheer,verb,欢呼；使高兴；为…加油,v 欢呼；使高兴；为…加油；n 欢呼；愉快；心情；令人愉快的事,/tʃɪr/,/tʃɪə/,Everybody cheered when the firemen arrived.,消防员到达时，大家都欢呼起来。
en:cheerful:adjective:1,cheerful,adjective,快乐的；愉快的；高兴的,adj 快乐的；愉快的；高兴的,/'tʃɪrfl/,/'tʃɪəfʊl; -f(ə)l/,She’s feeling more cheerful today.,今天她高兴些了。
en:cheers:verb:1,cheers,verb,感谢；谢谢；再见,v 感谢；谢谢；再见,/tʃɪrz/,/tʃɪəz/,cheer up,使高兴；高兴起来；使振奋
en:cheese:noun:1,cheese,noun,[食品] 奶酪；干酪；要人,n [食品] 奶酪；干酪；要人；v 停止；adj 叛变的；胆小的,/tʃiz/,/tʃiːz/,half a kilo of cheese,半公斤干酪
en:chef:noun:1,chef,noun,厨师，大师傅,n 厨师，大师傅,/ʃɛf/,/ʃef/,a master chef,手艺高超的厨师长
en:chemical:noun:1,chemical,noun,化学制品，化学药品,n 化学制品，化学药品；adj 化学的,/'kɛmɪkl/,/'kemɪk(ə)l/,the organic chemicals industry,有机化学工业
en:chemist:noun:1,chemist,noun,化学家；化学工作者；药剂师；炼金术士,n 化学家；化学工作者；药剂师；炼金术士,/'kɛmɪst/,/'kemɪst/,She worked as a research chemist.,她是一名化学研究员。
en:chemistry:noun:1,chemistry,noun,化学；化学过程,n 化学；化学过程,/'kɛmɪstri/,/'kemɪstrɪ/,a person’s body chemistry,人体的化学组成
en:cheque:noun:1,cheque,noun,支票,n 支票,/tʃɛk/,/tʃek/,You could write her a cheque .,你可以给她开张支票。
en:chess:noun:1,chess,noun,国际象棋，西洋棋,n 国际象棋，西洋棋,/tʃɛs/,/tʃes/,They meet fairly often to play chess .,他们经常在一起下国际象棋。
en:chest:noun:1,chest,noun,胸，胸部；衣柜；箱子；金库,n 胸，胸部；衣柜；箱子；金库,/tʃɛst/,/tʃest/,Her heart was pounding in her chest.,她的心在胸口怦怦直跳。
en:chew:noun:1,chew,noun,咀嚼；咀嚼物,n 咀嚼；咀嚼物；v 嚼碎，咀嚼,/tʃʊ/,/tʃuː/,This meat’s so tough I can hardly chew it!,这肉太老了，我几乎嚼不动！
en:chick:noun:1,chick,noun,小鸡；小鸟；少妇,n 小鸡；小鸟；少妇；adj 胆小的；懦弱的,/tʃɪk/,/tʃɪk/,a mother hen with her chicks,和小鸡在一起的鸡妈妈
en:chicken:noun:1,chicken,noun,鸡肉；小鸡；胆小鬼，懦夫,n 鸡肉；小鸡；胆小鬼，懦夫；adj 鸡肉的；胆怯的；幼小的,/ˈtʃɪkən/,/'tʃɪkɪn/,roast chicken,烤鸡
en:chief:noun:1,chief,noun,首领；酋长；主要部分,n 首领；酋长；主要部分；adj 首席的；主要的；主任的；adv 主要地；首要地,/tʃif/,/tʃiːf/,Most health chiefs believe the reforms have gone too far.,大多数卫生部领导人都觉得改革搞得过火了。
en:child:noun:1,child,noun,儿童，小孩，孩子；产物；子孙；幼稚的人；弟子,n 儿童，小孩，孩子；产物；子孙；幼稚的人；弟子,/tʃaɪld/,/tʃaɪld/,The hotel is ideal for families with young children.,这家宾馆对带小孩的家庭再合适不过。
en:childhood:noun:1,childhood,noun,童年时期；幼年时代,n 童年时期；幼年时代,/'tʃaɪldhʊd/,/'tʃaɪldhʊd/,I had a very happy childhood.,我的童年很快乐。
en:chimney:noun:1,chimney,noun,烟囱,n 烟囱,/'tʃɪmni/,/'tʃɪmnɪ/,We can’t light a fire because the chimney hasn’t been swept.,烟囱管没有清扫过，我们生不了火。
en:china:noun:1,China,noun,中国,n 中国；adj 中国的；中国制造的,,/tʃaɪnə/,in china,在中国
en:chinese:noun:1,Chinese,noun,中文，汉语；中国人,n 中文，汉语；中国人；adj 中国的，中国人的；中国话的,,"/,tʃai'ni:z/",Do you fancy going out for a Chinese?,你想不想出去吃顿中餐？
en:chips:noun:1,chips,noun,[食品] 炸土豆条；小木片；（作赌注用的）圆形筹码；缺口（chip的复数形式）,n [食品] 炸土豆条；小木片；（作赌注用的）圆形筹码；缺口（chip的复数形式）,/tʃips/,/tʃips/,...an electronic card containing a chip.,…一张带有芯片的电子卡。
en:chocolate:noun:1,chocolate,noun,巧克力，巧克力糖；巧克力色,n 巧克力，巧克力糖；巧克力色；adj 巧克力色的；巧克力口味的,/'tʃɑklət/,/'tʃɒk(ə)lət/,a chocolate bar,巧克力条
en:choice:noun:1,choice,noun,选择；选择权；精选品,n 选择；选择权；精选品；adj 精选的；仔细推敲的,/tʃɔɪs/,/tʃɒɪs/,He has to make some important choices.,他得作出一些重要的抉择。
en:choir:noun:1,choir,noun,唱诗班；合唱队；舞蹈队,n 唱诗班；合唱队；舞蹈队；v 合唱,/'kwaɪɚ/,/'kwaɪə/,He joined a church choir at the age of eight.,他八岁时加入了一个教堂唱诗班。
en:choke:verb:1,choke,verb,呛；使窒息；阻塞；抑制；扑灭,v 呛；使窒息；阻塞；抑制；扑灭；n 窒息；噎；[动力] 阻气门,/tʃok/,/tʃəʊk/,"I felt as if there was a weight on my chest, choking me.",我感觉好像有重物压在胸口，让我喘不过气来。
en:choose:verb:1,choose,verb,选择，决定,v 选择，决定,/tʃuz/,/tʃuːz/,It took us ages to choose a new carpet.,我们挑选新地毯花了很长时间。
en:chopsticks:noun:1,chopsticks,noun,筷子,n 筷子,"/'tʃɑp,stɪks/",/'tʃɒpstɪks/,We still lack a pair of chopsticks.,还少一双筷子。
en:chorus:noun:1,chorus,noun,合唱队；齐声；歌舞队,n 合唱队；齐声；歌舞队；v 合唱；异口同声地说,/'kɔrəs/,/'kɔːrəs/,I sing with the university chorus.,我在大学合唱队里唱歌。
en:christian:noun:1,Christian,noun,基督徒，信徒,n 基督徒，信徒；adj 基督教的；信基督教的,/'krɪstʃən/,/'krɪstɪən; -tʃ(ə)n/,He was a devout Christian.,他曾是一个虔诚的基督教徒。
en:christmas:noun:1,Christmas,noun,圣诞节；圣诞节期间,n 圣诞节；圣诞节期间,,/ˈkrɪsməs/,Are you going home for Christmas?,你回家过圣诞节吗？
en:church:noun:1,church,noun,教堂；礼拜；教派,n 教堂；礼拜；教派；adj 教会的；礼拜的；v 领…到教堂接受宗教仪式,/tʃɝtʃ/,/tʃɜːtʃ/,a short church service,简短的教堂礼拜仪式
en:cigar:noun:1,cigar,noun,雪茄,n 雪茄,/sɪ'ɡɑr/,/sɪ'gɑː/,He was smoking a big cigar.,他在抽一只大雪茄。
en:cigarette:noun:1,cigarette,noun,香烟；纸烟,n 香烟；纸烟,"/ˌsɪɡəˈrɛt, ˈsɪɡəˌrɛt/",/sɪgə'ret/,a packet of cigarettes,一包香烟
en:cinema:noun:1,cinema,noun,电影；电影院；电影业，电影制作术,n 电影；电影院；电影业，电影制作术,/'sɪnəmə/,/'sɪnɪmə; -mɑː/,It’s on at the local cinema.,此片正在当地影院上映。
en:circle:noun:1,circle,noun,循环，周期；圆；圈子；圆形物,n 循环，周期；圆；圈子；圆形物；v 盘旋，旋转；环行,/'sɝkl/,/'sɜːk(ə)l/,Draw a circle 10cm in diameter.,画一个直径10厘米的圆形。
en:circuit:noun:1,circuit,noun,[电子] 电路，回路；巡回；一圈；环道,n [电子] 电路，回路；巡回；一圈；环道；v 环行,/'sɝkɪt/,/'sɜːkɪt/,We did a circuit of the old city.,我们绕着老城走了一圈。
en:circulate:verb:1,circulate,verb,传播，流传；循环；流通,v 传播，流传；循环；流通,/'sɝkjəlet/,/'sɜːkjʊleɪt/,Swimming helps to get the blood circulating through the muscles.,游泳有助于肌肉的血液循环。
en:circumstance:noun:1,circumstance,noun,环境，情况；事件；境遇,n 环境，情况；事件；境遇,/'sɝkəmstæns/,/ˈsɜːkəmstəns; ˈsɜːkəmstɑːns; ˈsɜːkəmstæns/,The Soviet Union had been forced by circumstances to sign a pact with Nazi Germany.,苏联为形势所迫同纳粹德国签订了一项条约。
en:circus:noun:1,circus,noun,马戏；马戏团,n 马戏；马戏团,/'sɝkəs/,/'sɜːkəs/,My real ambition was to work in a circus.,我真正的理想是去马戏团工作。
en:citizen:noun:1,citizen,noun,公民；市民；老百姓,n 公民；市民；老百姓,/'sɪtɪzn/,/'sɪtɪz(ə)n/,We need our schools to teach students to be good citizens.,我们需要学校把学生培养为好公民。
en:city:noun:1,city,noun,城市，都市,n 城市，都市；adj 城市的；都会的,/'sɪti/,/'sɪtɪ/,The nearest big city was St. Louis.,最近的大城市是圣路易斯。
en:civil:adjective:1,civil,adjective,公民的；民间的；文职的；有礼貌的；根据民法的,adj 公民的；民间的；文职的；有礼貌的；根据民法的；n (Civil)人名；(土)吉维尔；(法)西维尔,/'sɪvl/,/'sɪv(ə)l; -ɪl/,They were married in a civil ceremony in May.,他们在五月份举行了世俗婚礼。
en:civilian:adjective:1,civilian,adjective,民用的；百姓的，平民的,adj 民用的；百姓的，平民的；n 平民，百姓,/sə'vɪlɪən/,/sɪ'vɪlj(ə)n/,...the country's civilian population.,…这个国家的平民人口。
en:civilization:noun:1,civilization,noun,文明；文化,n 文明；文化,"/,sɪvələ'zeʃən/",/ˌsɪvɪlaɪˈzeɪʃən/,modern American civilization,现代美国文明
en:clap:verb:1,clap,verb,鼓掌，拍手；啪地关上,v 鼓掌，拍手；啪地关上；n 鼓掌；拍手声,/klæp/,/klæp/,"One man began to clap, and others joined in.",一个人鼓起了掌，其他人也跟着鼓掌。
en:clarify:verb:1,clarify,verb,澄清；阐明,v 澄清；阐明,/'klærəfaɪ/,/'klærɪfaɪ/,Reporters asked him to clarify his position (= say exactly what his beliefs are ) on welfare reform.,记者们要求他阐明他在福利改革问题上的立场。
en:class:noun:1,class,noun,阶级；班级；种类；班；等级,n 阶级；班级；种类；班；等级；v 分类；把…分等级；把…归入某等级，把…看作（或分类、归类）；把…编入某一班级；adj 极好的；很好的，优秀的，出色的,/klæs/,/klɑːs/,He had to spend about six months in a class with younger students.,他不得不在一个比他小的学生的班上呆了大约六个月。
en:classic:adjective:1,classic,adjective,经典的；古典的，传统的；最优秀的,adj 经典的；古典的，传统的；最优秀的；n 名著；经典著作；大艺术家,/'klæsɪk/,/'klæsɪk/,The Coca-Cola bottle is one of the classic designs of the last century.,可口可乐瓶是上个世纪的经典设计之一。
en:classical:adjective:1,classical,adjective,古典的；经典的；传统的；第一流的,adj 古典的；经典的；传统的；第一流的；n 古典音乐,/'klæsɪkl/,/'klæsɪk(ə)l/,the classical theory of relativity,经典相对论
en:classify:verb:1,classify,verb,分类；分等,v 分类；分等,/'klæsɪfaɪ/,/'klæsɪfaɪ/,We’d classify Drabble’s novels under ‘Romance’.,我们把德拉布尔的小说归类为“言情小说”。
en:classmate:noun:1,classmate,noun,同班同学,n 同班同学,/'klæsmet/,/'klɑːsmeɪt/,He acquainted his classmate with my sister.,他把我妹妹介绍给他的同班同学。
en:classroom:noun:1,classroom,noun,教室,n 教室,/'klæs'rʊm; 'klæs'rʊm/,/'klɑːsruːm; -rʊm/,The boy bounced out of the classroom.,那男孩突然从教室里奔出去。
en:claw:noun:1,claw,noun,爪；螯，钳；爪形器具,n 爪；螯，钳；爪形器具；v 用爪抓（或挖）,/klɔ/,/klɔː/,The cat dug his claws into my leg.,猫的爪子抓进了我的腿中。
en:clay:noun:1,clay,noun,[土壤] 粘土；泥土；肉体；似黏土的东西,n [土壤] 粘土；泥土；肉体；似黏土的东西；vt 用黏土处理,/kle/,/kleɪ/,Bricks are made from clay.,砖是用黏土制成的。
en:clean:adjective:1,clean,adjective,清洁的，干净的；清白的,adj 清洁的，干净的；清白的；v 使干净；adv 完全地；n 打扫,/klin/,/kliːn/,Are your hands clean?,你的手干净吗？
en:cleaner:noun:1,cleaner,noun,[化工] 清洁剂；清洁工；干洗店；干洗商；洗洁器,n [化工] 清洁剂；清洁工；干洗店；干洗商；洗洁器,/'klinɚ/,/'kliːnə/,a vacuum cleaner,真空吸尘器
en:clear:adjective:1,clear,adjective,清楚的；清澈的；晴朗的；无罪的,adj 清楚的；清澈的；晴朗的；无罪的；v 通过；清除；使干净；跳过；adv 清晰地；完全地；n 清除；空隙,/klɪr/,/klɪə/,clear instructions,明确的指示
en:clearly:adverb:1,clearly,adverb,清晰地；明显地；无疑地；明净地,adv 清晰地；明显地；无疑地；明净地,/'klɪrli/,/'klɪəlɪ/,"Clearly, ignoring him had been a mistake.",忽视他显然是个错误。
en:clerk:noun:1,clerk,noun,职员，办事员；店员；书记；记账员；<古>牧师，教士,n 职员，办事员；店员；书记；记账员；<古>牧师，教士；v 当销售员，当店员；当职员,/klɝk/,/klɑːk/,a clerk in a commercial firm,一家商行的文员
en:clever:adjective:1,clever,adjective,聪明的；机灵的；熟练的,adj 聪明的；机灵的；熟练的,/'klɛvɚ/,/'klevə/,a clever man,聪明的人
en:click:verb:1,click,verb,点击；使发咔哒声,v 点击；使发咔哒声；n 单击；滴答声,/klɪk/,/klɪk/,The door clicked shut behind me.,门在我身后咔嗒一声关上了。
en:climate:noun:1,climate,noun,气候；风气；思潮；风土,n 气候；风气；思潮；风土,/'klaɪmət/,/ˈklaɪmət/,Los Angeles’ warm dry climate,洛杉矶温暖干燥的气候
en:climb:verb:1,climb,verb,爬；攀登；上升,v 爬；攀登；上升；n 爬；攀登,/klaɪm/,/klaɪm/,Harry climbed the stairs.,哈里爬上楼梯。
en:clinic:noun:1,clinic,noun,临床；诊所,n 临床；诊所,/'klɪnɪk/,/'klɪnɪk/,an appointment at an outpatient clinic,门诊预约
en:clock:noun:1,clock,noun,时钟；计时器,n 时钟；计时器；v 记录；记时,/klɑk/,/klɒk/,I heard the clock strike six (= make six loud sounds ) .,我听到钟敲了六下。
en:clone:noun:1,clone,noun,克隆；无性系；无性繁殖；靠营养生殖而由母体分离繁殖的植物,n 克隆；无性系；无性繁殖；靠营养生殖而由母体分离繁殖的植物；v 无性繁殖，复制,/klon/,/kləʊn/,clone technology,克隆技术
en:close:adjective:1,close,adjective,紧密的；亲密的；亲近的,adj 紧密的；亲密的；亲近的；v 关；结束；使靠近；adv 紧密地；n 结束,/kloz/,/kləʊs/,"If you need to buy bread or milk, the closest shop is about a mile away.",如果你需要买面包或牛奶，最近的商店大概有一英里远。
en:cloth:noun:1,cloth,noun,布；织物；桌布,n 布；织物；桌布；adj 布制的,/klɔθ/,/klɒθ/,Clean the surface with a damp cloth.,用一块湿布清洗表面。
en:clothes:noun:1,clothes,noun,衣服,n 衣服,/kloz/,/kləʊ(ð)z/,What sort of clothes was he wearing?,他穿着什么样的衣服？
en:clothing:noun:1,clothing,noun,（总称）[服装] 服装；帆装,n （总称）[服装] 服装；帆装；v 覆盖（clothe的ing形式）；给…穿衣,/'kloðɪŋ/,/'kləʊðɪŋ/,basic necessities such as food and clothing,食物和衣服这类基本的生活必需品
en:cloud:noun:1,cloud,noun,云；阴云；云状物；一大群；黑斑,n 云；阴云；云状物；一大群；黑斑；v 使混乱；以云遮敝；使忧郁；玷污,/klaʊd/,/klaʊd/,Fears of renewed terrorist attacks cast a cloud over the event (= spoilt the happy situation ) .,对恐怖分子再次发动袭击的担心给这次活动蒙上了一层阴影。
en:cloudy:adjective:1,cloudy,adjective,多云的；阴天的；愁容满面的,adj 多云的；阴天的；愁容满面的,/'klaʊdi/,/'klaʊdɪ/,a cloudy night with some light rain,伴有些许小雨的多云的夜晚
en:club:noun:1,club,noun,俱乐部，社团；夜总会；棍棒；（扑克牌中的）梅花,n 俱乐部，社团；夜总会；棍棒；（扑克牌中的）梅花；v 用棍棒打；募集；adj 俱乐部的,/klʌb/,/klʌb/,Manchester United Football Club,曼联（队）足球俱乐部
en:clumsy:adjective:1,clumsy,adjective,笨拙的,adj 笨拙的,/'klʌmzi/,/'klʌmzɪ/,A clumsy waiter spilled wine all over her new skirt.,一名笨手笨脚的服务员把葡萄酒洒得她新裙子上到处都是。
en:coach:noun:1,coach,noun,教练；旅客车厢；长途公车；四轮大马车,n 教练；旅客车厢；长途公车；四轮大马车；v 训练；指导,/kotʃ/,/kəʊtʃ/,a tennis coach,网球教练
en:coal:verb:1,coal,verb,上煤；加煤,v 上煤；加煤；n 煤；煤块；木炭,/kol/,/kəʊl/,Put some coal on the fire.,往火里加点煤。
en:coast:verb:1,coast,verb,滑行；沿岸航行,v 滑行；沿岸航行；n 海岸；滑坡,/kost/,/kəʊst/,He pushed in the clutch and coasted to a halt.,他踩下离合器，滑行了一会儿便停下来了。
en:coat:noun:1,coat,noun,外套,n 外套；v 覆盖…的表面,/kot/,/kəʊt/,"Billy! Put your coat on , it’s cold outside!",比利！穿上外套，外面很冷！
en:cock:noun:1,cock,noun,公鸡；龙头；雄鸟；头目,n 公鸡；龙头；雄鸟；头目；v 使竖起；使耸立；使朝上,/kɑk/,/kɒk/,A cock crowed in the distance.,远处有只公鸡在打鸣。
en:cocoa:noun:1,cocoa,noun,可可粉；可可豆；可可饮料；深褐色,n 可可粉；可可豆；可可饮料；深褐色,/'koko/,/'kəʊkəʊ/,a cup of cocoa,一杯可可
en:coffee:noun:1,coffee,noun,咖啡；咖啡豆；咖啡色,n 咖啡；咖啡豆；咖啡色,/'kɔfi/,/'kɒfɪ/,Do you want a cup of coffee?,你要来杯咖啡吗？
en:coin:verb:1,coin,verb,铸造（货币）；杜撰，创造,v 铸造（货币）；杜撰，创造；n 硬币，钱币,/kɔɪn/,/kɒɪn/,The word ‘aromatherapy’ was coined in the 1920s. aromatherapy,（芳香疗法）这个词是在20世纪20年代创造出来的。
en:coincidence:noun:1,coincidence,noun,巧合；一致；同时发生,n 巧合；一致；同时发生,/ko'ɪnsɪdəns/,/kəʊ'ɪnsɪd(ə)ns/,‘I’m going to Appleby tomorrow.’ ‘ What a coincidence ! I’m going there too.’,“明天我要去阿普尔比。”“太巧了！我也要去那里。”
en:coke:noun:1,coke,noun,焦炭；可卡因；可口可乐（Coca-Cola）,n 焦炭；可卡因；可口可乐（Coca-Cola）；v 焦化,/kok/,/kəʊk/,...a coke-burning stove.,…一个烧焦炭的炉子。
en:cold:adjective:1,cold,adjective,寒冷的；冷淡的，不热情的；失去知觉的,adj 寒冷的；冷淡的，不热情的；失去知觉的；n 寒冷；感冒；adv 完全地,/kold/,/kəʊld/,She splashed her face with cold water.,她往脸上泼冷水。
en:collar:noun:1,collar,noun,衣领；颈圈,n 衣领；颈圈；v 抓住；给…上领子；给…套上颈圈,/'kɑlɚ/,/'kɒlə/,He grabbed me by the collar.,他抓住我的衣领。
en:colleague:noun:1,colleague,noun,同事，同僚,n 同事，同僚,/'kɑliɡ/,/'kɒliːg/,a colleague of mine from the bank,我在银行的一位同事
en:collect:verb:1,collect,verb,收集；募捐,v 收集；募捐；adv 由收件人付款地；adj 由收件人付款的；n (Collect)人名；(英)科莱克特,/kə'lɛkt/,/kə'lekt/,"After 25 years of collecting recipes, she has compiled them into a cookbook.",她搜集了25年食谱，把它们编成一本烹饪书。
en:collection:noun:1,collection,noun,采集，聚集；[税收] 征收；收藏品；募捐,n 采集，聚集；[税收] 征收；收藏品；募捐,/kə'lɛkʃən/,/kə'lekʃ(ə)n/,We’ll be taking up a collection at the end of tonight’s service.,我们在今晚的仪式之后将举行募捐活动。
en:college:noun:1,college,noun,大学；学院；学会,n 大学；学院；学会,/'kɑlɪdʒ/,/'kɒlɪdʒ/,a teacher training college,师范学院
en:collision:noun:1,collision,noun,碰撞；冲突；（意见，看法）的抵触；（政党等的）倾轧,n 碰撞；冲突；（意见，看法）的抵触；（政党等的）倾轧,/kə'lɪʒən/,/kə'lɪʒ(ə)n/,Two people were killed in a head-on collision (= between two vehicles that are moving directly towards each other ) on highway 218.,218号公路上有两辆汽车迎面相撞，两人死亡。
en:colour:verb:1,colour,verb,把…涂颜色，粉饰；歪曲；使脸红,v 把…涂颜色，粉饰；歪曲；使脸红；n 颜色；风格；气色，面色；外貌,/'kʌlɚ/,/'kʌlə/,Her eyes suddenly met his and she coloured slightly.,她的目光突然和他相遇，她微微有点脸红了。
en:comb:noun:1,comb,noun,梳子；蜂巢；鸡冠,n 梳子；蜂巢；鸡冠；v 梳头发；梳毛,/kom/,/kəʊm/,Your hair needs a good comb.,你的头发需要好好梳理一下。
en:combine:verb:1,combine,verb,使化合；使联合，使结合,v 使化合；使联合，使结合；n 联合收割机；联合企业,/kəm'baɪn/,/kəm'baɪn/,Diets are most effective when combined with exercise.,节食和锻炼相结合是最有效的。
en:come:verb:1,come,verb,来；开始；出现；发生；变成；到达,v 来；开始；出现；发生；变成；到达；int 嗨！；n (Come)人名；(英)科姆；(阿尔巴)乔梅,/kʌm/,/kʌm/,Let me know when they come.,他们来了就告诉我。
en:comedy:noun:1,comedy,noun,喜剧；喜剧性；有趣的事情,n 喜剧；喜剧性；有趣的事情,/'kɑmədi/,/'kɒmɪdɪ/,a career in stand-up comedy,单口喜剧表演职业
en:comfort:noun:1,comfort,noun,安慰；舒适；安慰者,n 安慰；舒适；安慰者；v 安慰；使（痛苦等）缓和,/'kʌmfɚt/,/'kʌmfət/,"I dress for comfort, not fashion.",我穿衣服只讲舒服，不追求时髦。
en:comfortable:adjective:1,comfortable,adjective,舒适的，舒服的,adj 舒适的，舒服的；n 盖被,/'kʌmftəbl/,/ˈkʌmftəbl/,I was so comfortable and warm in bed I didn’t want to get up.,床上又舒服又暖和，我都不想起来。
en:comma:noun:1,comma,noun,逗号；停顿,n 逗号；停顿,/'kɑmə/,/'kɒmə/,The two clauses are separated by a comma.,这两个分句由一个逗号分开。
en:command:verb:1,command,verb,命令，指挥；控制,v 命令，指挥；控制；n 指挥，控制；命令；司令部,/kə'mænd/,/kə'mɑːnd/,He commands the 4th Battalion.,他指挥第四营。
en:comment:noun:1,comment,noun,评论；意见；批评,n 评论；意见；批评；v 发表评论；发表意见,/'kɑmɛnt/,/'kɒment/,He was fined for making abusive comments to the referee.,他因谩骂裁判而被罚款。
en:commercial:adjective:1,commercial,adjective,商业的；营利的；靠广告收入的,adj 商业的；营利的；靠广告收入的；n 商业广告,/kə'mɝʃəl/,/kə'mɜːʃ(ə)l/,Our top priorities must be profit and commercial growth.,我们必须把利润和贸易增长作为我们的第一要务。
en:commit:verb:1,commit,verb,犯罪，做错事；把交托给；指派…作战；使…承担义务,v 犯罪，做错事；把交托给；指派…作战；使…承担义务,/kə'mɪt/,/kə'mɪt/,Women commit fewer crimes than men.,女性犯罪比男性少。
en:commitment:noun:1,commitment,noun,承诺，保证；委托；承担义务；献身,n 承诺，保证；委托；承担义务；献身,/kə'mɪtmənt/,/kə'mɪtm(ə)nt/,Are you ready to make a long-term commitment ?,你是否准备好作出长久的承诺？
en:committee:noun:1,committee,noun,委员会,n 委员会,/kə'mɪti/,/kə'mɪtɪ/,a committee meeting,委员会会议
en:common:adjective:1,common,adjective,共同的；普通的；一般的；通常的,adj 共同的；普通的；一般的；通常的；n 普通；平民；公有地,/'kɑmən/,/'kɒmən/,Heart disease is one of the commonest causes of death.,心脏病是最常见的死因之一。
en:communicate:verb:1,communicate,verb,通讯，传达；相通；交流；感染,v 通讯，传达；相通；交流；感染,/kə'mjunɪket/,/kə'mjuːnɪkeɪt/,We communicated mostly by e-mail.,我们主要是用电子邮件沟通。
en:communication:noun:1,communication,noun,通讯，[通信] 通信；交流；信函,n 通讯，[通信] 通信；交流；信函,"/kə,mjunɪ'keʃən/",/kəmjuːnɪ'keɪʃ(ə)n/,Good communication is vital in a large organization.,在大机构里良好的沟通是极为重要的。
en:communism:noun:1,communism,noun,共产主义,n 共产主义,/'kɑmjʊ'nɪzəm/,/'kɒmjʊnɪz(ə)m/,...the ultimate triumph of communism in the world.,…共产主义在全世界的最终胜利。
en:communist:noun:1,communist,noun,共产党员；共产主义者,n 共产党员；共产主义者；adj 共产主义的,/'kɑmjənɪst/,/'kɒmjʊnɪst/,"Without the communists in France, the resistance might not have succeeded in World War II.",如果没有法国的共产主义者，二战中的抵抗运动可能不会成功。
en:companion:noun:1,companion,noun,同伴；朋友；指南；手册,n 同伴；朋友；指南；手册；v 陪伴,/kəm'pænɪən/,/kəm'pænjən/,For ten years he had been her constant companion .,十年来他一直陪伴她左右。
en:company:noun:1,company,noun,公司；陪伴，同伴；连队,n 公司；陪伴，同伴；连队；v 交往,/'kʌmpəni/,/'kʌmp(ə)nɪ/,Which company do you work for?,你在哪家公司上班？
en:compare:noun:1,compare,noun,比较,n 比较；v 比拟，喻为；[语]构成,/kəm'pɛr/,/kəm'peə/,a beauty and an elegance beyond compare,无与伦比的美丽与优雅
en:compass:noun:1,compass,noun,指南针，罗盘；圆规,n 指南针，罗盘；圆规；v 包围,/'kʌmpəs/,/'kʌmpəs/,a map and compass,地图和指南针
en:compensate:verb:1,compensate,verb,补偿，赔偿；抵消,v 补偿，赔偿；抵消,/'kɑmpɛnset/,/'kɒmpenseɪt/,"Because my left eye is so weak, my right eye has to work harder to compensate.",因为我左眼视力差，右眼就要辛苦点来弥补一下。
en:compete:verb:1,compete,verb,竞争；比赛；对抗,v 竞争；比赛；对抗,/kəm'pit/,/kəm'piːt/,He will be competing in the 100-metre race.,他将参加100米比赛。
en:competence:noun:1,competence,noun,能力，胜任；权限；作证能力；足以过舒适生活的收入,n 能力，胜任；权限；作证能力；足以过舒适生活的收入,/'kɑmpɪtəns/,/'kɒmpɪt(ə)ns/,Typing is considered by most employers to be a basic competence.,大多数雇主认为打字是一项基本技能。
en:competition:noun:1,competition,noun,竞争；比赛，竞赛,n 竞争；比赛，竞赛,"/,kɑmpə'tɪʃən/",/kɒmpɪ'tɪʃ(ə)n/,Going to trade fairs is an ideal opportunity to size up the competition .,参加商品交易会是估量竞争规模的理想机会。
en:competitor:noun:1,competitor,noun,竞争者，对手,n 竞争者，对手,/kəm'pɛtɪtɚ/,/kəm'petɪtə/,Last year they sold twice as many computers as their competitors.,去年他们的计算机销量是竞争对手的两倍。
en:complete:adjective:1,complete,adjective,完整的；完全的；彻底的,adj 完整的；完全的；彻底的；v 完成,/kəm'plit/,/kəm'pliːt/,The police were in complete control of the situation.,警方已完全控制了局势。
en:complex:adjective:1,complex,adjective,复杂的；合成的,adj 复杂的；合成的；n 复合体；综合设施,"/kəm'plɛks; 'kɑm,plɛks/",/'kɒmpleks/,a complex system of highways,复杂的公路网
en:component:adjective:1,component,adjective,组成的，构成的,adj 组成的，构成的；n 成分；组件；[电子] 元件,/kəm'ponənt/,/kəm'pəʊnənt/,Gorbachev failed to keep the component parts of the Soviet Union together.,戈尔巴乔夫没能使苏联各组成部分保持在一起。
en:composition:noun:1,composition,noun,作文，作曲，作品；[材] 构成；合成物；成分,n 作文，作曲，作品；[材] 构成；合成物；成分,"/,kɑmpə'zɪʃən/",/kɒmpə'zɪʃ(ə)n/,Some minerals have complex chemical compositions.,有些矿物的化学构成很复杂。
en:comprehension:noun:1,comprehension,noun,理解；包含,n 理解；包含,"/,kɑmprɪ'hɛnʃən/",/kɒmprɪ'henʃ(ə)n/,Why you let her talk you into doing such a foolish thing is beyond my comprehension (= impossible for me to understand ) .,你怎么会被她说服去做这种蠢事，我实在是无法理解。
en:compromise:verb:1,compromise,verb,妥协；危害,v 妥协；危害；n 妥协，和解；折衷,/'kɑmprəmaɪz/,/'kɒmprəmaɪz/,She admitted that she was unable to compromise.,她承认自己无法作出妥协。
en:compulsory:adjective:1,compulsory,adjective,义务的；必修的；被强制的,adj 义务的；必修的；被强制的；n （花样滑冰、竞技体操等的）规定动作,/kəm'pʌlsəri/,/kəm'pʌls(ə)rɪ/,the threat of compulsory redundancies,强制性裁员的威胁
en:computer:noun:1,computer,noun,计算机；电脑；电子计算机,n 计算机；电脑；电子计算机,/kəm'pjutɚ/,/kəm'pjuːtə/,a huge global computer network,巨大的全球计算机网络
en:comrade:noun:1,comrade,noun,同志；伙伴,n 同志；伙伴,/'kɑmræd/,/'kɒmreɪd/,"Comrades, please support this motion.",同志们，请支持这项动议。
en:concentrate:verb:1,concentrate,verb,集中；浓缩；全神贯注；聚集,v 集中；浓缩；全神贯注；聚集；n 浓缩，精选；浓缩液,/'kɑnsn'tret/,/'kɒns(ə)ntreɪt/,Now please concentrate.,现在请集中注意力。
en:concept:noun:1,concept,noun,观念，概念,n 观念，概念,/'kɑnsɛpt/,/'kɒnsept/,a new concept in business travel,商务旅行的新理念
en:concern:verb:1,concern,verb,涉及，关系到；使担心,v 涉及，关系到；使担心；n 关系；关心；关心的事；忧虑,/kən'sɝn/,/kən'sɜːn/,Issues like food additives do concern me.,食品添加剂这类事情确实使我很担心。
en:concert:noun:1,concert,noun,音乐会；一致；和谐,n 音乐会；一致；和谐；v 使协调；协同安排；adj 音乐会用的；在音乐会上演出的,/'kɑnsɚt/,/'kɒnsət/,a rock concert,摇滚音乐会
en:conclude:verb:1,conclude,verb,推断；决定，作结论；结束,v 推断；决定，作结论；结束,/kən'klud/,/kən'kluːd/,"When the investigation is concluded, the results will be sent to the US Attorney’s office.",等到调查结束后，结果会被送到联邦检察官办公室。
en:conclusion:noun:1,conclusion,noun,结论；结局；推论,n 结论；结局；推论,/kən'kluʒn/,/kən'kluːʒ(ə)n/,These are the report’s main conclusions.,这些就是这篇报告的主要结论。
en:concrete:adjective:1,concrete,adjective,混凝土的；实在的，具体的；有形的,adj 混凝土的；实在的，具体的；有形的；v 凝结；n 具体物；凝结物,/'kɑŋkrit/,/'kɒŋkriːt/,a concrete floor,混凝土地面
en:condemn:verb:1,condemn,verb,谴责；判刑，定罪；声讨,v 谴责；判刑，定罪；声讨,/kən'dɛm/,/kən'dem/,Politicians were quick to condemn the bombing.,政治家们立即对爆炸事件进行了谴责。
en:condition:noun:1,condition,noun,条件；情况；环境；身份,n 条件；情况；环境；身份；v 决定；使适应；使健康；以…为条件,/kən'dɪʃən/,/kən'dɪʃ(ə)n/,Conditions in the prison were atrocious.,这座监狱的条件糟透了。
en:conduct:verb:1,conduct,verb,导电；带领,v 导电；带领；n 进行；行为；实施,/kən'dʌkt/,/'kɒndʌkt/,"Aluminium, being a metal, readily conducts heat .",铝这种金属导热性能很好。
en:conductor:noun:1,conductor,noun,导体；售票员；领导者；管理人,n 导体；售票员；领导者；管理人,/kən'dʌktɚ/,/kən'dʌktə/,Wood is a poor conductor of heat.,木头导热性能差。
en:conference:noun:1,conference,noun,会议；讨论；协商；联盟；（正式）讨论会；[工会、工党用语]（每年的）大会,n 会议；讨论；协商；联盟；（正式）讨论会；[工会、工党用语]（每年的）大会；vi 举行或参加（系列）会议,/'kɑnfərəns/,/'kɒnf(ə)r(ə)ns/,Representatives from over 100 countries attended the International Peace Conference in Geneva.,来自一百多个国家的代表出席了在日内瓦举行的国际和平大会。
en:confident:adjective:1,confident,adjective,自信的；确信的,adj 自信的；确信的,/'kɑnfɪdənt/,/'kɒnfɪd(ə)nt/,"Despite her disability, Philippa is very confident.",菲莉帕虽然有残疾，却很自信。
en:confidential:adjective:1,confidential,adjective,机密的；表示信任的；获信任的,adj 机密的；表示信任的；获信任的,"/,kɑnfɪ'dɛnʃl/",/kɒnfɪ'denʃ(ə)l/,a confidential government report,一份机密的政府报告
en:confirm:verb:1,confirm,verb,确认；确定；证实；批准；使巩固,v 确认；确定；证实；批准；使巩固,/kən'fɝm/,/kən'fɜːm/,New evidence has confirmed the first witness’s story.,新的证据证实了第一个证人的说法。
en:conflict:noun:1,conflict,noun,冲突，矛盾；斗争；争执,n 冲突，矛盾；斗争；争执；v 冲突，抵触；争执；战斗,/'kɑnflɪkt/,/'kɒnflɪkt/,the threat of industrial conflict in the coalfields,煤田发生劳资纠纷的风险
en:confuse:verb:1,confuse,verb,使混乱；使困惑,v 使混乱；使困惑,/kən'fjʊz/,/kən'fjuːz/,I understand the text but the diagrams are confusing me.,文字我理解，但是图表把我弄糊涂了。
en:congratulate:verb:1,congratulate,verb,祝贺；恭喜；庆贺,v 祝贺；恭喜；庆贺,/kən'ɡrætʃulet/,/kən'grætjʊleɪt/,He never even stopped to congratulate me.,他甚至没有过来向我祝贺。
en:congratulation:noun:1,congratulation,noun,祝贺；贺辞,n 祝贺；贺辞,"/kən,ɡrætʃu'leʃən/",/kəngrætjʊ'leɪʃ(ə)n/,letters of congratulation,祝贺信
en:connect:verb:1,connect,verb,连接；联合；关连,v 连接；联合；关连,/kə'nɛkt/,/kə'nekt/,We’d like two rooms with connecting doors (= doors that join the rooms ) .,我们想要两个有门相通的房间。
en:connection:noun:1,connection,noun,连接；关系；人脉；连接件,n 连接；关系；人脉；连接件,/kə'nɛkʃən/,/kəˈnekʃn/,Police have so far failed to establish a connection between the two murders.,到目前为止警方尚未确定两宗凶杀案之间有关联。
en:conscience:noun:1,conscience,noun,道德心，良心,n 道德心，良心,/ˈkɑːnʃəns/,/'kɒnʃ(ə)ns/,"Well, at least I can face them all with a clear conscience (= the knowledge that you have done nothing wrong ) .",好吧，至少我可以问心无愧地面对他们所有人。
en:consensus:noun:1,consensus,noun,一致；舆论；合意,n 一致；舆论；合意,/kən'sɛnsəs/,/kən'sensəs/,The EU Council of Finance Ministers failed to reach a consensus on the pace of integration.,欧盟财政部长会议未能就一体化的进度达成共识。
en:consequence:noun:1,consequence,noun,结果；重要性；推论,n 结果；重要性；推论,/'kɑnsəkwɛns/,/'kɒnsɪkw(ə)ns/,I don’t suppose it is of any consequence now.,现在我觉得这事一点都无所谓了。
en:conservation:noun:1,conservation,noun,保存，保持；保护,n 保存，保持；保护,"/,kɑnsɚ'veʃən/",/kɒnsə'veɪʃ(ə)n/,wildlife conservation,野生生物保护
en:conservative:adjective:1,conservative,adjective,保守的,adj 保守的；n 保守派，守旧者,/kən'sɝvətɪv/,/kən'sɜːvətɪv/,a very conservative attitude to education,对待教育非常守旧的态度
en:consider:verb:1,consider,verb,考虑；认为；考虑到；细想,v 考虑；认为；考虑到；细想,/kən'sɪdɚ/,/kən'sɪdə/,We will have to consider your offer carefully .,我们得仔细考虑你的提议。
en:considerate:adjective:1,considerate,adjective,体贴的；体谅的；考虑周到的,adj 体贴的；体谅的；考虑周到的,/kənˈsɪdərɪt/,/kən'sɪd(ə)rət/,He was always kind and considerate.,他总是很善良，为别人着想。
en:consideration:noun:1,consideration,noun,考虑；原因；关心；报酬,n 考虑；原因；关心；报酬,"/kən,sɪdə'reʃən/",/kənsɪdə'reɪʃ(ə)n/,proposals put forward for consideration,提请考虑的建议
en:consist:verb:1,consist,verb,由…组成；在于；符合,v 由…组成；在于；符合,/kən'sɪst/,/kən'sɪst/,My diet consisted almost exclusively of chocolate-covered cookies and glasses of milk.,我的饮食几乎只包含裹上巧克力的曲奇饼和一杯杯牛奶。
en:consistent:adjective:1,consistent,adjective,始终如一的，一致的；坚持的,adj 始终如一的，一致的；坚持的,/kən'sɪstənt/,/kən'sɪst(ə)nt/,The evidence is not consistent.,证词前后不一致。
en:constant:adjective:1,constant,adjective,不变的；恒定的；经常的,adj 不变的；恒定的；经常的；n [数] 常数；恒量,/'kɑnstənt/,/'kɒnst(ə)nt/,There was a constant stream of visitors to the house.,参观这幢房子的游客川流不息。
en:constitution:noun:1,constitution,noun,宪法；体制；章程；构造；建立，组成；体格,n 宪法；体制；章程；构造；建立，组成；体格,/'kɑnstə'tʊʃən/,/kɒnstɪ'tjuːʃ(ə)n/,The right to speak freely is written into the Constitution of the United States.,言论自由的权利被写入美国宪法。
en:construct:verb:1,construct,verb,建造，构造；创立,v 建造，构造；创立；n 构想，概念,/kən'strʌkt/,/kən'strʌkt/,There are plans to construct a new road bridge across the river.,有计划要建造一条新的跨河公路桥。
en:construction:noun:1,construction,noun,建设；建筑物；解释；造句,n 建设；建筑物；解释；造句,/kən'strʌkʃən/,/kən'strʌkʃ(ə)n/,a road construction project,道路修建计划
en:consult:verb:1,consult,verb,查阅；商量；向…请教,v 查阅；商量；向…请教,/kən'sʌlt/,/kən'sʌlt/,"If symptoms persist, consult a doctor without delay.",如果症状持续的话，马上咨询医生。
en:consultant:noun:1,consultant,noun,顾问；咨询者；会诊医生,n 顾问；咨询者；会诊医生,/kən'sʌltənt/,/kən'sʌlt(ə)nt/,a management consultant,管理顾问
en:consume:verb:1,consume,verb,消耗，消费；使…著迷；挥霍,v 消耗，消费；使…著迷；挥霍,/kənˈsum/,/kən'sjuːm/,Only 27% of the paper we consume is recycled.,我们消耗的纸张只有 27% 得到回收利用。
en:contain:verb:1,contain,verb,包含；控制；容纳；牵制（敌军）,v 包含；控制；容纳；牵制（敌军）,/kən'ten/,/kən'teɪn/,The thieves stole a purse containing bank-notes.,小偷们偷到了一个里面有钞票的钱包。
en:container:noun:1,container,noun,集装箱；容器,n 集装箱；容器,/kən'tenɚ/,/kən'teɪnə/,ice cream in plastic containers,塑料容器里的冰激凌
en:contemporary:noun:1,contemporary,noun,同时代的人；同时期的东西,n 同时代的人；同时期的东西；adj 当代的；同时代的；属于同一时期的,/kən'tɛmpərɛri/,/kən'temp(ə)r(ər)ɪ/,"Like most of my contemporaries, I grew up in a vastly different world.",像我同时代的大多数人一样，我在一个非常不同的世界里长大。
en:content:noun:1,content,noun,内容，目录；满足；容量,n 内容，目录；满足；容量；adj 满意的；v 使满足,/'kɑntɛnt/,/kən'tent/,water with a low salt content,含盐量低的水
en:continent:noun:1,continent,noun,大陆，洲，陆地,n 大陆，洲，陆地；adj 自制的，克制的,/'kɑntɪnənt/,/'kɒntɪnənt/,the continents of Asia and Africa,亚洲及非洲大陆
en:continue:verb:1,continue,verb,继续，延续；仍旧，连续,v 继续，延续；仍旧，连续,/kən'tɪnju/,/kən'tɪnjuː/,He will be continuing his education in the US.,他将在美国继续求学。
en:contradict:verb:1,contradict,verb,反驳；否定；与…矛盾；与…抵触,v 反驳；否定；与…矛盾；与…抵触,/'kɑntrə'dɪkt/,/kɒntrə'dɪkt/,"Deborah opened her mouth to contradict, but closed it again.",黛博拉张口想要反驳，但又把嘴闭上了。
en:contradictory:adjective:1,contradictory,adjective,矛盾的；反对的；反驳的；抗辩的,adj 矛盾的；反对的；反驳的；抗辩的；n 对立物；矛盾因素,"/,kɑntrə'dɪktəri/",/kɒntrə'dɪkt(ə)rɪ/,Customs officials have made a series of contradictory statements about the equipment.,海关官员们对于这种设备做出了一系列相互矛盾的陈述。
en:contrary:adjective:1,contrary,adjective,相反的；对立的,adj 相反的；对立的；adv 相反地；n 相反；反面,/'kɑntrɛri/,/'kɒntrərɪ/,Two contrary views emerged.,出现了两种相反的观点。
en:contribute:verb:1,contribute,verb,贡献，出力；投稿；捐献,v 贡献，出力；投稿；捐献,/kən'trɪbjut/,/kən'trɪbjuːt; 'kɒntrɪbjuːt/,The three sons also contribute to the family business.,3个儿子也为家族企业做贡献。
en:contribution:noun:1,contribution,noun,贡献；捐献；投稿,n 贡献；捐献；投稿,"/,kɑntrɪ'bjuʃən/",/kɒntrɪ'bjuːʃ(ə)n/,a campaign contribution,竞选捐款
en:control:noun:1,control,noun,控制；管理；抑制；操纵装置,n 控制；管理；抑制；操纵装置；v 控制；管理；抑制,/kən'trol/,/kən'trəʊl/,The disease robs you of muscle control.,这种疾病会让你丧失肌肉控制力。
en:controversial:adjective:1,controversial,adjective,有争议的；有争论的,adj 有争议的；有争论的,"/,kɑntrə'vɝʃl/",/kɒntrə'vɜːʃ(ə)l/,the controversial issue of welfare reform,福利改革这一有争议的话题
en:convenience:noun:1,convenience,noun,便利；厕所；便利的事物,n 便利；厕所；便利的事物,/kən'vinɪəns/,/kən'viːnɪəns/,Ready meals sell well because of their convenience.,即食餐因为方便销路好。
en:convenient:adjective:1,convenient,adjective,方便的；[废语]适当的；[口语]近便的；实用的,adj 方便的；[废语]适当的；[口语]近便的；实用的,/kən'vinɪənt/,/kən'viːnɪənt/,Mail-order catalogs are a convenient way to shop.,使用邮购目录是一种方便的购物方式。
en:conventional:adjective:1,conventional,adjective,符合习俗的，传统的；常见的；惯例的,adj 符合习俗的，传统的；常见的；惯例的,/kən'vɛnʃənl/,/kən'venʃ(ə)n(ə)l/,Internet connections through conventional phone lines are fairly slow.,通过传统的电话线来连接因特网速度很慢。
en:conversation:noun:1,conversation,noun,交谈，会话；社交；交往，交际；会谈；（人与计算机的）人机对话,n 交谈，会话；社交；交往，交际；会谈；（人与计算机的）人机对话,"/,kɑnvɚ'seʃən/",/kɒnvə'seɪʃ(ə)n/,a telephone conversation,电话交谈
en:convey:verb:1,convey,verb,传达；运输；让与,v 传达；运输；让与,/kən've/,/kən'veɪ/,All this information can be conveyed in a simple diagram.,所有这些信息可以通过一张简单的图表来表示。
en:convince:verb:1,convince,verb,说服；使确信，使信服,v 说服；使确信，使信服,/kən'vɪns/,/kən'vɪns/,"Her arguments didn’t convince everyone, but changes were made.",她的论点不能说服每个人，但还是引起了一些变化。
en:cook:verb:1,cook,verb,烹调，煮,v 烹调，煮；n 厨师，厨子,/kʊk/,/kʊk/,Where did you learn to cook?,你在哪里学烹调的？
en:cooker:noun:1,cooker,noun,炊具；烹饪用水果；窜改者,n 炊具；烹饪用水果；窜改者,/'kʊkɚ/,/'kʊkə/,a gas cooker,煤气炉灶
en:cookie:noun:1,cookie,noun,饼干；小甜点,n 饼干；小甜点,/'kʊki/,/'kʊkɪ/,a glass of milk and a cookie,一杯牛奶和一块小甜饼
en:cool:adjective:1,cool,adjective,凉爽的；冷静的；出色的,adj 凉爽的；冷静的；出色的；v 使…冷却；使…平静下来；n 凉爽；凉爽的空气；adv 冷静地,/kul/,/kuːl/,She swam out into the cool water.,她往外游向清凉的水里。
en:copy:verb:1,copy,verb,复制；复印；抄袭,v 复制；复印；抄袭；n 副本；一册；摹仿,/'kɑpi/,/'kɒpɪ/,"Could you copy this letter and send it out, please?",你能把这封信复印一份发出去吗？
en:coral:noun:1,coral,noun,珊瑚；珊瑚虫,n 珊瑚；珊瑚虫；adj 珊瑚的；珊瑚色的,/'kɔrəl/,/'kɒr(ə)l/,The seas around Bermuda are full of colourful corals and fantastic fish.,百慕大周围的海域中到处都是五彩的珊瑚虫和奇异的鱼类。
en:cordless:noun:1,cordless,noun,不用电线的,n 不用电线的；adj 无线的（副词cordlessly）,/'kɔrdləs/,/'kɔːdlɪs/,a cordless phone,无线电话
en:corn:noun:1,corn,noun,（美）玉米；（英）谷物；[皮肤] 鸡眼,n （美）玉米；（英）谷物；[皮肤] 鸡眼；v 腌；使成颗粒,/kɔrn/,/kɔːn/,fields of corn,一片片麦田
en:corner:noun:1,corner,noun,角落，拐角处；地区，偏僻处；困境，窘境,n 角落，拐角处；地区，偏僻处；困境，窘境；v 囤积；相交成角,/'kɔrnɚ/,/'kɔːnə/,He pulled a dirty handkerchief out by its corner and waved it at me.,他拽出一块脏手帕，捏着一角向我挥动。
en:corporation:noun:1,corporation,noun,公司；法人（团体）；社团；大腹便便；市政当局,n 公司；法人（团体）；社团；大腹便便；市政当局,"/,kɔrpə'reʃən/",/kɔːpə'reɪʃ(ə)n/,He works for a large American corporation.,他在一家美国大公司工作。
en:correct:verb:1,correct,verb,改正；告诫,v 改正；告诫；adj 正确的；恰当的；端正的,/kə'rɛkt/,/kə'rekt/,Correct my pronunciation if it’s wrong.,如果我的发音错了，请给我纠正。
en:correction:noun:1,correction,noun,改正，修正,n 改正，修正,/kə'rɛkʃən/,/kə'rekʃ(ə)n/,"I just need to make a few corrections , and then we can send it to the printer.",我只要修改几个地方，然后就可以把它发送到打印机。
en:correspond:verb:1,correspond,verb,符合，一致；相应；通信,v 符合，一致；相应；通信,"/,kɔrə'spɑnd/",/kɒrɪ'spɒnd/,The two halves of the document did not correspond.,这份文件的前后两部分不相符。
en:corrupt:adjective:1,corrupt,adjective,腐败的，贪污的；堕落的,adj 腐败的，贪污的；堕落的；v 使腐烂；使堕落，使恶化,/kə'rʌpt/,/kə'rʌpt/,Corrupt judges have taken millions of dollars in bribes.,腐败的法官接受了几百万美元的贿赂。
en:cost:verb:1,cost,verb,花费；使付出；使花许多钱,v 花费；使付出；使花许多钱；n 费用，代价，成本；损失,/kɔst/,/kɒst/,We’ll get the plan costed before presenting it to the board.,在把计划提交董事会以前，我们会核算成本。
en:cosy:adjective:1,cosy,adjective,舒适的；惬意的,adj 舒适的；惬意的；n 保温罩,/ˈkozi/,/'kəʊzɪ/,The living room was warm and cosy .,客厅暖和又舒适。
en:cottage:noun:1,cottage,noun,小屋；村舍；（农舍式的）小别墅,n 小屋；村舍；（农舍式的）小别墅,/'kɑtɪdʒ/,/'kɒtɪdʒ/,a country cottage,乡间小屋
en:cotton:noun:1,cotton,noun,棉花；棉布；棉线,n 棉花；棉布；棉线；v 一致；理解；和谐；亲近；adj 棉的；棉制的,/'kɑtn/,/'kɒt(ə)n/,a white cotton shirt,白色棉布衬衫
en:cough:noun:1,cough,noun,咳嗽，咳嗽声；咳嗽病,n 咳嗽，咳嗽声；咳嗽病；v 咳出,/kɔf/,/kɒf/,He’s got a bad cough.,他咳嗽得很厉害。
en:could:auxiliary:1,could,auxiliary,能够,aux 能够；v 能（can的过去式）,/kʊd/,/kəd; kʊd/,"I could do it, he mused.",我能做这件事，他沉思着。
en:count:verb:1,count,verb,计算；认为,v 计算；认为；n 计数；计算；伯爵,/kaʊnt/,/kaʊnt/,"There are more than two thousand of us, not counting the crew.",我们有两千多人，不包括工作人员在内。
en:counter:noun:1,counter,noun,柜台；对立面；计数器；（某些棋盘游戏的）筹码,n 柜台；对立面；计数器；（某些棋盘游戏的）筹码；v 反击，还击；反向移动，对着干；反驳，回答；adj 相反的；adv 反方向地；背道而驰地,/'kaʊntɚ/,/'kaʊntə/,He wondered if the girl behind the counter recognised him.,他在想柜台后面的那个女孩是否认出了他。
en:country:noun:1,country,noun,国家，国土；国民；乡下，农村；乡村；故乡,n 国家，国土；国民；乡下，农村；乡村；故乡；adj 祖国的，故乡的；地方的，乡村的；国家的；粗鲁的；乡村音乐的,/'kʌntri/,/'kʌntrɪ/,the Scandinavian countries,斯堪的纳维亚国家
en:countryside:noun:1,countryside,noun,农村，乡下；乡下的全体居民,n 农村，乡下；乡下的全体居民,/'kʌntrɪsaɪd/,/'kʌntrɪsaɪd/,The house had lovely views over open countryside .,这房子望出去是开阔的乡村美景。
en:couple:noun:1,couple,noun,对；夫妇；数个,n 对；夫妇；数个；v 结合；成婚,/'kʌpl/,/'kʌp(ə)l/,a newly married couple,一对新婚夫妇
en:courage:noun:1,courage,noun,勇气；胆量,n 勇气；胆量,/'kɝrɪdʒ/,/'kʌrɪdʒ/,Sue showed great courage throughout her illness.,休在生病期间表现出了极大的勇气。
en:course:noun:1,course,noun,科目；课程；过程；进程；道路；路线，航向；一道菜,n 科目；课程；过程；进程；道路；路线，航向；一道菜；v 追赶；跑过,/kɔrs/,/kɔːs/,of course,一定，当然
en:court:noun:1,court,noun,法院；球场；朝廷；奉承,n 法院；球场；朝廷；奉承；v 招致（失败、危险等）；向…献殷勤；设法获得,/kɔrt/,/kɔːt/,It could not be proved in a court of law.,这无法在法庭上证实。
en:courtyard:noun:1,courtyard,noun,庭院，院子；天井,n 庭院，院子；天井,/'kɔrtjɑrd/,/'kɔːtjɑːd/,the castle courtyard,城堡的庭院
en:cousin:noun:1,cousin,noun,堂兄弟姊妹；表兄弟姊妹,n 堂兄弟姊妹；表兄弟姊妹,/'kʌzn/,/'kʌz(ə)n/,My cousin Mark helped me to bring in the bags.,我表弟马克帮我把包提了进来。
en:cover:verb:1,cover,verb,包括；采访，报导；涉及,v 包括；采访，报导；涉及；n 封面，封皮；盖子；掩蔽物;幌子，借口,/'kʌvɚ/,/'kʌvə/,a course covering business law,一门包括商业法的课程
en:cow:noun:1,cow,noun,奶牛，母牛；母兽,n 奶牛，母牛；母兽；v 威胁，恐吓,/kaʊ/,/kaʊ/,a herd of cows,一群牛
en:cowboy:noun:1,cowboy,noun,牛仔；牧童；莽撞的人,n 牛仔；牧童；莽撞的人,/'kaʊbɔɪ/,/'kaʊbɒɪ/,Boys used to play at cowboys and Indians.,男孩子们过去常玩牛仔和印第安人的游戏。
en:crash:noun:1,crash,noun,撞碎；坠毁；破产；轰隆声；睡觉,n 撞碎；坠毁；破产；轰隆声；睡觉；v 摔碎；坠落；发出隆隆声；(金融企业等)破产,/kræʃ/,/kræʃ/,a crash victim,车祸受害者
en:crayon:noun:1,crayon,noun,蜡笔，有色粉笔,n 蜡笔，有色粉笔；v 以蜡笔作画，用颜色粉笔画,/ˈkreɪən; ˈkreɪˌɑn/,/ˈkreɪən/,He coloured the picture with crayon.,他用蜡笔给画上色。
en:crazy:adjective:1,crazy,adjective,疯狂的；狂热的，着迷的,adj 疯狂的；狂热的，着迷的,/'krezi/,/'kreɪzɪ/,The neighbours must think we’re crazy.,邻居一定会认为我们疯了。
en:cream:noun:1,cream,noun,奶油，乳脂；精华；面霜；乳酪,n 奶油，乳脂；精华；面霜；乳酪,/krim/,/kriːm/,fresh cream,鲜奶油
en:create:verb:1,create,verb,创造，创作；造成,v 创造，创作；造成,/krɪ'et/,/kriː'eɪt/,Some people believe the universe was created by a big explosion.,有些人认为宇宙是通过一次大爆炸创造出来的。
en:creature:noun:1,creature,noun,动物，生物；人；创造物,n 动物，生物；人；创造物,/'kritʃɚ/,/'kriːtʃə/,all the living creatures in the sea,海洋中所有的生物
en:credit:noun:1,credit,noun,信用，信誉；[金融] 贷款；学分；信任；声望,n 信用，信誉；[金融] 贷款；学分；信任；声望；v 相信，信任；把…归给，归功于；赞颂,/'krɛdɪt/,/'kredɪt/,The store agreed to let him have credit.,商店同意他赊购。
en:crew:noun:1,crew,noun,队，组；全体人员，全体船员,n 队，组；全体人员，全体船员；v 一起工作,/krʊ/,/kruː/,"The plane crashed, killing two of the crew and four passengers.",飞机坠毁，造成两名机组人员和四名乘客死亡。
en:crime:noun:1,crime,noun,罪行，犯罪；罪恶；犯罪活动,n 罪行，犯罪；罪恶；犯罪活动；vt 控告……违反纪律,/kraɪm/,/kraɪm/,We moved here because there was very little crime.,我们搬到这里来是因为这里的犯罪率很低。
en:criminal:noun:1,criminal,noun,罪犯,n 罪犯；adj 刑事的；犯罪的；罪恶的,/'krɪmɪnl/,/'krɪmɪn(ə)l/,Police have described the man as a violent and dangerous criminal.,警方形容那名男子是个凶暴而危险的罪犯。
en:criterion:noun:1,criterion,noun,（批评判断的）标准；准则；规范；准据,n （批评判断的）标准；准则；规范；准据,/kraɪˈtɪriən/,/kraɪ'tɪərɪən/,the criteria we use to select candidates,我们挑选候选人的标准
en:crop:noun:1,crop,noun,产量；农作物；庄稼；平头,n 产量；农作物；庄稼；平头；v 种植；收割；修剪；剪短,/krɑp/,/krɒp/,The main crops were oats and barley.,主要作物是燕麦和大麦。
en:cross:noun:1,cross,noun,交叉，十字；十字架，十字形物,n 交叉，十字；十字架，十字形物；v 交叉；杂交；横过；adj 交叉的，相反的；乖戾的；生气的,/krɔs/,/krɒs/,The by-pass crosses Wilton Lane shortly after a roundabout.,这条旁道绕过环岛后不久就和威尔顿巷相交。
en:crossing:noun:1,crossing,noun,十字路口；杂交；横渡；横道,n 十字路口；杂交；横渡；横道；v 横越（cross的现在分词）,/'krɔsɪŋ/,/'krɒsɪŋ/,You must give way to any pedestrians on the crossing.,必须让人行横道上的行人先行。
en:crossroads:noun:1,crossroads,noun,十字路口；交叉路口；聚会的中心地点（crossroad的复数形式）,n 十字路口；交叉路口；聚会的中心地点（crossroad的复数形式）,/'krɔsrodz/,/'krɒsrəʊdz/,The car was approaching the crossroads.,汽车正驶近交叉路口。
en:crowd:noun:1,crowd,noun,"群众,一伙;一堆,许多,大众","n 群众,一伙;一堆,许多,大众；v 拥挤,挤满,挤进",/kraʊd/,/kraʊd/,A vast crowd gathered in the main square.,主广场上聚集了一大群人。
en:crowded:adjective:1,crowded,adjective,拥挤的；塞满的,adj 拥挤的；塞满的；v 拥挤（crowd的过去分词）,/'kraʊdɪd/,/'kraʊdɪd/,a crowded room,拥挤的房间
en:cruel:adjective:1,cruel,adjective,残酷的，残忍的；使人痛苦的，让人受难的；无情的，严酷的,adj 残酷的，残忍的；使人痛苦的，让人受难的；无情的，严酷的,/'kruəl/,/krʊəl/,His death was a cruel blow .,他的死是个无情的打击。
en:cry:verb:1,cry,verb,叫喊；哭出；大声说,v 叫喊；哭出；大声说；n 叫喊；叫声；口号；呼叫,/kraɪ/,/kraɪ/,‘Stop!’ she cried.,“停下！”她喊道。
en:cube:noun:1,cube,noun,立方；立方体；骰子,n 立方；立方体；骰子；v 使成立方形；使自乘二次；量…的体积,/kjʊb/,/kjuːb/,a sugar cube,一块方糖
en:cubic:adjective:1,cubic,adjective,立方体的，立方的,adj 立方体的，立方的；n (Cubic)人名；(罗)库比克,/'kjubɪk/,/'kjuːbɪk/,the cubic capacity of an engine,引擎汽缸的容积
en:cuisine:noun:1,cuisine,noun,烹饪，烹调法,n 烹饪，烹调法,/kwɪ'zin/,/kwɪ'ziːn/,French cuisine,法式烹饪
en:culture:noun:1,culture,noun,文化，文明；修养；栽培,n 文化，文明；修养；栽培；v [细胞][微] 培养（等于cultivate）,/'kʌltʃɚ/,/'kʌltʃə/,We speak Danish at home so that the boys don’t lose touch with their language and culture.,我们在家说丹麦语，这样男孩子们就不会脱离他们的语言和文化。
en:cup:noun:1,cup,noun,杯子；奖杯；酒杯,n 杯子；奖杯；酒杯；v 使成杯状；为…拔火罐,/kʌp/,/kʌp/,Mathew picked up the cup and sipped his coffee.,马修拿起杯子抿了口咖啡。
en:cupboard:noun:1,cupboard,noun,碗柜；食橱,n 碗柜；食橱,/'kʌbɚd/,/'kʌbəd/,It’s in the kitchen cupboard.,它在厨房的碗柜里。
en:cure:verb:1,cure,verb,治疗；治愈；使硫化；加工处理,v 治疗；治愈；使硫化；加工处理；n 治疗；治愈；[临床] 疗法,/kjʊr/,/kjʊə; kjɔː/,Many types of cancer can now be cured.,现在许多癌症都可以治好。
en:curious:adjective:1,curious,adjective,好奇的，有求知欲的；古怪的；爱挑剔的,adj 好奇的，有求知欲的；古怪的；爱挑剔的,/'kjʊrɪəs/,/'kjʊərɪəs/,Puppies are naturally curious.,小狗天生好奇。
en:currency:noun:1,currency,noun,货币；通货,n 货币；通货,/ˈkɜrənsi/,/'kʌr(ə)nsɪ/,The bank can supply you with foreign currency .,这家银行能为你提供外币。
en:curriculum:noun:1,curriculum,noun,课程,n 课程,/kə'rɪkjələm/,/kə'rɪkjʊləm/,Languages are an essential part of the school curriculum.,语言是学校课程中必不可少的部分。
en:curtain:noun:1,curtain,noun,幕；窗帘,n 幕；窗帘；v 遮蔽；装上门帘,/'kɝtn/,/'kɜːt(ə)n/,red velvet curtains,红色的丝绒窗帘
en:cushion:noun:1,cushion,noun,垫子；起缓解作用之物；（猪等的）臀肉；银行储蓄,n 垫子；起缓解作用之物；（猪等的）臀肉；银行储蓄；v 给…安上垫子；把…安置在垫子上；缓和…的冲击,/'kʊʃən/,/'kʊʃ(ə)n/,a velvet cushion,天鹅绒垫子
en:custom:noun:1,custom,noun,习惯，惯例；风俗；海关，关税；经常光顾；[总称]（经常性的）顾客,n 习惯，惯例；风俗；海关，关税；经常光顾；[总称]（经常性的）顾客；adj （衣服等）定做的，定制的,/'kʌstəm/,/'kʌstəm/,"He awoke early, as was his custom.",他很早醒来，这是他的习惯。
en:customer:noun:1,customer,noun,顾客；家伙,n 顾客；家伙,/'kʌstəmɚ/,/'kʌstəmə/,We aim to offer good value and service to all our customers.,我们力求为所有的客户提供物有所值的商品和服务。
en:customs:noun:1,customs,noun,海关；风俗（custom的复数）；习惯；关税,n 海关；风俗（custom的复数）；习惯；关税,/'kʌstəmz/,/'kʌstəmz/,What right does Customs have to search my car?,海关有什么权力搜查我的车？
en:cut:noun:1,cut,noun,伤口；切口；削减；（服装等的）式样；削球；切入,n 伤口；切口；削减；（服装等的）式样；削球；切入；v [机] 切割；削减；缩短；刺痛；adj 割下的；雕过的；缩减的,/kʌt/,/kʌt/,There will be cuts across all levels of the company.,公司上下各级都将削减开支。
en:cycle:noun:1,cycle,noun,循环；周期；自行车；整套；一段时间,n 循环；周期；自行车；整套；一段时间；v 使循环；使轮转,/'saɪkl/,/'saɪk(ə)l/,a woman’s menstrual cycle,女性的月经周期
en:cyclist:noun:1,cyclist,noun,骑自行车的人,n 骑自行车的人,/'saɪklɪst/,/'saɪklɪst/,...better protection for pedestrians and cyclists.,…对行人和骑自行车的人的更好保护。
en:dad:noun:1,dad,noun,爸爸；爹爹,n 爸爸；爹爹,/dæd/,/dæd/,She lives with her mom and dad.,她和爸爸妈妈一起住。
en:daily:adjective:1,daily,adjective,日常的；每日的,adj 日常的；每日的；n 日报；朝来夜去的女佣；adv 日常地；每日；天天,/'delɪ/,/'deɪlɪ/,daily flights to Miami,每日飞往迈阿密的航班
en:dam:verb:1,dam,verb,控制；筑坝,v 控制；筑坝；n [水利] 水坝；障碍,/dæm/,/dæm/,They built a dam along the seashore to retain the seawater.,他们沿海岸筑起一道堤坝以拦住海水。
en:damage:noun:1,damage,noun,损害；损毁；赔偿金,n 损害；损毁；赔偿金；v 损害；损毁,/'dæmɪdʒ/,/'dæmɪdʒ/,These chemicals have been found to cause serious environmental damage.,经发现，这些化学物质会造成严重的环境破坏。
en:damp:verb:1,damp,verb,使潮湿；使阻尼；使沮丧，抑制,v 使潮湿；使阻尼；使沮丧，抑制；n 潮湿，湿气；adj 潮湿的,/dæmp/,/dæmp/,Damp had stained the walls.,墙上留下了潮湿的痕迹。
en:dance:noun:1,dance,noun,舞蹈；舞会；舞曲,n 舞蹈；舞会；舞曲；v 跳舞；跳跃；飘扬；adj 舞蹈的；用于跳舞的,/dæns/,/dɑːns/,The waltz is an easy dance to learn.,华尔兹这种舞很容易学。
en:danger:noun:1,danger,noun,危险；危险物，威胁,n 危险；危险物，威胁,/'dendʒɚ/,/'deɪn(d)ʒə/,Danger! No boats beyond this point.,危险！船只不可越过此处。
en:dangerous:adjective:1,dangerous,adjective,危险的,adj 危险的,/'dendʒərəs/,/'deɪn(d)ʒ(ə)rəs/,laws about dangerous dogs,有关危险犬类的法律
en:dare:noun:1,dare,noun,挑战；挑动,n 挑战；挑动；v 敢冒；不惧,/dɛr/,/deə/,Jones broke into a military base on a dare.,约翰接受了挑战，冲进一个军事基地。
en:dark:adjective:1,dark,adjective,黑暗的，深色的；模糊的；无知的；忧郁的,adj 黑暗的，深色的；模糊的；无知的；忧郁的；n 黑暗；夜；黄昏；模糊,/dɑrk/,/dɑːk/,The church was dark and quiet.,教堂里黑魆魆的，寂静无声。
en:darkness:noun:1,darkness,noun,黑暗；模糊；无知；阴郁,n 黑暗；模糊；无知；阴郁,/'dɑrknəs/,,the long hours of darkness during winter,冬季漫长的黑夜
en:dash:noun:1,dash,noun,破折号；冲撞,n 破折号；冲撞；v 使…破灭；猛撞；泼溅,/dæʃ/,/dæʃ/,...a 160-mile dash to the hospital.,…飞奔160英里赶向医院。
en:data:noun:1,data,noun,数据（datum的复数）；资料,n 数据（datum的复数）；资料,/'detə/,/'deɪtə/,The research involves collecting data from two random samples.,该项研究需要从两个随机样本里收集资料。
en:database:noun:1,database,noun,数据库，资料库,n 数据库，资料库,/'detəbes/,/'deɪtəbeɪs/,customer details held on a database,存储在数据库内的客户详细信息
en:date:noun:1,date,noun,日期；约会；年代；枣椰子,n 日期；约会；年代；枣椰子；v 过时；注明日期；始于（某一历史时期）,/det/,/deɪt/,The date on the letter was 30th August 1962.,信上的日期是1962年8月30日。
en:daughter:noun:1,daughter,noun,女儿；[遗][农学] 子代,n 女儿；[遗][农学] 子代；adj 女儿的；子代的,/'dɔtɚ/,/'dɔːtə/,She’s got two daughters and one son.,她有两个女儿和一个儿子。
en:dawn:noun:1,dawn,noun,黎明；开端,n 黎明；开端；v 破晓；出现；被领悟,/dɔn/,/dɔːn/,"When dawn broke (= the first light of the day appeared ) , we were still 50 miles from Calcutta.",破晓的时候，我们离加尔各答还有50英里。
en:day:noun:1,day,noun,一天；时期；白昼,n 一天；时期；白昼；adv 每天；经常在白天地；adj 日间的；逐日的,/de/,/deɪ/,We spent three days in Paris.,我们在巴黎度过了三天。
en:daylight:noun:1,daylight,noun,白天；日光；黎明；公开,n 白天；日光；黎明；公开,/'delaɪt/,/'deɪlaɪt/,The park is open to the public during daylight hours .,公园白天对公众开放。
en:dead:adjective:1,dead,adjective,无生命的；呆板的；废弃了的,adj 无生命的；呆板的；废弃了的；adv 完全地；n 死者,/dɛd/,/ded/,Her mother had been dead for ten years.,她母亲去世十年了。
en:deadline:noun:1,deadline,noun,截止期限，最后期限,n 截止期限，最后期限,/ˈdedlaɪn/,/'dedlaɪn/,I’m always working under pressure to meet deadlines (= finish something on time ) .,我总是在赶工期的压力下工作。
en:deaf:adjective:1,deaf,adjective,聋的,adj 聋的,/dɛf/,/def/,communication between deaf and hearing people,失聪者和听力正常者之间的交流
en:deal:verb:1,deal,verb,处理；给予；分配；发牌,v 处理；给予；分配；发牌；n 交易；（美）政策；待遇；份量,/dil/,/diːl/,Whose turn is it to deal?,轮到谁发牌了？
en:dear:adjective:1,dear,adjective,亲爱的；尊敬的；昂贵的,adj 亲爱的；尊敬的；昂贵的；adv 高价地；疼爱地；int 哎呀；n 亲爱的人,/dɪr/,/dɪə/,"Dear Sir or Madam, ...",尊敬的先生或女士，…
en:death:noun:1,death,noun,死；死亡；死神；毁灭,n 死；死亡；死神；毁灭,/dɛθ/,/deθ/,The latest bombing is the death of all our hopes.,最近的炸弹爆炸事件使我们所有的希望都化为乌有。
en:debate:verb:1,debate,verb,辩论，争论，讨论,v 辩论，争论，讨论；n 辩论；辩论会,/dɪ'bet/,/dɪ'beɪt/,The issue will be debated on Tuesday.,这个问题将在星期二讨论。
en:debt:noun:1,debt,noun,债务；借款；罪过,n 债务；借款；罪过,/dɛt/,/det/,He had enough money to pay off his outstanding debts.,他有足够的钱偿还亏欠的债务。
en:decade:noun:1,decade,noun,十年，十年期；十,n 十年，十年期；十,/'dɛked/,/'dekeɪd; dɪ'keɪd/,...the last decade of the nineteenth century.,…19世纪的最后10年。
en:december:noun:1,December,noun,十二月,n 十二月,/dɪ'sɛmbɚ/,/dɪ'sembə/,In the dark of December.,在十二月的黑夜里。
en:decide:verb:1,decide,verb,决定；解决；判决,v 决定；解决；判决,/dɪ'saɪd/,/dɪ'saɪd/,Has anything been decided yet?,已经作出什么决定了吗？
en:decision:noun:1,decision,noun,决定，决心；决议,n 决定，决心；决议,/dɪ'sɪʒn/,/dɪ'sɪʒ(ə)n/,Do you ever wonder if you made the right decision?,你怀疑过自己所作的决定是否正确吗？
en:declare:verb:1,declare,verb,宣布，声明；断言，宣称,v 宣布，声明；断言，宣称,/dɪ'klɛr/,/dɪ'kleə/,A state of emergency has been declared.,已宣布进入紧急状态。
en:decline:noun:1,decline,noun,下降；衰退；斜面,n 下降；衰退；斜面；v 下降；衰落；谢绝,/dɪ'klaɪn/,/dɪ'klaɪn/,Official figures show a sharp decline in the number of foreign tourists.,官方数字显示外国游客数量骤降。
en:decorate:verb:1,decorate,verb,装饰；布置；授勋给,v 装饰；布置；授勋给,/'dɛkəret/,/'dekəreɪt/,Children’s pictures decorated the walls of the classroom.,教室的墙上装点着儿童画。
en:decoration:noun:1,decoration,noun,装饰，装潢；装饰品；奖章,n 装饰，装潢；装饰品；奖章,"/,dɛkə'reʃən/",/dekə'reɪʃ(ə)n/,Christmas decorations,圣诞节装饰物
en:decrease:noun:1,decrease,noun,减少，减小；减少量,n 减少，减小；减少量；v 减少，减小,/dɪ'kris/,/dɪ'kriːs/,In Spain and Portugal there has been a decrease in the number of young people out of work.,在西班牙和葡萄牙，失业青年人数已经有所下降。
en:deed:noun:1,deed,noun,行动；功绩；证书；[法] 契据,n 行动；功绩；证书；[法] 契据；vt 立契转让,/did/,/diːd/,After the morning’s good deeds he deserved a rest.,上午做了好事之后，他理应休息一下。
en:deep:noun:1,deep,noun,深处；深渊,n 深处；深渊；adj 深的；低沉的；深奥的；adv 深入地；深深地；迟,/dip/,/diːp/,a deep wound,很深的伤口
en:deeply:adverb:1,deeply,adverb,深刻地；浓浓地；在深处,adv 深刻地；浓浓地；在深处,/'diplɪ/,/'diːplɪ/,Her lies hurt my father deeply.,她的谎言深深地伤害了我父亲。
en:deer:noun:1,deer,noun,鹿,n 鹿,/dɪr/,/dɪə/,The hunter wounded the deer.,猎人打伤了鹿。
en:defeat:verb:1,defeat,verb,击败，战胜；挫败；使…失败,v 击败，战胜；挫败；使…失败；n 失败的事实；击败的行为,/dɪ'fit/,/dɪ'fiːt/,They hoped to defeat the enemy at sea.,他们希望在海上击败敌人。
en:defend:verb:1,defend,verb,辩护；防护,v 辩护；防护,/dɪ'fɛnd/,/dɪ'fend/,She was always defending her husband in front of their daughter.,她在女儿面前总是为丈夫辩解。
en:defense:noun:1,defense,noun,防卫，防护；防御措施；防守,n 防卫，防护；防御措施；防守；vt 谋划抵御,/dɪ'fɛns/,/dɪ'fens/,national defense,国防
en:delay:verb:1,delay,verb,延期；耽搁,v 延期；耽搁；n 延期；耽搁；被耽搁或推迟的时间,/dɪ'le/,/dɪ'leɪ/,Don’t delay – send off for the information now.,别犹豫——即刻去函索取信息。
en:delete:verb:1,delete,verb,删除,v 删除,/dɪ'lit/,/dɪ'liːt/,His name was deleted from the list.,他的名字从名单上删掉了。
en:deliberately:adverb:1,deliberately,adverb,故意地；谨慎地；慎重地,adv 故意地；谨慎地；慎重地,/dɪ'lɪbərətli/,,He deliberately upset her.,他故意惹她不开心。
en:delicate:adjective:1,delicate,adjective,微妙的；精美的，雅致的；柔和的；易碎的；纤弱的；清淡可口的,adj 微妙的；精美的，雅致的；柔和的；易碎的；纤弱的；清淡可口的,/ˈdɛlɪkɪt/,/'delɪkət/,There’s something I have to speak to you about – it’s a delicate matter .,我有件事要跟你讲——是一件需要谨慎处理的事。
en:delicious:adjective:1,delicious,adjective,美味的；可口的,adj 美味的；可口的,/dɪ'lɪʃəs/,/dɪ'lɪʃəs/,"‘The meal was absolutely delicious,’ she said politely.",“这顿饭味道好极了。” 她礼貌地说道。
en:delight:noun:1,delight,noun,高兴,n 高兴；v 高兴,/dɪ'laɪt/,/dɪ'laɪt/,"Throughout the house, the views are a constant source of surprise and delight.",整个房子，目之所及不停带来惊奇和欣喜。
en:delighted:adjective:1,delighted,adjective,高兴的；欣喜的,adj 高兴的；欣喜的；v 使…兴高采烈；感到快乐（delight的过去分词）,/dɪ'laɪtɪd/,/dɪ'laɪtɪd/,Her screams of delighted laughter filled the air.,她喜悦的尖叫声在空中荡漾。
en:deliver:verb:1,deliver,verb,交付；发表；递送；释放；给予（打击）；给…接生,v 交付；发表；递送；释放；给予（打击）；给…接生；n 投球,/dɪ'lɪvɚ/,/dɪ'lɪvə/,The morning mail has just been delivered.,早晨的邮件刚送到。
en:demand:verb:1,demand,verb,要求；需要；查询,v 要求；需要；查询；n [经] 需求；要求；需要,/dɪ'mænd/,/dɪ'mɑːnd/,Angry demonstrators demanded the resignation of two senior officials.,愤怒的示威者要求两名高级官员辞职。
en:dentist:noun:1,dentist,noun,牙科医生,n 牙科医生,/'dɛntɪst/,/'dentɪst/,Visit your dentist twice a year for a checkup.,每年看两次牙医做检查。
en:department:noun:1,department,noun,部；部门；系；科；局,n 部；部门；系；科；局,/dɪ'pɑrtmənt/,/dɪ'pɑːtm(ə)nt/,the personnel department,人事部
en:departure:noun:1,departure,noun,离开；出发；违背,n 离开；出发；违背,/dɪ'pɑrtʃɚ/,/dɪ'pɑːtʃə/,There are several departures for New York every day.,每天有好几个班次去纽约。
en:depend:verb:1,depend,verb,依赖，依靠；取决于；相信，信赖,v 依赖，依靠；取决于；相信，信赖,/dɪ'pɛnd/,/dɪ'pend/,He depended on his writing for his income.,他靠写作谋生。
en:deposit:noun:1,deposit,noun,存款；押金；订金；保证金；沉淀物,n 存款；押金；订金；保证金；沉淀物；v 使沉积；存放,/dɪ'pɑzɪt/,/dɪ'pɒzɪt/,fatty deposits on the heart,心脏上沉积的脂肪层
en:depth:noun:1,depth,noun,[海洋] 深度；深奥,n [海洋] 深度；深奥,/dɛpθ/,/depθ/,Astronomers may one day travel to the depths of space.,天文学家也许有一天可以到太空深处去。
en:describe:verb:1,describe,verb,描述，形容；描绘,v 描述，形容；描绘,/dɪ'skraɪb/,/dɪ'skraɪb/,The police asked her to describe the man.,警察叫她描述一下那名男子。
en:description:noun:1,description,noun,描述，描写；类型；说明书,n 描述，描写；类型；说明书,/dɪ'skrɪpʃən/,/dɪ'skrɪpʃ(ə)n/,The booklet gives a brief description of each place.,这本小册子对每一个地方都作了简短的介绍。
en:desert:verb:1,desert,verb,遗弃；放弃；逃跑,v 遗弃；放弃；逃跑；n 沙漠；荒原；应得的赏罚；adj 沙漠的；荒凉的；不毛的,/(for v.) dɪˈzɝ​t; (for n.) 'dɛzɚt/,/(for v.) dɪ'zɜːt; (for n.) 'dezət/,Helen was deserted by her husband.,海伦被丈夫遗弃了。
en:deserve:verb:1,deserve,verb,应受，应得,v 应受，应得,/dɪ'zɝv/,/dɪ'zɜːv/,What have I done to deserve this?,我做了什么事，要得到这样的报应？
en:design:verb:1,design,verb,设计；计划；构思,v 设计；计划；构思；n 设计；图案,/dɪ'zaɪn/,/dɪ'zaɪn/,The tower was designed by Gilbert Scott.,这座塔楼是吉尔伯特·斯科特设计的。
en:desire:noun:1,desire,noun,欲望；要求，心愿；性欲,n 欲望；要求，心愿；性欲；v 想要；要求；希望得到…,/dɪ'zaɪɚ/,/dɪ'zaɪə/,female sexual desire,女性的性欲
en:desperate:adjective:1,desperate,adjective,不顾一切的；令人绝望的；极度渴望的,adj 不顾一切的；令人绝望的；极度渴望的,/'dɛspərət/,/'desp(ə)rət/,I had no money left and was desperate.,我身无分文，已经走投无路了。
en:dessert:noun:1,dessert,noun,餐后甜点；甜点心,n 餐后甜点；甜点心,/dɪ'zɝt/,/dɪ'zɜːt/,She had homemade ice cream for dessert.,她吃了些自制冰淇淋当餐后甜点。
en:destination:noun:1,destination,noun,目的地，终点,n 目的地，终点,"/,dɛstɪ'neʃən/","/,destɪ'neɪʃ(ə)n/",Ellis Island has become one of America's most popular tourist destinations.,埃利斯岛已经成为美国最受欢迎的游览地之一。
en:destroy:verb:1,destroy,verb,破坏；消灭；毁坏,v 破坏；消灭；毁坏,/dɪ'strɔɪ/,/dɪ'strɒɪ/,companies that are polluting and destroying the environment,污染和破坏环境的公司
en:detective:adjective:1,detective,adjective,侦探的,adj 侦探的；n 侦探,/dɪ'tɛktɪv/,/dɪ'tektɪv/,...Arthur Conan Doyle's classic detective novel.,…阿瑟·柯南·道尔的经典侦探小说。
en:determination:noun:1,determination,noun,决心；果断；测定,n 决心；果断；测定,/dɪˌtɜːrmɪˈneɪʃn/,"/dɪ,tɜːmɪ'neɪʃ(ə)n/",his dogged determination (= very strong determination ) to succeed,他想要成功的坚定决心
en:determine:verb:1,determine,verb,（使）下决心，（使）做出决定,v （使）下决心，（使）做出决定,/dɪ'tɝmɪn/,/dɪ'tɜːmɪn/,The date of the court case has not yet been determined.,庭审日期尚未确定。
en:develop:verb:1,develop,verb,开发；进步；使成长；使显影,v 开发；进步；使成长；使显影,/dɪ'vɛləp/,/dɪ'veləp/,Knowledge in the field of genetics has been developing very rapidly.,遗传学领域的知识发展非常迅速。
en:development:noun:1,development,noun,发展；开发；发育；住宅小区（专指由同一开发商开发的）；[摄] 显影,n 发展；开发；发育；住宅小区（专指由同一开发商开发的）；[摄] 显影,/dɪ'vɛləpmənt/,/dɪ'veləpm(ə)nt/,child development,儿童发育
en:devote:verb:1,devote,verb,致力于；奉献,v 致力于；奉献,/dɪ'vot/,/dɪ'vəʊt/,He decided to devote the rest of his life to scientific investigation.,他决定把余生奉献给科学研究。
en:devotion:noun:1,devotion,noun,献身，奉献；忠诚；热爱,n 献身，奉献；忠诚；热爱,/dɪ'voʃən/,/dɪ'vəʊʃ(ə)n/,At first she was flattered by his devotion.,最初他的挚爱使她感到受宠若惊。
en:diagram:noun:1,diagram,noun,图表；图解,n 图表；图解；v 用图解法表示,/'daɪəɡræm/,/'daɪəgræm/,"On our project, we gradually decomposed each of the areas within the context diagram.",在我们的项目中，我们逐渐地分解环境图中的每个区域。
en:dial:noun:1,dial,noun,转盘；刻度盘；钟面,n 转盘；刻度盘；钟面；v 拨号,/'daɪəl/,/'daɪəl/,The lighted dial of her watch said 1.20.,她手表上的夜光表面显示时间为1点20分。
en:dialogue:noun:1,dialogue,noun,对话；意见交换,n 对话；意见交换；vi 对话；vt 用对话表达,/'daɪəlɑɡ/,/'daɪəlɒg/,a boring movie full of bad dialog,充满差劲对白的乏味电影
en:diamond:noun:1,diamond,noun,钻石，金刚石；菱形；方块牌,n 钻石，金刚石；菱形；方块牌；adj 菱形的；金刚钻的,/'daɪəmənd/,/'daɪəmənd/,a diamond engagement ring,订婚钻戒
en:diary:noun:1,diary,noun,日志，日记；日记簿,n 日志，日记；日记簿,/'daɪəri/,/'daɪərɪ/,Inge kept a diary (= wrote in a diary ) during the war years.,英奇在战争年代里一直写日记。
en:dictation:noun:1,dictation,noun,听写；口述；命令,n 听写；口述；命令,/dɪk'teʃən/,/dɪk'teɪʃ(ə)n/,There were no secretaries available to take dictation (= write down what someone is saying ) .,身边没有秘书记录口授内容。
en:dictionary:noun:1,dictionary,noun,字典；词典,n 字典；词典,/'dɪkʃə'nɛri/,/'dɪkʃ(ə)n(ə)rɪ/,a German-English dictionary,一本德英词典
en:die:verb:1,die,verb,死亡；凋零；熄灭,v 死亡；凋零；熄灭；n 冲模，钢模；骰子,/daɪ/,/daɪ/,He died in 1985 at the age of 76.,他1985年去世，终年76岁。
en:diet:noun:1,diet,noun,饮食；食物；规定饮食,n 饮食；食物；规定饮食；v 节食,/'daɪət/,/'daɪət/,Lyn always seems to be on a diet.,琳恩似乎一直在节食。
en:differ:verb:1,differ,verb,使…相异；使…不同,v 使…相异；使…不同；n (Differ)人名；(法)迪费,/'dɪfɚ/,/'dɪfə/,The story he told police differed from the one he told his mother.,他告诉警察的话和告诉他母亲的不同。
en:difference:noun:1,difference,noun,差异；不同；争执,n 差异；不同；争执,/'dɪfrəns/,/'dɪf(ə)r(ə)ns/,(= there’s a very big difference ) between us.,我们之间有着天壤之别。
en:different:adjective:1,different,adjective,不同的；个别的，与众不同的,adj 不同的；个别的，与众不同的,/'dɪfrənt/,/'dɪf(ə)r(ə)nt/,The place looks completely different now.,这地方现在完全变了。
en:difficult:adjective:1,difficult,adjective,困难的；不随和的；执拗的,adj 困难的；不随和的；执拗的,/'dɪfɪkəlt/,/'dɪfɪk(ə)lt/,a difficult question,难解的问题
en:difficulty:noun:1,difficulty,noun,困难，困境,n 困难，困境,/'dɪfɪkəlti/,/'dɪfɪk(ə)ltɪ/,"If you have any difficulties, give me a call.",如果你遇到困难，就给我打电话。
en:dig:verb:1,dig,verb,挖，掘；探究,v 挖，掘；探究；n 戳，刺；挖苦,/dɪɡ/,/dɪg/,freshly dug carrots,刚挖出来的胡萝卜
en:digest:verb:1,digest,verb,消化；吸收；融会贯通,v 消化；吸收；融会贯通；n 文摘；摘要,/daɪ'dʒɛst/,/daɪ'dʒest; dɪ-/,Most babies can digest a wide range of food easily.,大多数婴儿能轻易地消化很多种食物。
en:digital:adjective:1,digital,adjective,数字的；手指的,adj 数字的；手指的；n 数字；键,/'dɪdʒɪtl/,/'dɪdʒɪt(ə)l/,digital TV,数字电视
en:dignity:noun:1,dignity,noun,尊严；高贵,n 尊严；高贵,/'dɪɡnəti/,/'dɪgnɪtɪ/,an appearance of quiet dignity,肃穆的神态
en:dilemma:noun:1,dilemma,noun,困境；进退两难；两刀论法,n 困境；进退两难；两刀论法,/dɪˈlemə/,/dɪ'lemə; daɪ-/,a moral dilemma,道德上进退两难的窘境
en:dimension:noun:1,dimension,noun,方面;[数] 维；尺寸；次元；容积 vt标出尺寸,n 方面;[数] 维；尺寸；次元；容积 vt标出尺寸；adj 规格的,/dɪ'mɛnʃ(ə)n; daɪ-/,/dɪ'menʃ(ə)n; daɪ-/,You can have a spiritual dimension to your life without being religious.,即使你不信宗教，也可以在生命中拥有精神层面的内容。
en:dine:verb:1,dine,verb,进餐，用餐,v 进餐，用餐；n (Dine)人名；(意、葡)迪内；(英)戴恩；(法)迪纳,/daɪn/,/daɪn/,He was dining with friends at the Ritz.,他和朋友在里茨饭店一起进餐。
en:dinner:noun:1,dinner,noun,晚餐，晚宴；宴会；正餐,n 晚餐，晚宴；宴会；正餐,/'dɪnɚ/,/'dɪnə/,What time do you usually have dinner?,你通常什么时候吃饭？
en:dinosaur:noun:1,dinosaur,noun,恐龙；过时、落伍的人或事物,n 恐龙；过时、落伍的人或事物,/'daɪnə'sɔr/,/'daɪnəsɔː/,lengthy speeches by some of the party’s dinosaurs,该政党那些老古董冗长的发言
en:dioxide:noun:1,dioxide,noun,二氧化物,n 二氧化物,/daɪ'ɑksaɪd/,/daɪ'ɒksaɪd/,"How much carbon dioxide you save, if any, depends on how far you live from work and how you get there, among other things.",如果真有的话，你可以节约多少二氧化碳？ 它取决于你住得有多远还是你如何完成目标抑或其他因素？
en:dip:verb:1,dip,verb,浸，泡，蘸；舀取；把伸入,v 浸，泡，蘸；舀取；把伸入；n 下沉，下降；倾斜；浸渍，蘸湿,/dɪp/,/dɪp/,Dip each apple in the syrup until thickly coated.,把每个苹果在糖浆里蘸一下，直到被厚厚地裹上糖浆。
en:diploma:noun:1,diploma,noun,毕业证书，学位证书；公文，文书；奖状,n 毕业证书，学位证书；公文，文书；奖状；vt 发给…毕业文凭,/dɪ'plomə/,/dɪ'pləʊmə/,I’m hoping to get my teaching diploma this year.,我希望今年能拿到教师证书。
en:direct:adjective:1,direct,adjective,直接的；直系的；亲身的；恰好的,adj 直接的；直系的；亲身的；恰好的；v 管理；指挥；导演；指向；adv 直接地；正好；按直系关系,/dɪˈrɛkt; daɪˈrɛkt/,/dəˈrekt; daɪˈrekt/,Experienced users have direct access to the main data files.,高级用户可直接浏览主数据文档。
en:director:noun:1,director,noun,主任，主管；导演；人事助理,n 主任，主管；导演；人事助理,/dɪˈrɛktɚ; daɪˈrɛktɚ/,/dɪ'rektə; daɪ-/,The company is run by a board of directors (= a group of directors ) .,这家公司由董事会管理。
en:directory:noun:1,directory,noun,[计] 目录；工商名录；姓名地址录,n [计] 目录；工商名录；姓名地址录；adj 指导的；咨询的,/dəˈrɛktəri; (also) daɪˈrɛktəri/,/dɪ'rekt(ə)rɪ; daɪ-/,I couldn’t find your number in the telephone directory.,我在电话簿上找不到你的电话号码。
en:dirt:noun:1,dirt,noun,污垢，泥土；灰尘，尘土；下流话,n 污垢，泥土；灰尘，尘土；下流话,/dɝt/,/dɜːt/,You should have seen the dirt on that car!,你没看见那车上沾了多少泥！
en:dirty:adjective:1,dirty,adjective,下流的，卑鄙的；肮脏的；恶劣的；暗淡的,adj 下流的，卑鄙的；肮脏的；恶劣的；暗淡的；v 弄脏,/ˈdɝ​tɪ/,/'dɜːtɪ/,a stack of dirty dishes in the sink,洗涤槽里的一堆脏碟子
en:disability:noun:1,disability,noun,残疾；无能；无资格；不利条件,n 残疾；无能；无资格；不利条件,"/,dɪsə'bɪləti/",/dɪsə'bɪlɪtɪ/,Facilities for people with disabilities are still insufficient.,供残疾人使用的设施仍然不足。
en:disabled:adjective:1,disabled,adjective,残废的，有缺陷的,adj 残废的，有缺陷的；v 使…失去能力（disable的过去分词）,/dɪs'ebld/,/dɪs'eɪbld/,a support group for parents of disabled children,帮助残障儿童父母的援助团
en:disadvantage:noun:1,disadvantage,noun,缺点；不利条件；损失,n 缺点；不利条件；损失,"/,dɪsəd'væntɪdʒ/",/dɪsəd'vɑːntɪdʒ/,Criminal behaviour can be linked to economic disadvantage.,犯罪行为可能会与经济困难有关。
en:disagree:verb:1,disagree,verb,不同意；不一致；争执；不适宜,v 不同意；不一致；争执；不适宜,"/,dɪsə'ɡri/",/dɪsə'griː/,Barr strongly disagreed with Kronfeld’s statement.,巴尔强烈反对克龙费尔德的说法。
en:disagreement:noun:1,disagreement,noun,不一致；争论；意见不同,n 不一致；争论；意见不同,"/,dɪsə'ɡrimənt/",/dɪsə'ɡriːmənt/,"We’ve had a few disagreements , but we’re still good friends.",虽然有过一些分歧，但我们仍是好朋友。
en:disappear:verb:1,disappear,verb,消失；失踪；不复存在,v 消失；失踪；不复存在,/'dɪsə'pɪr/,/dɪsə'pɪə/,At this point the path seemed to disappear altogether (= disappear completely ) .,小路到这里好像完全消失了。
en:disappoint:verb:1,disappoint,verb,使失望,v 使失望,/'dɪsə'pɔɪnt/,/dɪsə'pɒɪnt/,I hated to disappoint her.,我不愿意让她失望。
en:disappointment:noun:1,disappointment,noun,失望；沮丧,n 失望；沮丧,"/,dɪsə'pɔɪntmənt/",/dɪsə'pɒɪntm(ə)nt/,He could see the disappointment in her eyes.,他看到了她眼中的失望。
en:disaster:noun:1,disaster,noun,灾难，灾祸；不幸,n 灾难，灾祸；不幸,/dɪ'zæstɚ/,/dɪ'zɑːstə/,One hundred and twenty people died in China’s worst air disaster .,有120人在中国这起最惨烈的空难事故中丧生。
en:discount:noun:1,discount,noun,折扣；贴现率,n 折扣；贴现率；v 贴现；打折扣出售商品,/dɪs'kaʊnt/,/'dɪskaʊnt/,They are often available at a discount.,它们经常可以以折扣价买到。
en:discourage:verb:1,discourage,verb,阻止；使气馁,v 阻止；使气馁,/dɪs'kɝɪdʒ/,/dɪs'kʌrɪdʒ/,Aspirin may discourage tumour growth in some types of cancer.,阿司匹林可能遏制某些恶性肿瘤的生长。
en:discover:verb:1,discover,verb,发现；发觉,v 发现；发觉,/dɪ'skʌvɚ/,/dɪ'skʌvə/,The body was discovered in a field.,尸体是在一块田地里找到的。
en:discovery:noun:1,discovery,noun,发现，发觉；被发现的事物,n 发现，发觉；被发现的事物,/dɪ'skʌvəri/,/dɪ'skʌv(ə)rɪ/,I felt I'd made an incredible discovery.,我感到自己有了一个惊人的发现。
en:discrimination:noun:1,discrimination,noun,歧视；区别，辨别；识别力,n 歧视；区别，辨别；识别力,"/dɪ,skrɪmɪ'neʃən/","/dɪ,skrɪmɪ'neɪʃ(ə)n/",laws to prevent discrimination,防止歧视的法律
en:discuss:verb:1,discuss,verb,讨论；论述，辩论,v 讨论；论述，辩论,/dɪ'skʌs/,/dɪ'skʌs/,Littman refused to discuss the case publicly.,利特曼拒绝公开讨论此案。
en:discussion:noun:1,discussion,noun,讨论，议论,n 讨论，议论,/dɪ'skʌʃən/,/dɪ'skʌʃ(ə)n/,class discussions,课堂讨论
en:disease:noun:1,disease,noun,病，[医] 疾病；弊病,n 病，[医] 疾病；弊病；vt 传染；使…有病,/dɪ'ziz/,/dɪ'ziːz/,His father died of heart disease.,他父亲死于心脏病。
en:disgusting:adjective:1,disgusting,adjective,令人厌恶的,adj 令人厌恶的,/dɪs'ɡʌstɪŋ/,/dɪs'gʌstɪŋ/,Rubbish was piled everywhere – it was disgusting.,垃圾堆得到处都是，很恶心。
en:dish:noun:1,dish,noun,盘；餐具；一盘食物；外貌有吸引力的人,n 盘；餐具；一盘食物；外貌有吸引力的人；v 盛于碟盘中；分发；使某人的希望破灭；说（某人）的闲话,/dɪʃ/,/dɪʃ/,a serving dish,上菜用的盘子
en:disk:noun:1,disk,noun,[计] 磁盘，磁碟片；圆盘，盘状物；唱片,n [计] 磁盘，磁碟片；圆盘，盘状物；唱片,/dɪsk/,/dɪsk/,"The food processor has thin, medium, and thick slicing discs.",这个食品加工机有薄、中、厚的切片盘。
en:dislike:verb:1,dislike,verb,不喜欢，厌恶,v 不喜欢，厌恶；n 嫌恶，反感，不喜爱,/dɪs'laɪk/,/dɪs'laɪk/,Why do you dislike her so much?,你为什么那么讨厌她？
en:dismiss:verb:1,dismiss,verb,解散；解雇；开除；让离开；不予理会、不予考虑,v 解散；解雇；开除；让离开；不予理会、不予考虑,/dɪs'mɪs/,/dɪs'mɪs/,The government has dismissed criticisms that the country’s health policy is a mess.,有人认为国家医疗政策一塌糊涂，政府对这种批评持否认态度。
en:disobey:verb:1,disobey,verb,违反；不服从,v 违反；不服从,/'dɪsə'be/,/dɪsə'beɪ/,You disobeyed my orders.,你违抗我的命令。
en:distance:noun:1,distance,noun,距离；远方；疏远；间隔,n 距离；远方；疏远；间隔；v 疏远；把…远远甩在后面,/'dɪstəns/,/'dɪst(ə)ns/,Measure the distance between the two points.,量出两点之间的距离。
en:distant:adjective:1,distant,adjective,遥远的；冷漠的；远隔的；不友好的，冷淡的,adj 遥远的；冷漠的；远隔的；不友好的，冷淡的,/'dɪstənt/,/'dɪst(ə)nt/,the sound of distant gunfire,远处的炮火声
en:distinction:noun:1,distinction,noun,区别；差别；特性；荣誉、勋章,n 区别；差别；特性；荣誉、勋章,/dɪ'stɪŋkʃən/,/dɪ'stɪŋ(k)ʃ(ə)n/,There are obvious distinctions between the two wine-making areas.,这两个酿酒区之间有明显的不同。
en:distinguish:verb:1,distinguish,verb,区分；辨别；使杰出，使表现突出,v 区分；辨别；使杰出，使表现突出,/dɪ'stɪŋɡwɪʃ/,/dɪ'stɪŋgwɪʃ/,The light was too dim for me to distinguish anything clearly.,光线太暗，我什么也看不清。
en:distribute:verb:1,distribute,verb,分配；散布；分开；把…分类,v 分配；散布；分开；把…分类,/dɪ'strɪbjut/,/dɪ'strɪbjuːt; 'dɪstrɪbjuːt/,a man distributing leaflets to passers-by,一个向路人派发传单的男子
en:district:noun:1,district,noun,区域；地方；行政区,n 区域；地方；行政区,/'dɪstrɪkt/,/'dɪstrɪkt/,a postal district,邮政区
en:disturb:verb:1,disturb,verb,打扰；妨碍；使不安；弄乱；使恼怒,v 打扰；妨碍；使不安；弄乱；使恼怒,/dɪ'stɝb/,/dɪ'stɜːb/,"Sorry to disturb you, but I have an urgent message.",对不起打扰一下，我有个紧急消息。
en:disturbing:adjective:1,disturbing,adjective,令人不安的；烦扰的,adj 令人不安的；烦扰的；v 干扰；打断（disturb的ing形式）,/dɪ'stɝbɪŋ/,/dɪ'stɜːbɪŋ/,a disturbing increase in the crime rate,令人不安的犯罪率增幅
en:dive:verb:1,dive,verb,潜水；跳水；俯冲；急剧下降,v 潜水；跳水；俯冲；急剧下降；n 潜水；跳水；俯冲；扑,/daɪv/,/daɪv/,Diving off the cliffs is dangerous.,从悬崖上跳水是很危险的。
en:diverse:adjective:1,diverse,adjective,不同的；多种多样的；变化多的,adj 不同的；多种多样的；变化多的,/daɪ'vɝs/,/daɪ'vɜːs; 'daɪvɜːs/,The building houses a wide and diverse variety of antiques.,这栋楼里摆放着大量各式各样的古董。
en:divide:verb:1,divide,verb,划分；除；分开；使产生分歧,v 划分；除；分开；使产生分歧；n [地理] 分水岭，分水线,/dɪ'vaɪd/,/dɪ'vaɪd/,The physical benefits of exercise can be divided into three factors.,锻炼对身体的好处可以分成3个方面。
en:division:noun:1,division,noun,[数] 除法；部门；分配；分割；师（军队）；赛区,n [数] 除法；部门；分配；分割；师（军队）；赛区,/də'vɪʒən/,/dɪ'vɪʒ(ə)n/,the traditional division of labour (= the way that particular tasks are shared ) between husband and wife,夫妻之间传统的分工
en:dizzy:adjective:1,dizzy,adjective,晕眩的；使人头晕的；昏乱的；心不在焉的；愚蠢的,adj 晕眩的；使人头晕的；昏乱的；心不在焉的；愚蠢的；v 使头晕眼花；使混乱；使茫然；n (Dizzy)人名；(英)迪齐,/'dɪzi/,/'dɪzɪ/,The heat and the champagne made him feel dizzy .,高温和香槟酒使他感到眩晕。
en:doctor:verb:1,doctor,verb,修理；篡改，伪造；为…治病；授以博士学位,v 修理；篡改，伪造；为…治病；授以博士学位；n 医生；博士,/'dɑktɚ/,/'dɒktə/,He had doctored his passport to pass her off as his daughter.,他窜改了护照，谎称她是他的女儿。
en:document:noun:1,document,noun,文件，公文；[计] 文档；证件,n 文件，公文；[计] 文档；证件；v 用文件证明,/dɑkjəmənt/,/'dɒkjʊm(ə)nt/,She produces legal documents for a downtown Seattle law firm.,她为西雅图市区的一家法律事务所撰写法律文件。
en:dog:noun:1,dog,noun,狗；丑女人；卑鄙的人；(俚)朋友,n 狗；丑女人；卑鄙的人；(俚)朋友；v 跟踪；尾随,/dɔɡ/,/dɒg/,I could hear a dog barking .,我听到了狗吠声。
en:doll:noun:1,doll,noun,洋娃娃；玩偶；无头脑的美丽女人,n 洋娃娃；玩偶；无头脑的美丽女人；v 把…打扮得花枝招展,/dɑl/,/dɒl/,a small wooden doll,一个小木玩偶
en:dollar:noun:1,dollar,noun,美元,n 美元,/'dɑlɚ/,/'dɒlə/,It cost three dollars.,它要三美元。
en:door:noun:1,door,noun,门；家，户；门口；通道,n 门；家，户；门口；通道,/dɔr/,/dɔː/,Could you open the door for me?,请你帮我开门好吗？
en:dormitory:noun:1,dormitory,noun,宿舍，学生宿舍,n 宿舍，学生宿舍；adj 住宅区的,/'dɔrmətɔri/,/ˈdɔːmətri/,She lived in a college dormitory.,她住在一幢大学宿舍楼里。
en:dot:noun:1,dot,noun,点，圆点；嫁妆,n 点，圆点；嫁妆；v 打上点,/dɑt/,/dɒt/,a pattern of dots,圆点图案
en:double:noun:1,double,noun,两倍；双精度型,n 两倍；双精度型；adj 双重的；两倍的；v 加倍，加倍努力；快步走；adv 双重地；两倍地；弓身地,/'dʌbl/,/'dʌb(ə)l/,"Scotch and water, please – make it a double.",请来苏格兰威士忌加水——要双份的。
en:doubt:noun:1,doubt,noun,怀疑；疑问；疑惑,n 怀疑；疑问；疑惑；v 怀疑；不信；恐怕；拿不准,/daʊt/,/daʊt/,There was still one little nagging doubt at the back of his mind.,他的心头仍有一丝挥之不去的疑虑。
en:down:adverb:1,down,adverb,向下，下去；在下面,adv 向下，下去；在下面；adj 向下的；n 软毛，绒毛；[地质] 开阔的高地；prep 沿着，往下；v 打倒，击败,/daʊn/,/daʊn/,David bent down to tie his shoelace.,戴维弯腰系鞋带。
en:download:verb:1,download,verb,[计] 下载,v [计] 下载,"/,daʊn'lod/",/daʊn'ləʊd/,games that can be downloaded free from the Internet,可以从因特网上免费下载的游戏
en:downstairs:adverb:1,downstairs,adverb,在楼下,adv 在楼下；adj 楼下的；n 楼下,/'daʊn'stɛrz/,/daʊn'steəz/,Rosie ran downstairs to answer the door.,罗茜跑下楼去开门。
en:downtown:adverb:1,downtown,adverb,往闹市区；在市区,adv 往闹市区；在市区；adj 市中心的；n 市中心区；三分线以外,/'daʊn'taʊn/,/'daʊntaʊn/,By day he worked downtown for American Standard.,白天，他在市中心为美国标准公司工作。
en:downward:adjective:1,downward,adjective,向下的，下降的,adj 向下的，下降的；adv 向下,/'daʊnwɚd/,/'daʊnwəd/,a gentle downward slope,缓坡
en:dozen:noun:1,dozen,noun,十二个，一打,n 十二个，一打；adj 一打的,/'dʌzn/,/'dʌz(ə)n/,a dozen eggs,一打鸡蛋
en:dr:adjective:1,Dr,adjective,速度三角形定位法（dead reckoning）；数据记录器（Data Recorder）,abbr 速度三角形定位法（dead reckoning）；数据记录器（Data Recorder）,,,,
en:draft:noun:1,draft,noun,汇票；草稿；选派；（尤指房间、烟囱、炉子等供暖系统中的）（小股）气流,n 汇票；草稿；选派；（尤指房间、烟囱、炉子等供暖系统中的）（小股）气流；v 起草；制定；征募；adj 初步画出或（写出）的；（设计、草图、提纲或版本）正在起草中的，草拟的；以草稿形式的；草图的,/dræft/,/drɑːft/,the rough draft of his new novel,他的新小说的草稿
en:drag:verb:1,drag,verb,拖累；拖拉；缓慢而吃力地行进,v 拖累；拖拉；缓慢而吃力地行进；n 拖；拖累,/dræg/,/dræg/,He grabbed her arm and dragged her into the room.,他抓住她的手臂把她拖进房间。
en:draw:verb:1,draw,verb,画；拉；吸引,v 画；拉；吸引；n 平局；抽签,/drɔ/,/drɔː/,Katie had drawn a cottage with a little stream running next to it.,凯蒂画了一间小茅舍，旁边流淌着一条小溪。
en:drawback:noun:1,drawback,noun,缺点，不利条件；退税,n 缺点，不利条件；退税,/'drɔbæk/,/'drɔːbæk/,It’s a great city – the only drawback is the weather.,这是座很不错的城市，唯一的不足就是天气。
en:drawer:noun:1,drawer,noun,抽屉；开票人；出票人；起草者；酒馆侍,n 抽屉；开票人；出票人；起草者；酒馆侍,/drɔr/,/drɔ:(r)/,She took a file from her desk drawer .,她从书桌的抽屉里拿出了一个文件夹。
en:drawing:noun:1,drawing,noun,图画；牵引；素描术,n 图画；牵引；素描术；v 绘画；吸引（draw的ing形式）；拖曳,/'drɔɪŋ/,/'drɔː(r)ɪŋ/,I’ve never been very good at drawing.,我向来不擅长画图。
en:dream:verb:1,dream,verb,梦想；做梦，梦见；想到,v 梦想；做梦，梦见；想到；n 梦想，愿望；梦；adj 梦的；理想的；不切实际的,/drim/,/driːm/,She had been dreaming and had not followed the conversation.,她一直在走神，没注意听谈话。
en:dress:verb:1,dress,verb,给…穿衣,v 给…穿衣；n 连衣裙；女装,/drɛs/,/dres/,Can you wait a minute? I’m just getting dressed .,稍等一会儿，我穿下衣服就好。
en:drier:noun:1,drier,noun,干燥机；干燥剂；吹风机,n 干燥机；干燥剂；吹风机,/'draɪɚ/,,hair drier,吹风机
en:drill:noun:1,drill,noun,训练；钻孔机；钻子；播种机,n 训练；钻孔机；钻子；播种机；v 钻孔；训练,/drɪl/,/drɪl/,an electric drill,电钻
en:drink:verb:1,drink,verb,喝，饮；吸收；举杯庆贺,v 喝，饮；吸收；举杯庆贺；n 酒，饮料；喝酒,/drɪŋk/,/drɪŋk/,You should drink plenty of water.,你应该大量喝水。
en:drive:verb:1,drive,verb,开车；猛击；飞跑,v 开车；猛击；飞跑；n 驱动器；驾车；[心理] 内驱力，推进力；快车道,/draɪv/,/draɪv/,the man driving the car,开车的男子
en:driver:noun:1,driver,noun,驾驶员；驱动程序；起子；传动器,n 驾驶员；驱动程序；起子；传动器,/'draɪvɚ/,/'draɪvə/,a taxi driver,出租车司机
en:drop:verb:1,drop,verb,滴；使降低；使终止；随口漏出,v 滴；使降低；使终止；随口漏出；n 滴；落下；空投；微量；滴剂,/drɑp/,/drɒp/,Temperatures can drop to freezing at night.,晚上气温能陡降到零度以下。
en:drown:verb:1,drown,verb,淹没；把…淹死,v 淹没；把…淹死；n (Drown)人名；(英)德朗,/draʊn/,/draʊn/,Many people drowned when the boat overturned.,船翻后许多人淹死了。
en:drug:noun:1,drug,noun,药；毒品；麻醉药；滞销货,n 药；毒品；麻醉药；滞销货；v 使服麻醉药；使服毒品；掺麻醉药于,/drʌg/,/drʌg/,A lot of young people start taking drugs at school.,许多年轻人上学时开始吸毒。
en:drum:verb:1,drum,verb,击鼓；大力争取,v 击鼓；大力争取；n 鼓；鼓声,/drʌm/,/drʌm/,I could hear the rain drumming against the windows.,我听到雨滴有节奏地打在窗上的声音。
en:drunk:verb:1,drunk,verb,喝酒（drink的过去分词）,v 喝酒（drink的过去分词）；adj 喝醉了的,/drʌŋk/,/drʌŋk/,He must be either mad or drunk.,他要么是疯了，要么是喝醉了。
en:dry:adjective:1,dry,adjective,干的；口渴的；枯燥无味的；禁酒的,adj 干的；口渴的；枯燥无味的；禁酒的；v 把…弄干；n 干涸,/draɪ/,/draɪ/,I need to change into some dry clothes .,我要换上干衣服。
en:duck:noun:1,duck,noun,鸭子；鸭肉；（英）宝贝儿；零分,n 鸭子；鸭肉；（英）宝贝儿；零分；v 闪避；没入水中,/dʌk/,/dʌk/,roast duck with orange sauce,烤鸭配橘子酱
en:due:adjective:1,due,adjective,到期的；预期的；应付的；应得的,adj 到期的；预期的；应付的；应得的；n 应付款；应得之物；adv 正（置于方位词前）,/du/,/djuː/,Any money due you will be sent by cheque through the post.,应该支付给你的款项将会以支票邮寄给你。
en:dull:adjective:1,dull,adjective,钝的；迟钝的；无趣的；呆滞的；阴暗的,adj 钝的；迟钝的；无趣的；呆滞的；阴暗的；v 使迟钝；使阴暗；缓和；n (Dull)人名；(罗、匈)杜尔；(柬)杜；(英)达尔,/dʌl/,/dʌl/,Life is never dull when Elizabeth is here.,有伊丽莎白在这里生活绝不会无聊。
en:dumpling:noun:1,dumpling,noun,饺子，汤团；面团布丁,n 饺子，汤团；面团布丁,/'dʌmplɪŋ/,/'dʌmplɪŋ/,chicken and dumplings,鸡肉和汤团
en:during:preposition:1,during,preposition,在…的时候，在…的期间,prep 在…的时候，在…的期间；n (During)人名；(法)迪兰；(瑞典、利比)杜林,/'dʊrɪŋ/,/'djʊərɪŋ/,During the summer she worked as a lifeguard.,夏天她当过救生员。
en:dusk:noun:1,dusk,noun,黄昏，薄暮；幽暗，昏暗,n 黄昏，薄暮；幽暗，昏暗；adj 微暗的；v 使变微暗,/dʌsk/,/dʌsk/,The street lights go on at dusk.,街灯在黄昏时亮起来。
en:dust:noun:1,dust,noun,灰尘；尘埃；尘土,n 灰尘；尘埃；尘土；v 撒；拂去灰尘,/dʌst/,/dʌst/,All the furniture was covered in dust .,所有的家具都蒙上了灰尘。
en:dustbin:noun:1,dustbin,noun,垃圾箱；吃货,n 垃圾箱；吃货,/'dʌstbɪn/,/'dʌs(t)bɪn/,A bomb planted in a dustbin exploded early today.,一枚安置在一个垃圾桶内的炸弹今天清早爆炸了。
en:dusty:adjective:1,dusty,adjective,落满灰尘的,adj 落满灰尘的,/'dʌsti/,/'dʌstɪ/,Adrian cycled along the dusty road.,阿德里安沿着满是尘土的路骑自行车。
en:duty:noun:1,duty,noun,责任；[税收] 关税；职务,n 责任；[税收] 关税；职务,/'dʊti/,/'djuːtɪ/,I promise I will do my duty .,我保证会尽到我的责任。
en:dvd:adjective:1,DVD,adjective,数字化视频光盘（Digital Video Disk）,abbr 数字化视频光盘（Digital Video Disk）,,,dvd player,DVD播放器；数位影音播放机
en:dynamic:adjective:1,Dynamic,adjective,动态的；动力的；动力学的；有活力的,adj 动态的；动力的；动力学的；有活力的；n 动态；动力,/daɪ'næmɪk/,/daɪ'næmɪk/,He seemed a dynamic and energetic leader.,他看来是个富有创新力与活力的领导。
en:dynasty:noun:1,Dynasty,noun,王朝，朝代,n 王朝，朝代,/'daɪnəsti/,/'dɪnəstɪ/,The Seljuk dynasty of Syria was founded in 1094.,叙利亚的塞尔柱王朝建立于1094年。
en:each:adjective:1,each,adjective,每；各自的,adj 每；各自的；adv 每个；各自；pron 每个；各自,/itʃ/,/iːtʃ/,They reviewed each aspect of the plan bit by bit.,他们对计划的各个方面逐一地进行了审核。
en:eager:adjective:1,eager,adjective,渴望的；热切的；热心的,adj 渴望的；热切的；热心的；n (Eager)人名；(英)伊格,/'igɚ/,/'iːgə/,He’s a bright kid and eager to learn.,他是个聪明的孩子，热爱学习。
en:eagle:noun:1,eagle,noun,鹰；鹰状标饰,n 鹰；鹰状标饰,/'igl/,/'iːg(ə)l/,bald eagle,（美）秃鹰（美国的国鸟）；比喻秃头的政治家
en:ear:noun:1,ear,noun,耳朵；穗；听觉；倾听,n 耳朵；穗；听觉；倾听；vi （美俚）听见；抽穗,/ɪr/,/ɪə/,She tucked her hair behind her ears.,她把头发拢到耳朵背后。
en:early:adjective:1,early,adjective,早期的；早熟的,adj 早期的；早熟的；adv 提早；在初期；n (Early)人名；(英)厄尔利,/'ɝli/,/'ɜːlɪ/,the early morning sunshine,清晨的阳光
en:earn:verb:1,earn,verb,赚，赚得；获得，挣得；使得到；博得,v 赚，赚得；获得，挣得；使得到；博得；n (Earn)人名；(泰)炎,/ɝn/,/ɜːn/,"He earns nearly £20,000 a year.","他每年挣近20,000英镑。"
en:earth:noun:1,earth,noun,地球；地表，陆地；土地，土壤；尘事，俗事；兽穴,n 地球；地表，陆地；土地，土壤；尘事，俗事；兽穴；v 把（电线）[电] 接地；盖（土）；追赶入洞穴,/ɝθ/,/ɜːθ/,the planet Earth,地球
en:earthquake:noun:1,earthquake,noun,地震；大动荡,n 地震；大动荡,/'ɝθ'kwek/,/'ɜːθkweɪk/,An earthquake measuring 6.1 on the Richter scale struck southern California on June 28.,6月28日加州南部地区发生了里氏6.1级地震。
en:ease:verb:1,ease,verb,减轻，缓和；使安心,v 减轻，缓和；使安心；n 轻松，舒适；安逸，悠闲,/iz/,/iːz/,measures to ease congestion in the city,改善城市拥堵状况的措施
en:easily:adverb:1,easily,adverb,容易地；无疑地,adv 容易地；无疑地,/'izəli/,/'iːzɪlɪ/,They won quite easily.,他们赢得相当轻松。
en:east:noun:1,east,noun,东方；东风；东方国家,n 东方；东风；东方国家；adj 东方的；向东的；从东方来的；adv 向东方，在东方,/ist/,/iːst/,Which way is east?,哪边是东？
en:easter:noun:1,Easter,noun,复活节,n 复活节,/istəʳ/,/'i:stə/,on Easter Sunday,在复活节星期日
en:eastern:adjective:1,eastern,adjective,东方的；朝东的；东洋的,adj 东方的；朝东的；东洋的；n 东方人；（美国）东部地区的人,/'istɚn/,/'iːst(ə)n/,Eastern religions,东方宗教
en:eastwards:adverb:1,eastwards,adverb,向东方地,adv 向东方地；adj 向东方的,/'istwɚdz/,/'iːstwədz/,The ship continued sailing eastwards.,船继续向东行驶。
en:easy:adjective:1,easy,adjective,容易的；舒适的,adj 容易的；舒适的；adv 不费力地，从容地；vi 停止划桨；vt 发出停划命令,/'izi/,/'iːzɪ/,The test was easy.,考试很容易。
en:eat:verb:1,eat,verb,吃，喝；腐蚀；烦扰,v 吃，喝；腐蚀；烦扰,/it/,/iːt/,Felix chatted cheerfully as he ate.,费利克斯一边吃一边兴奋地聊天。
en:ecology:noun:1,ecology,noun,生态学；社会生态学,n 生态学；社会生态学,/ɪ'kɑlədʒi/,/ɪ'kɒlədʒɪ; e-/,the natural ecology of the Earth,地球的自然生态
en:edge:noun:1,edge,noun,边缘；优势；刀刃；锋利,n 边缘；优势；刀刃；锋利；v 使锐利；将…开刃；给…加上边,/ɛdʒ/,/edʒ/,"Put the eggs in the centre of the dish, with the vegetables and herbs around the edge.",把鸡蛋放在盘子中间，盘边一圈放些蔬菜和香草。
en:edition:noun:1,edition,noun,版本,n 版本,/ɪ'dɪʃən/,/ɪ'dɪʃ(ə)n/,a paperback edition,平装本
en:editor:noun:1,editor,noun,编者，编辑；社论撰写人；编辑装置,n 编者，编辑；社论撰写人；编辑装置,/'ɛdɪtɚ/,/'edɪtə/,the editor of a book of essays on modern poetry,现代诗歌论文集的编者
en:educate:verb:1,educate,verb,教育；培养；训练,v 教育；培养；训练,/'ɛdʒuket/,/'edjʊkeɪt/,The Ormerod School educates handicapped children.,奥默罗德学校的教育对象为残疾儿童。
en:education:noun:1,education,noun,教育；培养；教育学,n 教育；培养；教育学,"/,ɛdʒu'keʃən/",/edjʊ'keɪʃ(ə)n/,She also hopes her children will get a good education.,她也希望她的孩子可以受到良好的教育。
en:educator:noun:1,educator,noun,教育家；教育工作者；教师,n 教育家；教育工作者；教师,/'ɛdʒə'ketɚ/,/'edʒʊkeɪtə/,What more could an educator hope for than a student's desire to learn.,除了学生的学习兴趣，教育者们别无所求。
en:effect:noun:1,effect,noun,影响；效果；作用,n 影响；效果；作用；v 产生；达到目的,/ɪ'fɛkt/,/ɪ'fekt/,the long-term effects of the drug,这种毒品的长期影响
en:effort:noun:1,effort,noun,努力；成就,n 努力；成就,/'ɛfɚt/,/'efət/,please make an effort to be polite.,请尽量礼貌些。
en:egg:noun:1,egg,noun,蛋；卵子；家伙；鸡蛋,n 蛋；卵子；家伙；鸡蛋；v 煽动；怂恿,/ɛɡ/,/eg/,Blackbirds lay their eggs in March.,乌鸫在3月产蛋。
en:eggplant:noun:1,eggplant,noun,茄子,n 茄子；adj 深紫色的,/'ɛɡplænt/,/'egplɑːnt/,Spinach and eggplant.,菠菜和茄子。
en:egypt:noun:1,Egypt,noun,埃及（非洲国家）,n 埃及（非洲国家）,/'idʒɪpt/,/ˈiːdʒɪpt/,They caravaned through Egypt.,他们结队在埃及坐大篷车旅行。
en:egyptian:adjective:1,Egyptian,adjective,埃及的；埃及人的,adj 埃及的；埃及人的；n 埃及人；古代埃及语,,/ɪ'dʒɪpʃ(ə)n/,...the Egyptian pharaoh.,...古埃及法老。
en:eight:numeral:1,eight,numeral,八；八个；第八,num 八；八个；第八；adj 八的；n 八字形,/et/,/eɪt/,It’s only eight days till Christmas.,还有8天就到圣诞节了。
en:eighteen:noun:1,eighteen,noun,十八，十八个,n 十八，十八个；adj 十八个的，十八的；num 十八,"/,e'tin/",/eɪ'tiːn; 'eɪtiːn/,At least eighteen bullets were fired.,至少射出了18颗子弹。
en:eighth:adjective:1,eighth,adjective,第八的；八分之一的,adj 第八的；八分之一的；num 第八；八分之一,/etθ/,/eɪtθ/,in the eighth century,在8世纪
en:eighty:noun:1,eighty,noun,八十；八十岁；八十年代,n 八十；八十岁；八十年代；adj 八十的，八十个的；八十岁的；num 八十,/ˈeti/,/'eɪtɪ/,The band was incredibly successful in the eighties.,这支乐队在80年代红透半边天。
en:either:adjective:1,either,adjective,两者之中任一的；两者之中每一的,adj 两者之中任一的；两者之中每一的；prep 任何一个；conj 也（用于否定句或否定词组后）；根本；pron 任一，两方，随便哪一个；两者中的一个或另一个,/'iðɚ/,/'aɪðə; 'iː-/,either of,两者之一
en:elder:noun:1,elder,noun,老人；长辈；年长者；父辈,n 老人；长辈；年长者；父辈；adj 年长的；年龄较大的；资格老的,/'ɛldɚ/,/'eldə/,a meeting of the village elders,村里长辈们的集会
en:elect:adjective:1,elect,adjective,选出的；当选的；卓越的,adj 选出的；当选的；卓越的；n 被选的人；特殊阶层；上帝的选民；v 选举；选择；推选,/ɪ'lɛkt/,/ɪ'lekt/,...the date when the president-elect takes office.,…总统当选人的就职日。
en:electric:adjective:1,electric,adjective,电的；电动的；发电的；导电的；令人震惊的,adj 电的；电动的；发电的；导电的；令人震惊的；n 电；电气车辆；带电体,/ɪ'lɛktrɪk/,/ɪ'lektrɪk/,an electric blanket,电热毯
en:electrical:adjective:1,electrical,adjective,有关电的；电气科学的,adj 有关电的；电气科学的,/ɪ'lɛktrɪkl/,/ɪ'lektrɪk(ə)l/,The fire was caused by an electrical fault.,大火是电力故障引起的。
en:electricity:noun:1,electricity,noun,电力；电流；强烈的紧张情绪,n 电力；电流；强烈的紧张情绪,/ɪ'lɛk'trɪsəti/,"/,ɪlek'trɪsɪtɪ; ,el-; ,iːl-/","The farm was very isolated, but it had electricity.",那个农场非常偏远，但有电力供应。
en:electronic:adjective:1,electronic,adjective,电子的,adj 电子的；n 电子电路；电子器件,/ɪˌlekˈtrɑːnɪk/,/ɪˌlekˈtrɒnɪk/,electronic games,电子游戏
en:elegant:adjective:1,elegant,adjective,高雅的，优雅的；讲究的；简炼的；简洁的,adj 高雅的，优雅的；讲究的；简炼的；简洁的,/'ɛləgənt/,/'elɪg(ə)nt/,"a tall, elegant young woman",身材高挑、举止优雅的年轻女子
en:elephant:noun:1,elephant,noun,象；大号图画纸,n 象；大号图画纸,/'ɛlɪfənt/,/'elɪf(ə)nt/,"Tom: No.Although 75% of its raw materials is elephant dung, it is light delicate fragrance instead of stink. This is due to its special fabrication technology.",不，尽管这种纸里75％的原料都是大象的粪便，但它不但不臭，反而有一种淡淡的清香，这是源于它的特殊的制造工艺。
en:eleven:noun:1,eleven,noun,十一；十一个,n 十一；十一个；adj 十一的；十一个的；num 十一；十一个,/ɪ'lɛvn/,/ɪ'lev(ə)n/,She was sent to jail for eleven months.,她被判入狱11个月。
en:else:adverb:1,else,adverb,其他；否则；另外,adv 其他；否则；另外；adj 别的；其他的；n (Else)人名；(英)埃尔斯；(德)埃尔泽；(芬、丹)埃尔塞,/ɛls/,/els/,There’s something else I’d like to talk about as well.,我还有其他事情要谈一谈。
en:embarrass:verb:1,embarrass,verb,使局促不安；使困窘；阻碍,v 使局促不安；使困窘；阻碍,/ɪm'bærəs/,/ɪm'bærəs; em-/,He didn’t want to embarrass her by asking questions.,他不想提问让她尴尬。
en:embassy:noun:1,embassy,noun,大使馆；大使馆全体人员,n 大使馆；大使馆全体人员,/'ɛmbəsi/,/'embəsɪ/,the American Embassy in Paris,美国驻巴黎大使馆
en:emergency:noun:1,emergency,noun,紧急情况；突发事件；非常时刻,n 紧急情况；突发事件；非常时刻；adj 紧急的；备用的,/ɪ'mɝdʒənsi/,/ɪ'mɜːdʒ(ə)nsɪ/,Lifeguards are trained to deal with emergencies.,救生员接受过应对紧急情况的训练。
en:emperor:noun:1,emperor,noun,皇帝，君主,n 皇帝，君主,/'ɛmpərɚ/,/'emp(ə)rə/,They bowed before the emperor as he entered the court.,皇帝进入朝廷时他们都向他鞠躬致敬。
en:empire:noun:1,empire,noun,帝国；帝王统治，君权,n 帝国；帝王统治，君权,/'ɛmpaɪr/,/'empaɪə/,the Roman empire,罗马帝国
en:employ:verb:1,employ,verb,使用，采用；雇用；使忙于，使从事于,v 使用，采用；雇用；使忙于，使从事于；n 使用；雇用,/ɪm'plɔɪ/,/ɪm'plɒɪ; em-/,"The factory employs over 2,000 people.","这家工厂雇用了2,000多名员工。"
en:empty:adjective:1,empty,adjective,空的；无意义的；无知的；徒劳的,adj 空的；无意义的；无知的；徒劳的；v 使失去；使…成为空的；n 空车；空的东西,/ˈɛmptɪ/,/'em(p)tɪ/,an empty box,空盒子
en:encourage:verb:1,encourage,verb,鼓励，怂恿；激励；支持,v 鼓励，怂恿；激励；支持,/ɪn'kɝrɪdʒ/,/ɪn'kʌrɪdʒ; en-/,I want to thank everyone who has encouraged and supported me.,我要感谢每一位鼓励和支持过我的人。
en:encouragement:noun:1,encouragement,noun,鼓励,n 鼓励,/ɪn'kɝɪdʒmənt/,/ɪn'kʌrɪdʒm(ə)nt/,"With encouragement, Sally is starting to play with the other children.",萨莉受到了鼓励，开始和其他孩子玩起来。
en:end:noun:1,end,noun,结束；目标；尽头；末端；死亡,n 结束；目标；尽头；末端；死亡；v 结束，终止；终结,/ɛnd/,/end/,At last it seemed the war might be coming to an end.,终于战争似乎即将结束。
en:ending:noun:1,ending,noun,结局；结尾,n 结局；结尾,/'ɛndɪŋ/,/'endɪŋ/,Verbal nouns have the ending -ing.,动名词以-ing结尾。
en:endless:adjective:1,endless,adjective,无止境的；连续的；环状的；漫无目的的,adj 无止境的；连续的；环状的；漫无目的的,/'ɛndləs/,/'endlɪs/,an endless stream of visitors,川流不息的游客
en:enemy:noun:1,enemy,noun,敌人，仇敌；敌军,n 敌人，仇敌；敌军；adj 敌人的，敌方的,/'ɛnəmi/,/'enəmɪ/,She’s a dangerous enemy to have.,与她为敌很危险。
en:energetic:adjective:1,energetic,adjective,精力充沛的；积极的；有力的,adj 精力充沛的；积极的；有力的,"/,ɛnɚ'dʒɛtɪk/","/,enə'dʒetɪk/",an energetic man,精力旺盛的男子
en:energy:noun:1,energy,noun,[物] 能量；精力；活力；精神,n [物] 能量；精力；活力；精神,/'ɛnɚdʒi/,/'enədʒɪ/,The water is heated using energy from the sun.,水是利用太阳能加热的。
en:engine:noun:1,engine,noun,引擎，发动机；机车，火车头；工具,n 引擎，发动机；机车，火车头；工具,/'ɛndʒɪn/,/'endʒɪn/,Is the engine running smoothly?,发动机运转平稳吗？
en:engineer:noun:1,engineer,noun,工程师；工兵；火车司机,n 工程师；工兵；火车司机；v 设计；策划；精明地处理,"/,ɛndʒɪ'nɪr/",/endʒɪ'nɪə/,"He trained as a civil engineer (= one who designs and builds roads, bridges etc ).",他接受过土木工程师培训。
en:england:noun:1,England,noun,英格兰,n 英格兰,/'iŋɡlənd/,/ˈɪŋɡlənd/,new england,新英格兰
en:english:adjective:1,English,adjective,英国人的；英国的；英文的,adj 英国人的；英国的；英文的；n 英语；英国人；英文；英格兰人；vt 把…译成英语,/ɪŋɡlɪʃ/,/'ɪŋɡlɪʃ/,the English countryside,英格兰乡村
en:enjoy:verb:1,enjoy,verb,欣赏，享受；喜爱；使过得快活,v 欣赏，享受；喜爱；使过得快活,/ɪn'dʒɔɪ/,/ɪn'dʒɒɪ; en-/,The average German will enjoy 40 days' paid holiday this year.,德国人今年平均将享有40天带薪假期。
en:enjoyable:adjective:1,enjoyable,adjective,快乐的；有乐趣的；令人愉快的,adj 快乐的；有乐趣的；令人愉快的,/ɪn'dʒɔɪəbl/,/ɪn'dʒɒɪəb(ə)l; en-/,Games can make learning more enjoyable.,游戏可以寓教于乐。
en:enlarge:verb:1,enlarge,verb,扩大；放大；详述,v 扩大；放大；详述,/ɪn'lɑrdʒ/,/ɪn'lɑːdʒ; en-/,an operation to enlarge her breasts,她的丰胸手术
en:enough:adverb:1,enough,adverb,足够地，充足地,adv 足够地，充足地；n 很多；充足；adj 充足的；int 够了！,/ɪ'nʌf/,/ɪ'nʌf/,Are the carrots cooked enough?,胡萝卜煮熟了吗？
en:enquiry:noun:1,enquiry,noun,[计] 询问，[贸易] 询盘,n [计] 询问，[贸易] 询盘,"/ɛnˈkwaɪri, ˈɛnkwəri/",/ɪn'kwaɪrɪ/,intellectual enquiry,知识探索；知识探求
en:enter:verb:1,enter,verb,进入；开始；参加,v 进入；开始；参加；n [计] 输入；回车,/'ɛntɚ/,/'entə/,Both the boys entered the army.,两个男孩都参了军。
en:enterprise:noun:1,enterprise,noun,企业；事业；进取心；事业心,n 企业；事业；进取心；事业心,/'ɛntɚ'praɪz/,/'entəpraɪz/,commercial enterprises such as banks and food manufacturers,银行和食品制造厂等商业企业
en:entertainment:noun:1,entertainment,noun,娱乐；消遣；款待,n 娱乐；消遣；款待,/'ɛntɚ'tenmənt/,/entə'teɪnm(ə)nt/,The town provides a wide choice of entertainment.,该镇提供各式各样的娱乐活动。
en:enthusiastic:adjective:1,enthusiastic,adjective,热情的；热心的；狂热的,adj 热情的；热心的；狂热的,"/ɪn,θuzɪ'æstɪk/","/ɪn,θjuːzɪ'æstɪk; en-/",an enthusiastic supporter of reform,改革的热心支持者
en:entire:adjective:1,entire,adjective,全部的，整个的；全体的,adj 全部的，整个的；全体的；n (Entire)人名；(英)恩泰尔,/ɪn'taɪɚ/,/ɪn'taɪə; en-/,It was the worst day in my entire life.,那是我一生中最糟糕的一天。
en:entrance:noun:1,entrance,noun,入口；进入,n 入口；进入；v 使出神，使入迷,/'ɛntrəns/,/'entr(ə)ns/,the station entrance,车站的入口处
en:entry:noun:1,entry,noun,进入；入口；条目；登记；报关手续；对土地的侵占,n 进入；入口；条目；登记；报关手续；对土地的侵占,/'ɛntri/,/ˈɒntreɪ/,There was no sign of a forced entry.,没有强行闯入的迹象。
en:envelope:noun:1,envelope,noun,信封，封皮；包膜；[天] 包层；包迹,n 信封，封皮；包膜；[天] 包层；包迹,,/'envələʊp; 'ɒn-/,envelopes and stamps,信封和邮票
en:environment:noun:1,environment,noun,环境，外界,n 环境，外界,/ɪn'vaɪrənmənt/,/ɪn'vaɪrənm(ə)nt; en-/,Some of these chemicals are very damaging to the environment.,这些化学品中有些对环境非常有害。
en:envy:noun:1,envy,noun,嫉妒，妒忌；羡慕,n 嫉妒，妒忌；羡慕；v 嫉妒，妒忌；羡慕,/'ɛnvi/,/'envɪ/,She could see that all the other girls were green with envy(= feeling a lot of envy ).,她看得出其他女孩都很眼红。
en:equal:adjective:1,equal,adjective,平等的；相等的；胜任的,adj 平等的；相等的；胜任的；v 等于；比得上；n 对手；匹敌；同辈；相等的事物,/'ikwəl/,/'i:kwəl/,Our constitution states that all men are equal.,我们的宪法规定人人平等。
en:equality:noun:1,equality,noun,平等；相等；[数] 等式,n 平等；相等；[数] 等式,/ɪ'kwɑləti/,/ɪ'kwɒlɪtɪ; iː-/,...equality of the sexes.,…性别平等。
en:equip:verb:1,equip,verb,装备，配备,v 装备，配备,/ɪ'kwɪp/,/ɪ'kwɪp/,They try to equip their vehicles with gadgets to deal with every possible contingency.,他们尽量给他们的车辆配备各种小装置以应付任何可能的突发状况。
en:equipment:noun:1,equipment,noun,设备，装备；器材,n 设备，装备；器材,/ɪ'kwɪpmənt/,/ɪ'kwɪpm(ə)nt/,a shop selling camping equipment,出售露营装备的商店
en:eraser:noun:1,eraser,noun,橡皮；擦除器；[计] 清除器,n 橡皮；擦除器；[计] 清除器,/ɪ'resɚ/,/ɪ'reɪzə/,eraser tool,橡皮擦工具；擦除工具
en:error:noun:1,error,noun,误差；错误；过失,n 误差；错误；过失,/'ɛrɚ/,/'erə/,an error message,出错信息
en:erupt:verb:1,erupt,verb,爆发；喷出；发疹；长牙,v 爆发；喷出；发疹；长牙,/ɪ'rʌpt/,/ɪ'rʌpt/,Violence erupted after police shot a student during the demonstration.,警察向示威人群中的一名学生开枪，暴乱随之发生。
en:escape:verb:1,escape,verb,逃避，避开，避免；被忘掉；被忽视,v 逃避，避开，避免；被忘掉；被忽视；n 逃跑；逃亡；逃走；逃跑工具或方法；野生种；泄漏,/ɪˈskep/,/ɪ'skeɪp; e-/,They went to the hills to escape the summer heat.,他们去山中避暑了。
en:especially:adverb:1,especially,adverb,特别；尤其；格外,adv 特别；尤其；格外,/ɪ'spɛʃəli/,/ɪ'speʃ(ə)lɪ; e-/,"I never liked long walks, especially in winter.",我向来不喜欢长距离散步，尤其在冬天。
en:essay:noun:1,essay,noun,散文；试图；随笔,n 散文；试图；随笔；v 尝试；对…做试验,/'ɛse/,/'eseɪ/,We asked Jason to write an essay about his hometown.,我们让杰森写一篇关于他家乡的短文。
en:europe:noun:1,Europe,noun,欧洲,n 欧洲,/'jʊrəp/,/'jʊrəp/,eastern Europe,东欧
en:european:adjective:1,European,adjective,欧洲的；欧洲人的,adj 欧洲的；欧洲人的；n 欧洲人,/'jʊrə'piən/,/jʊərə'piːən/,European languages,欧洲的语言
en:evaluate:verb:1,evaluate,verb,评价；估价；求…的值,v 评价；估价；求…的值,/ɪ'væljʊ'et/,/ɪ'væljʊeɪt/,You should be able to evaluate your own work.,你应该能够评估自己的工作。
en:even:adjective:1,even,adjective,[数] 偶数的；平坦的；相等的,adj [数] 偶数的；平坦的；相等的；adv 甚至；即使；还；实际上；v 使平坦；使相等；n (Even)人名；(法)埃旺；(德)埃文；(英)埃文,/'ivən/,/'iːv(ə)n/,The floor must be completely even before we lay the tiles.,地面必须完全平整后才能铺地砖。
en:evening:noun:1,evening,noun,晚上；傍晚；（联欢性的）晚会；后期,n 晚上；傍晚；（联欢性的）晚会；后期；adj 在晚上的；为晚上的；晚上用的；int 晚上好（等于good evening）,/'ivnɪŋ/,/'iːv(ə)nɪŋ/,I do most of my studying in the evening.,我学习大都在晚上。
en:event:noun:1,event,noun,事件，大事；项目；结果,n 事件，大事；项目；结果,/ɪ'vɛnt/,/ɪ'vent/,one of the most important events in the history of mankind,人类历史上最重大的事件之一
en:eventually:adverb:1,eventually,adverb,最后，终于,adv 最后，终于,/ɪ'vɛntʃuəli/,/ɪ'ventʃʊəlɪ/,He eventually escaped and made his way back to England.,他终于逃脱并返回英格兰。
en:ever:adverb:1,ever,adverb,永远；曾经；究竟,adv 永远；曾经；究竟；n (Ever)人名；(英)埃弗；(俄)叶韦尔；(西、法)埃韦尔,/'ɛvɚ/,/'evə/,Nothing lasts for ever.,没有什么是永恒的。
en:every:adjective:1,every,adjective,每一的，每个的；每隔…的,adj 每一的，每个的；每隔…的；n (Every)人名；(英)埃夫里,/'ɛvri/,/'evrɪ/,His every utterance will be scrutinized.,他说的每句话都会被细查。
en:everybody:pronoun:1,everybody,pronoun,每个人；人人,pron 每个人；人人,/'ɛvrɪbɑdi/,/'evrɪbɒdɪ/,,
en:everyday:adjective:1,everyday,adjective,每天的，日常的,adj 每天的，日常的；n 平时；寻常日子,/'ɛvrɪde/,/'evrɪdeɪ; -'deɪ/,the problems of everyday life,日常生活中的问题
en:everyone:pronoun:1,everyone,pronoun,每个人；人人,pron 每个人；人人；n 每个人,/'ɛvrɪwʌn/,/'evrɪwʌn/,"If everyone is ready, I’ll begin.",如果大家都准备好了，我就开始。
en:everything:pronoun:1,everything,pronoun,每件事物；最重要的东西；（有关的）一切；万事,pron 每件事物；最重要的东西；（有关的）一切；万事,/'ɛvrɪ'θɪŋ/,/'evrɪθɪŋ/,Everything was covered in a thick layer of dust.,所有东西上面都蒙着厚厚一层灰。
en:everywhere:adverb:1,everywhere,adverb,到处,adv 到处；n 每个地方,/'ɛvrɪwɛr/,/'evrɪweə/,I’ve looked everywhere but I can’t find the map.,我到处都找过了，但就是找不到地图。
en:evidence:noun:1,evidence,noun,证据，证明；迹象；明显,n 证据，证明；迹象；明显；v 证明,/'ɛvɪdəns/,/'evɪd(ə)ns/,Murrow’s evidence was enough to convict Hayes of murder.,默罗的证词足以证明海斯犯了谋杀罪。
en:evident:adjective:1,evident,adjective,明显的；明白的,adj 明显的；明白的,/'ɛvɪdənt/,/'evɪd(ə)nt/,Bob ate his lunch with evident enjoyment.,显然鲍勃吃午饭吃得津津有味。
en:evolution:noun:1,evolution,noun,演变；进化论；进展,n 演变；进化论；进展,/ˌɛvəˈluʃən; (occas.) ˌ ivəˈluʃən/,"/,iːvə'luːʃ(ə)n; 'ev-/",the theory of evolution,进化论
en:exact:adjective:1,exact,adjective,准确的，精密的；精确的,adj 准确的，精密的；精确的；v 要求；强求；急需,/ɪɡ'zækt/,/ɪg'zækt; eg-/,Police are still investigating the exact cause of the accident.,警方还在调查这起事故的确切原因。
en:exactly:adverb:1,exactly,adverb,恰好地；正是；精确地；正确地,adv 恰好地；正是；精确地；正确地,/ɪɡ'zæktli/,/ɪg'zæk(t)lɪ; eg-/,It’s exactly half past five.,一分不差，正好5点半。
en:exam:noun:1,exam,noun,考试；测验,n 考试；测验,/ɪg'zæm/,/ɪg'zæm; eg-/,"At the end of each level, there’s an exam.",在每一级别结束时都有一次考试。
en:examine:verb:1,examine,verb,检查；调查； 检测；考试,v 检查；调查； 检测；考试,/ɪg'zæmɪn/,/ɪg'zæmɪn; eg-/,A team of divers was sent down to examine the wreck.,一组潜水员被送到水下检查沉船。
en:example:noun:1,example,noun,例子；榜样,n 例子；榜样；vt 作为…的例子；为…做出榜样；vi 举例,/ɪg'zæmpl/,/ɪg'zɑːmp(ə)l; eg-/,Parents should set an example for their children.,父母应该为孩子树立榜样。
en:excellent:adjective:1,excellent,adjective,卓越的；极好的；杰出的,adj 卓越的；极好的；杰出的,/'ɛksələnt/,/'eks(ə)l(ə)nt/,an excellent suggestion,极好的建议
en:except:verb:1,except,verb,不计；把…除外,v 不计；把…除外；prep 除…之外；conj 除了；要不是,/ɪk'sɛpt/,/ɪk'sept; ek-/,They were all there except me.,除了我以外他们都在那里。
en:exchange:noun:1,exchange,noun,交换；交流；交易所；兑换,n 交换；交流；交易所；兑换；v 交换；交易；兑换,/ɪks'tʃendʒ/,/ɪks'tʃeɪndʒ; eks-/,Four of my cassettes for your Madonna CD is a fair exchange.,我用四盒磁带换你的麦当娜激光唱片很公平。
en:excite:verb:1,excite,verb,激起；刺激…，使…兴奋,v 激起；刺激…，使…兴奋,/ɪk'saɪt/,/ɪk'saɪt; ek-/,"His playing is technically brilliant, but it doesn’t excite me.",他的演奏技巧娴熟，但并不让我激动。
en:excuse:noun:1,excuse,noun,借口；理由,n 借口；理由；v 原谅；为…申辩；给…免去,/ɪk'skjʊs/,/ɪk'skjuːz; ek-/,I’m tired of listening to his excuses.,我听厌了他的种种理由。
en:exercise:noun:1,exercise,noun,运动；练习；运用；操练；礼拜；典礼,n 运动；练习；运用；操练；礼拜；典礼；v 锻炼；练习；使用；使忙碌；使惊恐,/'ɛksɚsaɪz/,/'eksəsaɪz/,Try to fit some regular exercise into your daily routine.,尽量在日常生活中安排一些经常性的锻炼。
en:exhibition:noun:1,exhibition,noun,展览，显示；展览会；展览品,n 展览，显示；展览会；展览品,"/,ɛksɪ'bɪʃən/",/eksɪ'bɪʃ(ə)n/,I’ve never seen such an exhibition of jealousy.,我从未见过如此嫉妒的表现。
en:exist:verb:1,exist,verb,存在；生存；生活；继续存在,v 存在；生存；生活；继续存在,/ɪɡ'zɪst/,/ɪg'zɪst; eg-/,The custom of arranged marriages still exists in many countries.,许多国家仍存在包办婚姻的习俗。
en:existence:noun:1,existence,noun,存在，实在；生存，生活；存在物，实在物,n 存在，实在；生存，生活；存在物，实在物,/ɪɡ'zɪstəns/,/ɪg'zɪst(ə)ns; eg-/,Scientists have many theories about how the universe first came into existence (= started to exist ).,关于宇宙的起源，科学家有多种理论。
en:exit:noun:1,exit,noun,出口，通道；退场,n 出口，通道；退场；v 退出；离去,/'ɛɡzɪt/,/'eksɪt; 'egzɪt/,We made for the nearest exit.,我们走向最近的出口。
en:expand:verb:1,expand,verb,扩张；使膨胀；详述,v 扩张；使膨胀；详述,/ɪk'spænd/,/ɪk'spænd; ek-/,The computer industry has expanded greatly over the last decade.,计算机行业在过去十年间大大地发展起来。
en:expect:verb:1,expect,verb,期望；指望；认为；预料,v 期望；指望；认为；预料,/ɪk'spɛkt/,/ɪk'spekt; ek-/,He will be hard to beat. I fully expect (= am completely sure about ) that and I’m ready.,他很难击败。我确信这一点，不过我准备好了。
en:expectation:noun:1,expectation,noun,期待；预期；指望,n 期待；预期；指望,"/,ɛkspɛk'teʃən/",/ekspek'teɪʃ(ə)n/,"Having raised expectations (= made people more hopeful ), he went on to help only a few people.",他唤起了大家的希望，但接着只是帮助了几个人。
en:expense:noun:1,expense,noun,损失，代价；消费；开支,n 损失，代价；消费；开支；vt 向…收取费用；vi 被花掉,/ɪk'spɛns/,/ɪk'spens; ek-/,He's bought a big TV at vast expense so that everyone can see properly.,他花了很多钱买了台大电视，这样人人都可以看清楚了。
en:expensive:adjective:1,expensive,adjective,昂贵的；花钱的,adj 昂贵的；花钱的,/ɪk'spɛnsɪv/,/ɪk'spensɪv; ek-/,the most expensive restaurant in town,城里最贵的餐馆
en:experience:noun:1,experience,noun,经验；经历；体验,n 经验；经历；体验；v 经验；经历；体验,/ɪk'spɪrɪəns/,/ɪk'spɪərɪəns; ek-/,"The advice in the booklet reflects the practical experience we have gained (= experience gained by actually doing something, rather than knowledge from books etc ).",小册子中的建议反映了我们所获得的实践经验。
en:experiment:verb:1,experiment,verb,尝试；进行实验,v 尝试；进行实验；n 实验，试验；尝试,/ɪk'sperɪmənt/,/ɪk'sperɪm(ə)nt; ek-/,The teacher provided some different materials and left the children to experiment.,老师提供了几种不同的材料让孩子们试验。
en:expert:adjective:1,expert,adjective,熟练的；内行的；老练的,adj 熟练的；内行的；老练的；n 专家；行家；能手；vt 当专家；在…中当行家,"/'ɛkspɝt; (for adj., also) ɛksˈpɝt ; ɪkˈspɝt/",/'ekspɜːt/,He cast his expert eye on the gardener’s work.,他用内行的眼光看了看园丁干的活。
en:explain:verb:1,explain,verb,说明；解释,v 说明；解释,/ɪk'splen/,/ɪk'spleɪn/,He carefully explained the procedure.,他仔细解释了程序。
en:explanation:noun:1,explanation,noun,说明，解释；辩解,n 说明，解释；辩解,"/,ɛksplə'neʃən/",/eksplə'neɪʃ(ə)n/,She told the court she would give a full explanation of the prosecution's decision on Monday.,她告诉法庭她将在星期一就控方的决定做出详尽的解释。
en:explicit:adjective:1,explicit,adjective,明确的；清楚的；直率的；详述的,adj 明确的；清楚的；直率的；详述的,/ɪk'splɪsɪt/,/ɪk'splɪsɪt; ek-/,The contrast could not have been made more explicit.,这个对比再清楚不过了。
en:explode:verb:1,explode,verb,爆炸，爆发；激增,v 爆炸，爆发；激增,/ɪk'splod/,/ɪk'spləʊd; ek-/,The device was thrown at an army patrol but failed to explode.,炸弹投向了陆军巡逻队，但没有爆炸。
en:exploit:verb:1,exploit,verb,开发，开拓；剥削；开采,v 开发，开拓；剥削；开采；n 勋绩；功绩,/ɪk'splɔɪt/,/ɪk'splɒɪt; ek-/,Homeworkers can easily be exploited by employers.,在家工作的人容易被雇主剥削。
en:explore:verb:1,explore,verb,探索；探测；探险,v 探索；探测；探险,/ɪk'splɔr/,/ɪk'splɔː; ek-/,Management need to explore ways of improving office security.,管理层需要探讨如何加强办事处的安全措施。
en:explorer:noun:1,explorer,noun,探险家；勘探者；探测器；[医]探针,n 探险家；勘探者；探测器；[医]探针,/ɪk'splɔrɚ/,/ek'splɔːrə(r)/,"...the travels of Columbus, Magellan, and many other explorers.",…哥伦布、麦哲伦和许多其他探险家的旅行。
en:export:noun:1,export,noun,输出，出口；出口商品,n 输出，出口；出口商品；v 输出物资,/ˈekspɔːrt；ɪkˈ-/,/ˈekspɔːt；ɪkˈ-/,Wheat is one of the country’s main exports.,小麦是该国的主要出口商品之一。
en:expose:verb:1,expose,verb,揭露，揭发；使曝光；显示,v 揭露，揭发；使曝光；显示,/ɪk'spoz；ek-/,/ɪk'spəʊz; ek-/,He lifted his T-shirt to expose a jagged scar across his chest.,他撩起T恤衫，露出横贯胸部的锯齿状伤疤。
en:express:verb:1,express,verb,表达；快递,v 表达；快递；adj 明确的；迅速的；专门的；n 快车，快递，专使；捷运公司,/ɪk'sprɛs/,/ɪk'spres; ek-/,Parents have expressed their concerns about their children’s safety.,父母对自己孩子的安全表示忧虑。
en:expression:noun:1,expression,noun,表现，表示，表达；表情，脸色，态度，腔调，声调；式，符号；词句，语句，措辞，说法,n 表现，表示，表达；表情，脸色，态度，腔调，声调；式，符号；词句，语句，措辞，说法,/ɪk'sprɛʃən/,/ɪkˈspreʃn/,Student leaders are demanding greater freedom of expression (= the right to say what you think without being punished ).,学生领袖要求得到更多的言论自由。
en:extension:noun:1,extension,noun,延长；延期；扩大；伸展；电话分机,n 延长；延期；扩大；伸展；电话分机,/ɪk'stɛnʃən/,/ɪk'stenʃ(ə)n; ek-/,a loft extension,增建的阁楼
en:extra:adverb:1,extra,adverb,特别地，非常；另外,adv 特别地，非常；另外；n 临时演员；号外；额外的事物；上等产品；adj 额外的，另外收费的；特大的,/'ɛkstrə/,/'ekstrə/,They need to offer something extra to attract customers.,他们需要提供额外的东西以吸引顾客。
en:extraordinary:adjective:1,extraordinary,adjective,非凡的；特别的；离奇的；临时的；特派的,adj 非凡的；特别的；离奇的；临时的；特派的,/ɛkˈstrɔrdənˌɛri; ɪkˈstrɔrdəˌnɛri; ˌɛkstrəˈɔrdəˌnɛri/,/ɪkˈstrɔːd(ə)n(ə)ri; ekˈstrɔːd(ə)n(ə)ri; ˌekstrəˈɔːdɪn(ə)ri/,a woman of extraordinary beauty,容貌出众的女子
en:extreme:adjective:1,extreme,adjective,极端的；极度的；偏激的；尽头的,adj 极端的；极度的；偏激的；尽头的；n 极端；末端；最大程度；极端的事物,/ɪk'strim/,/ɪk'striːm; ek-/,Extreme poverty still exists in many rural areas.,许多农村地区仍处于赤贫状态。
en:extremely:adverb:1,extremely,adverb,非常，极其；极端地,adv 非常，极其；极端地,/ɪk'strimli/,/ɪk'striːmlɪ; ek-/,Earthquakes are extremely difficult to predict.,地震非常难以预测。
en:eye:noun:1,eye,noun,眼睛；视力；眼光；见解，观点,n 眼睛；视力；眼光；见解，观点；v 注视，看,/aɪ/,/aɪ/,He’s got beautiful eyes.,他有一双漂亮的眼睛。
en:eyesight:noun:1,eyesight,noun,视力；目力,n 视力；目力,/'aɪsaɪt/,/'aɪsaɪt/,He had a problem with his eyesight.,他的视力有问题。
en:eyewitness:noun:1,eyewitness,noun,目击者；见证人,n 目击者；见证人,/'aɪwɪtnəs/,/'aɪwɪtnɪs/,One eyewitness said he saw her talking to a man in a blue car.,一名目击者说他看见她在跟一个坐在蓝色汽车里的男子说话。
en:face:noun:1,face,noun,脸；表面；面子；面容；外观；威信,n 脸；表面；面子；面容；外观；威信；v 向；朝,/fes/,/feɪs/,She had a beautiful face.,她面容秀美。
en:facial:adjective:1,facial,adjective,面部的，表面的；脸的，面部用的,adj 面部的，表面的；脸的，面部用的；n 美容，美颜；脸部按摩,/'feʃl/,/'feɪʃ(ə)l/,Victor’s facial expression didn’t change.,维克托脸上的表情没有变化。
en:fact:noun:1,fact,noun,事实；实际；真相,n 事实；实际；真相,/fækt/,/fækt/,Our decision to build the museum in Hartlepool was influenced by the fact that there were no national museums in the North East.,我们之所以决定在哈特尔浦建造博物馆，是因为东北地区没有国家级的博物馆。
en:factory:noun:1,factory,noun,工厂；制造厂；代理店,n 工厂；制造厂；代理店,/'fæktri/,/'fækt(ə)rɪ/,a car factory,汽车制造厂
en:fade:verb:1,fade,verb,褪色；凋谢；逐渐消失,v 褪色；凋谢；逐渐消失；adj 平淡的；乏味的；n [电影][电视] 淡出；[电影][电视] 淡入,/fed/,/feɪd/,Hopes of a peace settlement are beginning to fade.,达成和平协议的希望日渐渺茫。
en:fail:verb:1,fail,verb,失败，不及格；破产；缺乏；衰退,v 失败，不及格；破产；缺乏；衰退；n 不及格,/fel/,/feɪl/,It looks likely that the peace talks will fail.,看来和平谈判可能会失败。
en:failure:noun:1,failure,noun,失败；故障；失败者；破产,n 失败；故障；失败者；破产,/'feljɚ/,/'feɪljə/,Successful people often aren’t very good at dealing with failure.,一帆风顺的人往往不太擅长应对失败。
en:fair:adjective:1,fair,adjective,公平的；美丽的，白皙的；[气象] 晴朗的,adj 公平的；美丽的，白皙的；[气象] 晴朗的；adv 公平地；直接地；清楚地；v 转晴；n 展览会；市集；美人,/fɛr/,/feə/,Why does Eric get to go and I don’t? It’s not fair!,为什么埃里克能去我不能？这不公平！
en:fairly:adverb:1,fairly,adverb,相当地；公平地；简直,adv 相当地；公平地；简直；n (Fairly)人名；(英)费尔利,/'fɛrli/,/'feəlɪ/,The house had a fairly large garden.,那幢房子有个不小的花园。
en:fairness:noun:1,fairness,noun,公平；美好；清晰；顺利性,n 公平；美好；清晰；顺利性,/'fɛrnəs/,/'feənɪs/,the basic fairness of the judicial system,司法制度的基本公正性
en:faith:noun:1,faith,noun,信仰；信念；信任；忠实,n 信仰；信念；信任；忠实,/feθ/,/feɪθ/,People have lost faith in the government.,人们已失去了对政府的信心。
en:fall:verb:1,fall,verb,落下；变成；来临；减弱,v 落下；变成；来临；减弱；n 下降；秋天；瀑布；adj 秋天的,/fɔl/,/fɔːl/,The tree was about to fall.,那棵树快要倒下了。
en:false:adjective:1,FALSE,adjective,错误的；虚伪的；伪造的,adj 错误的；虚伪的；伪造的；adv 欺诈地,/fɔls/,/fɔːls; fɒls/,It was quite clear the president was being given false information by those around him.,很明显，总统身边的那些人正给总统提供着错误信息。
en:familiar:adjective:1,familiar,adjective,熟悉的；常见的；亲近的,adj 熟悉的；常见的；亲近的；n 常客；密友,/fə'mɪljɚ/,/fə'mɪlɪə/,a familiar tune,熟悉的曲调
en:family:noun:1,family,noun,家庭；亲属；家族；子女；[生]科；语族；[化]族,n 家庭；亲属；家族；子女；[生]科；语族；[化]族；adj 家庭的；家族的；适合于全家的,/'fæməli/,/'fæmɪlɪ; -m(ə)l-/,Do you know the family next door?,你认识隔壁那家人吗？
en:famous:adjective:1,famous,adjective,著名的；极好的，非常令人满意的,adj 著名的；极好的，非常令人满意的,/'feməs/,/'feɪməs/,a famous actor,著名演员
en:fan:verb:1,fan,verb,煽动；刺激；吹拂,v 煽动；刺激；吹拂；n 迷；风扇；爱好者,/fæn/,/fæn/,Her resistance only fanned his desire.,她的反抗反而激起了他的欲望。
en:fancy:noun:1,fancy,noun,幻想；想象力；爱好,n 幻想；想象力；爱好；adj 想象的；奇特的；昂贵的；精选的；v 想象；喜爱；设想；自负,/'fænsi/,/'fænsɪ/,"Oh, that was just a fancy of his.",啊，那只是他的异想天开。
en:fantastic:adjective:1,fantastic,adjective,奇异的；空想的；异想天开的；古怪的；极好的，极出色的；不可思议的；不切实际的,adj 奇异的；空想的；异想天开的；古怪的；极好的，极出色的；不可思议的；不切实际的；n 古怪的人,/fæn'tæstɪk/,/fæn'tæstɪk/,You look fantastic!,你看上去棒极了！
en:fantasy:noun:1,fantasy,noun,幻想；白日梦；幻觉,n 幻想；白日梦；幻觉；adj 虚幻的；v 空想；想像,/'fæntəsi/,/'fæntəsɪ; -zɪ/,I used to have fantasies about living in Paris with an artist.,我过去常幻想着在巴黎与一位艺术家同住。
en:far:adverb:1,far,adverb,很；遥远地；久远地；到很远的距离；到很深的程度,adv 很；遥远地；久远地；到很远的距离；到很深的程度；adj 远的；久远的；n 远方,/fɑr/,/fɑː/,We’ve kept the original features of the house as far as possible (= as much as possible ) .,我们尽量保留了房子的原貌。
en:fare:verb:1,fare,verb,经营；进展；遭遇；过活,v 经营；进展；遭遇；过活；n 票价；费用；旅客；食物,/fɛr/,/feə/,It is unlikely that the marine industry will fare any better in September.,海运业不大可能在9月份有所好转。
en:farm:verb:1,farm,verb,种田，务农；经营农场,v 种田，务农；经营农场；n 农场；农家；畜牧场,/fɑrm/,/fɑːm/,The family has farmed here for generations.,这家人世代在此务农。
en:farmer:noun:1,farmer,noun,农夫，农民,n 农夫，农民,/'fɑmɚ/,/'fɑːmə/,She dickered with the farmer for the best fruit.,她要买最好的水果而跟农民讨价还价。
en:fast:adjective:1,fast,adjective,快速的，迅速的；紧的，稳固的,adj 快速的，迅速的；紧的，稳固的；adv 迅速地；紧紧地；彻底地；v 禁食，斋戒；n 斋戒；绝食,/fæst/,/fɑːst/,a fast car,速度很快的汽车
en:fasten:verb:1,fasten,verb,使固定；集中于；扎牢；强加于,v 使固定；集中于；扎牢；强加于；n (Fasten)人名；(英)法森,/'fæsən/,/'fɑːs(ə)n/,fasten on,v. 集中于；把...强加于；纠缠；抓住，紧紧握住
en:fat:adjective:1,fat,adjective,肥的，胖的；油腻的；丰满的,adj 肥的，胖的；油腻的；丰满的；n 脂肪，肥肉；v 养肥；在…中加入脂肪,/fæt/,/fæt/,Are you suggesting I’m too fat?,你是不是在说我太胖了？
en:father:noun:1,father,noun,父亲，爸爸；神父；祖先；前辈,n 父亲，爸爸；神父；祖先；前辈；v 发明，创立；当…的父亲,/'fɑðɚ/,/'fɑːðə/,Ask your father to help you.,叫你父亲帮你。
en:fault:noun:1,fault,noun,故障；[地质] 断层；错误；缺点；毛病；（网球等）发球失误,n 故障；[地质] 断层；错误；缺点；毛病；（网球等）发球失误；v 弄错；产生断层,/fɔlt/,/fɔːlt; fɒlt/,His worst fault is his arrogance.,他最大的缺点是傲慢。
en:favour:noun:1,favour,noun,偏爱；赞同；善行,n 偏爱；赞同；善行；v 赞成；喜爱；有助于,/ˈfevɚ/,/'feɪvə/,"In Sweden and other countries, nuclear power has lost favor .",在瑞典等国家，核能已不受欢迎。
en:favourite:adjective:1,favourite,adjective,特别受喜爱的,adj 特别受喜爱的；n 特别喜爱的人（或物）,/'fevərɪt/,/'feɪv(ə)rɪt/,a child’s favourite toy,孩子最喜欢的玩具
en:fax:verb:1,fax,verb,传真,v 传真；n 传真,/fæks/,/fæks/,I faxed a copy of the agreement to each of the investors.,我给每位投资者都传真了一份协议副本。
en:fear:noun:1,fear,noun,害怕；恐惧；敬畏；担心,n 害怕；恐惧；敬畏；担心；v 害怕；敬畏；为…担心,/fɪr/,/fɪə/,She finally ran away for fear that he would kill her.,她最后逃走了，唯恐他会杀她。
en:feast:verb:1,feast,verb,享受；款待，宴请,v 享受；款待，宴请；n 筵席，宴会；节日,/fist/,/fiːst/,"Only a few feet away, their captors feasted in the castle's banqueting hall.",仅仅几英尺外，俘获他们的人在城堡的宴会厅里大吃大喝。
en:feather:noun:1,feather,noun,羽毛,n 羽毛；v 用羽毛装饰,/'fɛðɚ/,/'feðə/,an ostrich feather,一根鸵鸟羽毛
en:february:noun:1,February,noun,二月,n 二月,/'fɛbrʊ'ɛri/,/'febrʊərɪ; 'febjʊərɪ/,He joined the Army in February 1943.,他1943年2月参军。
en:federal:adjective:1,federal,adjective,联邦的；同盟的；联邦政府的； 联邦制的,adj 联邦的；同盟的；联邦政府的； 联邦制的；adv 联邦政府地；n (Federal)人名；(英)费德勒尔,/'fɛdərəl/,/'fed(ə)r(ə)l/,Switzerland is a federal republic.,瑞士是一个联邦共和国。
en:fee:noun:1,fee,noun,费用；酬金；小费,n 费用；酬金；小费；v 付费给……,/fi/,/fiː/,You can use the gym and pool for a fee of £35 a month.,月付35英镑，即可使用健身房和游泳池。
en:feed:verb:1,feed,verb,喂养；供给；放牧；抚养（家庭等）；靠…为生,v 喂养；供给；放牧；抚养（家庭等）；靠…为生；n 饲料；饲养；（动物或婴儿的）一餐,/fid/,/fiːd/,Feed the tomatoes once a week.,每周给番茄施一次肥。
en:feel:verb:1,feel,verb,感觉；认为；触摸；试探,v 感觉；认为；触摸；试探；n 感觉；触摸,/fiːl/,/fiːl/,It’s nice fabric - it feels like velvet.,面料不错——摸上去像丝绒。
en:feeling:noun:1,feeling,noun,感觉，触觉；感情，情绪；同情,n 感觉，触觉；感情，情绪；同情；adj 有感觉的；有同情心的；富于感情的；v 感觉；认为（feel的现在分词）；触摸,/'filɪŋ/,/'fiːlɪŋ/,Knowing we’d won was a wonderful feeling.,得知我们赢了，感觉真好。
en:fellow:noun:1,fellow,noun,家伙；朋友；同事；会员,n 家伙；朋友；同事；会员；adj 同伴的，同事的；同道的；vt 使…与另一个对等；使…与另一个匹敌,/'fɛlo/,/'feləʊ/,Paul’s an easy-going sort of fellow.,保罗人很随和。
en:female:adjective:1,female,adjective,女性的；雌性的；柔弱的，柔和的,adj 女性的；雌性的；柔弱的，柔和的；n 女人；[动] 雌性动物,/'fimel/,/'fiːmeɪl/,female voters,女性选民
en:fence:noun:1,fence,noun,栅栏；围墙；剑术,n 栅栏；围墙；剑术；v 防护；用篱笆围住；练习剑术,/fɛns/,/fens/,Villagers say the fence would restrict public access to the hills.,村民们说栅栏将限制公众进入山区。
en:ferry:noun:1,ferry,noun,渡船；摆渡；渡口,n 渡船；摆渡；渡口；v （乘渡船）渡过；用渡船运送；空运,/'fɛri/,/'ferɪ/,They had recrossed the River Gambia by ferry.,他们乘船又一次渡过了冈比亚河。
en:festival:noun:1,festival,noun,节日；庆祝，纪念活动；欢乐,n 节日；庆祝，纪念活动；欢乐；adj 节日的，喜庆的；快乐的,/ˈfɛstəvəl/,/'festɪv(ə)l/,Christmas is one of the main festivals in the Christian Calendar.,圣诞节是基督教历的重大节日之一。
en:fetch:verb:1,fetch,verb,取来；接来；到达；吸引,v 取来；接来；到达；吸引；n 取得；诡计,/fɛtʃ/,/fetʃ/,This announcement fetched a huge cheer from the audience.,这一宣告博得听众极其热烈的欢呼声。
en:fever:noun:1,fever,noun,发烧，发热；狂热,n 发烧，发热；狂热；vt 使发烧；使狂热；使患热病；vi 发烧；狂热；患热病,/'fivɚ/,/'fiːvə/,Andy has a fever and won’t be coming into work today.,安迪发烧了，今天不来上班。
en:few:adjective:1,few,adjective,很少的；几乎没有的,adj 很少的；几乎没有的；pron 很少；n 很少数,/fju/,/fjuː/,...spending her few waking hours in front of the TV.,…把她清醒的个把钟头花在电视机前。
en:fibre:noun:1,fibre,noun,纤维；纤维制品,n 纤维；纤维制品,/'faibə/,/'faɪbə/,Fruit and vegetables are high in fibre content .,水果和蔬菜的纤维素含量很高。
en:fiction:noun:1,fiction,noun,小说；虚构，编造；谎言,n 小说；虚构，编造；谎言,/'fɪkʃən/,/'fɪkʃ(ə)n/,romantic fiction,爱情小说
en:field:noun:1,field,noun,领域；牧场；旷野；战场；运动场,n 领域；牧场；旷野；战场；运动场；v 担任场外队员；adj 扫描场；田赛的；野生的,/fild/,/fiːld/,Peter’s an expert in his field .,彼得是他那个行业里的专家。
en:fierce:adjective:1,fierce,adjective,凶猛的；猛烈的；暴躁的,adj 凶猛的；猛烈的；暴躁的；n (Fierce)人名；(英)菲尔斯,/fɪrs/,/fɪəs/,fierce fighting in the city,城里的激烈战斗
en:fifteen:noun:1,fifteen,noun,十五；十五个；十五人组成的橄榄球队,n 十五；十五个；十五人组成的橄榄球队；adj 十五的；num 十五,"/,fɪf'tin/",/fɪf'tiːn; 'fɪftiːn/,a coastal village fifteen miles south of Tourane,土伦以南15英里的一个滨海村落
en:fifth:adjective:1,fifth,adjective,第五的；五分之一的,adj 第五的；五分之一的；n 第五；五分之一；num 第五,/fɪfθ/,/fɪfθ/,in the fifth century,在五世纪
en:fifty:noun:1,fifty,noun,五十；五十个；编号为50的东西,n 五十；五十个；编号为50的东西；adj 五十的；五十个的；众多的,/'fɪfti/,/'fɪftɪ/,Standards of living rose in the fifties.,50年代生活水平提高了。
en:fight:verb:1,fight,verb,打架；与…打仗，与…斗争；反对…提案,v 打架；与…打仗，与…斗争；反对…提案；n 打架；战斗，斗志,/faɪt/,/faɪt/,Neither country is capable of fighting a long war .,两个国家都没有能力打持久战。
en:figure:noun:1,figure,noun,数字；人物；图形；价格；（人的）体形；画像,n 数字；人物；图形；价格；（人的）体形；画像；v 计算；出现；扮演角色,/'fɪɡjɚ/,/'fɪgə/,A hexagon is a six-sided figure.,六边形是一种有六条边的几何图形。
en:file:noun:1,file,noun,文件；档案；文件夹；锉刀,n 文件；档案；文件夹；锉刀；v 提出；锉；琢磨；把…归档,/faɪl/,/faɪl/,We will keep your details on file (= store them for later use ) .,我们将把你的详细资料存档。
en:fill:verb:1,fill,verb,装满，使充满；满足；堵塞；任职,v 装满，使充满；满足；堵塞；任职；n 满足；填满的量；装填物,/fɪl/,/fɪl/,"He poured her a drink, then filled his own glass.",他给她倒了一杯，然后将自己的杯子斟满。
en:film:noun:1,film,noun,电影；薄膜；胶卷；轻烟,n 电影；薄膜；胶卷；轻烟；v 在…上覆以薄膜；把…拍成电影,/fɪlm/,/fɪlm/,Have you seen any good films recently?,你最近看过什么好的影片吗？
en:final:adjective:1,final,adjective,最终的；决定性的；不可更改的,adj 最终的；决定性的；不可更改的；n 决赛；期末考试；当日报纸的末版,/'faɪnl/,/'faɪn(ə)l/,The final episode will be shown tonight.,最后一集将于今晚播出。
en:finance:noun:1,finance,noun,财政，财政学；金融,n 财政，财政学；金融；v 负担经费，供给…经费,/'faɪnæns/,/faɪ'næns; fɪ-; 'faɪnæns/,leasing and other forms of business finance,租赁及其他商业金融形式
en:find:verb:1,find,verb,查找，找到；发现；认为；感到；获得,v 查找，找到；发现；认为；感到；获得；n 发现,/faɪnd/,/faɪnd/,I can’t find the car keys.,我找不到汽车钥匙。
en:fine:adjective:1,fine,adjective,好的；优良的；细小的，精美的；健康的；晴朗的,adj 好的；优良的；细小的，精美的；健康的；晴朗的；n 罚款；v 罚款；澄清；adv 很好地；精巧地,/faɪn/,/faɪn/,"‘How are you?’ ‘Fine, thanks, how are you?’",“你好吗？”“很好，谢谢，你呢？”
en:finger:noun:1,finger,noun,手指；指针，指状物,n 手指；指针，指状物；v 伸出；用手指拨弄,/'fɪŋɡɚ/,/'fɪŋgə/,"The woman had a ring on her finger, so I assumed she was married.",那女人手指上戴着戒指，因此我猜想她已经结婚了。
en:fingernail:noun:1,fingernail,noun,手指甲,n 手指甲,/'fɪŋɡɚnel/,/'fɪŋgəneɪl/,It takes about 150 days to grow out a full length fingernail.,大约150天的时间就可以长一个完整的指甲出来。
en:finish:verb:1,finish,verb,完成；结束；用完,v 完成；结束；用完；n 结束；完美；回味（葡萄酒）,/'fɪnɪʃ/,/'fɪnɪʃ/,You can’t go anywhere until you’ve finished your homework.,没完成家庭作业前你哪儿也不能去。
en:fire:noun:1,fire,noun,火；火灾；炮火；炉火；热情；激情；磨难,n 火；火灾；炮火；炉火；热情；激情；磨难；v 点燃；解雇；开除；使发光；烧制；激动；放枪,/faɪr/,/'faɪə/,The warehouse was completely destroyed by fire.,仓库全给烧毁了。
en:firefighter:noun:1,firefighter,noun,消防队员,n 消防队员,/'faɪɚfaɪtɚ/,/'faɪəfaɪtə/,"When every molecule in your body tells you to run away from the burning building, as a firefighter you have to resist the urge, override it and plunge in.",当你身体内每个细胞都告诉逃离失火的建筑物时，作为一名消防员，你必须克制这种冲动，超越它，投入火场进行战斗。
en:fireplace:noun:1,fireplace,noun,壁炉,n 壁炉,/'faɪɚples/,/'faɪəpleɪs/,"In the evenings, we gathered around the fireplace and talked in hushed whispers.",晚上，我们聚集在壁炉周围轻声交谈。
en:firewood:noun:1,firewood,noun,柴火；木柴,n 柴火；木柴,/'faɪɚwʊd/,/'faɪəwʊd/,Young Geoffrey made money by chopping and selling firewood.,年轻的杰弗里靠砍柴卖柴挣钱。
en:firework:noun:1,firework,noun,烟火；激烈情绪,n 烟火；激烈情绪,/'faɪɚwɝk/,/'faɪəwɜːk/,a New Year’s Eve fireworks display,除夕夜的烟火表演
en:firm:adjective:1,firm,adjective,坚定的；牢固的；严格的；结实的,adj 坚定的；牢固的；严格的；结实的；v 使坚定；使牢固；adv 稳固地；n 公司；商号,/fɝm/,/fɜːm/,The sofa cushions are fairly firm.,沙发的坐垫很硬。
en:firmly:adverb:1,firmly,adverb,坚定地，坚决地；坚固地，稳固地,adv 坚定地，坚决地；坚固地，稳固地,/'fɝmli/,/fɜːmli/,,
en:first:adverb:1,first,adverb,第一；首先；优先；宁愿,adv 第一；首先；优先；宁愿；n 第一；开始；冠军；adj 第一的；基本的；最早的；num 第一,/fɝst/,/fɜːst/,I’ll join you in a minute but I need to make a phone call first.,我一会儿就来，但是我得先打个电话。
en:fish:verb:1,fish,verb,捕鱼，钓鱼；用钩捞取,v 捕鱼，钓鱼；用钩捞取；n 鱼，鱼类,/fɪʃ/,/fɪʃ/,Dad really loves to fish.,爸爸很喜欢钓鱼。
en:fisherman:noun:1,fisherman,noun,渔夫；渔人,n 渔夫；渔人,/'fɪʃɚmən/,/'fɪʃəmən/,"But there was a price below which they dared not go, for it had happened that a fisherman in despair had given his pearls to the church.",但是有一个价格底线，他们不敢低于这个价格了，因为曾有渔夫因为价格太低而绝望得宁愿把珍珠募捐给教堂。
en:fist:noun:1,fist,noun,拳，拳头；〈口〉笔迹；掌握；[印]指标参见号,n 拳，拳头；〈口〉笔迹；掌握；[印]指标参见号；vt 紧握；握成拳；用拳打,/fɪst/,/fɪst/,She held the money tightly in her fist.,她把钱紧紧地攥在手中。
en:fit:verb:1,fit,verb,安装；使……适应；使……合身；与……相符,v 安装；使……适应；使……合身；与……相符；adj 健康的；合适的；恰当的；准备好的；n 合身；发作；痉挛,/fɪt/,/fɪt/,"The sash, kimono, and other garments were made to fit a child.",这些腰带、和服和其他衣服都做得适合孩子穿。
en:five:noun:1,five,noun,五，五个；五美元钞票,n 五，五个；五美元钞票；num 五，五个；adj 五的；五个的,/faɪv/,/faɪv/,There is also a golf course five miles away.,五英里外还有个高尔夫球场。
en:fix:verb:1,fix,verb,使固定；修理；安装；准备,v 使固定；修理；安装；准备；n 困境；方位；贿赂,/fɪks/,/fɪks/,He’s outside fixing the brakes on the car.,他在外面修理汽车的刹车。
en:flag:verb:1,flag,verb,标记；衰退；枯萎,v 标记；衰退；枯萎；n 标志；旗子,/flæg/,/flæg/,His enthusiasm was in no way flagging.,他的热情丝毫没有减退。
en:flame:noun:1,flame,noun,火焰；热情；光辉,n 火焰；热情；光辉；v 焚烧；泛红,/flem/,/fleɪm/,Flames poured out of the windows of the building.,火焰从大楼窗口冒出来。
en:flaming:adjective:1,flaming,adjective,燃烧的；火红的；激昂的,adj 燃烧的；火红的；激昂的；v 燃烧；变亮；发光（flame的ing形式）；n (Flaming)人名；(法)弗拉曼,/'flemɪŋ/,/'fleɪmɪŋ/,Residents panicked as flaming petrol poured down the street.,燃烧的汽油沿街流淌，居民惊慌失措。
en:flash:verb:1,flash,verb,使闪光；反射,v 使闪光；反射；n 闪光，闪现；一瞬间；adj 闪光的，火速的,/flæʃ/,/flæʃ/,Lightning flashed overhead.,头顶上电光闪闪。
en:flashlight:noun:1,flashlight,noun,手电筒；闪光灯,n 手电筒；闪光灯,/'flæʃlaɪt/,/'flæʃlaɪt/,Wicky peeked at John's flashlight.,威奇向约翰的手电筒瞥了一眼。
en:flat:adjective:1,flat,adjective,平的；单调的；不景气的；干脆的；平坦的；扁平的；浅的,adj 平的；单调的；不景气的；干脆的；平坦的；扁平的；浅的；adv （尤指贴着另一表面）平直地；断然地；水平地；直接地，完全地；n 平地；公寓；平面；vt 使变平；[音乐]使（音调）下降，尤指降半音；vi 逐渐变平；[音乐]以降调唱（或奏）,/flæt/,/flæt/,houses with flat roofs,平顶房
en:flee:verb:1,flee,verb,逃走；消失，消散,v 逃走；消失，消散,/fli/,/fliː/,His attackers turned and fled.,袭击他的人转身逃走了。
en:flesh:noun:1,flesh,noun,肉；肉体,n 肉；肉体；v 喂肉给…；使发胖,/flɛʃ/,/fleʃ/,a freshwater fish with firm white flesh,一种肉色雪白、肉质紧实的淡水鱼
en:flexible:adjective:1,flexible,adjective,灵活的；柔韧的；易弯曲的,adj 灵活的；柔韧的；易弯曲的,/'flɛksəbl/,/'fleksɪb(ə)l/,We can be flexible about your starting date.,你具体从哪天开始，我们可以灵活一点。
en:flight:noun:1,flight,noun,飞行；班机；逃走,n 飞行；班机；逃走；v 射击；使惊飞,/flaɪt/,/flaɪt/,He immediately booked a flight to Toulouse.,他当即就订了去图卢兹的航班。
en:float:verb:1,float,verb,使漂浮；实行,v 使漂浮；实行；n 彩车，花车；漂流物；浮舟；浮萍,/flot/,/fləʊt/,I looked up at the clouds floating in the sky.,我仰望着天上的浮云。
en:flood:verb:1,flood,verb,淹没；充满；溢出,v 淹没；充满；溢出；n 洪水；泛滥；一大批,/flʌd/,/flʌd/,Towns and cities all over the country have been flooded.,全国各地的城镇都被淹没了。
en:floor:noun:1,floor,noun,地板，地面；楼层；基底；议员席,n 地板，地面；楼层；基底；议员席；v 铺地板；打倒，击倒；（被困难）难倒,/flɔr/,/flɔː/,a polished wooden floor,上过蜡的木地板
en:flour:noun:1,flour,noun,面粉；粉状物质,n 面粉；粉状物质；v 撒粉于；把…磨成粉,/'flaʊɚ/,/'flaʊə/,Roll the pastry out on a lightly floured board.,把面团放在撒有少许面粉的案板上擀平。
en:flow:verb:1,flow,verb,流动，涌流；川流不息；飘扬,v 流动，涌流；川流不息；飘扬；n 流动；流量；涨潮，泛滥,/flo/,/fləʊ/,Money has been flowing into the country from Western aid agencies.,资金源源不断地从西方援助机构流入该国。
en:flower:noun:1,flower,noun,花；精华；开花植物,n 花；精华；开花植物；v 成熟，发育；开花；繁荣；旺盛,/'flaʊɚ/,/'flaʊə/,a lovely rose bush with delicate pink flowers,一簇开着娇嫩的粉红色花朵的美丽蔷薇
en:flu:noun:1,flu,noun,流感,n 流感,/flu/,/fluː/,Steven’s still in bed with flu .,史蒂文患了流感，仍卧病在床。
en:fluency:noun:1,fluency,noun,（语言、文章）流利；（技能）娴熟,n （语言、文章）流利；（技能）娴熟,/'fluənsi/,/'fluːənsɪ/,"So, how to balance accuracy and fluency in spoken English?",所以，英语口语的准确与流利，如何才能平衡起来呢？
en:fluent:adjective:1,fluent,adjective,流畅的，流利的；液态的；畅流的,adj 流畅的，流利的；液态的；畅流的,/'fluənt/,/'fluːənt/,He spoke in fluent Italian.,他用流利的意大利语讲话。
en:fly:verb:1,fly,verb,飞；驾驶飞机；飘扬,v 飞；驾驶飞机；飘扬；n 飞行；苍蝇；两翼昆虫；adj 敏捷的,/flaɪ/,/flaɪ/,She’s flying back to the States tomorrow.,她明天乘飞机回美国。
en:focus:noun:1,focus,noun,焦点；中心；清晰；焦距,n 焦点；中心；清晰；焦距；v 使集中；使聚焦,/'fokəs/,/'fəʊkəs/,The focus of recent research has been on environmental issues.,近期的研究重点是环境问题。
en:fog:noun:1,fog,noun,雾；烟雾，尘雾；迷惑,n 雾；烟雾，尘雾；迷惑；v 使模糊；使困惑；以雾笼罩,/fɔɡ/,/fɒg/,"It will be a cold night, and there may be fog patches .",今夜天气寒冷，部分地区可能有雾。
en:foggy:adjective:1,foggy,adjective,有雾的；模糊的，朦胧的,adj 有雾的；模糊的，朦胧的,/ˈfɔːɡi;ˈfɑːɡi/,/'fɒgɪ/,a foggy day in November,11月的一个雾天
en:fold:verb:1,fold,verb,折叠；合拢；抱住；笼罩,v 折叠；合拢；抱住；笼罩；n 折痕；信徒；羊栏,/fold/,/fəʊld/,Fold the paper along the dotted line.,沿虚线将纸折起来。
en:folk:noun:1,folk,noun,民族；人们；亲属（复数）,n 民族；人们；亲属（复数）；adj 民间的,/fok/,/fəʊk/,I’m sure there are some folk who would rather they weren’t here.,我敢肯定有些人宁愿自己不在这里。
en:follow:verb:1,follow,verb,跟随；遵循；追求；密切注意，注视；注意；倾听,v 跟随；遵循；追求；密切注意，注视；注意；倾听；n 跟随；追随,/'fɑlo/,/'fɒləʊ/,Are those men following us?,那些人在跟着我们吗？
en:following:adjective:1,following,adjective,下面的；其次的，接着的,adj 下面的；其次的，接着的；n 下列事物；一批追随者；v 跟随；沿行（follow的ing形式）,/'fɑloɪŋ/,/'fɒləʊɪŋ/,The following day the picture appeared on the front pages of every newspaper in the world.,次日，照片出现在世界各地报纸的头版。
en:fond:adjective:1,fond,adjective,喜欢的；温柔的；宠爱的,adj 喜欢的；温柔的；宠爱的；n (Fond)人名；(法)丰；(瑞典)丰德,/fɑnd/,/fɒnd/,"Joe’s quite fond of her, isn’t he?",乔很喜欢她，是不是？
en:food:noun:1,food,noun,食物；养料,n 食物；养料,/fud/,/fuːd/,The restaurant serves good food at affordable prices.,那家餐厅物美价廉。
en:fool:verb:1,fool,verb,欺骗；开玩笑；戏弄,v 欺骗；开玩笑；戏弄；n 傻瓜；愚人；受骗者；adj 傻的,/ful/,/fuːl/,Even art experts were fooled.,连艺术品专家也被骗了。
en:foolish:adjective:1,foolish,adjective,愚蠢的；傻的,adj 愚蠢的；傻的,/'fulɪʃ/,/'fuːlɪʃ/,I’ve never heard anything so foolish in all my life.,我这辈子从没听到过这么愚蠢的话。
en:foot:noun:1,foot,noun,脚；英尺；步调；末尾,n 脚；英尺；步调；末尾；v 步行；跳舞；总计,/fʊt/,/fʊt/,My foot hurts.,我脚痛。
en:football:noun:1,football,noun,足球，橄榄球,n 足球，橄榄球；vi 踢足球；打橄榄球,/'fʊtbɔl/,/'fʊtbɔːl/,Which football team do you support?,你支持哪个球队？
en:for:preposition:1,for,preposition,为，为了；因为；给；对于；至于；适合于,prep 为，为了；因为；给；对于；至于；适合于；conj 因为,/fɚ; strong form fɔr/,/fə(r); strong form fɔ:(r)/,I’ve got a present for you.,我有件礼物送给你。
en:forbid:verb:1,forbid,verb,禁止；不准；不允许；〈正式〉严禁,v 禁止；不准；不允许；〈正式〉严禁,/fɚ'bɪd/,/fə'bɪd/,Lack of space forbids listing the names of all those who contributed.,由于篇幅限制，无法列出所有捐款人的姓名。
en:force:noun:1,force,noun,力量；武力；军队；魄力,n 力量；武力；军队；魄力；v 促使，推动；强迫；强加,/fɔrs/,/fɔːs/,Peace cannot be imposed by force .,和平不能通过武力来实现。
en:forecast:verb:1,forecast,verb,预报，预测；预示,v 预报，预测；预示；n 预测，预报；预想,/'fɔrkæst/,/'fɔːkɑːst/,Rain was forecast for the weekend.,预报周末有雨。
en:forehead:noun:1,forehead,noun,额，前额,n 额，前额,/'fɔr'hɛd/,/'fɔːhed; 'fɒrɪd/,...the lines on her forehead.,…她前额上的皱纹。
en:foreign:adjective:1,foreign,adjective,外国的；外交的；异质的；不相关的,adj 外国的；外交的；异质的；不相关的,/'fɔrən/,/'fɒrɪn/,foreign students,外国学生
en:foreigner:noun:1,foreigner,noun,外地人，外国人,n 外地人，外国人,/'fɔrənɚ/,/'fɒrɪnə/,Some of the local people are suspicious of foreigners.,有些当地人不信任外国人。
en:foresee:verb:1,foresee,verb,预见；预知,v 预见；预知,/fɔr'si/,/fɔː'siː/,I’ve put your name on the list and I don’t foresee any problems.,我把你的名字写在名单上了，估计不会有什么问题。
en:forest:verb:1,forest,verb,植树于，使成为森林,v 植树于，使成为森林；n 森林,/'fɔrɪst/,/'fɒrɪst/,a tropical forest,热带森林
en:forever:adverb:1,forever,adverb,永远；不断地；常常,adv 永远；不断地；常常,/fɚ'ɛvɚ/,/fə'revə/,I wanted that moment to last forever .,我希望那一刻成为永远。
en:forget:verb:1,forget,verb,忘记；忽略,v 忘记；忽略；n (Forget)人名；(法)福尔热,/fɚ'ɡɛt/,/fə'get/,"I’m sorry, I’ve forgotten your name.",对不起，我忘记你的名字了。
en:forgetful:adjective:1,forgetful,adjective,健忘的；不注意的；疏忽的；使遗忘的,adj 健忘的；不注意的；疏忽的；使遗忘的,/fɚ'gɛtfəl/,/fə'getfʊl; -f(ə)l/,My mother has become very forgetful and confused.,我母亲已变得很健忘很糊涂了。
en:forgive:verb:1,forgive,verb,原谅；免除（债务、义务等）,v 原谅；免除（债务、义务等）,/fɚ'ɡɪv/,/fə'gɪv/,He didn’t look the sort of man to forgive and forget (= forgive someone and no longer think about it ) .,他看上去不是那种不记仇的人。
en:fork:noun:1,fork,noun,叉；餐叉；耙,n 叉；餐叉；耙；v 叉起；使成叉状,/fɔrk/,/fɔːk/,Put the knives and forks on the table.,把刀叉摆放在桌子上。
en:form:noun:1,form,noun,形式，形状；形态，外形；方式；表格,n 形式，形状；形态，外形；方式；表格；v 构成，组成；排列，组织；产生，塑造,/fɔrm/,/fɔːm/,We oppose racism in all its forms.,我们反对各种形式的种族主义。
en:format:noun:1,format,noun,格式；版式；开本,n 格式；版式；开本；v 使格式化；规定…的格式,/'fɔrmæt/,/'fɔːmæt/,a large-format book for the partially-sighted,一本给弱视者阅读的大开本的书
en:former:adjective:1,former,adjective,从前的，前者的；前任的,adj 从前的，前者的；前任的；n 模型，样板；起形成作用的人,/'fɔrmɚ/,/'fɔːmə/,the former Soviet Union,前苏联
en:fortnight:noun:1,fortnight,noun,两星期,n 两星期,/'fɔrtnaɪt/,/'fɔːtnaɪt/,a fortnight’s holiday,十四天的假期
en:fortunate:adjective:1,fortunate,adjective,幸运的；侥幸的；吉祥的；带来幸运的,adj 幸运的；侥幸的；吉祥的；带来幸运的,/'fɔrtʃənət/,/'fɔːtʃ(ə)nət/,"By a fortunate coincidence, a passer-by heard her cries for help.",所幸正巧有个过路人听到了她的呼救。
en:fortune:noun:1,fortune,noun,财富；命运；运气,n 财富；命运；运气；vt 给予财富；vi 偶然发生,/'fɔrtʃən/,/'fɔːtʃuːn; -tʃ(ə)n/,I had the good fortune to work with a brilliant head of department.,我有幸与一位出色的部门主管共事。
en:forty:noun:1,forty,noun,四十,n 四十；adj 四十的；四十个的,/'fɔrti/,/'fɔːtɪ/,The place was built as a casino in the forties.,这个地方建于20世纪40年代，起初是一座赌场。
en:forward:adjective:1,forward,adjective,向前的；早的；迅速的,adj 向前的；早的；迅速的；adv 向前地；向将来；v 促进；转寄；运送；n 前锋,/'fɔrwɚd/,/'fɔːwəd/,Army roadblocks prevented any further forward movement .,有军队的路障，不能继续前行了。
en:found:verb:1,found,verb,创立，建立；创办,v 创立，建立；创办,/faʊnd/,/faʊnd/,"Founded in 1935 in Ohio, Alcoholics Anonymous is now a world-wide organization.",嗜酒者互诫协会1935年创立于俄亥俄州，现在是一个世界性的组织。
en:founding:adjective:1,founding,adjective,创办的；发起的,adj 创办的；发起的；v [机] 铸造；建造；以…为基础（found的ing形式）；n [机] 铸造；溶解,/'faʊndɪŋ/,,founding member,创始成员国；创办会员
en:fountain:noun:1,fountain,noun,喷泉，泉水；源泉,n 喷泉，泉水；源泉,/'faʊntn/,/ˈfaʊntən/,He was a fountain of information on Asian affairs.,他是亚洲事务的信息源。
en:four:numeral:1,four,numeral,四；四个,num 四；四个；adj 四的；四个的；n (Four)人名；(西)福尔；(法)富尔,/fɔr/,/fɔː/,She is married with four children.,她已婚，有四个孩子。
en:fourteen:numeral:1,fourteen,numeral,十四；十四个；第十四,num 十四；十四个；第十四；n 十四的记号；十四岁；十四点钟；十五世纪,"/,fɔr'tin/",/fɔː'tiːn; 'fɔːtiːn/,He used to work fourteen hours a day.,他过去一天工作14个小时。
en:fourth:adjective:1,fourth,adjective,第四的，第四个的；四分之一的,adj 第四的，第四个的；四分之一的；n 第四，月的第四日；四分之一；num 第四,/fɔrθ/,/fɔːθ/,in the fourth century,在四世纪
en:fox:verb:1,fox,verb,欺骗；使变酸,v 欺骗；使变酸；n 狐狸；狡猾的人,/fɑks/,/fɒks/,We were foxed by the problem.,我们被这个问题难住了。
en:fragile:adjective:1,fragile,adjective,脆的；易碎的,adj 脆的；易碎的,/'frædʒəl/,/'frædʒaɪl/,Be careful with that vase – it’s very fragile.,小心那只花瓶——很容易打碎的。
en:fragrant:adjective:1,fragrant,adjective,芳香的；愉快的,adj 芳香的；愉快的,/'fregrənt/,/'freɪgr(ə)nt/,fragrant flowers,芳香的花朵
en:framework:noun:1,framework,noun,框架，骨架；结构，构架,n 框架，骨架；结构，构架,/'fremwɝk/,/'freɪmwɜːk/,We have to act within the existing legal framework.,我们必须在现行的法律框架下行事。
en:free:adjective:1,free,adjective,免费的；自由的，不受约束的；[化学] 游离的,adj 免费的；自由的，不受约束的；[化学] 游离的；v 使自由，解放；释放；adv 自由地；免费；n (Free)人名；(英)弗里,/fri/,/friː/,Admission is free for children under 9.,九岁以下儿童免费入场。
en:freedom:noun:1,freedom,noun,自由，自主；直率,n 自由，自主；直率,/'fridəm/,/'friːdəm/,People here like their freedom and privacy.,这里的人喜欢他们所拥有的自由与隐私权。
en:freeway:noun:1,freeway,noun,高速公路,n 高速公路,/'friwe/,/'friːweɪ/,the Central Freeway,中央高速公路
en:freeze:verb:1,freeze,verb,冻结；冷冻；僵硬,v 冻结；冷冻；僵硬；n 冻结；凝固,/friz/,/friːz/,The lake had frozen overnight.,湖上一夜之间就结了冰。
en:freezing:adjective:1,freezing,adjective,冰冻的；严寒的；冷冻用的,adj 冰冻的；严寒的；冷冻用的,/'frizɪŋ/,/'friːzɪŋ/,It’s freezing in this house. Can’t I turn on the heating?,房子里冷极了，我不可以开暖气吗？
en:french:adjective:1,French,adjective,法国的；法语的；法国人的,adj 法国的；法语的；法国人的；n 法国人；法语,,/fren(t)ʃ/,an excellent French wine,上等的法国葡萄酒
en:frenchman:noun:1,Frenchman,noun,法国人,n 法国人,/'frentʃmən/,/'frentʃmən/,I knew him for a Frenchman.,我认出他是一名法国人。
en:frequent:adjective:1,frequent,adjective,频繁的；时常发生的；惯常的,adj 频繁的；时常发生的；惯常的；v 常到，常去；时常出入于,/'frikwənt/,/'friːkw(ə)nt/,Trains rushed past at frequent intervals .,火车频频驶过。
en:fresh:adjective:1,fresh,adjective,新鲜的；清新的；淡水的；无经验的,adj 新鲜的；清新的；淡水的；无经验的；n 开始；新生；泛滥；adv 刚刚，才；最新地,/frɛʃ/,/freʃ/,I’ll just make some fresh coffee.,我来重新煮点咖啡。
en:friction:noun:1,friction,noun,摩擦，[力] 摩擦力,n 摩擦，[力] 摩擦力,/'frɪkʃən/,/'frɪkʃ(ə)n/,Putting oil on both surfaces reduces friction.,两面都上油可减小摩擦力。
en:friday:noun:1,Friday,noun,星期五,n 星期五,,"/'fraɪdeɪ; (occas.,) ˈfraɪdi/",Diane won’t be here Friday.,星期五黛安娜不来这里。
en:fridge:noun:1,fridge,noun,电冰箱,n 电冰箱,/frɪdʒ/,/frɪdʒ/,Then all three of you sign the contract and post in on the fridge.,然后你们三个人要都在协议上签名，并把它贴在冰箱上。
en:fried:adjective:1,fried,adjective,油炸的，油煎的；喝醉了的,adj 油炸的，油煎的；喝醉了的；v 油炸（fry的过去分词）,/fraid/,/fraɪd/,fried chicken,炸鸡
en:friend:noun:1,friend,noun,朋友；助手；赞助者,n 朋友；助手；赞助者,/frɛnd/,/frend/,"Jerry, this is my friend Sue.",杰里，这是我的朋友休。
en:friendly:adjective:1,friendly,adjective,友好的；亲切的；支持的；融洽的，和睦的,adj 友好的；亲切的；支持的；融洽的，和睦的；adv 友善地；温和地；n (Friendly)人名；(英)弗兰德利,/'frɛndli/,/'fren(d)lɪ/,a friendly smile,亲切的微笑
en:friendship:noun:1,friendship,noun,友谊；友爱；友善,n 友谊；友爱；友善,/'frɛndʃɪp/,/'fren(d)ʃɪp/,her close friendship with her aunt,她与姑母的亲密友谊
en:fright:noun:1,fright,noun,惊吓；惊骇,n 惊吓；惊骇；v 使惊恐,/fraɪt/,/fraɪt/,You gave me such a fright creeping up on me like that!,你这样不声不响地过来，吓了我一跳！
en:frighten:verb:1,frighten,verb,使惊吓；吓唬…,v 使惊吓；吓唬…,/'fraɪtn/,/'fraɪt(ə)n/,Don’t stand so near the edge! You’re frightening me.,别站得那么靠边！你要把我吓坏了。
en:frog:noun:1,frog,noun,青蛙；[铁路] 辙叉；饰扣,n 青蛙；[铁路] 辙叉；饰扣；v 捕蛙,/frɔɡ/,/frɒg/,The tadpole has become a frog.,这个蝌蚪已长成青蛙。
en:front:noun:1,front,noun,前面；正面；前线,n 前面；正面；前线；v 面对；朝向；对付；adj 前面的；正面的；adv 在前面；向前,/frʌnt/,/frʌnt/,He wore an old sweater with a coffee stain down the front.,他穿着一件旧毛衣，前面有一道咖啡渍。
en:frontier:noun:1,frontier,noun,前沿；边界；国境,n 前沿；边界；国境；adj 边界的；开拓的,/frʌn'tɪr/,/'frʌntɪə; frʌn'tɪə/,a novel about a family’s struggle on the American frontier,描写一家人在美国边远地区奋斗的小说
en:frost:verb:1,frost,verb,结霜于；冻坏,v 结霜于；冻坏；n 霜；冰冻，严寒；冷淡,/frɔst/,/frɒst/,These seedlings were killed off by the severe frost.,这些幼苗由于严霜而冻死了。
en:fruit:noun:1,fruit,noun,水果；产物,n 水果；产物；v 结果实,/frut/,/fruːt/,Try to eat plenty of fresh fruit .,尽量多吃新鲜水果。
en:fry:noun:1,fry,noun,鱼苗；油炸食物,n 鱼苗；油炸食物；v 油炸；油煎,/fraɪ/,/fraɪ/,"So when you fry, bake, grill, or roast potatoes you could be generating potentially harmful carcinogens.",因此当你油炸、烘烤、烧烤或者炒土豆时，有可能会产生有害的致癌物。
en:fuel:verb:1,fuel,verb,得到燃料,v 得到燃料；n 燃料；刺激因素,/'fjuəl/,/fjʊəl/,We’d better fuel up at the next town.,我们最好在下个小镇加油。
en:full:adjective:1,full,adjective,完全的，完整的；满的，充满的；丰富的；完美的；丰满的；详尽的,adj 完全的，完整的；满的，充满的；丰富的；完美的；丰满的；详尽的；adv 十分，非常；完全地；整整；v 把衣服缝得宽大；n 全部；完整,/fʊl/,/fʊl/,The train was completely full.,火车坐得满满的。
en:fun:noun:1,fun,noun,乐趣；玩笑；有趣的人或事,n 乐趣；玩笑；有趣的人或事；adj 供娱乐用的；vi 开玩笑,/fʌn/,/fʌn/,There’s plenty of fun for all the family.,可以让全家人玩得很开心。
en:function:noun:1,function,noun,功能；[数] 函数；职责；盛大的集会,n 功能；[数] 函数；职责；盛大的集会；v 运行；活动；行使职责,/'fʌŋkʃən/,/'fʌŋ(k)ʃ(ə)n/,"The nervous system regulates our bodily functions (= eating, breathing, going to the toilet etc ) .",神经系统控制着我们身体的功能。
en:fundamental:adjective:1,fundamental,adjective,基本的，根本的,adj 基本的，根本的；n 基本原理；基本原则,"/,fʌndə'mɛntl/",/fʌndə'ment(ə)l/,We have to tackle the fundamental cause of the problem.,我们必须解决问题的根本原因。
en:funeral:noun:1,funeral,noun,葬礼；麻烦事,n 葬礼；麻烦事；adj 丧葬的，出殡的,/'fjunərəl/,/'fjuːn(ə)r(ə)l/,The funeral will be held at St. Martin’s Church.,葬礼将在圣马丁教堂举行。
en:funny:adjective:1,funny,adjective,有趣的，好笑的，滑稽的；（口）稀奇的，古怪的，奇异的；有病的，不舒服的；狡猾的，欺骗（性）的，可疑的，不光明,adj 有趣的，好笑的，滑稽的；（口）稀奇的，古怪的，奇异的；有病的，不舒服的；狡猾的，欺骗（性）的，可疑的，不光明；n 滑稽人物；笑话，有趣的故事；滑稽连环漫画栏；（英）（比赛用）单人双桨小艇,/'fʌni/,/'fʌnɪ/,the funniest man in Britain,英国最滑稽的男人
en:fur:noun:1,fur,noun,皮，皮子；毛皮；软毛,n 皮，皮子；毛皮；软毛；v 用毛皮覆盖；使穿毛皮服装,/fɝ/,/fɜː/,a fur coat,裘皮大衣
en:furnished:adjective:1,furnished,adjective,家具，有家具的,adj 家具，有家具的；v 供应；装备（furnish的过去分词）,/'fɝnɪʃt/,/'fɜːnɪʃt/,We drank tea by lamplight in his sparsely furnished house.,我们在他这间没什么家具的房子里，我们在灯下喝茶。
en:future:noun:1,future,noun,未来；前途；期货；将来时,n 未来；前途；期货；将来时；adj 将来的，未来的,/'fjʊtʃɚ/,/'fjuːtʃə/,The islands should have the right to decide their own future.,这些岛屿应当有权决定自己的未来。
en:gain:noun:1,gain,noun,增加；利润；收获,n 增加；利润；收获；v 获得；增加；赚到,/ɡen/,/geɪn/,The Democratic Party needed a net gain of only 20 votes.,民主党只需要增20张选票。
en:gale:noun:1,gale,noun,[气象] 大风，狂风；（突发的）一阵,n [气象] 大风，狂风；（突发的）一阵,/ɡel/,/geɪl/,a severe gale,一阵狂风
en:gallery:noun:1,gallery,noun,画廊；走廊；旁听席；地道,n 画廊；走廊；旁听席；地道；vt 在…修建走廊；在…挖地道；vi 挖地道,/'gæləri/,/'gæl(ə)rɪ/,art gallery,美术馆；画廊
en:gallon:noun:1,gallon,noun,加仑（容量单位）,n 加仑（容量单位）,/'ɡælən/,/'gælən/,a 20 gallon fish tank,一个20加仑的鱼缸
en:game:noun:1,game,noun,游戏；比赛,n 游戏；比赛；adj 勇敢的；v 赌博,/ɡem/,/geɪm/,The boys were playing a game in the backyard.,男孩们在后院里玩游戏。
en:garage:noun:1,garage,noun,车库；汽车修理厂；飞机库,n 车库；汽车修理厂；飞机库；v 把……送入车库；把（汽车）开进车库,/gəˈrɑʒ; gəˈrɑdʒ/,/'gærɑː(d)ʒ; -ɪdʒ; gə'rɑːʒ/,I’ll just go and put the car in the garage.,我把车停到车库去。
en:garbage:noun:1,garbage,noun,垃圾；废物,n 垃圾；废物,/'ɡɑrbɪdʒ/,/'gɑːbɪdʒ/,Can you take out the garbage when you go?,你走的时候把垃圾带出去好吗？
en:garden:noun:1,garden,noun,花园；菜园,n 花园；菜园；v 栽培花木,/'ɡɑrdn/,/'gɑːd(ə)n/,He’s outside in the garden.,他在外面花园里。
en:gardening:noun:1,gardening,noun,园艺；园林工人的工作,n 园艺；园林工人的工作,/'gɑrdnɪŋ/,/'gɑːd(ə)nɪŋ/,I might do a bit of gardening this afternoon.,今天下午我可能会干些园艺活。
en:garlic:noun:1,garlic,noun,大蒜；蒜头,n 大蒜；蒜头,/'ɡɑrlɪk/,/'gɑːlɪk/,Add a crushed clove of garlic (= single section of it ).,加一瓣压碎的大蒜。
en:garment:noun:1,garment,noun,衣服，服装；外表，外观,n 衣服，服装；外表，外观；v 给…穿衣服,/'gɑrmənt/,/'gɑːm(ə)nt/,She pulled the garment on and zipped it up.,她穿上衣服并拉好拉链。
en:gas:noun:1,gas,noun,气体；[矿业] 瓦斯；汽油；毒气,n 气体；[矿业] 瓦斯；汽油；毒气；v 加油；毒（死）,/ɡæs/,/gæs/,hydrogen gas,氢气
en:gate:noun:1,gate,noun,大门；出入口；门道,n 大门；出入口；门道；v 给…装大门,/ɡet/,/geɪt/,We went through the gate into the orchard.,我们穿过大门进了果园。
en:gather:verb:1,gather,verb,收集；收割；使…聚集；使…皱起,v 收集；收割；使…聚集；使…皱起；n 聚集；衣褶；收获量,/'ɡæðɚ/,/'gæðə/,A crowd gathered to watch the fight.,一群人聚拢来围观打架。
en:gay:adjective:1,gay,adjective,快乐的；放荡的；艳丽的,adj 快乐的；放荡的；艳丽的；n 同性恋者,/ɡe/,/geɪ/,She felt excited and quite gay.,她感到兴奋而快活。
en:general:adjective:1,general,adjective,一般的，普通的；综合的；大体的,adj 一般的，普通的；综合的；大体的；n 一般；将军，上将；常规,/'dʒɛnrəl/,/'dʒen(ə)r(ə)l/,a general introduction to computing,计算机应用概论
en:generation:noun:1,generation,noun,一代；产生；一代人；生殖,n 一代；产生；一代人；生殖,/'dʒɛnə'reʃən/,/dʒenə'reɪʃ(ə)n/,"Like most of my generation, I had never known a war.",和我们这一代的大多数人一样，我并没有经历过战争。
en:generous:adjective:1,generous,adjective,慷慨的，大方的；宽宏大量的；有雅量的,adj 慷慨的，大方的；宽宏大量的；有雅量的,/'dʒɛnərəs/,/'dʒen(ə)rəs/,a generous glass of wine,一大杯葡萄酒
en:gentle:adjective:1,gentle,adjective,温和的；文雅的,adj 温和的；文雅的；v 使温和，使驯服；n 蛆，饵,/'dʒɛntl/,/'dʒent(ə)l/,"Arthur was a very gentle, caring person.",阿瑟是一个非常温柔体贴的人。
en:gentleman:noun:1,gentleman,noun,先生；绅士；有身份的人,n 先生；绅士；有身份的人,/'dʒɛntlmən/,/'dʒent(ə)lmən/,"Could you serve this gentleman please, Miss Bath?",巴思小姐，请你接待一下这位先生好吗？
en:geography:noun:1,geography,noun,地理；地形,n 地理；地形,/dʒɪ'ɑɡrəfi/,/dʒɪ'ɒgrəfɪ/,a geography lesson,地理课
en:geometry:noun:1,geometry,noun,几何学,n 几何学,/dʒɪ'ɑmətri/,/dʒɪ'ɒmɪtrɪ/,...the very ordered way in which mathematics and geometry describe nature.,…数学和几何学描述自然的条理性。
en:german:adjective:1,German,adjective,德国的；德语的，德国人的,adj 德国的；德语的，德国人的；n 德语；德国人,,/'dʒɜːmən/,German history,德国历史
en:germany:noun:1,Germany,noun,德国,n 德国,/'dʒɝməni/,/'dʒɜːmənɪ/,Germany borders on France.,德国与法国接壤。
en:gesture:noun:1,gesture,noun,姿态；手势,n 姿态；手势；v 作手势；用动作示意,/'dʒɛstʃɚ/,/'dʒestʃə/,Luke made an obscene gesture with his finger.,卢克用手指做了一个下流的手势。
en:get:verb:1,get,verb,使得；获得；受到；变成,v 使得；获得；受到；变成；n 生殖；幼兽,/ɡɛt/,/get/,We need to get help quickly!,我们需要马上得到帮助！
en:gift:noun:1,gift,noun,礼物；天赋；赠品,n 礼物；天赋；赠品；v 赋予；向…赠送,/ɡɪft/,/gɪft/,The earrings were a gift from my aunt.,这副耳环是我姑姑送给我的礼物。
en:gifted:adjective:1,gifted,adjective,有天赋的；有才华的,adj 有天赋的；有才华的；v 给予（gift的过去分词）,/'ɡɪftɪd/,/'gɪftɪd/,...one of the most gifted players in the world.,…世界上最有天赋的运动员之一。
en:giraffe:noun:1,giraffe,noun,长颈鹿,n 长颈鹿,/dʒə'ræf/,/dʒə'rɑ:f/,Can I get the mommy giraffe for Christmas?,我在圣诞节能得到一个长颈鹿妈妈吗？
en:girl:noun:1,girl,noun,女孩；姑娘，未婚女子；女职员，女演员；（男人的）女朋友,n 女孩；姑娘，未婚女子；女职员，女演员；（男人的）女朋友,/ɡɝl/,/gɜːl/,Both boys and girls can apply to join the choir.,男孩和女孩均可申请加入合唱团。
en:give:verb:1,give,verb,给；产生；让步；举办；授予,v 给；产生；让步；举办；授予；n 弹性；弯曲；伸展性,/ɡɪv/,/gɪv/,"Researchers were given a £10,000 grant to continue their work.",研究人员得到一万英镑的经费以继续他们的研究。
en:glad:adjective:1,glad,adjective,高兴的；乐意的；令人高兴的；灿烂美丽的,adj 高兴的；乐意的；令人高兴的；灿烂美丽的；vt 使高兴；n (Glad)人名；(塞、瑞典)格拉德；(英)格莱德；(法、挪)格拉,/ɡlæd/,/glæd/,We’re so glad you came.,你来了我们真高兴。
en:glance:noun:1,glance,noun,一瞥；一滑；闪光,n 一瞥；一滑；闪光；v 扫视，匆匆一看；反光；瞥闪，瞥见,/ɡlæns/,/glɑːns/,He gave her a quick glance and smiled.,他迅速地瞥了她一眼，笑了。
en:glare:noun:1,glare,noun,刺眼；耀眼的光；受公众注目,n 刺眼；耀眼的光；受公众注目；v 瞪眼表示,/ɡlɛr/,/gleə/,a special screen to reduce glare,一种可以减弱刺眼强光的特殊屏幕
en:glass:noun:1,glass,noun,玻璃；玻璃制品；镜子,n 玻璃；玻璃制品；镜子；v 反映；给某物加玻璃,/ɡlæs/,/glɑːs/,a glass bowl,玻璃碗
en:glasshouse:noun:1,glasshouse,noun,温室；暖房,n 温室；暖房,/'ɡlæshaʊs/,/'glɑːshaʊs/,"BrightFarms, for example, together with a firm called Better Food Solutions, began constructing a large single-storey glasshouse on the roof of a big supermarket in October.",比如，光明农场系统公司现在正在和一家名为“好上好食品”（BetterFood Solutions）的公司合作，自10月份开始在一家大超市的屋顶上建造一座单层的大温室。
en:globe:noun:1,globe,noun,地球；地球仪；球体,n 地球；地球仪；球体；vt 使…成球形；vi 成球状,/ɡlob/,/gləʊb/,We export our goods all over the globe.,我们的商品出口到世界各地。
en:glory:noun:1,glory,noun,光荣，荣誉；赞颂,n 光荣，荣誉；赞颂；v 自豪，骄傲；狂喜,/'ɡlɔri/,/'glɔːrɪ/,She dreamt of future glory as an Olympic champion.,她梦想着将来能得到奥运冠军的荣誉。
en:glove:noun:1,glove,noun,手套,n 手套；vt 给…戴手套,/ɡlʌv/,/glʌv/,a pair of gloves,一副手套
en:glue:verb:1,glue,verb,粘合；似胶般固着于,v 粘合；似胶般固着于；n 胶；各种胶合物,/ɡlu/,/gluː/,Glue the fabric around the window.,用胶把这布粘在窗户四周。
en:go:verb:1,go,verb,走；达到；运转；趋于,v 走；达到；运转；趋于；n 去；进行；尝试,/go/,/gəʊ/,The plate went crashing to the floor.,盘子哗啦一声掉在地板上。
en:goal:noun:1,goal,noun,目标；球门，得分数；终点,n 目标；球门，得分数；终点；vi 攻门，射门得分,/ɡol/,/gəʊl/,Your goal as a parent is to help your child become an independent adult.,身为父母，你的目标就是要培养孩子成为独立的成年人。
en:goat:noun:1,goat,noun,山羊；替罪羊（美俚）；色鬼（美俚）,n 山羊；替罪羊（美俚）；色鬼（美俚）,/ɡot/,/gəʊt/,goat skin,山羊皮
en:god:noun:1,god,noun,神；（大写首字母时）上帝,n 神；（大写首字母时）上帝；vt 膜拜，崇拜,/ɡɑd/,/ɡɒd/,Prayer is a way of talking to God.,祈祷是同上帝交流的一种方式。
en:gold:noun:1,gold,noun,金，黄金；金色；金币,n 金，黄金；金色；金币；adj 金的，金制的；金色的,/ɡold/,/gəʊld/,She came to the party dripping with gold (= wearing a lot of gold ) .,她披金戴银地来参加派对。
en:golden:adjective:1,golden,adjective,金色的，黄金般的；珍贵的；金制的,adj 金色的，黄金般的；珍贵的；金制的；n (Golden)人名；(英、法、罗、德、瑞典)戈尔登,/'ɡoldən/,/'gəʊld(ə)n/,golden hair,金发
en:golf:noun:1,golf,noun,高尔夫球；高尔夫球运动,n 高尔夫球；高尔夫球运动；v 打高尔夫球,/gɔlf/,/gɒlf/,He plays golf on Sundays.,他星期天都去打高尔夫球。
en:good:adjective:1,good,adjective,好的；优良的；愉快的；虔诚的,adj 好的；优良的；愉快的；虔诚的；n 好处；善行；慷慨的行为；adv 好,/ɡʊd/,/gʊd/,a good hotel,一家不错的宾馆
en:goodness:interjection:1,goodness,interjection,天哪,int 天哪；n 善良，优秀 ；精华，养分,/'ɡʊdnəs/,/'gʊdnɪs/,"My goodness, you have spent a lot!",啊呀，你花了这么多钱！
en:goods:noun:1,goods,noun,商品；动产；合意的人；真本领,n 商品；动产；合意的人；真本领,/ɡʊdz/,/ɡʊdz/,the large market for consumer goods,庞大的消费品市场
en:goose:noun:1,goose,noun,鹅；鹅肉；傻瓜；雌鹅,n 鹅；鹅肉；傻瓜；雌鹅；v 突然加大油门；嘘骂,/ɡus/,/guːs/,...roast goose.,…烤鹅。
en:govern:verb:1,govern,verb,管理；支配；统治；控制,v 管理；支配；统治；控制；n (Govern)人名；(英)戈文,/'ɡʌvɚn/,/'gʌv(ə)n/,the leaders who govern the country,治理这个国家的领导人
en:government:noun:1,government,noun,政府；政体；管辖,n 政府；政体；管辖,/'ɡʌvɚnmənt/,"/'gʌv(ə)n,m(ə)nt; 'gʌvəm(ə)nt/",The Government are planning further cuts in public spending.,政府正计划进一步削减公共支出。
en:gown:noun:1,gown,noun,长袍，长外衣；礼服；睡袍；法衣,n 长袍，长外衣；礼服；睡袍；法衣；v 使穿睡衣,/ɡaʊn/,/gaʊn/,a hospital gown,医院手术服
en:grade:noun:1,grade,noun,年级；等级；成绩；级别；阶段,n 年级；等级；成绩；级别；阶段；v 评分；把…分等级,/ɡred/,/greɪd/,The best grades of tea are expensive.,最上等的茶叶价格很贵。
en:gradually:adverb:1,gradually,adverb,逐步地；渐渐地,adv 逐步地；渐渐地,/'grædʒʊəli/,/'grædʒʊlɪ; 'grædjʊəlɪ/,Jill gradually became aware of an awful smell.,吉尔渐渐地闻到了一股难闻的气味。
en:graduate:verb:1,graduate,verb,授予…学位；分等级；标上刻度,v 授予…学位；分等级；标上刻度；n 研究生；毕业生；adj 毕业的；研究生的,/ˈɡrædʒuˌet/,/ˈɡradʒʊeɪt/,As an actress she has graduated from small roles to more substantial parts.,作为演员，她从配角演起，慢慢地开始出演比较重要的角色。
en:graduation:noun:1,graduation,noun,毕业；毕业典礼；刻度，分度；分等级,n 毕业；毕业典礼；刻度，分度；分等级,"/,ɡrædʒu'eʃən/",/grædʒʊ'eɪʃ(ə)n; -djʊ-/,After graduation Neil returned to Ohio.,尼尔毕业以后回到了俄亥俄州。
en:grain:noun:1,grain,noun,粮食；颗粒；[作物] 谷物；纹理,n 粮食；颗粒；[作物] 谷物；纹理；v 成谷粒,/ɡren/,/greɪn/,...a grain of wheat.,…一颗麦粒。
en:gram:noun:1,gram,noun,克；鹰嘴豆（用作饲料）,n 克；鹰嘴豆（用作饲料）,/ɡræm/,/ɡræm/,gram negative,adj. 革兰氏阴性的；革兰氏〔染色）阴性的
en:grammar:noun:1,grammar,noun,语法；语法书,n 语法；语法书,/'græmɚ/,/'græmə/,Check your spelling and grammar.,检查你的拼写和语法。
en:grand:adjective:1,grand,adjective,宏伟的；豪华的；极重要的,adj 宏伟的；豪华的；极重要的；n 大钢琴；一千美元,/ɡrænd/,/grænd/,a grand country house,豪华的乡间大宅
en:grandchild:noun:1,grandchild,noun,孙子；孙女；外孙；外孙女,n 孙子；孙女；外孙；外孙女,/'ɡræntʃaɪld/,/'græn(d)tʃaɪld/,Mary loves her grandchildren.,玛丽很疼爱她的孙子孙女们。
en:granddaughter:noun:1,granddaughter,noun,孙女；外孙女,n 孙女；外孙女,/'ɡrændɔtɚ/,/'grændɔːtə/,...a drawing of my granddaughter Amelia.,…一幅我孙女阿梅莉亚的画像。
en:grandma:noun:1,grandma,noun,奶奶；外婆,n 奶奶；外婆,/ɡrænmɑ/,/'græn(d)mɑː/,Grandma was from Scotland.,奶奶来自苏格兰。
en:grandpa:noun:1,grandpa,noun,爷爷；外公,n 爷爷；外公,/grandpa/,/ˈgrænpɑ:/,Grandpa was not yet back from the war.,爷爷那时还没从战场归来。
en:grandparents:noun:1,grandparents,noun,祖父母（grandparent的复数）；外祖父母,n 祖父母（grandparent的复数）；外祖父母,/'græn'pɛrənts/,/'græn(d)peər(ə)nts/,Tammy was raised by her grandparents.,塔米是由她的祖父母抚养大的。
en:grandson:noun:1,grandson,noun,孙子；外孙,n 孙子；外孙,/'ɡrænsʌn/,/'græn(d)sʌn/,My grandson's birthday was on Tuesday.,我孙子的生日是星期二。
en:granny:noun:1,granny,noun,奶奶；外婆；婆婆妈妈的人,n 奶奶；外婆；婆婆妈妈的人,/'ɡræni/,/'grænɪ/,...my old granny.,…我的老奶奶。
en:grape:noun:1,grape,noun,葡萄；葡萄酒；葡萄树；葡萄色,n 葡萄；葡萄酒；葡萄树；葡萄色,/ɡrep/,/greɪp/,a bunch of grapes,一串葡萄
en:graph:noun:1,graph,noun,图表；曲线图,n 图表；曲线图；v 用曲线图表示,/ɡræf/,/grɑːf; græf/,Martin showed me a graph of their recent sales.,马丁给我看了他们最近销售情况的图表。
en:grasp:noun:1,grasp,noun,抓住；理解；控制,n 抓住；理解；控制；v 抓住；领会,/ɡræsp/,/grɑːsp/,Luke took her arm in a firm grasp and led her through the gate.,卢克紧紧抓着她的胳膊，领她进了门。
en:grass:noun:1,grass,noun,草；草地，草坪,n 草；草地，草坪；v 放牧；使……长满草；使……吃草,/ɡræs/,/grɑːs/,I walked across the grass.,我走在草地上。
en:grateful:adjective:1,grateful,adjective,感谢的；令人愉快的，宜人的,adj 感谢的；令人愉快的，宜人的,/'ɡretfl/,/'greɪtfʊl; -f(ə)l/,Our grateful thanks go to all who participated.,我们衷心感谢所有参与者。
en:gravity:noun:1,gravity,noun,重力，地心引力；严重性；庄严,n 重力，地心引力；严重性；庄严,/'ɡrævəti/,/'grævɪtɪ/,the force of gravity,重力
en:great:adjective:1,great,adjective,伟大的，重大的；极好的，好的；主要的,adj 伟大的，重大的；极好的，好的；主要的；n 大师；大人物；伟人们,/ɡret/,/greɪt/,The movie was a great success.,这部影片大获成功。
en:greece:noun:1,Greece,noun,希腊（欧洲南部国家）,n 希腊（欧洲南部国家）,/ɡriːs/,,Alexander the Great beat every opponent between Greece and India.,亚历山大大帝打败了希腊和印度之间的每个敌手。
en:greedy:adjective:1,greedy,adjective,贪婪的；贪吃的；渴望的,adj 贪婪的；贪吃的；渴望的,/'gridi/,/'griːdɪ/,a greedy and selfish society,一个贪婪自私的社会
en:greek:noun:1,Greek,noun,希腊语；希腊人,n 希腊语；希腊人；adj 希腊的；希腊人的，希腊语的,/grik/,/griːk/,I had to learn Greek.,我只好学希腊语。
en:green:adjective:1,green,adjective,绿色的；青春的,adj 绿色的；青春的；n 绿色；青春；v 使…变绿色,/ɡrin/,/griːn/,beautiful green eyes,漂亮的碧眼
en:greengrocer:noun:1,greengrocer,noun,蔬菜水果商；菜贩,n 蔬菜水果商；菜贩,/'ɡrinɡrosɚ/,/'griːngrəʊsə/,I bought these apples at the greengrocer's.,我在蔬菜水果店里买了这些苹果。
en:greet:verb:1,greet,verb,欢迎，迎接；致敬，致意；映入眼帘,v 欢迎，迎接；致敬，致意；映入眼帘；n (Greet)人名；(英)格里特,/ɡrit/,/griːt/,Belinda greeted her warmly.,贝琳达热情地招呼她。
en:greeting:noun:1,greeting,noun,问候，招呼；祝贺,n 问候，招呼；祝贺；v 致敬，欢迎（greet的现在分词）,/'ɡritɪŋ/,/'griːtɪŋ/,"I smiled a polite greeting, but the woman hardly acknowledged me.",我客气地笑着打了个招呼，可是那女人没有答理我。
en:grey:adjective:1,grey,adjective,灰色的；灰白的,adj 灰色的；灰白的；v 使变成灰色；使变老；n 灰色,/ɡre/,/greɪ/,an old lady with grey hair,头发灰白的老太太
en:grill:verb:1,grill,verb,烧，烤；,v 烧，烤；；n 烤架，铁格子；烤肉,/ɡrɪl/,/grɪl/,Grill the bacon until crisp.,将培根烤至酥脆。
en:grocer:noun:1,grocer,noun,杂货店；食品商,n 杂货店；食品商,/ɡrosɚ/,/'grəʊsə/,The cook and the grocer haggled over the price of eggs.,厨师和杂货商为蛋价计较个没完。
en:ground:noun:1,ground,noun,地面；土地；范围；战场;根据,n 地面；土地；范围；战场;根据；v 使接触地面；打基础；使搁浅；adj 土地的；地面上的；磨碎的；磨过的,/ɡraʊnd/,/graʊnd/,There are strong grounds for believing his statement.,有充分的理由可以相信他的话。
en:group:noun:1,group,noun,组；团体,n 组；团体；adj 群的；团体的；v 聚合,/ɡrup/,/gruːp/,A group of us are going to London.,我们有一群人要去伦敦。
en:grow:verb:1,grow,verb,发展；生长；渐渐变得…,v 发展；生长；渐渐变得…；n (Grow)人名；(英)格罗,/ɡro/,/grəʊ/,a tree which will grow well in most types of soil,在大部分土壤里都能生长得很好的一种树
en:growth:noun:1,growth,noun,增长；发展；生长；种植,n 增长；发展；生长；种植,/ɡroθ/,/grəʊθ/,measures to stimulate economic growth,刺激经济增长的措施
en:gruel:verb:1,gruel,verb,使极度疲劳；累垮,vt 使极度疲劳；累垮；n 稀粥,/'ɡruəl/,/'grʊəl/,This gruel is too thin.,粥太稀了。
en:guard:noun:1,guard,noun,守卫；警戒；护卫队；防护装置,n 守卫；警戒；护卫队；防护装置；v 警惕,/ɡɑrd/,/gɑːd/,The prisoners overpowered their guards and locked them in a cell.,囚犯们制服了卫兵，并把他们锁在一个牢房里。
en:guess:verb:1,guess,verb,猜测；认为；推测；猜中,v 猜测；认为；推测；猜中；n 猜测；推测,/ɡɛs/,/ges/,"I’d say he’s around 50, but I’m only guessing.",我想他50岁左右，不过也只是猜测。
en:guest:noun:1,guest,noun,客人，宾客；顾客,n 客人，宾客；顾客；v 款待，招待；adj 客人的；特邀的，客座的,/ɡɛst/,/gest/,a banquet for 250 distinguished guests,250位贵宾出席的宴会
en:guidance:noun:1,guidance,noun,指导，引导；领导,n 指导，引导；领导,/'gaɪdns/,/'gaɪd(ə)ns/,a missile with a sophisticated electronic guidance system,有精密电子制导系统的导弹
en:guide:noun:1,guide,noun,指南；向导；入门书,n 指南；向导；入门书；v 引导；带领；操纵,/ɡaɪd/,/gaɪd/,a tour guide,导游
en:guilty:adjective:1,guilty,adjective,有罪的；内疚的,adj 有罪的；内疚的,/'ɡɪlti/,/'gɪltɪ/,She looked self-conscious and guilty.,她看上去很不自然，很内疚的样子。
en:gun:noun:1,gun,noun,枪支；枪状物；持枪歹徒,n 枪支；枪状物；持枪歹徒；v 用枪射击；加大油门快速前进,/ɡʌn/,/gʌn/,I’ve never fired a gun in my life.,我这辈子从来没开过枪。
en:gy:adjective:1,gy,adjective,灰色（gray）；圭亚那（Guyana）,abbr 灰色（gray）；圭亚那（Guyana）；n 戈瑞,,,,
en:gymnastics:noun:1,gymnastics,noun,体操；体育；体操运动,n 体操；体育；体操运动,/dʒɪm'næstɪks/,/dʒɪm'næstɪks/,a gymnastics display,体操表演
en:ha:interjection:1,ha,interjection,哈！（表示惊异，愉快，怀疑，胜利等）,"int 哈！（表示惊异，愉快，怀疑，胜利等）；abbr 一种元素(hahnium,原子序105)；n (Ha)人名；(德)哈；(日)巴 (姓)",/hɑ/,/hɑː/,Ha! I thought it might be you hiding there!,哈！我想可能就是你藏在那里！
en:habit:noun:1,habit,noun,习惯，习性；嗜好,n 习惯，习性；嗜好；v 使穿衣,/'hæbɪt/,/'hæbɪt/,Regular exercise is a good habit.,经常锻炼是个好习惯。
en:hair:noun:1,hair,noun,头发；毛发；些微,n 头发；毛发；些微；vt 除去…的毛发；vi 生长毛发；形成毛状纤维；adj 毛发的；护理毛发的；用毛发制成的,/hɛr/,/heə/,Her hair was short and dark.,她的头发又短又黑。
en:haircut:noun:1,haircut,noun,理发；发型,n 理发；发型,/'hɛrkʌt/,/'heəkʌt/,Do you like my new haircut?,你喜欢我的新发型吗？
en:half:noun:1,half,noun,一半；半场；半学年,n 一半；半场；半学年；adv 一半地；部分地；adj 一半的；不完全的；半途的,/hæf/,/hɑːf/,Only half the guests had arrived by seven o’clock.,7点钟前只来了一半客人。
en:hall:noun:1,hall,noun,过道，门厅，走廊；会堂；食堂；学生宿舍；大厅，前厅；娱乐中心，会所,n 过道，门厅，走廊；会堂；食堂；学生宿舍；大厅，前厅；娱乐中心，会所,/hɔl/,/hɔːl/,a huge tiled entrance hall,铺着地砖的大门厅
en:ham:noun:1,ham,noun,火腿；业余无线电爱好者；蹩脚演员,n 火腿；业余无线电爱好者；蹩脚演员；v 表演过火；adj 过火的；做作的,/hæm/,/hæm/,a ham sandwich,火腿三明治
en:hamburger:noun:1,hamburger,noun,汉堡包，火腿汉堡；牛肉饼，肉饼；碎牛肉,n 汉堡包，火腿汉堡；牛肉饼，肉饼；碎牛肉,/hæmbɝ​ɡɚ/,/ˈhæmbɜ:gə/,,
en:hammer:verb:1,hammer,verb,锤击；敲打；重复,v 锤击；敲打；重复；n 铁锤；链球；[解剖] 锤骨；音锤,/'hæmɚ/,/'hæmə/,the sound of hammering and sawing,锤打和拉锯的声音
en:hand:noun:1,hand,noun,手，手艺；帮助；指针；插手,n 手，手艺；帮助；指针；插手；v 传递，交给；支持；搀扶,/hænd/,/hænd/,Steve gripped the steering wheel tightly with both hands.,史蒂夫双手紧握方向盘。
en:handbag:noun:1,handbag,noun,手提包,n 手提包,/'hænd'bæg/,/'hæn(d)bæg/,I have sent Tom back for your handbag.,我已经让汤姆回去取你的手提袋了。
en:handful:noun:1,handful,noun,少数；一把；棘手事,n 少数；一把；棘手事,"/'hænd,fʊl/",/'hæn(d)fʊl; -f(ə)l/,There were only a handful of people there.,那里只有几个人。
en:handkerchief:noun:1,handkerchief,noun,手帕；头巾，围巾,n 手帕；头巾，围巾,/'hæŋkɚtʃɪf/,/'hæŋkətʃɪf/,Before sweeping the house she bound up her hair in a large handkerchief.,打扫房屋前， 她把头发用一块大手帕扎起来。
en:handle:noun:1,handle,noun,[建] 把手；柄；手感；口实,n [建] 把手；柄；手感；口实；v 处理；操作；运用；买卖；触摸,/'hændl/,/'hænd(ə)l/,Then he turned the handle and went in.,然后他转动把手走了进去。
en:handsome:adjective:1,handsome,adjective,（男子）英俊的；可观的；大方的，慷慨的；健美而端庄的,adj （男子）英俊的；可观的；大方的，慷慨的；健美而端庄的,/'hænsəm/,/'hæns(ə)m/,He managed to make a handsome profit out of the deal.,他从这笔买卖中赚取了丰厚的利润。
en:handtruck:unknown:1,handtruck,unknown,手推车,手推车,,,Hydra selected the step ladder/handtruck.,而女队则选择推销梯子/手推车。
en:handwriting:noun:1,handwriting,noun,笔迹；书法；书写；手稿,n 笔迹；书法；书写；手稿；v 亲手写（handwrite的ing形式）,/'hænd'raɪtɪŋ/,/'hændraɪtɪŋ/,I recognised her handwriting on the envelope.,我认出了信封上她的笔迹。
en:handy:adjective:1,handy,adjective,便利的；手边的，就近的；容易取得的；敏捷的,adj 便利的；手边的，就近的；容易取得的；敏捷的；n (Handy)人名；(英)汉迪,/'hændi/,/'hændɪ/,I always keep my gun handy just in case.,我总是随身带着枪以防万一。
en:hang:verb:1,hang,verb,悬挂，垂下；装饰；绞死；使悬而未决,v 悬挂，垂下；装饰；绞死；使悬而未决；n 悬挂；暂停，中止,/hæŋ/,/hæŋ/,"If he is found guilty, he will almost certainly hang.",如果被判有罪，他几乎肯定会被处以绞刑。
en:happen:verb:1,happen,verb,发生；碰巧；偶然遇到,v 发生；碰巧；偶然遇到,/'hæpən/,/'hæp(ə)n/,When did the accident happen?,事故什么时候发生的？
en:happily:adverb:1,happily,adverb,快乐地；幸福地；幸运地；恰当地,adv 快乐地；幸福地；幸运地；恰当地,/'hæpɪli/,/'hæpɪlɪ/,Michelle smiled happily.,米歇尔高兴地笑了。
en:happiness:noun:1,happiness,noun,幸福,n 幸福,/ˈhæpinəs/,/ˈhæpinəs/,Juliet’s eyes shone with happiness.,朱丽叶的双眼闪耀着幸福的光芒。
en:happy:adjective:1,happy,adjective,幸福的；高兴的；巧妙的,adj 幸福的；高兴的；巧妙的；n (Happy)人名；(英、瑞典、喀)哈皮,/'hæpɪ/,/'hæpɪ/,It’s a lovely house and we’ve been very happy here.,房子很漂亮，我们住在这里非常开心。
en:harbour:verb:1,harbour,verb,藏匿；入港停泊；庇护,v 藏匿；入港停泊；庇护；n 海港（等于harbor）；避难所,/hɑrbɚ/,/ˈhɑ:bə(r)/,Sinks and draining boards can harbour germs.,洗涤槽和沥水板可能藏有病菌。
en:hard:adjective:1,hard,adjective,努力的；硬的；困难的；辛苦的；确实的；严厉的；猛烈的；冷酷无情的,adj 努力的；硬的；困难的；辛苦的；确实的；严厉的；猛烈的；冷酷无情的；adv 努力地；困难地；辛苦地；接近地；猛烈地；牢固地；n (Hard)人名；(英、芬、瑞典)哈德,/hɑrd/,/hɑːd/,a hard wooden chair,一把硬木椅
en:hardly:adverb:1,hardly,adverb,几乎不，简直不；刚刚,adv 几乎不，简直不；刚刚,/'hɑrdli/,/'hɑːdlɪ/,"My parents divorced when I was six, and I hardly knew my father.",我六岁时父母离婚，我对父亲几乎一无所知。
en:hardship:noun:1,hardship,noun,困苦；苦难；艰难险阻,n 困苦；苦难；艰难险阻,/'hɑrdʃɪp/,/'hɑːdʃɪp/,an economic policy that caused great hardship for many people,造成许多人贫困的经济政策
en:hardworking:adjective:1,hardworking,adjective,努力工作的；不辞辛劳的，苦干的,adj 努力工作的；不辞辛劳的，苦干的；v 努力工作（hardwork的ing形式）,"/'hɑrd,wɝkɪŋ/","/'hɑːd,wɜːkɪŋ/",He was hardworking and energetic.,他很努力且精力充沛。
en:harm:noun:1,harm,noun,伤害；损害,n 伤害；损害；v 伤害；危害；损害,/hɑrm/,/hɑːm/,The scandal did his career a lot of harm.,丑闻对他的职业生涯造成很大损害。
en:harmful:adjective:1,harmful,adjective,有害的；能造成损害的,adj 有害的；能造成损害的,/'hɑrmfəl/,/'hɑːmfʊl; -f(ə)l/,the harmful effects of smoking,吸烟的害处
en:harmless:adjective:1,harmless,adjective,无害的；无恶意的,adj 无害的；无恶意的,/'hɑrmləs/,/'hɑ:mləs/,"Her brother’s a bit simple, but he’s quite harmless.",她的弟弟有点愚钝，不过他决不会伤害别人。
en:harmony:noun:1,harmony,noun,协调；和睦；融洽；调和,n 协调；和睦；融洽；调和,/'hɑrməni/,/'hɑːmənɪ/,the gorgeous vocal harmonies on ‘Mexicali Rose’,《墨西哥玫瑰》的精彩和声演唱
en:harvest:noun:1,harvest,noun,收获；产量；结果,n 收获；产量；结果；v 收割；得到,/'hɑrvɪst/,/'hɑːvɪst/,The company is now reaping the harvest of careful planning.,公司现在尝到了精心规划带来的甜头。
en:hat:noun:1,hat,noun,帽子,n 帽子；v 给……戴上帽子,/hæt/,/hæt/,Maria was wearing a beautiful new hat.,玛丽亚戴着一顶漂亮的新帽子。
en:hatch:noun:1,hatch,noun,孵化；舱口,n 孵化；舱口；v 孵；策划,/hætʃ/,/hætʃ/,The problems do not end if crocodiles successfully hatch from the eggs.,即使鳄鱼成功地从卵中孵化出来，这些问题也不会终止。
en:hate:verb:1,hate,verb,憎恨；厌恶；遗憾,v 憎恨；厌恶；遗憾；n 憎恨；反感,/het/,/heɪt/,Why do you hate me so much?,你为什么那么恨我？
en:have:verb:1,have,verb,有；让；拿；从事；允许,v 有；让；拿；从事；允许；aux 已经；n (Have)人名；(芬)哈韦；(德)哈弗,"/hæv; (also, as before 'to') hæf/",/hæv/,Our guests have arrived.,我们的客人到了。
en:hawk:verb:1,hawk,verb,兜售，沿街叫卖；捕捉；咳出,v 兜售，沿街叫卖；捕捉；咳出；n 鹰；鹰派成员；掠夺他人的人,/hɔk/,/hɔːk/,black hawk,黑鹰直升机（80年代美军主力通用直升机）
en:hay:noun:1,hay,noun,干草,n 干草；v 把晒干,,/heɪ/,...bales of hay.,…一捆捆的干草。
en:he:noun:1,he,noun,男孩，男人；它（雄性动物）,n 男孩，男人；它（雄性动物）；pron 他,/hi/,/hiː/,‘Where’s Paul?’ ‘He’s gone to the cinema.’,“保罗在哪儿？”“他去看电影了。”
en:head:noun:1,head,noun,头；头痛；上端；最前的部分；理解力,n 头；头痛；上端；最前的部分；理解力；v 前进；用头顶；作为…的首领；站在…的前头；给…加标题；adj 头的；主要的；在顶端的,/hɛd/,/hed/,He kissed the top of her head.,他吻了一下她的头顶。
en:headache:noun:1,headache,noun,头痛；麻烦；令人头痛之事,n 头痛；麻烦；令人头痛之事,/ˈhɛdˌek/,/'hedeɪk/,"If you have a headache, you should take some aspirin.",要是头痛，你该吃点阿司匹林。
en:headline:noun:1,headline,noun,大标题；内容提要；栏外标题；头版头条新闻,n 大标题；内容提要；栏外标题；头版头条新闻；v 给…加标题；使成为注意中心；大力宣传,/'hɛdlaɪn/,/'hedlaɪn/,a paper carrying the front-page headline: ‘Space Aliens meet with President’,头版报道题为“天外来客会见总统”的报纸
en:headmaster:noun:1,headmaster,noun,校长,n 校长,"/,hɛd'mæstɚ/",/hed'mɑːstə/,This headmaster is very modest.,这位校长很谦虚。
en:headmistress:noun:1,headmistress,noun,女校长,n 女校长,/ˌhɛdˈmistrəs/,/ˌhɛdˈmistrəs/,"""We've got life-size cutouts of William and Kate, "" boasts one headmistress, claiming: ""The children are really excited.""",“我们制作了真人大小的威廉和凯特的人像，”一名女校长沾沾自喜地炫耀着：“孩子们可兴奋了。”
en:headteacher:noun:1,headteacher,noun,中小学的校长,n 中小学的校长,/'hedti:tʃə/,/'hedtiːtʃə/,"I know a number of parents have rung the headteacher about what has happened but I would appeal for everyone to be calm, particularly in relation to those people involved.",我知道一些家长正围着校长问事情发生的经过，但我呼吁大家要保持冷静，特别是在那些跟这件事有直接关系的人。
en:health:noun:1,health,noun,健康；卫生；保健；兴旺,n 健康；卫生；保健；兴旺,/hɛlθ/,/helθ/,I’m worried about my husband’s health.,我担心我丈夫的健康状况。
en:healthy:adjective:1,healthy,adjective,健康的，健全的；有益于健康的,adj 健康的，健全的；有益于健康的,/'hɛlθi/,/'helθɪ/,a healthy baby boy,健康的男婴
en:heap:noun:1,heap,noun,堆；许多；累积,n 堆；许多；累积；v 堆；堆积,/hip/,/hiːp/,a rubbish heap,垃圾堆
en:hear:verb:1,hear,verb,听到，听；听说；审理,v 听到，听；听说；审理,/hɪr/,/hɪə/,Blanche heard a crash as the back door was flung open.,布兰奇听见后门哗啦一声被推开。
en:hearing:noun:1,hearing,noun,听力；审讯，听讯,n 听力；审讯，听讯；v 听见（hear的ing形式）,/'hɪrɪŋ/,/'hɪərɪŋ/,a child with a hearing disability,有听力障碍的儿童
en:heart:noun:1,heart,noun,心脏；感情；勇气；心形；要点,n 心脏；感情；勇气；心形；要点；vt 鼓励；铭记；vi 结心,/hɑrt/,/hɑːt/,Regular exercise is good for the heart.,经常锻炼对心脏有好处。
en:heat:noun:1,heat,noun,高温；压力；热度；热烈,n 高温；压力；热度；热烈；v 使激动；把…加热,/hit/,/hiːt/,Ice needs heat to melt.,冰需要热才能融化。
en:heaven:noun:1,heaven,noun,天堂；天空；极乐,n 天堂；天空；极乐,/'hɛvn/,/'hev(ə)n/,He looked up towards the heavens.,他仰望苍穹。
en:heavily:adverb:1,heavily,adverb,沉重地；猛烈地；沉闷地,adv 沉重地；猛烈地；沉闷地,/'hɛvɪli/,/'hevɪlɪ/,"""I didn't even think about her,"" he said heavily.",“我根本都没想到过她，”他沉重地说道。
en:heavy:adjective:1,heavy,adjective,沉重的；繁重的，巨大的；拥挤的；阴沉的,adj 沉重的；繁重的，巨大的；拥挤的；阴沉的；n 重物；严肃角色；adv 大量地；笨重地,/'hɛvi/,/'hevɪ/,The wardrobe was too heavy for me to move on my own.,衣橱太重，我一个人移不动。
en:heel:noun:1,heel,noun,脚后跟；踵,n 脚后跟；踵；v 倾侧,/hil/,/hiːl/,black boots with high heels,有高跟的黑靴子
en:height:noun:1,height,noun,高地；高度；身高；顶点,n 高地；高度；身高；顶点,/haɪt/,/haɪt/,Sam’s about the same height as his sister now.,萨姆现在身高和他姐姐差不多了。
en:helicopter:noun:1,helicopter,noun,[航] 直升飞机,n [航] 直升飞机；vi [航] 乘直升飞机；vt 由直升机运送,/'hɛlɪkɑptɚ/,/'helɪkɒptə/,You can helicopter to the island.,你可以乘坐直升机去那个岛。
en:hello:interjection:1,hello,interjection,喂；哈罗,int 喂；哈罗；n 表示问候， 惊奇或唤起注意时的用语,"/hɛˈlo, hə-/",/hə'ləʊ; he-/,"Hello, John! How are you?",喂，约翰！你好吗？
en:helmet:noun:1,helmet,noun,钢盔，头盔,n 钢盔，头盔,/'hɛlmɪt/,/'helmɪt/,The Sword split the Knight's helmet and bit him fatally.,剑劈开了骑士的头盔并致命地刺进他。
en:help:verb:1,help,verb,帮助；促进；治疗；补救,v 帮助；促进；治疗；补救；n 帮助；补救办法；帮忙者；有益的东西,/hɛlp/,/help/,"If there’s anything I can do to help, just give me a call.",如果需要我帮忙，就给我打个电话。
en:helpful:adjective:1,helpful,adjective,有帮助的；有益的,adj 有帮助的；有益的,/'hɛlpfl/,/'helpfʊl; -f(ə)l/,Thank you for your advice; it’s been very helpful.,谢谢你的建议，它非常有用。
en:hen:noun:1,hen,noun,母鸡；女人；雌禽,n 母鸡；女人；雌禽,/hɛn/,/hen/,The hen sits in the hencoop [henroost].,母鸡卧窝。
en:her:pronoun:1,her,pronoun,她（she的宾格）；她的（she的所有格）；她（指某个国家；一艘船）,pron 她（she的宾格）；她的（she的所有格）；她（指某个国家；一艘船）；n （法）埃尔（人名）,/hɚ/,/hɜː/,Jane? I don’t really know her.,简？我不太认识她。
en:herb:noun:1,herb,noun,香草，药草,n 香草，药草,/ɝb/,/hɜːb/,Sprinkle the dish with chopped fresh herbs.,在菜肴上撒些切碎的新鲜香草。
en:here:adverb:1,here,adverb,在这里；此时,adv 在这里；此时；int 嘿！；喂！；n 这里,/hɪr/,/hɪə/,What are you doing here?,你们在这里干什么？
en:hero:noun:1,hero,noun,英雄；男主角，男主人公,n 英雄；男主角，男主人公,/'hɪro/,/'hɪərəʊ/,"He had dared to speak out against injustice, and overnight he became a national hero .",他敢于站出来抨击不公正的现象，一夜之间就成了国家英雄。
en:heroine:noun:1,heroine,noun,女主角；女英雄；女杰出人物,n 女主角；女英雄；女杰出人物,/'hɛroɪn/,/'herəʊɪn/,The heroine is a senior TV executive.,女主人公是一位电视台高级主管。
en:hers:pronoun:1,hers,pronoun,她的（所有格）,pron 她的（所有格）；n (Hers)人名；(法)埃尔,/hɝz/,/hɜːz/,He bent and touched his mouth to hers.,他俯身吻她的嘴唇。
en:herself:pronoun:1,herself,pronoun,她自己（she的反身代词）；她亲自,pron 她自己（she的反身代词）；她亲自,/hɝ'sɛlf/,/hɜː'self/,She cut herself on some broken glass.,碎玻璃把她割伤了。
en:hey:interjection:1,hey,interjection,喂！（引起注意等）；你好！（表示问候）,int 喂！（引起注意等）；你好！（表示问候）；n 干草（等于hay）,/he/,/heɪ/,"Hey, wait a minute!",喂，等一下！
en:hi:interjection:1,hi,interjection,嗨！（表示问候或用以唤起注意）,int 嗨！（表示问候或用以唤起注意）；n (Hi)人名；(柬)希,/haɪ/,/haɪ/,Hi! How are you?,嗨！你好吗？
en:hibernate:verb:1,hibernate,verb,过冬；（动物）冬眠；（人等）避寒,v 过冬；（动物）冬眠；（人等）避寒,/'haɪbɚnet/,/'haɪbəneɪt/,Dormice hibernate from October to May.,睡鼠从10月到5月冬眠。
en:hibernation:noun:1,hibernation,noun,冬眠；过冬；避寒,n 冬眠；过冬；避寒,,,Heart rate tracking for three of the Alaska bears showed a drop from 55 beats per minute on average before hibernation to 14 erratic ones per minute in winter.,对三头阿拉斯加的黑熊的心率追踪显示出它们在冬眠前的平均每分钟 55 下降低到了冬天里每分钟飘忽不定的 14 下。
en:hide:verb:1,hide,verb,隐藏；隐瞒；鞭打,v 隐藏；隐瞒；鞭打；n 躲藏；兽皮；躲藏处,/haɪd/,/haɪd/,She keeps a bottle of gin hidden behind a stack of books.,她在一堆书的后面藏了一瓶杜松子酒。
en:high:adjective:1,high,adjective,高的；高级的；崇高的；高音调的,adj 高的；高级的；崇高的；高音调的；n 高水平；天空；由麻醉品引起的快感；高压地带；adv 高；奢侈地,/haɪ/,/haɪ/,This is the highest mountain in Japan.,这是日本最高的山。
en:highway:noun:1,highway,noun,公路，大路；捷径,n 公路，大路；捷径,/'haɪwe/,/'haɪweɪ/,Interstate Highway 75,75号州际公路
en:hill:noun:1,hill,noun,小山；丘陵；斜坡；山冈,n 小山；丘陵；斜坡；山冈,/hɪl/,/hɪl/,Their house is on a hill overlooking the sea.,他们的房子建在可以俯视大海的小山上。
en:hillside:noun:1,hillside,noun,山坡，山腹；山腰,n 山坡，山腹；山腰,/'hɪl'saɪd/,/'hɪlsaɪd/,,
en:hilly:adjective:1,hilly,adjective,丘陵的；陡的；多小山的；多坡的,adj 丘陵的；陡的；多小山的；多坡的；n (Hilly)人名；(阿拉伯)希利,/'hɪli/,/'hɪlɪ/,The areas where the fighting is taking place are hilly and densely wooded.,战斗发生的地区丘陵起伏，树木茂密。
en:him:pronoun:1,him,pronoun,他（宾格）,pron 他（宾格）；n (Him)人名；(东南亚国家华语)欣；(柬)亨；(中)谦(广东话·威妥玛),/hɪm/,/hɪm/,Are you in love with him?,你爱上他了吗？
en:himself:pronoun:1,himself,pronoun,他自己；他亲自，他本人,pron 他自己；他亲自，他本人,/hɪm'sɛlf/,/hɪm'self/,by himself,由他独力地
en:hire:noun:1,hire,noun,雇用，租用；租金，工钱,n 雇用，租用；租金，工钱；v 雇用；出租,/'haɪɚ/,/'haɪə/,a car hire company,汽车租赁公司
en:his:pronoun:1,his,pronoun,他的,pron 他的；n (His)人名；(法)伊斯,/hɪz/,/hɪz/,That should be his mother.,那大概是他的母亲。
en:history:noun:1,history,noun,历史，历史学；历史记录；来历,n 历史，历史学；历史记录；来历,/ˈhɪstəri; ˈhɪstri/,/'hɪst(ə)rɪ/,Throughout history the achievements of women have been largely ignored.,从古至今，妇女的成就都被大大地忽视了。
en:hit:verb:1,hit,verb,打击；袭击；碰撞；偶然发现；伤…的感情,v 打击；袭击；碰撞；偶然发现；伤…的感情；n 打；打击；（演出等）成功；讽刺,/hɪt/,/hɪt/,He raised the hammer and hit the bell.,他举起钟锤敲钟。
en:hive:verb:1,hive,verb,群居；入蜂房；生活在蜂房中,v 群居；入蜂房；生活在蜂房中；n 蜂房，蜂巢；热闹的场所；熙攘喧闹的人群,/haɪv/,/haɪv/,This marketplace was once a hive of activity.,这个市场曾经熙熙攘攘。
en:hobby:noun:1,hobby,noun,嗜好；业余爱好,n 嗜好；业余爱好,/'hɑbi/,/'hɒbɪ/,What are your hobbies?,你有些什么爱好？
en:hold:verb:1,hold,verb,持有；拥有；保存；拘留；约束或控制,v 持有；拥有；保存；拘留；约束或控制；n 控制；保留,/hold/,/həʊld/,Further copies of the book are held in the library.,这本书在图书馆还存有一些。
en:hole:noun:1,hole,noun,洞，孔；洞穴，穴；突破口,n 洞，孔；洞穴，穴；突破口；v 凿洞，穿孔；（高尔夫球等）进洞,/hol/,/həʊl/,I began digging a hole for the plant.,我开始挖洞种那棵植物。
en:holiday:noun:1,holiday,noun,假日；节日；休息日,n 假日；节日；休息日；v 外出度假,/'hɑləde/,/'hɒlɪdeɪ; -dɪ/,The school holidays start tomorrow.,学校假期从明天开始。
en:holy:adjective:1,holy,adjective,圣洁的，神圣的；至善的,adj 圣洁的，神圣的；至善的；n 神圣的东西,/'holi/,/'həʊlɪ/,the holy city of Varanasi,圣城瓦拉纳西
en:home:noun:1,home,noun,家，住宅；产地；家乡；避难所,n 家，住宅；产地；家乡；避难所；adv 在家，回家；深入地；adj 国内的，家庭的；有效的；v 归巢，回家,/hom/,/həʊm/,They have a beautiful home in California.,他们在加州有个美丽的家。
en:homeland:noun:1,homeland,noun,祖国；故乡,n 祖国；故乡,/'homlænd/,/'həʊmlænd/,Many are planning to return to their homeland.,很多人正计划回到自己的祖国去。
en:hometown:noun:1,hometown,noun,家乡；故乡,n 家乡；故乡,/'homtaʊn/,/'həʊm'taʊn/,Do you like your hometown?,你喜欢你的家乡吗？
en:homework:noun:1,homework,noun,家庭作业，课外作业,n 家庭作业，课外作业,/'hom'wɝk/,/'həʊmwɜːk/,"For homework, finish the exercise on page 14.",家庭作业是完成第14页的练习。
en:honest:adjective:1,honest,adjective,诚实的，实在的；可靠的；坦率的,adj 诚实的，实在的；可靠的；坦率的,/'ɑnɪst/,/'ɒnɪst/,"He was a hard-working, honest man.",他勤奋老实。
en:honey:noun:1,honey,noun,蜂蜜；宝贝；甜蜜,n 蜂蜜；宝贝；甜蜜；adj 甘美的；蜂蜜似的；v 对…说甜言蜜语；加蜜使甜,/'hʌni/,/'hʌnɪ/,"Hi, honey.",嗨，亲爱的。
en:honour:noun:1,honour,noun,荣誉；尊敬；勋章,n 荣誉；尊敬；勋章；v 尊敬；[金融] 承兑；承兑远期票据,/'ɔnə/,/'ɒnə/,He was showered with honours – among them an Oscar.,他获得了很多荣誉–其中包括奥斯卡奖。
en:hook:noun:1,hook,noun,挂钩，吊钩,n 挂钩，吊钩；v 钩住；引上钩,/hʊk/,/hʊk/,Tom hung his coat on the hook behind the door.,汤姆把外套挂在门后的衣钩上。
en:hooray:verb:1,hooray,verb,呼万岁,vi 呼万岁；vt 呼万岁；n 万岁；int 万岁,/hu're/,/hʊ'reɪ/,"If that worked, hooray! If not, soldier on to the next step.",如果这样行得通，万岁！如果还不行，那就迎着困难进行下一步吧
en:hope:noun:1,hope,noun,希望；期望；信心,n 希望；期望；信心；v 希望；期望,/hop/,/həʊp/,"When I first arrived in New York, I was full of hope for the future.",我初到纽约时，对未来充满希望。
en:hopeful:adjective:1,hopeful,adjective,有希望的；有前途的,adj 有希望的；有前途的；n 有希望成功的人,/'hopfl/,/'həʊpfʊl; -f(ə)l/,The vote is a hopeful sign that attitudes in the church are changing.,投票结果是个好兆头，表明教会的态度正在转变。
en:horrible:adjective:1,horrible,adjective,可怕的；极讨厌的,adj 可怕的；极讨厌的,/ˈhɑːrəbl/,/'hɒrəb(ə)l/,The weather has been really horrible all week.,整个星期天气都很糟。
en:horse:noun:1,horse,noun,马；骑兵；脚架；海洛因,n 马；骑兵；脚架；海洛因；v 使骑马；系马于；捉弄,/hɔrs/,/hɔːs/,a horse and cart,一辆马车
en:hospital:noun:1,hospital,noun,医院,n 医院,/'hɑspɪtl/,/'hɒspɪt(ə)l/,They are building a new hospital.,他们正在建一家新医院。
en:host:noun:1,host,noun,[计] 主机；主人；主持人；许多,n [计] 主机；主人；主持人；许多；v 主持；当主人招待,/host/,/həʊst/,Our host greeted us at the door.,主人在门口迎接我们。
en:hostess:noun:1,hostess,noun,女主人，女老板；女服务员；舞女；女房东,n 女主人，女老板；女服务员；舞女；女房东,/'hostəs/,/'həʊstɪs; -es; həʊ'stes/,The hostess introduced them.,女主人介绍了他们。
en:hot:adjective:1,hot,adjective,热的；辣的；热情的；激动的；紧迫的,adj 热的；辣的；热情的；激动的；紧迫的；adv 热；紧迫地；v 变热；n (Hot)人名；(塞)霍特；(法)奥特,/hɑt/,/hɒt/,a hot curry,一种辛辣的咖喱
en:hotel:noun:1,hotel,noun,旅馆，饭店；客栈,n 旅馆，饭店；客栈；vt 使…在饭店下榻；vi 进行旅馆式办公,/ho'tɛl/,/həʊ'tel; əʊ-/,I’ve booked the flights and the hotel.,我已订好机票和酒店。
en:hour:noun:1,hour,noun,小时；钟头；课时；…点钟,n 小时；钟头；课时；…点钟,/'aʊɚ/,/'aʊə/,The interview will last about two hours.,面试大概要持续两小时。
en:house:noun:1,house,noun,住宅；家庭；机构；议会；某种用途的建筑物,n 住宅；家庭；机构；议会；某种用途的建筑物；v 覆盖；给…房子住；把…储藏在房内,/haʊs/,/haʊs/,The president will address both houses of Congress.,总统将向参众两院发表讲话。
en:housewife:noun:1,housewife,noun,家庭主妇,n 家庭主妇,/'haʊs'waɪf/,/'haʊswaɪf/,"Married at nineteen, she was a traditional housewife and mother of four children.",她19岁就结婚了，是个传统的家庭主妇和4个孩子的母亲。
en:housework:noun:1,housework,noun,家务事,n 家务事,/'haʊs'wɝk/,/'haʊswɜːk/,Men are doing more housework nowadays.,现今男人正在承担越来越多的家务。
en:how:adverb:1,how,adverb,如何；多少；多么,adv 如何；多少；多么；n 方法；方式；conj 如何,/haʊ/,/haʊ/,How do you spell your name?,你的名字怎么拼写？
en:however:adverb:1,however,adverb,无论如何；不管怎样（接副词或形容词）；然而；可是,adv 无论如何；不管怎样（接副词或形容词）；然而；可是；conj 无论以何种方式; 不管怎样,/haʊ'ɛvɚ/,/haʊ'evə/,"This is a cheap and simple process. However, there are dangers.",这是个花钱少而又简单的方法，不过有危险。
en:howl:verb:1,howl,verb,咆哮；怒吼；狂吠,v 咆哮；怒吼；狂吠；n 嗥叫；怒号；嚎哭,/haʊl/,/haʊl/,"Upstairs, one of the twins began to howl (= cry ) .",楼上，双胞胎中的一个开始大哭起来。
en:hug:verb:1,hug,verb,拥抱；紧抱；抱有，坚持,v 拥抱；紧抱；抱有，坚持；n 拥抱；紧抱；固执,/hʌɡ/,/hʌg/,We stood there crying and hugging each other.,我们站在那里哭着互相拥抱。
en:huge:adjective:1,huge,adjective,巨大的；庞大的；无限的,adj 巨大的；庞大的；无限的；n (Huge)人名；(英)休奇,/hjudʒ/,/hjuːdʒ/,a huge dog,一条大狗
en:human:adjective:1,human,adjective,人的；人类的,adj 人的；人类的；n 人；人类,/'hjumən/,/'hjuːmən/,There are many different cell types in the human body .,人体中有许多种不同的细胞类型。
en:humorous:adjective:1,humorous,adjective,诙谐的，幽默的；滑稽的，可笑的,adj 诙谐的，幽默的；滑稽的，可笑的,/'hjumərəs/,/'hjuːm(ə)rəs/,humorous stories,诙谐的故事
en:humour:noun:1,humour,noun,幽默（等于humor）；诙谐,n 幽默（等于humor）；诙谐；v 迁就；使满足,/'hju:mə/,/'hjuːmə/,his humour and charm,他的幽默感和魅力
en:hundred:noun:1,hundred,noun,一百；许多,n 一百；许多；adj 一百的；许多的；num 百；百个,/'hʌndrəd/,/'hʌndrəd/,Plank down your one hundred dollars.,立即支付一百美元。
en:hunger:noun:1,hunger,noun,饿，饥饿；渴望,n 饿，饥饿；渴望；v 渴望；挨饿,/'hʌŋɡɚ/,/'hʌŋgə/,Try to satisfy your hunger by eating some fruit.,吃些水果充充饥吧。
en:hungry:adjective:1,hungry,adjective,饥饿的；渴望的；荒年的；不毛的,adj 饥饿的；渴望的；荒年的；不毛的,/'hʌŋɡri/,/'hʌŋgrɪ/,"I was cold, tired, and hungry.",我又冷，又累，又饿。
en:hunt:verb:1,hunt,verb,打猎；搜索,v 打猎；搜索；n 狩猎；搜寻,/hʌnt/,/hʌnt/,A forensic team was hunting for clues.,法医小组正在搜寻线索。
en:hunter:noun:1,hunter,noun,猎人；猎犬；搜寻者,n 猎人；猎犬；搜寻者,/'hʌntɚ/,/'hʌntə/,The hunters stalked their prey.,猎人们隐伏跟踪猎物。
en:hur:adjective:1,hur,adjective,飓风（hurricane）,abbr 飓风（hurricane）,,,,
en:hurricane:noun:1,hurricane,noun,飓风，暴风,n 飓风，暴风,/hʌrɪˌken/,/'hʌrɪk(ə)n; -keɪn/,The hurricane devastated a large section of the coast.,飓风毁坏了沿海地区的大部分。
en:hurry:noun:1,hurry,noun,匆忙，急忙,n 匆忙，急忙；v 仓促（做某事）；催促；（朝某方向）迅速移动；迅速处理,/'hɝrɪ/,/'hʌrɪ/,"Sorry, I can’t stop, I’m in a hurry.",对不起，我不能停下，我赶时间。
en:husband:verb:1,husband,verb,节约地使用（或管理）,v 节约地使用（或管理）；n 丈夫,/'hʌzbənd/,/'hʌzbənd/,Have you met my husband Roy?,你见过我的丈夫罗伊吗？
en:hydrogen:noun:1,hydrogen,noun,[化学] 氢,n [化学] 氢,/'haɪdrədʒən/,/'haɪdrədʒ(ə)n/,Water contains hydrogen and oxygen.,水含有氢和氧。
en:i:pronoun:1,I,pronoun,我,pron 我；n 碘元素；英语字母I,,/aɪ/,I moved to this city six years ago.,六年前我搬到了这个城市。
en:ice:noun:1,ice,noun,冰；冰淇淋；矜持；（俚）钻石,n 冰；冰淇淋；矜持；（俚）钻石；v 冰镇；结冰；adj 冰的,/aɪs/,/aɪs/,Would you like some ice in your drink?,你饮料中要放点冰块吗？
en:iceland:noun:1,Iceland,noun,冰岛（欧洲岛名，在大西洋北部，近北极圈）,n 冰岛（欧洲岛名，在大西洋北部，近北极圈）,/'aislənd/,/'aislənd/,WHICH country will be the next Iceland?,哪个国家会成为下一个冰岛？
en:idea:noun:1,idea,noun,想法；主意；概念,n 想法；主意；概念,/aɪ'diə/,/aɪ'dɪə/,You should talk to Ken – he's always full of good ideas.,你应该和肯谈谈，他总是满脑子好主意。
en:identification:noun:1,identification,noun,鉴定，识别；认同；身份证明,n 鉴定，识别；认同；身份证明,/aɪˌdentɪfɪ'keʃn/,"/aɪ,dentɪfɪ'keɪʃ(ə)n/",Do you have any identification?,你有什么身份证明文件吗？
en:identity:noun:1,identity,noun,身份；同一性，一致；特性；恒等式,n 身份；同一性，一致；特性；恒等式,/aɪ'dɛntəti/,/aɪ'dentɪtɪ/,The identity of the killer is still unknown.,凶手的身份仍未查明。
en:idiom:noun:1,idiom,noun,成语，习语；土话,n 成语，习语；土话,/'ɪdɪəm/,/'ɪdɪəm/,the new musical idiom,新的音乐风格
en:if:conjunction:1,if,conjunction,（表条件）如果；即使；是否；（表假设）假如,conj （表条件）如果；即使；是否；（表假设）假如；n 条件；设想,/ɪf/,/ɪf/,We’ll stay at home if it rains.,如果下雨，我们就待在家里。
en:ignore:verb:1,ignore,verb,驳回诉讼；忽视；不理睬,v 驳回诉讼；忽视；不理睬,/ɪɡ'nɔr/,/ɪg'nɔː/,You can’t ignore the fact that many criminals never go to prison.,你不能无视很多罪犯从未获刑的事实。
en:ill:adjective:1,ill,adjective,生病的；坏的；邪恶的；不吉利的,adj 生病的；坏的；邪恶的；不吉利的；adv 不利地；恶劣地；几乎不；n 疾病；不幸,/ɪl/,/ɪl/,Bridget can’t come – she’s ill.,布里奇特不能来了，她生病了。
en:illegal:adjective:1,illegal,adjective,[法] 非法的；违法的；违反规则的,adj [法] 非法的；违法的；违反规则的；n 非法移民，非法劳工,/ɪ'ligl/,/ɪ'liːg(ə)l/,illegal drugs,违禁药品
en:illness:noun:1,illness,noun,病；疾病,n 病；疾病,/'ɪlnəs/,/ˈɪlnəs/,She had all the normal childhood illnesses.,儿童的常见病她小时候都得过。
en:imagine:verb:1,imagine,verb,想像；猜想；臆断,v 想像；猜想；臆断,/ɪ'mædʒɪn/,/ɪ'mædʒɪn/,Perhaps she’d never really been there at all – perhaps she’d just imagined it.,可能她从未到过那儿——也许这都是她的幻想。
en:immediate:adjective:1,immediate,adjective,立即的；直接的；最接近的,adj 立即的；直接的；最接近的,/ɪ'midɪət/,/ɪ'miːdɪət/,Our immediate response to the attack was sheer horror.,我们对攻击的第一反应就是非常惊恐。
en:immediately:adverb:1,immediately,adverb,立即，立刻；直接地,adv 立即，立刻；直接地；conj 一…就,/ɪ'midɪətli/,/ɪ'miːdɪətlɪ/,Mix in the remaining ingredients and serve immediately.,拌入余下的食材，立即上桌。
en:immigration:noun:1,immigration,noun,外来移民；移居,n 外来移民；移居,"/,ɪmɪ'ɡreʃən/",/ɪmɪ'ɡreɪʃn/,He called for a common European policy on immigration.,他要求欧洲国家实施共同的移民政策。
en:import:noun:1,import,noun,进口，进口货；输入；意思，含义；重要性,n 进口，进口货；输入；意思，含义；重要性；v 输入，进口；含…的意思,/'ɪmpɔt/,/ɪm'pɔːt; 'ɪm-/,import and export,进出口；导入和导出；输入和输出
en:importance:noun:1,importance,noun,价值；重要；重大；傲慢,n 价值；重要；重大；傲慢,/ɪm'pɔrtns/,/ɪm'pɔːt(ə)ns/,He was full of his own importance (= he behaved in an annoying way which showed that he thought he was very important ).,他自以为很了不起。
en:important:adjective:1,important,adjective,重要的，重大的；有地位的；有权力的,adj 重要的，重大的；有地位的；有权力的,/ɪm'pɔrtnt/,/ɪm'pɔːt(ə)nt/,a very important meeting,很重要的会议
en:impossible:adjective:1,impossible,adjective,不可能的；不可能存在的；难以忍受的；不真实的,adj 不可能的；不可能存在的；难以忍受的；不真实的；n 不可能；不可能的事,/ɪm'pɑsəbl/,/ɪm'pɒsɪb(ə)l/,‘I want to speak to Mr Franks.’ ‘I’m afraid that’s impossible.’,“我想和弗兰克斯先生谈谈。”“恐怕不行。”
en:impress:verb:1,impress,verb,盖印；强征；传送；给予某人深刻印象,v 盖印；强征；传送；给予某人深刻印象；n 印象，印记；特征，痕迹,/ɪm'prɛs/,/ɪm'pres/,Steve borrowed his dad’s sports car to impress his girlfriend.,史蒂夫借来他爸爸的跑车向女友炫耀。
en:impression:noun:1,impression,noun,印象；效果，影响；压痕，印记；感想；曝光（衡量广告被显示的次数。打开一个带有该广告的网页，则该广告的impression 次数增加一次）,n 印象；效果，影响；压痕，印记；感想；曝光（衡量广告被显示的次数。打开一个带有该广告的网页，则该广告的impression 次数增加一次）,/ɪm'prɛʃən/,/ɪm'preʃ(ə)n/,When we looked around the school we got a very good impression.,我们参观了学校，对它的印象很好。
en:improve:verb:1,improve,verb,改善，增进；提高…的价值,v 改善，增进；提高…的价值,/ɪm'pruv/,/ɪm'pruːv/,a course for students wishing to improve their English,为想提高英语水平的学生开设的一门课
en:in:preposition:1,in,preposition,按照（表示方式）；从事于；在…之内,prep 按照（表示方式）；从事于；在…之内；adv 进入；当选；（服装等）时髦；在屋里；adj 在里面的；时髦的；n 执政者；门路；知情者,/ɪn/,/ɪn/,There’s some sugar in the cupboard.,碗橱里有一些糖。
en:inch:noun:1,inch,noun,英寸；身高；少许,n 英寸；身高；少许；v 使缓慢地移动,/ɪntʃ/,/ɪn(t)ʃ/,The curtains were an inch too short.,窗帘短了一英寸。
en:incident:noun:1,incident,noun,事件，事变；插曲,n 事件，事变；插曲；adj [光] 入射的；附带的；易发生的，伴随而来的,/'ɪnsɪdənt/,/'ɪnsɪd(ə)nt/,Am I at risk because of some incident in my sexual past?,我过去性生活中的某件事会使我处于危险境地吗？
en:include:verb:1,include,verb,包含，包括,v 包含，包括,/ɪn'klud/,/ɪn'kluːd/,Does the price include postage?,这个价格包含邮费吗？
en:income:noun:1,income,noun,收入，收益；所得,n 收入，收益；所得,/'ɪnkʌm/,/'ɪnkʌm/,low-income families,低收入家庭
en:incorrect:adjective:1,incorrect,adjective,错误的，不正确的；不适当的；不真实的,adj 错误的，不正确的；不适当的；不真实的,"/,ɪnkə'rɛkt/",/ɪnkə'rekt/,The information you gave us was incorrect.,你给我们的信息不准确。
en:increase:noun:1,increase,noun,增加，增长；提高,n 增加，增长；提高；v 增加，增大；繁殖,/'ɪnkris/,/ɪn'kriːs/,Recent tax increases have affected the poor more than the rich.,新近的增税对穷人的影响比对富人的大。
en:indeed:adverb:1,indeed,adverb,的确；实在；真正地；甚至,adv 的确；实在；真正地；甚至；int 真的（表示惊讶、怀疑、讽刺等）,/ɪn'did/,/ɪn'diːd/,The blood tests prove that Vince is indeed the father.,验血证明文斯确实是父亲。
en:independence:noun:1,independence,noun,独立性，自立性；自主,n 独立性，自立性；自主,"/,ɪndɪ'pɛndəns/",/ɪndɪ'pend(ə)ns/,The country has made great advances since independence.,该国自独立以来发展迅速。
en:independent:adjective:1,independent,adjective,独立的；单独的；无党派的；不受约束的,adj 独立的；单独的；无党派的；不受约束的；n 独立自主者；无党派者,/'ɪndɪ'pɛndənt/,"/,ɪndɪ'pendənt/",There are plans to split the corporation into a number of smaller independent companies.,有计划要把这家大企业分割成一些独立的小公司。
en:india:noun:1,India,noun,印度（南亚国家）,n 印度（南亚国家）,/'ɪndɪə/,/'ɪndɪə/,Burma borders on India.,缅甸与印度毗邻。
en:indian:adjective:1,Indian,adjective,印度的；印第安人的；印第安语的,adj 印度的；印第安人的；印第安语的；n 印度人；印第安人；印第安语,/'ɪndɪən/,/'ɪndɪən/,...the Indian government.,...印度政府。
en:indicate:verb:1,Indicate,verb,表明；指出；预示；象征,v 表明；指出；预示；象征,/'ɪndɪket/,/'ɪndɪkeɪt/,A survey of retired people has indicated that most are independent and enjoying life.,一项对退休人员的调查表明，他们中的大部分人生活自立而愉快。
en:industry:noun:1,industry,noun,产业；工业；勤勉,n 产业；工业；勤勉,/'ɪndəstri/,/'ɪndəstrɪ/,I work in the oil industry.,我在石油行业工作。
en:influence:noun:1,influence,noun,影响；势力；感化；有影响的人或事,n 影响；势力；感化；有影响的人或事；v 影响；改变,/'ɪnfluəns/,/'ɪnflʊəns/,"As a scientist, his influence was immense.",身为一名科学家，他的影响力极大。
en:inform:verb:1,inform,verb,通知；告诉；报告,v 通知；告诉；报告,/ɪn'fɔrm/,/ɪn'fɔːm/,They decided to inform the police.,他们决定通知警察。
en:information:noun:1,information,noun,信息，资料；知识；情报；通知,n 信息，资料；知识；情报；通知,/'ɪnfɚ'meʃən/,/ɪnfə'meɪʃ(ə)n/,I need more information.,我需要更多信息。
en:initial:adjective:1,initial,adjective,最初的；字首的,adj 最初的；字首的；v 用姓名的首字母签名；n 词首大写字母,/ɪ'nɪʃəl/,/ɪ'nɪʃəl/,"an initial investment of £5,000","5,000英镑的初始投资"
en:injure:verb:1,injure,verb,伤害，损害,v 伤害，损害,/'ɪndʒɚ/,/'ɪndʒə/,"A number of bombs have exploded, seriously injuring at least five people.",一些炸弹爆炸了，至少5人严重受伤。
en:ink:verb:1,ink,verb,签署；涂墨水于,v 签署；涂墨水于；n 墨水，墨汁；油墨,/ɪŋk/,/ɪŋk/,The two companies have inked a deal.,这两家公司签署了一项协议。
en:inland:noun:1,inland,noun,内地；内陆,n 内地；内陆；adj 内陆的；内地的；国内的；adv 在内地；向内地；向内陆；在内陆,"/,ɪn'lænd/",/'ɪnlənd; -lænd/,"The next day, we drove inland.",第二天，我们乘车开往内陆。
en:inn:noun:1,inn,noun,客栈；旅馆,n 客栈；旅馆；vi 住旅馆,/ɪn/,/ɪn/,We’re staying at the Holiday Inn.,我们住在假日酒店。
en:innocent:adjective:1,innocent,adjective,无辜的；无罪的；无知的,adj 无辜的；无罪的；无知的；n 天真的人；笨蛋,/'ɪnəsnt/,/'ɪnəs(ə)nt/,Nobody would believe that I was innocent.,没人肯相信我是清白的。
en:insect:noun:1,insect,noun,昆虫；卑鄙的人,n 昆虫；卑鄙的人,/'ɪnsɛkt/,/'ɪnsekt/,an insect bite,昆虫的叮咬
en:insert:verb:1,insert,verb,插入；嵌入,v 插入；嵌入；n 插入物；管芯；镶块；[机械]刀片,/'ɪnsɝt/,/ɪn'sɜːt/,He took a small key from his pocket and slowly inserted it into the lock.,他从衣袋里掏出一把小钥匙，然后缓缓地将其插入锁孔里。
en:inside:noun:1,inside,noun,里面；内部；内情；内脏,n 里面；内部；内情；内脏；adj 里面的；内部的；秘密的；adv 在里面；prep 少于；在…之内,/'ɪn'saɪd/,/ɪn'saɪd/,The door had been locked from the inside.,门从里面锁上了。
en:insist:verb:1,insist,verb,坚持，强调,v 坚持，强调,/ɪn'sɪst/,/ɪn'sɪst/,Stay for supper – I insist!,留下来吃晚餐——一定的！
en:inspect:verb:1,inspect,verb,检查；视察；检阅,v 检查；视察；检阅,/ɪn'spɛkt/,/ɪn'spekt/,I got out of the car to inspect the damage.,我下车查看损坏情况。
en:inspire:verb:1,inspire,verb,激发；鼓舞；启示；产生；使生灵感,v 激发；鼓舞；启示；产生；使生灵感,/ɪn'spaɪɚ/,/ɪn'spaɪə/,We need someone who can inspire the team.,我们需要一个能鼓舞团队士气的人。
en:instant:adjective:1,instant,adjective,立即的；紧急的；紧迫的,adj 立即的；紧急的；紧迫的；n 瞬间；立即；片刻,/'ɪnstənt/,/'ɪnst(ə)nt/,an instant success,马到成功
en:instead:adverb:1,instead,adverb,代替；反而；相反,adv 代替；反而；相反,/ɪn'stɛd/,/ɪn'sted/,You probably picked up my keys instead of yours.,你可能没拿你的钥匙而错拿了我的。
en:institute:verb:1,institute,verb,开始（调查）；制定；创立；提起（诉讼）,v 开始（调查）；制定；创立；提起（诉讼）；n 学会，协会；学院,/'ɪnstɪtut/,/'ɪnstɪtjuːt/,We had no choice but to institute court proceedings against the airline.,我们别无选择，只能对航空公司提起诉讼。
en:institution:noun:1,institution,noun,制度；建立；（社会或宗教等）公共机构；习俗,n 制度；建立；（社会或宗教等）公共机构；习俗,"/,ɪnstɪ'tuʃən/",/ɪnstɪ'tjuːʃ(ə)n/,powerful institutions such as world banks,诸如世界银行之类的强大机构
en:instruct:verb:1,instruct,verb,指导；通知；命令；教授,v 指导；通知；命令；教授,/ɪn'strʌkt/,/ɪn'strʌkt/,"Eva went straight to the hotel, as instructed (= as she had been told ).",伊娃按照指示径直去了宾馆。
en:instruction:noun:1,instruction,noun,指令，命令；指示；教导；用法说明,n 指令，命令；指示；教导；用法说明,/ɪn'strʌkʃən/,/ɪn'strʌkʃ(ə)n/,Press ‘Enter’ and follow the on-screen instructions.,按回车键，然后按照电脑屏幕上的指示来操作。
en:instrument:noun:1,instrument,noun,仪器；工具；乐器；手段；器械,n 仪器；工具；乐器；手段；器械,/'ɪnstrəmənt/,/'ɪnstrʊm(ə)nt/,surgical instruments,外科(手术)器械
en:insurance:noun:1,insurance,noun,保险；保险费；保险契约；赔偿金,n 保险；保险费；保险契约；赔偿金,/ɪn'ʃʊrəns/,/ɪn'ʃʊər(ə)ns/,Your father took out insurance to cover the mortgage.,你父亲购买了抵押借款保险。
en:insure:verb:1,insure,verb,确保，保证；给…保险,v 确保，保证；给…保险,/ɪn'ʃʊr/,/ɪn'ʃɔː; ɪn'ʃʊə/,Have you insured the contents of your home?,你给家庭财产投保了吗？
en:intelligence:noun:1,intelligence,noun,智力；情报工作；情报机关；理解力；才智，智慧；天分,n 智力；情报工作；情报机关；理解力；才智，智慧；天分,/ɪn'tɛlɪdʒəns/,/ɪn'telɪdʒ(ə)ns/,"To be good at the game, you need a reasonable level of intelligence.",要想把这种游戏玩好，需要一定的智力水平。
en:intention:noun:1,intention,noun,意图；目的；意向；愈合,n 意图；目的；意向；愈合,/ɪn'tɛnʃən/,/ɪn'tenʃ(ə)n/,They went into town with the intention of visiting the library.,他们进了城，打算参观图书馆。
en:interest:noun:1,interest,noun,兴趣，爱好；利息；趣味；同行,n 兴趣，爱好；利息；趣味；同行；v 使……感兴趣；引起……的关心；使……参与,/'ɪntrəst/,/'ɪnt(ə)rɪst/,"I watched the first few episodes, but soon lost interest.",我看了前几集，但很快就失去了兴趣。
en:interesting:adjective:1,interesting,adjective,有趣的；引起兴趣的，令人关注的,adj 有趣的；引起兴趣的，令人关注的,/'ɪntrəstɪŋ/,/'ɪnt(ə)rɪstɪŋ/,That’s an interesting question.,那是一个有趣的问题。
en:international:noun:1,international,noun,国际组织；国际体育比赛；外国居留者；国际股票,n 国际组织；国际体育比赛；外国居留者；国际股票；adj 国际的；两国（或以上）国家的；超越国界的；国际关系的；世界的,"/,ɪntɚ'næʃnəl/",/ɪntə'næʃ(ə)n(ə)l/,the response of the international community,国际社会的反响
en:internet:noun:1,internet,noun,因特网,n 因特网,/'ɪntɚnɛt/,/'ɪntənet/,on the internet,在网上
en:interpreter:noun:1,interpreter,noun,解释者；口译者；注释器,n 解释者；口译者；注释器,/ɪn'tɝprɪtɚ/,/ɪn'tɜːprɪtə/,"Speaking through an interpreter (= using an interpreter ), Ahmed said, ‘I’m very worried about my wife and children.’",艾哈迈德通过口译者说:“我很担心我的妻子和孩子们。”
en:interrupt:verb:1,interrupt,verb,中断；打断；插嘴；妨碍,v 中断；打断；插嘴；妨碍；n 中断,/'ɪntə'rʌpt/,/ɪntə'rʌpt/,Will you stop interrupting me!,别打断我的话！
en:interval:noun:1,interval,noun,间隔；间距；幕间休息,n 间隔；间距；幕间休息,/'ɪntɚvl/,/'ɪntəv(ə)l/,"He left the room, returning after a short interval with a message.",他离开房间，过了一会儿就带回来一条消息。
en:interview:noun:1,interview,noun,接见，采访；面试，面谈,n 接见，采访；面试，面谈；v 采访；接见；对…进行面谈；对某人进行面试,/'ɪntɚvju/,/'ɪntəvjuː/,a portfolio of work presented at interview,在面试时呈递的工作成果样本
en:into:preposition:1,into,preposition,到…里；深入…之中；成为…状况；进入到…之内,prep 到…里；深入…之中；成为…状况；进入到…之内；n (Into)人名；(芬、英)因托,/ˈɪntu/,/'ɪntʊ; 'ɪntə/,Come into the office.,到办公室里来。
en:introduce:verb:1,introduce,verb,介绍；引进；提出；采用,v 介绍；引进；提出；采用,/ˌɪntrə'dus/,/ɪntrə'djuːs/,"Have you two been introduced? Tom, this is Greg.",有人给你们俩互相介绍了吗？汤姆，这位是格雷格。
en:introduction:noun:1,introduction,noun,介绍；引进；采用；入门；传入,n 介绍；引进；采用；入门；传入,"/,ɪntrə'dʌkʃən/","/,ɪntrə'dʌkʃ(ə)n/","The book is a friendly, down-to-earth introduction to physics.",这是一本简明、实用的物理学入门书。
en:invent:verb:1,invent,verb,发明；创造；虚构,v 发明；创造；虚构,/ɪn'vɛnt/,/ɪn'vent/,Alexander Graham Bell invented the telephone in 1876.,亚历山大 · 格雷厄姆 · 贝尔于1876年发明了电话。
en:invention:noun:1,invention,noun,发明；发明物；虚构；发明才能,n 发明；发明物；虚构；发明才能,/ɪn'vɛnʃən/,/ɪn'venʃ(ə)n/,The dishwasher is a wonderful invention.,洗碗机是一项奇妙的发明。
en:inventor:noun:1,inventor,noun,发明家；[专利] 发明人；创造者,n 发明家；[专利] 发明人；创造者,/ɪn'vɛntɚ/,/ɪn'ventə/,"...Alexander Graham Bell, the inventor of the telephone.",…亚历山大·格雷厄姆·贝尔，电话的发明者。
en:invitation:noun:1,invitation,noun,邀请；引诱；请帖；邀请函,n 邀请；引诱；请帖；邀请函,/ˌɪnvɪˈteɪʃn/,/ɪnvɪ'teɪʃ(ə)n/,"They were always dropping by, usually without invitation.",他们常常来串门，通常不请自来。
en:invite:verb:1,invite,verb,邀请，招待；招致,v 邀请，招待；招致；n 邀请,/ɪn'vaɪt/,/ɪn'vaɪt/,I’m afraid I wasn’t invited.,恐怕我没有受到邀请。
en:ireland:noun:1,Ireland,noun,爱尔兰,n 爱尔兰,/'aɪrlənd/,/'aɪələnd/,We surmised you had gone to Ireland.,我们还以为你去爱尔兰了呢，原来你并没去呀。
en:irish:adjective:1,Irish,adjective,爱尔兰的；爱尔兰人的,adj 爱尔兰的；爱尔兰人的；n 爱尔兰人；爱尔兰语；爱尔兰,/ˈaɪrɪʃ/,/'aiəriʃ/,"I am starting to sense that maybe I and people like me are to blame because it is we, the Irish people, who are paying with our jobs, livelihoods, health care and education.",我开始感觉到或许就是我以及像我这样的人，该受责备，因为就是我们，让爱尔兰人民，正在为我们的工作、生活、医疗卫生和教育买单。
en:iron:noun:1,iron,noun,熨斗；烙铁；坚强,n 熨斗；烙铁；坚强；v 熨；用铁铸成；adj 铁的；残酷的；刚强的,/'aɪɚn/,/'aɪən/,the iron and steel industry,钢铁工业
en:irrigate:verb:1,irrigate,verb,灌溉；冲洗；使清新,v 灌溉；冲洗；使清新,/'ɪrəget/,/'ɪrɪgeɪt/,The water in Lake Powell is used to irrigate the area.,包尔湖的水被用来灌溉该地区。
en:irrigation:noun:1,irrigation,noun,灌溉；[临床] 冲洗；冲洗法,n 灌溉；[临床] 冲洗；冲洗法,/ˌɪrɪˈɡeʃn/,,irrigation works,灌溉结构物
en:island:noun:1,island,noun,岛；岛屿；安全岛；岛状物,n 岛；岛屿；安全岛；岛状物；adj 岛的；vt 孤立；使成岛状,/'aɪlənd/,/'aɪlənd/,The Cayman Islands,开曼群岛
en:it:pronoun:1,it,pronoun,[指无生命的东西、动物、植物]它；这；那,pron [指无生命的东西、动物、植物]它；这；那；abbr 信息技术information technology,/aɪ ti/,/aɪ ti/,‘Where’s your office?’ ‘It’s on the third floor.’,“你的办公室在哪儿？”“在三楼。”
en:italian:adjective:1,Italian,adjective,意大利的；意大利文化的；意大利语的,adj 意大利的；意大利文化的；意大利语的；n 意大利人；意大利语,/ɪˈtæljən/,/ɪˈtælɪən/,italian food,意大利食品；意大利菜
en:italy:noun:1,Italy,noun,意大利（欧洲南部国家）,n 意大利（欧洲南部国家）,/'ɪtəlɪ/,/'ɪtəlɪ/,They decided to swan around Italy this summer.,他们决定今年夏天去意大利游逛。
en:its:pronoun:1,its,pronoun,它的,pron 它的；n (Its)人名；(俄)伊茨,/ɪts/,/ɪts/,He emphasized its importance to me.,他向我强调它的重要性。
en:itself:pronoun:1,itself,pronoun,它自己；它本身,pron 它自己；它本身,/ɪt'sɛlf/,/ɪt'self/,"The cat lay on the sofa, washing itself.",猫躺在沙发上把自己舔干。
en:jacket:noun:1,jacket,noun,羽绒滑雪衫；西装短外套；短上衣，夹克；土豆皮；书籍的护封；文件套，公文夹,n 羽绒滑雪衫；西装短外套；短上衣，夹克；土豆皮；书籍的护封；文件套，公文夹；v 给…穿夹克；给…装护套；给…包上护封；〈口〉打,/'dʒækɪt/,/'dʒækɪt/,Gene has to wear a jacket and tie to work.,吉恩上班得穿西装打领带。
en:jam:noun:1,jam,noun,果酱；拥挤；困境；扣篮,n 果酱；拥挤；困境；扣篮；v 使堵塞；挤进，使塞满；混杂；压碎,/dʒæm/,/dʒæm/,strawberry jam,草莓酱
en:january:noun:1,January,noun,一月,n 一月,/'dʒænjʊ'ɛri/,/'dʒænjʊ(ə)rɪ/,We always have snow in January.,我们这里1月份总会下雪。
en:japan:noun:1,Japan,noun,日本（东亚国家名）,n 日本（东亚国家名）,/dʒə'pæn/,/dʒə'pæn/,made in japan,日本制造
en:japanese:adjective:1,Japanese,adjective,日本（人）的；日语的,adj 日本（人）的；日语的；n 日本人；日语,"/,dʒæpə'niz/",/ˌdʒæpə'ni:z/,a Japanese car,日本(汽)车
en:jar:noun:1,jar,noun,罐；广口瓶；震动；刺耳声,n 罐；广口瓶；震动；刺耳声；v 冲突；不一致；震惊；发刺耳声,/dʒɑr/,/dʒɑː/,a jam jar,果酱罐
en:jaw:noun:1,jaw,noun,颌；下巴；狭窄入口；唠叨,n 颌；下巴；狭窄入口；唠叨；v 教训；唠叨,/dʒɔ/,/dʒɔː/,a broken jaw,碎裂的颌骨
en:jazz:noun:1,jazz,noun,爵士乐，爵士舞；喧闹,n 爵士乐，爵士舞；喧闹；v 奏爵士乐，跳爵士舞；游荡；adj 爵士乐的；喧吵的,/dʒæz/,/dʒæz/,a jazz band,爵士乐队
en:jeans:noun:1,jeans,noun,牛仔裤；工装裤,n 牛仔裤；工装裤,,,...a young man in jeans and a worn T-shirt.,…一个穿着牛仔裤和破旧T恤衫的年轻人。
en:jeep:noun:1,jeep,noun,吉普车,n 吉普车,/dʒip/,/dʒiːp/,...a U.S. Army Jeep.,…一辆美军吉普车。
en:jet:noun:1,jet,noun,喷射，喷嘴；喷气式飞机；黑玉,n 喷射，喷嘴；喷气式飞机；黑玉；adj 墨黑的；v 射出,/dʒɛt/,/jɛt/,He owns a private jet.,他拥有一架私人喷气式飞机。
en:jewel:noun:1,jewel,noun,宝石；珠宝,n 宝石；珠宝；v 镶以宝石；饰以珠宝,/'dʒuəl/,/'dʒuːəl/,She loved dressing up and wearing priceless jewels.,她喜欢穿上盛装，戴上极为昂贵的珠宝首饰。
en:jewelry:noun:1,jewelry,noun,珠宝；珠宝类,n 珠宝；珠宝类,/'dʒʊəlri/,/'dʒuːəlrɪ/,costume jewelry,（用作服饰的）人造珠宝
en:job:noun:1,job,noun,工作；职业,n 工作；职业；v 承包；代客买卖,,/dʒɒb/,Do you enjoy your job?,你喜欢自己的工作吗？
en:jog:verb:1,jog,verb,慢跑；轻推；蹒跚行进；使颠簸,v 慢跑；轻推；蹒跚行进；使颠簸；n 慢跑；轻推，轻撞,/dʒɑɡ/,/dʒɒg/,I go jogging every morning.,我每天早晨都去慢跑。
en:join:verb:1,join,verb,参加；结合；连接,v 参加；结合；连接；n 结合；连接；接合点,/dʒɔɪn/,/dʒɒɪn/,Many sacrificed their weekend to join the hunt for the missing girl.,许多人牺牲周末时间，加入了寻找失踪女孩的行动。
en:joke:noun:1,joke,noun,玩笑，笑话；笑柄,n 玩笑，笑话；笑柄；v 开…的玩笑,/dʒok/,/dʒəʊk/,"I couldn’t go out with someone for a joke, could you?",我可不能拿谈恋爱当儿戏，对不对？
en:journalist:noun:1,journalist,noun,新闻工作者；报人；记日志者,n 新闻工作者；报人；记日志者,/'dʒɝnəlɪst/,/'dʒɜːn(ə)lɪst/,a well-known journalist and broadcaster,一位著名的新闻记者兼播音员
en:journey:noun:1,journey,noun,旅行；行程,n 旅行；行程；v 旅行,/'dʒɝni/,/'dʒɜːnɪ/,the friends they made on the journey,他们在旅途中交下的朋友
en:joy:noun:1,joy,noun,欢乐，快乐；乐趣；高兴,n 欢乐，快乐；乐趣；高兴；v 欣喜，欢喜,/dʒɔɪ/,/dʒɒɪ/,The garden was his pride and joy.,这座花园是他的骄傲和乐趣所在。
en:judge:verb:1,judge,verb,判断；审判,v 判断；审判；n 法官；裁判员,/dʒʌdʒ/,/dʒʌdʒ/,You should never judge a person by their looks.,决不要以貌取人。
en:judgement:noun:1,judgement,noun,意见；判断力；[法] 审判；评价,n 意见；判断力；[法] 审判；评价,/'dʒʌdʒmənt/,/'dʒʌdʒm(ə)nt/,value judgement,价值判断
en:juice:noun:1,juice,noun,（水果）汁，液；果汁,n （水果）汁，液；果汁,/dʒus/,/dʒuːs/,a carton of orange juice,一纸盒橙汁
en:juicy:adjective:1,juicy,adjective,多汁的；利润多的；生动的,adj 多汁的；利润多的；生动的,/'dʒusi/,/'dʒuːsɪ/,a juicy lemon,多汁的柠檬
en:jump:noun:1,jump,noun,跳跃；暴涨；惊跳,n 跳跃；暴涨；惊跳；v 跳跃；使跳跃；跳过；突升,/dʒʌmp/,/dʒʌmp/,the best jump of the competition,这次比赛中的最佳一跳
en:june:noun:1,June,noun,六月；琼（人名，来源于拉丁语，含义是“年轻气盛的六月”）,n 六月；琼（人名，来源于拉丁语，含义是“年轻气盛的六月”）,/dʒun/,/dʒu:n/,He spent two and a half weeks with us in June 1986.,1986年6月，他和我们呆了两个半星期。
en:jungle:noun:1,jungle,noun,丛林，密林；危险地带,n 丛林，密林；危险地带；adj 丛林的；蛮荒的,/'dʒʌŋɡl/,/'dʒʌŋg(ə)l/,the Amazon jungle,亚马孙丛林
en:junior:adjective:1,junior,adjective,年少的；后进的；下级的,adj 年少的；后进的；下级的；n 年少者，晚辈；地位较低者；大学三年级学生,/'dʒunɪɚ/,/'dʒuːnɪə/,the junior football club,青少年足球俱乐部
en:junk:noun:1,junk,noun,垃圾，废物；舢板,n 垃圾，废物；舢板,/dʒʌŋk/,/dʒʌŋk/,This cupboard’s full of junk.,这个壁橱里塞满了杂物。
en:just:adverb:1,just,adverb,只是，仅仅；刚才，刚刚；正好，恰好；实在；刚要,adv 只是，仅仅；刚才，刚刚；正好，恰好；实在；刚要；adj 公正的，合理的；正直的，正义的；正确的；公平的；应得的；n (Just)人名；(英)贾斯特；(法)朱斯特；(德、匈、波、捷、挪)尤斯特；(西)胡斯特,/dʒʌst/,/dʒʌst/,A good strong cup of coffee is just what I need right now.,我现在正需要喝一杯浓浓的咖啡。
en:justice:noun:1,justice,noun,司法，法律制裁；正义；法官，审判员,n 司法，法律制裁；正义；法官，审判员,/'dʒʌstɪs/,/'dʒʌstɪs/,a book on the criminal justice system,一本有关刑事审判制度的书
en:kangaroo:noun:1,kangaroo,noun,袋鼠,n 袋鼠,"/,kæŋɡə'ru/","/,kæŋgə'ruː/",The kangaroo has a problem.,这只袋鼠有一个难题。
en:keep:verb:1,keep,verb,保持；经营；遵守；饲养,v 保持；经营；遵守；饲养；n 保持；生计；生活费,/kip/,/kiːp/,patients who fail to keep their appointments,未能如约来就诊的病人
en:keeper:noun:1,keeper,noun,监护人；饲养员；看守人；管理人,n 监护人；饲养员；看守人；管理人,/'kipɚ/,/'kiːpə/,a beekeeper,养蜂人
en:kettle:noun:1,kettle,noun,壶；[化工] 釜；罐；鼓,n 壶；[化工] 釜；罐；鼓,/'kɛtl/,/'ket(ə)l/,She filled the kettle and switched it on.,她把水壶灌满，打开了开关。
en:key:noun:1,key,noun,（打字机等的）键；关键；钥匙,n （打字机等的）键；关键；钥匙；v 键入；锁上；调节…的音调；提供线索；adj 关键的,,/kiː/,A bunch of keys hung from his belt.,他的皮带上挂着一串钥匙。
en:keyboard:noun:1,keyboard,noun,键盘,n 键盘；v 键入；用键盘式排字机排字,/'ki'bɔrd/,/'kiːbɔːd/,a computer keyboard,计算机键盘
en:kick:verb:1,kick,verb,踢；反冲，朝后座,v 踢；反冲，朝后座；n 踢；反冲，后座力,/kɪk/,/kɪk/,He kicked the door hard.,他用力踢门。
en:kid:noun:1,kid,noun,小孩；小山羊,n 小孩；小山羊；v 欺骗；取笑；戏弄；adj 小山羊皮制的；较年幼的,/kɪd/,/kɪd/,She’d always loved animals since she was a little kid.,她从小就喜爱动物。
en:kill:verb:1,kill,verb,杀死；扼杀；使终止；抵消,v 杀死；扼杀；使终止；抵消；n 杀戮；屠杀；adj 致命的；致死的,/kɪl/,/kɪl/,Why did she kill her husband?,她为什么杀死丈夫？
en:kilo:noun:1,kilo,noun,千克,n 千克,/'kilo/,/'kiːləʊ/,This kind of chocolate is retailed at one pound a kilo.,这种巧克力糖零售每公斤一英镑。
en:kilogram:noun:1,kilogram,noun,公斤；千克,n 公斤；千克,/'kɪləɡræm/,/ˈkɪləɡræm/,"By comparison, one kilogram of tomatoes requires 160 litres of water.",相比之下，生产一公斤的番茄需要160升水。
en:kilometre:noun:1,kilometre,noun,[计量] 公里；[计量] 千米,n [计量] 公里；[计量] 千米,/kɪ'lɔmɪtɚ/,"/'kɪlə,miːtə; kɪ'lɒmɪtə/",...only one kilometre from the border.,…距离边境只有1公里。
en:kind:noun:1,kind,noun,种类；性质,n 种类；性质；adj 和蔼的；宽容的；令人感激的,/kaɪnd/,/kaɪnd/,Get me a sandwich – any kind will do.,给我一份三明治，随便哪种都可以。
en:kindergarten:noun:1,kindergarten,noun,幼儿园；幼稚园,n 幼儿园；幼稚园,/'kɪndɚɡɑrtn/,"/'kɪndə,gɑːt(ə)n/",To my kindergarten.,去我的幼儿园。
en:kindness:noun:1,kindness,noun,仁慈；好意；友好的行为,n 仁慈；好意；友好的行为,/'kaɪndnəs/,/'kaɪn(d)nɪs/,I can’t thank you enough for your kindness.,你的好意我感激不尽。
en:king:noun:1,king,noun,国王；最有势力者；王棋,n 国王；最有势力者；王棋；vi 统治；做国王；vt 立…为王；adj 主要的，最重要的，最大的,/kɪŋ/,/kɪŋ/,On 2 December Henry VI was crowned king (= made the king at an official ceremony ).,12月2日，亨利六世加冕为王。
en:kingdom:noun:1,kingdom,noun,王国；界；领域,n 王国；界；领域,/'kɪŋdəm/,/'kɪŋdəm/,the United Kingdom,联合王国
en:kiss:verb:1,kiss,verb,吻；（风等）轻拂,v 吻；（风等）轻拂；n 吻；轻拂,/kɪs/,/kɪs/,Maggie leaned forward and kissed her cheek.,玛吉俯身吻了她的脸颊。
en:kitchen:noun:1,kitchen,noun,厨房；炊具；炊事人员,n 厨房；炊具；炊事人员,/'kɪtʃɪn/,/'kɪtʃɪn; -tʃ(ə)n/,Sam went into the kitchen to make a pot of tea.,萨姆走进厨房去沏一壶茶。
en:kite:noun:1,kite,noun,风筝,n 风筝；v 使用空头支票；像风筝一样飞；轻快地移动,/kaɪt/,/kaɪt/,She has a blue and green kite.,她有一只蓝色和绿色的风筝。
en:knee:noun:1,knee,noun,膝盖，膝,n 膝盖，膝；v 用膝盖碰,/ni/,/niː/,Lucy had a bandage round her knee.,露西的膝盖上缠着绷带。
en:knife:noun:1,knife,noun,刀；匕首,n 刀；匕首；v 用刀切；（口）伤害,/naɪf/,/naɪf/,a knife and fork,一副刀叉
en:knock:verb:1,knock,verb,敲；打；敲击,v 敲；打；敲击；n 敲；敲打；爆震声,/nɑk/,/nɒk/,I knocked and knocked but nobody answered.,我把门敲了又敲，但无人回应。
en:know:verb:1,know,verb,知道；认识；懂得,v 知道；认识；懂得,/no/,/nəʊ/,Who knows the answer?,谁知道答案？
en:knowledge:noun:1,knowledge,noun,知识，学问；知道，认识；学科,n 知识，学问；知道，认识；学科,/'nɑlɪdʒ/,/'nɒlɪdʒ/,He did not have much knowledge of American history.,他对美国历史所知不多。
en:lab:noun:1,lab,noun,实验室，研究室,n 实验室，研究室,/læb/,/læb/,the school science lab,学校的科学实验室
en:labour:noun:1,labour,noun,劳动力，人工；分娩,n 劳动力，人工；分娩；v 劳动；分娩；费力地前进,/'leibə/,/'leɪbə/,The garage charges £30 an hour for labour.,汽车修理厂收取每小时30英镑的人工费。
en:labourer:noun:1,labourer,noun,劳动者；劳工,n 劳动者；劳工,/'lebərɚ/,/'leɪb(ə)rə/,a farm labourer,农场工人
en:lack:verb:1,lack,verb,缺乏；不足；没有；需要,v 缺乏；不足；没有；需要；n 缺乏；不足,/læk/,/læk/,Alex’s real problem is that he lacks confidence.,亚历克斯的真正问题是缺乏信心。
en:ladder:noun:1,ladder,noun,阶梯；途径；梯状物,n 阶梯；途径；梯状物；v 成名；发迹,/'lædɚ/,/'lædə/,She climbed up the ladder.,她爬上梯子。
en:lady:noun:1,lady,noun,女士，夫人；小姐；妻子,n 女士，夫人；小姐；妻子,/'ledi/,/'leɪdɪ/,Lady Spencer,斯宾塞夫人
en:lake:noun:1,lake,noun,湖；深红色颜料；胭脂红,n 湖；深红色颜料；胭脂红；vt （使）血球溶解；vi （使）血球溶解,/lek/,/leɪk/,Lake Michigan,密歇根湖
en:lamb:noun:1,lamb,noun,羔羊，小羊；羔羊肉,n 羔羊，小羊；羔羊肉；v 生小羊，产羔羊,/læm/,/læm/,roast lamb,烤羊肉
en:lame:adjective:1,lame,adjective,跛足的；僵痛的；不完全的；无说服力的；差劲的，蹩脚的,adj 跛足的；僵痛的；不完全的；无说服力的；差劲的，蹩脚的；v 变跛,/lem/,/leɪm/,a lame attempt to deflect criticism,转移批评的一个无力的尝试
en:lamp:noun:1,lamp,noun,灯；照射器,n 灯；照射器；vt 照亮；vi 发亮,/læmp/,/læmp/,She switched on the bedside lamp.,她打开了床头灯。
en:land:noun:1,land,noun,国土；陆地；地面,n 国土；陆地；地面；v 使…登陆；使…陷于；将…卸下,/lænd/,/lænd/,They own a lot of land.,他们拥有许多土地。
en:language:noun:1,language,noun,语言；语言文字；表达能力,n 语言；语言文字；表达能力,/'læŋɡwɪdʒ/,/'læŋgwɪdʒ/,How many languages do you speak?,你能说几种语言？
en:lantern:noun:1,lantern,noun,灯笼；提灯；灯笼式天窗,n 灯笼；提灯；灯笼式天窗,/'læntɚn/,/'læntən/,lantern festival,元宵节，灯节
en:lap:noun:1,lap,noun,一圈；膝盖；下摆；山坳,n 一圈；膝盖；下摆；山坳；v 使重叠；拍打；包围,/læp/,/læp/,Rubens Barrichello finished a lap ahead of his team-mate.,鲁本斯·巴里切罗领先队友一圈跑完全程。
en:large:adjective:1,large,adjective,大的；多数的；广博的,adj 大的；多数的；广博的；adv 大大地；夸大地；n 大,/lɑrdʒ/,/lɑːdʒ/,Los Angeles is the second largest city in the US.,洛杉矶是美国的第二大城市。
en:laser:noun:1,laser,noun,激光,n 激光,/'lezɚ/,/'leɪzə/,laser surgery,激光(外科)手术
en:last:noun:1,last,noun,末尾，最后；上个；鞋楦（做鞋的模型）,n 末尾，最后；上个；鞋楦（做鞋的模型）；adj 最后的；最近的，最新的；仅剩的；最不可能…的；v 持续；维持，够用；持久；adv 最后地；上次，最近；最后一点,/læst/,/lɑːst/,I didn’t read the last chapter of the book.,我没有看这本书的最后一章。
en:late:adjective:1,late,adjective,晚的；迟的；已故的；最近的,adj 晚的；迟的；已故的；最近的；adv 晚；迟；最近；在晚期,/let/,/leɪt/,Sorry I’m late – I overslept.,对不起，来晚了——我睡过头了。
en:later:adverb:1,later,adverb,后来；稍后；随后,adv 后来；稍后；随后；adj 更迟的；更后的；n (Later)人名；(德)拉特,/'letɚ/,/'leɪtə/,I’m going out for a bit – I’ll see you later.,我出去一会儿——回头见。
en:latest:adverb:1,latest,adverb,最迟地；最后地,adv 最迟地；最后地；n 最新的事物；adj 最新的，最近的；最迟的，最后的,/'letɪst/,/'leɪtɪst/,He telephoned me the latest news.,他打电话告诉我最新的消息。
en:latter:adjective:1,latter,adjective,后者的；近来的；后面的；较后的,adj 后者的；近来的；后面的；较后的；n (Latter)人名；(英、德、捷)拉特,/'lætɚ/,/'lætə/,"In the latter case, buyers pay a 15% commission.",在后一种情况下，买家付15%的佣金。
en:laugh:noun:1,laugh,noun,笑；引人发笑的事或人,n 笑；引人发笑的事或人；v 笑,/læf/,/lɑːf/,He gave a short laugh.,他笑了一声。
en:laughter:noun:1,laughter,noun,笑；笑声,n 笑；笑声,/'læftɚ/,/'lɑːftə/,Foster joined in the laughter.,福斯特也跟着笑了起来。
en:laundry:noun:1,laundry,noun,洗衣店，洗衣房；要洗的衣服；洗熨；洗好的衣服,n 洗衣店，洗衣房；要洗的衣服；洗熨；洗好的衣服,/'lɔndri/,/'lɔːndrɪ/,She did the laundry (= washed the clothes etc ) and hung it out to dry.,她洗了衣服，然后挂出去晾干。
en:lavatory:noun:1,lavatory,noun,厕所，盥洗室,n 厕所，盥洗室,/'lævətɔri/,/'lævət(ə)rɪ/,...the ladies' lavatory.,…女厕所。
en:law:noun:1,law,noun,法律；规律；法治；法学；诉讼；司法界,n 法律；规律；法治；法学；诉讼；司法界；vi 起诉；控告；vt 控告；对…起诉,/lɔ/,/lɔː/,Elected officials ought to obey the law.,民选官员理应遵守法律。
en:lawyer:noun:1,lawyer,noun,律师；法学家,n 律师；法学家,/'lɔjɚ/,/'lɔːjə; 'lɒɪə/,Prosecution and defence lawyers are expected to deliver closing arguments next week.,原告律师和被告律师下周将要作终结辩论。
en:lay:verb:1,lay,verb,躺下；产卵；搁放；放置；铺放；涂，敷,v 躺下；产卵；搁放；放置；铺放；涂，敷；adj 世俗的；外行的；没有经验的；n 位置；短诗；花纹方向；叙事诗；性伙伴,/le/,/leɪ/,He laid his hand on my shoulder.,他把一只手搭在我的肩上。
en:lazy:adjective:1,lazy,adjective,懒惰的；懒洋洋的；怠惰的；慢吞吞的,adj 懒惰的；懒洋洋的；怠惰的；慢吞吞的；n (Lazy)人名；(德)拉齐,/'lezi/,/'leɪzɪ/,the laziest boy in the class,班上最懒的男孩
en:lead:noun:1,lead,noun,领导；铅；导线；榜样,n 领导；铅；导线；榜样；v 领导；致使；引导；指挥；adj 带头的；最重要的,/lid/,/liːd/,Other countries are likely to follow the U.S.’s lead.,其他国家很可能会效法美国。
en:leader:noun:1,leader,noun,领导者；首领；指挥者,n 领导者；首领；指挥者,/'lidɚ/,/'liːdə/,the largest ever gathering of world leaders,全世界领导人史无前例的大聚会
en:leading:adjective:1,leading,adjective,领导的；主要的,adj 领导的；主要的；n 领导；铅板；行距；v 领导（lead的ing形式）,/'lidɪŋ/,/'liːdɪŋ/,The army played a leading role in organizing the attempted coup.,军队在策划这场未遂政变的过程中起了最主要的作用。
en:leaf:noun:1,leaf,noun,叶子；（书籍等的）一张；扇页,n 叶子；（书籍等的）一张；扇页；v 生叶；翻书页,/lif/,/liːf/,a flowering bush with large shiny leaves,叶子大而油亮的开花灌木
en:league:noun:1,league,noun,联盟；社团；范畴,n 联盟；社团；范畴；v 使…结盟；与…联合,/lig/,/liːg/,the National Socialist League,国家社会主义联盟
en:leak:noun:1,leak,noun,泄漏；漏洞，裂缝,n 泄漏；漏洞，裂缝；v 使渗漏，泄露,/lik/,/liːk/,There is a leak in the ceiling.,天花板上有条裂缝。
en:learn:verb:1,learn,verb,学习；得知；认识到,v 学习；得知；认识到,/lɝn/,/lɜːn/,What’s the best way to learn a language?,学习语言的最佳方法是什么？
en:learned:adjective:1,learned,adjective,博学的；有学问的；学术上的,adj 博学的；有学问的；学术上的；n (Learned)人名；(英)勒尼德,/'lɝnd; lɝ​nɪd/,/'lɜːnd; ˈlɜ:nɪd/,a learned professor,一位博学的教授
en:least:adjective:1,least,adjective,最小的；最少的（little的最高级）,adj 最小的；最少的（little的最高级）；adv 最小；最少；n 最小；最少,/list/,/liːst/,I try to offend the least amount of people possible.,我尽可能少得罪人。
en:leather:noun:1,leather,noun,皮革；皮革制品,n 皮革；皮革制品；v 用皮革包盖；抽打；adj 皮的；皮革制的,/'lɛðɚ/,/'leðə/,The inside of the bag was lined with soft leather.,这包的里面衬了软皮。
en:leave:verb:1,leave,verb,离开；留下；遗忘；委托,v 离开；留下；遗忘；委托；n 许可，同意；休假,/liv/,/liːv/,My baby gets upset when I leave the room.,我一离开房间宝宝就会不安。
en:lecture:noun:1,lecture,noun,演讲；讲稿；教训,n 演讲；讲稿；教训；v 演讲；训诫,/'lɛktʃɚ/,/'lektʃə/,...a series of lectures by Professor Eric Robinson.,…埃里克·鲁滨逊教授的系列讲座。
en:left:adjective:1,left,adjective,左边的；左派的；剩下的,adj 左边的；左派的；剩下的；adv 在左面；n 左边；左派；激进分子；v 离开（leave的过去式）,/lɛft/,/left/,She held out her left hand.,她伸出左手。
en:leftover:noun:1,leftover,noun,残留物；吃剩的饭菜；剩余物,n 残留物；吃剩的饭菜；剩余物；adj 残余的；吃剩的,/'lɛftovɚ/,/'leftəʊvə/,Give the leftovers to the dog.,把吃剩的饭菜喂狗。
en:leg:noun:1,leg,noun,腿；支柱,n 腿；支柱,/lɛɡ/,/leg/,a young boy with skinny legs,双腿干瘦的小男孩
en:legal:adjective:1,legal,adjective,法律的；合法的；法定的；依照法律的,adj 法律的；合法的；法定的；依照法律的；n (Legal)人名；(法)勒加尔,/'ligl/,/'liːg(ə)l/,What the company has done is perfectly legal.,公司所做的这一切完全合法。
en:lemon:adjective:1,lemon,adjective,柠檬色的,adj 柠檬色的；n 柠檬,/'lɛmən/,/'lemən/,A lemon is an acid fruit.,柠檬是一种酸味水果。
en:lemonade:noun:1,lemonade,noun,柠檬水,n 柠檬水,"/,lɛmə'ned/",/lemə'neɪd/,a glass of lemonade,一杯柠檬汽水
en:lend:verb:1,lend,verb,贷；增添，提供；把……借给,v 贷；增添，提供；把……借给；n (Lend)人名；(德)伦德,/lɛnd/,/lend/,The bank is reassessing its criteria for lending money.,银行正在重新评估其贷款标准。
en:length:noun:1,length,noun,长度，长；时间的长短；（语）音长,n 长度，长；时间的长短；（语）音长,/[leŋθ]/,/leŋθ/,We measured the length and width of the living room.,我们量了客厅的长和宽。
en:less:adverb:1,less,adverb,较少地；较小地；更小地,adv 较少地；较小地；更小地；adj 较少的；较小的；prep 减去；n 较少；较小,/lɛs/,/les/,Maybe he would worry less if he understood the situation.,他要是了解情况，也许就不会那么担心了。
en:lesson:noun:1,lesson,noun,教训；课,n 教训；课；vt 教训；上课,/'lɛsn/,/'les(ə)n/,piano lessons,钢琴课
en:let:verb:1,let,verb,允许，让；出租；假设；妨碍,v 允许，让；出租；假设；妨碍；n 障碍；出租屋,/lɛt/,/let/,I can’t come out tonight – my dad won’t let me.,今天晚上我不能出来，我爸爸不允许。
en:letter:noun:1,letter,noun,信；字母，文字；证书；文学，学问；字面意义,n 信；字母，文字；证书；文学，学问；字面意义；v 写字母于,/'lɛtɚ/,/'letə/,There are 26 letters in the English alphabet.,英语字母表有26个字母。
en:level:noun:1,level,noun,水平；标准；水平面,n 水平；标准；水平面；adj 水平的；平坦的；同高的；v 瞄准；拉平；变得平坦,/'lɛvl/,/'lev(ə)l/,Inflation fell to its lowest level in 30 years.,通货膨胀降至30年来最低点。
en:liberate:verb:1,liberate,verb,解放；放出；释放,v 解放；放出；释放,/'lɪbə'ret/,/'lɪbəreɪt/,"A few days later, our armies liberated the city.",几天以后，我军解放了这座城市。
en:liberation:noun:1,liberation,noun,释放，解放,n 释放，解放,"/,lɪbə'reʃən/",/lɪbə'reɪʃ(ə)n/,They pant after liberation.,他们渴望解放。
en:liberty:noun:1,liberty,noun,自由；许可；冒失,n 自由；许可；冒失,/'lɪbɚti/,/'lɪbətɪ/,the fight for liberty and equality,争取自由和平等的斗争
en:librarian:noun:1,librarian,noun,图书馆员；图书管理员,n 图书馆员；图书管理员,/laɪ'brɛrɪən/,/laɪ'breərɪən/,The new librarian is a friend of mine.,这位新来的图书管理员是我的朋友。
en:library:noun:1,library,noun,图书馆，藏书室；文库,n 图书馆，藏书室；文库,/laɪˌbrɛrɪ/,/ˈlaɪbrərɪ/,a public library,公共图书馆
en:license:noun:1,license,noun,执照，许可证；特许,n 执照，许可证；特许；v 许可；特许；发许可证给,/'laɪsns/,/'laɪsns/,No special license will be regranted to anyone from now on.,特殊许可证今后不得向任何人再行发放。
en:lid:noun:1,lid,noun,盖子；眼睑；限制,n 盖子；眼睑；限制；vt 给…盖盖子,/lɪd/,/lɪd/,keeping the lid on inflation,控制通货膨胀
en:lie:verb:1,lie,verb,躺；说谎；位于；展现,v 躺；说谎；位于；展现；n 谎言；位置,,/laɪ/,The town lies in a small wooded valley.,该城镇坐落于一个林木茂盛的山谷中。
en:life:noun:1,life,noun,生活，生存；寿命,n 生活，生存；寿命,/laɪf/,/laɪf/,Learning goes on throughout life.,学习是一生的事。
en:lifetime:noun:1,lifetime,noun,一生；寿命；终生；使用期,n 一生；寿命；终生；使用期；adj 一生的；终身的,/'laɪftaɪm/,/'laɪftaɪm/,It’s the sort of opportunity you see only once in a lifetime.,这种机会你一辈子也只能碰到一次。
en:lift:verb:1,lift,verb,举起；提升；鼓舞；空运；抄袭,v 举起；提升；鼓舞；空运；抄袭；n 电梯；举起；起重机；搭车,/lɪft/,/lɪft/,Sophie lifted the phone before the second ring.,铃响了一下苏菲就接起了电话。
en:light:noun:1,light,noun,光；光线；灯；打火机；领悟；浅色；天窗,n 光；光线；灯；打火机；领悟；浅色；天窗；adj 轻的；浅色的；明亮的；轻松的；容易的；清淡的；v 点着；变亮；着火；adv 轻地；清楚地；轻便地,/laɪt/,/laɪt/,We waited for the lights to change.,我们等着红绿灯转换。
en:lightning:adjective:1,lightning,adjective,闪电的；快速的,adj 闪电的；快速的；n 闪电；vi 闪电,/'laɪtnɪŋ/,/'laɪtnɪŋ/,a lightning attack,闪电式突袭
en:like:verb:1,like,verb,喜欢；想；愿意,v 喜欢；想；愿意；prep 像；如同；adj 同样的；相似的；n 爱好；同样的人或物；adv 可能；conj 好像,/laɪk/,/laɪk/,I like your jacket.,我喜欢你这件上衣。
en:likely:adjective:1,likely,adjective,很可能的；合适的；有希望的,adj 很可能的；合适的；有希望的；adv 很可能；或许,/'laɪkli/,/'laɪklɪ/,the three most likely candidates for president,最有可能当选的三位总统候选人
en:limit:noun:1,limit,noun,限制；限度；界线,n 限制；限度；界线；v 限制；限定,/'lɪmɪt/,/'lɪmɪt/,a 55 mph speed limit,55英里的时速限制
en:line:noun:1,line,noun,路线，航线；排；绳,n 路线，航线；排；绳；v 排成一行；划线于；以线条标示；使…起皱纹,/laɪn/,/laɪn/,Draw a straight line across the top of the page.,在这一页的上方画一条直线。
en:link:noun:1,link,noun,[计] 链环，环节；联系，关系,n [计] 链环，环节；联系，关系；v 连接，连结；联合，结合,/lɪŋk/,/lɪŋk/,Send an email to the above address to report a broken link (= a link that is not working properly ).,如发现链接失败，请发送电子邮件至上述地址告知。
en:lion:noun:1,lion,noun,狮子；名人；勇猛的人；社交场合的名流,n 狮子；名人；勇猛的人；社交场合的名流,/'laɪən/,/'laɪən/,lion dance,舞狮
en:lip:noun:1,lip,noun,嘴唇；边缘,n 嘴唇；边缘；vt 以嘴唇碰；adj 口头上的；vi 用嘴唇,/lɪp/,/lɪp/,She had big eyes and full lips (= large and round lips ).,她眼睛大大的，嘴唇很丰满。
en:liquid:adjective:1,liquid,adjective,液体的；清澈的；明亮的；易变的,adj 液体的；清澈的；明亮的；易变的；n 液体，流体；流音,/'lɪkwɪd/,/'lɪkwɪd/,Children take antibiotics in liquid form.,儿童服用液态抗生素。
en:list:noun:1,list,noun,[计] 列表；清单；目录,n [计] 列表；清单；目录；v 列于表上,/lɪst/,/lɪst/,We are making a list of the top ten men we would not want to be married to.,我们正在列一个我们最不想嫁的10种男人的名单。
en:listen:verb:1,listen,verb,听，倾听；听从，听信,v 听，倾听；听从，听信；n 听，倾听,/'lɪsn/,/'lɪs(ə)n/,Listen! There’s a strange noise in the engine.,听！引擎发出奇怪的声音。
en:literary:adjective:1,literary,adjective,文学的；书面的；精通文学的,adj 文学的；书面的；精通文学的,/lɪtərɛri/,/'lɪt(ə)(rə)rɪ/,a literary prize,文学奖
en:literature:noun:1,literature,noun,文学；文献；文艺；著作,n 文学；文献；文艺；著作,/lɪtərəˌtʃʊr/,/'lɪt(ə)rətʃə/,He has read many of the major works of literature.,他读过许多重要的文学作品。
en:litre:noun:1,litre,noun,[计量] 公升（米制容量单位）,n [计量] 公升（米制容量单位）,/'li:tə/,/'liːtə/,the Ford’s 2.8 litre engine,福特汽车2.8升排量的引擎
en:litter:noun:1,litter,noun,垃圾；轿，担架；一窝（动物的幼崽）；凌乱,n 垃圾；轿，担架；一窝（动物的幼崽）；凌乱；v 乱丢；给…垫褥草；把…弄得乱七八糟,/'lɪtɚ/,/'lɪtə/,People who drop litter can be fined in some cities.,在有些城市，乱扔垃圾的人会被罚款。
en:little:adjective:1,little,adjective,小的；很少的；短暂的；小巧可爱的,adj 小的；很少的；短暂的；小巧可爱的；adv 完全不；n 少许；没有多少；短时间,/'lɪtl/,/'lɪt(ə)l/,a little house,小屋
en:live:adjective:1,live,adjective,活的；生动的；实况转播的；精力充沛的,adj 活的；生动的；实况转播的；精力充沛的；v 经历；度过；n (Live)人名；(法)利夫,/laɪv；lɪv/,/laɪv；lɪv/,experiments on live animals,动物活体实验
en:lively:adjective:1,lively,adjective,活泼的；生动的；真实的；生气勃勃的,adj 活泼的；生动的；真实的；生气勃勃的；n (Lively)人名；(英)莱夫利,/'laɪvli/,/'laɪvlɪ/,a lively child,精力充沛的孩子
en:living:adjective:1,living,adjective,活的；现存的；活跃的；逼真的,adj 活的；现存的；活跃的；逼真的；n 生活；生存；生计；v 生活；居住（live的ing形式）；度过,/'lɪvɪŋ/,/'lɪvɪŋ/,He’s one of the greatest living composers.,他是仍然健在的最伟大的作曲家之一。
en:load:noun:1,load,noun,负载，负荷；工作量；装载量,n 负载，负荷；工作量；装载量；v [力] 加载；装载；装货,/lod/,/ləʊd/,The lorry hadshed its load(= the load had fallen off ).,卡车上的货掉下来了。
en:loaf:noun:1,loaf,noun,条，一条面包；块；游荡,n 条，一条面包；块；游荡；v 游荡；游手好闲；虚度光阴,/lof/,/ləʊf/,a loaf of bread,一条面包
en:local:noun:1,local,noun,[计] 局部；当地居民；本地新闻,n [计] 局部；当地居民；本地新闻；adj 当地的；局部的；地方性的；乡土的,/ˈloʊkl/,/'ləʊk(ə)l/,We asked one of the locals to recommend a restaurant.,我们请一位当地人推荐一家餐馆。
en:lock:verb:1,lock,verb,锁，锁上；隐藏,v 锁，锁上；隐藏；n 锁；水闸；刹车,/lɑk/,/lɒk/,Did you lock the car?,你把汽车锁好了吗？
en:locust:noun:1,locust,noun,[植保] 蝗虫，[昆] 蚱蜢,n [植保] 蝗虫，[昆] 蚱蜢,/'lokəst/,/'ləʊkəst/,a swarm of locusts,一大群蝗虫
en:london:noun:1,London,noun,伦敦,n 伦敦,/ˈlʌndən/,/ˈlʌndən/,He was nursed in London.,他是在伦敦长大的。
en:lonely:adjective:1,lonely,adjective,寂寞的；偏僻的,adj 寂寞的；偏僻的；n 孤独者,/'lonli/,/'ləʊnlɪ/,a lonely old man,一个孤单的老人
en:long:noun:1,long,noun,长时间；[语] 长音节；（服装的）长尺寸；长裤,n 长时间；[语] 长音节；（服装的）长尺寸；长裤；adj 长的；过长的；做多头的；长时间的；冗长的，长音；v 渴望；热望；adv 长期地；始终,/lɔŋ/,/lɒŋ/,a long table,一张长桌子
en:look:verb:1,look,verb,看；期待；注意；面向；看上去像,v 看；期待；注意；面向；看上去像；n 看；样子；面容,/lʊk/,/lʊk/,We sneaked out while Jessie’s mom wasn’t looking.,我们趁杰茜的妈妈没有看到，偷偷地溜了出去。
en:loose:adjective:1,loose,adjective,宽松的；散漫的；不牢固的；不精确的,adj 宽松的；散漫的；不牢固的；不精确的；v 释放；开船；放枪；adv 松散地；n 放纵；放任；发射,/lus/,/luːs/,a loose floorboard,松动的地板
en:lorry:noun:1,lorry,noun,（英）卡车；[车辆] 货车；运料车,n （英）卡车；[车辆] 货车；运料车,/'lɔri/,/'lɒrɪ/,Now and then they heard the roar of a heavy lorry.,他们不时听见一辆重型卡车的轰响声。
en:lose:verb:1,lose,verb,浪费；使沉溺于；使迷路；遗失；错过,v 浪费；使沉溺于；使迷路；遗失；错过；n (Lose)人名；(英)洛斯；(德)洛泽,/luz/,/luːz/,One woman in Brooklyn lost a husband and two sons in the gang wars.,在黑帮争斗中，布鲁克林的一名妇女失去了丈夫和两个儿子。
en:loss:noun:1,loss,noun,减少；亏损；失败；遗失,n 减少；亏损；失败；遗失,/lɔs/,/lɒs/,"The company is closing down two of its factories, leading to 430 job losses .",公司要关闭其中的两家工厂，这将造成430人失业。
en:lost:adjective:1,Lost,adjective,失去的；丧失的；迷惑的,adj 失去的；丧失的；迷惑的；v 遗失（lose的过去分词）；失败,/lɔst/,/lɒst/,Barely had I set foot in the street when I realized I was lost.,我刚走上那条街就发现自己迷路了。
en:lot:noun:1,lot,noun,份额；许多；命运；阄,n 份额；许多；命运；阄；adv （与形容词和副词连用）很，非常；（与动词连用）非常；pron 大量，许多；v 分组，把…划分（常与out连用）；把（土地）划分成块,/lɑt/,/lɒt/,We’ve spent a lot on the children’s education.,我们在孩子的教育上花费甚多。
en:loud:adjective:1,loud,adjective,大声的，高声的；不断的；喧吵的,adj 大声的，高声的；不断的；喧吵的；adv 大声地，高声地，响亮地；n (Loud)人名；(英)劳德,/laʊd/,/laʊd/,The book fell to the floor with a loud bang.,书砰的一声掉落到地上。
en:loudly:adverb:1,loudly,adverb,大声地，响亮地,adv 大声地，响亮地,/'laʊdli/,/'laʊdlɪ/,The audiences stamped loudly to express their grievances.,听众大声地踏脚以表达他们的不满。
en:loudspeaker:noun:1,loudspeaker,noun,喇叭，扬声器；扩音器,n 喇叭，扬声器；扩音器,"/,laʊd'spikɚ/",/laʊd'spiːkə/,The loudspeaker announced the arrival of the train.,广播说火车进站了。
en:lounge:noun:1,lounge,noun,休息室；闲逛；躺椅；（英）酒吧间,n 休息室；闲逛；躺椅；（英）酒吧间；v 闲逛；懒洋洋地躺卧；闲混,/laʊndʒ/,/laʊn(d)ʒ/,the television lounge,电视放映室
en:love:noun:1,love,noun,恋爱；亲爱的；酷爱；喜爱的事物；爱情，爱意；疼爱；热爱；爱人，所爱之物,n 恋爱；亲爱的；酷爱；喜爱的事物；爱情，爱意；疼爱；热爱；爱人，所爱之物；v 爱，热爱；爱戴；赞美，称赞；喜爱；喜好；喜欢；爱慕,/lʌv/,/lʌv/,Tara is madly in love with you.,塔拉疯狂地爱着你。
en:lovely:adjective:1,lovely,adjective,可爱的；令人愉快的；爱恋的；秀丽的，优美的,adj 可爱的；令人愉快的；爱恋的；秀丽的，优美的；n 美女；可爱的东西,/'lʌvli/,/'lʌvlɪ/,She had a lovely face.,她有一张漂亮的脸蛋。
en:low:adjective:1,low,adjective,低的，浅的；卑贱的；粗俗的；消沉的,adj 低的，浅的；卑贱的；粗俗的；消沉的；adv 低声地；谦卑地，低下地；n 低；低价；低点；牛叫声；v 牛叫,,/ləʊ/,Their safety standards seem to be pretty low.,他们的安全标准似乎相当低。
en:luck:noun:1,luck,noun,运气；幸运；带来好运的东西,n 运气；幸运；带来好运的东西；v 靠运气，走运；凑巧碰上,/lʌk/,/lʌk/,"You’re not having much luck today, are you?",你今天运气不太好，是不是？
en:lucky:adjective:1,lucky,adjective,幸运的；侥幸的,adj 幸运的；侥幸的,/'lʌki/,/'lʌkɪ/,I didn’t really know your name – it was just a lucky guess .,我并不知道你的名字―只是运气好猜中的。
en:luggage:noun:1,luggage,noun,行李；皮箱,n 行李；皮箱,/'lʌɡɪdʒ/,/'lʌgɪdʒ/,They searched his luggage for illegal drugs.,他们搜查他的行李看是否藏有毒品。
en:lunch:noun:1,lunch,noun,午餐,n 午餐；v 吃午餐；供给午餐,/lʌntʃ/,/lʌn(t)ʃ/,What’s for lunch?,午饭吃什么？
en:lung:noun:1,lung,noun,肺；呼吸器,n 肺；呼吸器,/lʌŋ/,/lʌŋ/,Smoking can cause lung cancer.,吸烟会引起肺癌。
en:machine:noun:1,machine,noun,机械，机器；机构；机械般工作的人,n 机械，机器；机构；机械般工作的人；v 用机器制造,/mə'ʃin/,/mə'ʃiːn/,Could you get me a coffee from the drinks machine ?,给我从自动饮料机里买一罐咖啡好吗？
en:mad:adjective:1,mad,adjective,疯狂的；发疯的；愚蠢的；着迷的,adj 疯狂的；发疯的；愚蠢的；着迷的；n 狂怒,/mæd/,/mæd/,He can’t possibly get that finished in time. He must be mad !,他不可能按时完成的。他一定是疯了！
en:madam:noun:1,madam,noun,夫人；女士；鸨母,n 夫人；女士；鸨母,/'mædəm/,/'mædəm/,"Are you being served, Madam?",有人接待您吗，夫人？
en:magazine:noun:1,magazine,noun,杂志；弹药库；胶卷盒,n 杂志；弹药库；胶卷盒,/'mæɡəzin/,/mægə'ziːn/,a magazine article,杂志中的文章
en:magic:noun:1,magic,noun,巫术；魔法；戏法,n 巫术；魔法；戏法；adj 不可思议的；有魔力的；魔术的,/'mædʒɪk/,/'mædʒɪk/,Do you believe in magic?,你相信魔法吗？
en:maid:noun:1,maid,noun,女仆；少女,n 女仆；少女；vt 侍候；做新娘的女傧相；vi 当女仆,/med/,/meɪd/,a kitchen maid,厨房女佣人
en:mail:noun:1,mail,noun,邮件；邮政，邮递；盔甲,n 邮件；邮政，邮递；盔甲；v 邮寄；给…穿盔甲,/mel/,/meɪl/,You shouldn’t read other people’s mail.,你不应该看别人的信件。
en:mailbox:noun:1,mailbox,noun,邮箱；邮筒,n 邮箱；邮筒,/'mel'bɑks/,/'meɪlbɒks/,The prank crammed his mailbox with computer-delivered electronic junk mail.,该恶作剧病毒把他的邮箱塞满计算机发送的电子垃圾邮件。
en:main:noun:1,main,noun,主要部分，要点；体力；总管道,n 主要部分，要点；体力；总管道；adj 主要的，最重要的；全力的,,/meɪn/,The heater will run off mains gas or bottled gas.,热水器使用管道煤气或罐装煤气均可。
en:mainland:noun:1,mainland,noun,大陆；本土,n 大陆；本土；adj 大陆的；本土的,/'menlænd/,/'meɪnlənd; -lænd/,flights between a Greek island and the mainland,希腊一海岛和本土之间的航班
en:major:adjective:1,major,adjective,主要的；重要的；主修的；较多的,adj 主要的；重要的；主修的；较多的；n [人类] 成年人；主修科目；陆军少校；v 主修,/'medʒɚ/,/'meɪdʒə/,There is a major problem with parking in London.,在伦敦，停车是个很大的问题。
en:majority:noun:1,majority,noun,多数；成年,n 多数；成年,/mə'dʒɔrəti/,/mə'dʒɒrɪtɪ/,The Labour Party won a huge majority at the last general election.,工党在上次大选中以巨大的票数优势获胜。
en:make:verb:1,make,verb,使得；进行；布置，准备，整理；制造；认为；获得；形成；安排；引起；构成,v 使得；进行；布置，准备，整理；制造；认为；获得；形成；安排；引起；构成；n 制造；构造；性情,/mek/,/meɪk/,I’m going to show you how to make a box for your tools.,我来教你怎么做一个箱子存放工具。
en:male:adjective:1,male,adjective,男性的；雄性的；有力的,adj 男性的；雄性的；有力的；n 男人；雄性动物,/mel/,/meɪl/,a deep male voice,低沉的男声
en:man:noun:1,man,noun,人；男人；人类；丈夫；雇工,n 人；男人；人类；丈夫；雇工；v 操纵；给…配置人员；使增强勇气；在…就位,/mæn/,/mæn/,There were two men and a woman in the car.,车上有两男一女。
en:manage:verb:1,manage,verb,管理；经营；控制；设法,v 管理；经营；控制；设法,/'mænɪdʒ/,/'mænɪdʒ/,He was asked to manage a new department.,他被要求去管理一个新的部门。
en:manager:noun:1,manager,noun,经理；管理人员,n 经理；管理人员,/'mænɪdʒɚ/,/'mænɪdʒə/,one of our regional managers,我们的一位地区经理
en:mankind:noun:1,mankind,noun,人类；男性,n 人类；男性,/mæn'kaɪnd/,"/,mæn'kaɪnd/","Since earliest times, mankind has been fascinated by fire.",人类自远古以来就对火很感兴趣。
en:manner:noun:1,manner,noun,方式；习惯；种类；规矩；风俗,n 方式；习惯；种类；规矩；风俗,/'mænɚ/,/'mænə/,He felt some guilt over the manner of her death.,她以这种方式死去，他心里有些内疚。
en:many:pronoun:1,many,pronoun,许多；许多人,pron 许多；许多人；adj 许多的；n (Many)人名；(法)马尼,/'mɛni/,/'menɪ/,The printing press gave power to a few to change the world for the many.,印刷机赋予了少数人为多数人改变世界的力量。
en:map:verb:1,map,verb,映射；计划；绘制地图；确定基因在染色体中的位置,v 映射；计划；绘制地图；确定基因在染色体中的位置；n 地图；示意图；染色体图,/mæp/,/mæp/,He spent the next fifteen years mapping the Isle of Anglesey.,他在后来的十五年里绘制了安格尔西岛的地图。
en:maple:noun:1,maple,noun,枫树；淡棕色,n 枫树；淡棕色,/'mepl/,/'meɪp(ə)l/,...a solid maple worktop.,…一张结实的枫木工作台。
en:marathon:noun:1,marathon,noun,马拉松赛跑；耐力的考验,n 马拉松赛跑；耐力的考验；adj 马拉松式的；有耐力的；vi 参加马拉松赛跑,"/'mærə,θɑn/",/'mærəθ(ə)n/,the Boston Marathon,波士顿马拉松赛
en:marble:noun:1,marble,noun,大理石；大理石制品；弹珠,n 大理石；大理石制品；弹珠；adj 大理石的；冷酷无情的,/'mɑrbl/,/'mɑːb(ə)l/,The columns were of white marble.,柱子是白色的大理石。
en:march:noun:1,March,noun,三月,n 三月,/mɑrtʃ/,/mɑːtʃ/,I flew to Milwaukee in early March.,我3月初飞到了密尔沃基。
en:march:verb:1,march,verb,（坚定地向某地）前进；行军，进军；游行示威；进展，进行,v （坚定地向某地）前进；行军，进军；游行示威；进展，进行；n 行进，前进；行军；游行示威；进行曲,/mɑrtʃ/,/mɑːtʃ/,"An estimated 5,000 people marched through the city to demonstrate against the factory closures.",大约有五千人在市里游行示威，抗议关闭工厂。
en:mark:noun:1,mark,noun,标志；马克；符号；痕迹；分数,n 标志；马克；符号；痕迹；分数；v 作记号,,/mɑːk/,I can’t get these marks out of my T-shirt.,我无法把我T恤衫上的这些污迹去掉。
en:market:noun:1,market,noun,市场；行情；股票市场；市面；集市；销路；商店,n 市场；行情；股票市场；市面；集市；销路；商店；v 在市场上出售,/'mɑrkɪt/,/'mɑːkɪt/,Our main overseas market is Japan.,我们的主要海外市场是日本。
en:marriage:noun:1,marriage,noun,结婚；婚姻生活；密切结合，合并,n 结婚；婚姻生活；密切结合，合并,/'mærɪdʒ/,/'mærɪdʒ/,She has three daughters from a previous marriage.,她前一次婚姻生了三个女儿。
en:married:adjective:1,married,adjective,已婚的，有配偶的；婚姻的，夫妇的；密切结合的,adj 已婚的，有配偶的；婚姻的，夫妇的；密切结合的；n 已婚者；v 结婚，与…结婚（marry的过去式）,/'mærɪd/,/'mærɪd/,Are you married or single?,你是已婚还是单身？
en:marry:verb:1,marry,verb,嫁；娶；与……结婚,v 嫁；娶；与……结婚；n (Marry)人名；(阿拉伯)马雷；(法)马里,/'mæri/,/'mærɪ/,He married Bea in 1925.,他在1925年娶了贝亚。
en:mask:noun:1,mask,noun,面具；口罩；掩饰,n 面具；口罩；掩饰；v 掩饰；戴面具；化装,/mæsk/,/mɑːsk/,a surgical face mask,外科手术口罩
en:mass:noun:1,mass,noun,块，团；群众，民众；大量，众多；质量,n 块，团；群众，民众；大量，众多；质量；adj 群众的，民众的；大规模的，集中的；v 聚集起来，聚集,/mæs/,/mæs/,The road was blocked by a solid mass of protesters.,道路被密密麻麻的抗议者阻塞了。
en:master:verb:1,master,verb,控制；精通；征服,v 控制；精通；征服；n 硕士；主人；大师；教师；adj 主人的；主要的；熟练的,/'mæstɚ/,/'mɑːstə/,the skills needed to master a new language,掌握一门新语言所需的技能
en:mat:noun:1,mat,noun,垫；垫子；衬边,n 垫；垫子；衬边；v 缠结；铺席于……上；adj 无光泽的,/mæt/,/mæt/,Wipe your feet on the mat.,在地垫上蹭蹭你的鞋底。
en:match:verb:1,match,verb,使比赛；使相配；敌得过，比得上；相配；与…竞争,v 使比赛；使相配；敌得过，比得上；相配；与…竞争；n 比赛，竞赛；匹配；对手；火柴,/mætʃ/,/mætʃ/,We painted the cabinets green to match the rug.,我们把柜子刷成绿色，和地毯相配。
en:material:adjective:1,material,adjective,重要的；物质的，实质性的；肉体的,adj 重要的；物质的，实质性的；肉体的；n 材料，原料；物资；布料,/mə'tɪrɪəl/,/mə'tɪərɪəl/,"According to some, the material world is all that exists.",有些人认为，物质世界就是存在的一切。
en:mathematics:noun:1,mathematics,noun,数学；数学运算,n 数学；数学运算,"/,mæθə'mætɪks/",/mæθ(ə)'mætɪks/,...a professor of mathematics at Boston College.,…一位波士顿大学的数学教授。
en:matter:noun:1,matter,noun,物质；事件,n 物质；事件；v 有关系；要紧,/'mætɚ/,/'mætə/,particles of matter,物质的微粒
en:mature:adjective:1,mature,adjective,成熟的；充分考虑的；到期的；成年人的,adj 成熟的；充分考虑的；到期的；成年人的；v 成熟；到期,/mə'tʃʊr/,/mə'tʃʊə/,Laura is very mature for her age .,相对她的年龄来说劳拉是很成熟的。
en:maximum:noun:1,maximum,noun,[数] 极大，最大限度；最大量,n [数] 极大，最大限度；最大量；adj 最高的；最多的；最大极限的,/ˈmæksəməm/,/'mæksɪməm/,"We might have a third child, but that’s the absolute maximum .",我们可能会要第三个孩子，但这绝对是极限了。
en:may:noun:1,May,noun,五月,n 五月,/me/,/meɪ/,Graduation ceremonies are held in early May.,毕业典礼在5月初举行。
en:may:auxiliary:1,may,auxiliary,可以，能够；可能，也许；祝，愿；会，能,aux 可以，能够；可能，也许；祝，愿；会，能,/me/,/meɪ/,may be,也许，可能
en:maybe:adverb:1,maybe,adverb,也许；可能；大概,adv 也许；可能；大概；n 可能性；不确定性,/'mebi/,/'meɪbiː; -bɪ/,Maybe it’s all just a big misunderstanding.,也许这只是一个很大的误会。
en:me:pronoun:1,me,pronoun,我（宾格）,pron 我（宾格）；n 自我；极端自私的人；自我的一部分,/mi/,/miː/,"Stop, you’re hurting me.",住手，你弄疼我了。
en:meal:noun:1,meal,noun,一餐，一顿饭；膳食,n 一餐，一顿饭；膳食；vi 进餐,/mil/,/miːl/,We must have a meal together some time.,我们一定要找个时间一起吃顿饭。
en:mean:adjective:1,mean,adjective,平均的；卑鄙的；低劣的；吝啬的,adj 平均的；卑鄙的；低劣的；吝啬的；v 意味；想要；意欲；n 平均值,/min/,/miːn/,He’s too mean to buy a present for his wife.,他很吝啬，给他妻子买件礼物都不肯。
en:meaning:noun:1,meaning,noun,意义；含义；意图,n 意义；含义；意图；adj 意味深长的；v 意味；意思是（mean的ing形式）,/'minɪŋ/,/'miːnɪŋ/,Life seemed to have lost its meaning since Janet’s death.,珍妮特去世以后生活似乎失去了意义。
en:means:noun:1,means,noun,手段；方法；财产,n 手段；方法；财产；v 意思是；打算（mean的第三人称单数） [ 复数means ],/minz/,/miːnz/,The only means of communication was sign language.,唯一的交流方法是手语。
en:meanwhile:adverb:1,meanwhile,adverb,同时，其间,adv 同时，其间；n 其间，其时,/'minwaɪl/,/'miːnwaɪl/,Cook the sauce over a medium heat until it thickens. Meanwhile start boiling the water for the pasta.,用中火把调味汁煮到变稠，同时烧水准备煮意大利面。
en:measure:noun:1,measure,noun,测量；措施；程度；尺寸,n 测量；措施；程度；尺寸；v 测量；估量；权衡,/'mɛʒɚ/,/'meʒə/,New safety measures were being demanded after last night’s horrific train crash.,昨晚发生严重的火车相撞事故后，民众要求制定新的安全措施。
en:meat:noun:1,meat,noun,肉，肉类（食用）,n 肉，肉类（食用）,/mit/,/miːt/,I gave up eating meat a few months ago.,我几个月以前开始不吃肉了。
en:medal:noun:1,medal,noun,勋章，奖章；纪念章,n 勋章，奖章；纪念章,/'mɛdl/,/'med(ə)l/,She won a gold medal at the last Olympics.,她在上届奥运会上赢得一枚金牌。
en:media:noun:1,media,noun,媒体；媒质（medium的复数）；血管中层；浊塞音；中脉,n 媒体；媒质（medium的复数）；血管中层；浊塞音；中脉,,/'miːdɪə/,The scandal was widely reported in the national media .,这一丑闻在全国媒体上被广泛报道。
en:medical:adjective:1,medical,adjective,医学的；药的；内科的,adj 医学的；药的；内科的；n 医生；体格检查,/'mɛdɪkl/,/'medɪk(ə)l/,medical research,医学研究
en:medicine:noun:1,medicine,noun,药；医学；内科；巫术,n 药；医学；内科；巫术；v 用药物治疗；给…用药,/'mɛdsn/,/'meds(ə)n; 'medɪsɪn/,Medicines should be kept out of the reach of children.,药应放在孩子够不到的地方。
en:medium:adjective:1,medium,adjective,中间的，中等的；半生熟的,adj 中间的，中等的；半生熟的；n 方法；媒体；媒介；中间物,/'midɪəm/,/'miːdɪəm/,"What size shirt does he wear – small, medium or large?",他穿多大尺码的衬衫——小号、中号还是大号？
en:meet:verb:1,meet,verb,满足；遇见；对付,v 满足；遇见；对付；n 集会；adj 合适的；适宜的,/mit/,/miːt/,You’ll never guess who I met in town.,你绝对猜不出我在镇上碰到谁了。
en:meeting:noun:1,meeting,noun,会议；会见；集会；汇合点,n 会议；会见；集会；汇合点；v 会面；会合（meet的ing形式）,/'mitɪŋ/,/'miːtɪŋ/,We’re having a meeting next week to discuss the matter.,我们下周将开会讨论此事。
en:melon:noun:1,melon,noun,瓜；甜瓜；大肚子；圆鼓鼓像瓜似的东西,n 瓜；甜瓜；大肚子；圆鼓鼓像瓜似的东西,/'mɛlən/,/'melən/,...some juicy slices of melon.,…几片多汁的甜瓜。
en:member:noun:1,member,noun,成员；会员；议员,n 成员；会员；议员,/'mɛmbɚ/,/'membə/,The majority of union members voted in favour of a strike.,大多数工会成员投票赞成罢工。
en:memorial:noun:1,memorial,noun,纪念碑，纪念馆；纪念仪式；纪念物,n 纪念碑，纪念馆；纪念仪式；纪念物；adj 记忆的；纪念的，追悼的,/mə'morɪəl/,/mə'mɔːrɪəl/,Building a memorial to Columbus has been his lifelong dream.,建一座哥伦布纪念碑一直是他一生的梦想。
en:memorize:verb:1,memorize,verb,记住，背熟；记忆,v 记住，背熟；记忆,/'mɛmə'raɪz/,/'meməraɪz/,"He studied his map, trying to memorize the way to Rose's street.",他研究了地图，努力记住去罗丝家那条街的路。
en:memory:noun:1,memory,noun,记忆，记忆力；内存，[计] 存储器；回忆,n 记忆，记忆力；内存，[计] 存储器；回忆,/'mɛməri/,/'mem(ə)rɪ/,He has lots of happy memories of his stay in Japan.,他对在日本逗留的那段时光有许多美好的回忆。
en:mend:verb:1,mend,verb,修理，修补；改善；修改,v 修理，修补；改善；修改；n 好转，改进；修补处,/mɛnd/,/mend/,My father used to mend our shoes.,我父亲过去常为我们修补鞋子。
en:mental:adjective:1,mental,adjective,精神的；脑力的；疯的,adj 精神的；脑力的；疯的；n 精神病患者,/'mɛntl/,/'ment(ə)l/,The centre provides help for people suffering from mental illness .,该中心对精神病患者提供帮助。
en:mentally:adverb:1,mentally,adverb,精神上，智力上；心理上,adv 精神上，智力上；心理上,/'mɛntli/,/'ment(ə)lɪ/,Above all be mentally prepared for the rigors of each trading day from the time you get up each morning until you go to bed at night.,最重要的是在精神上对每个交易日的严峻场面作好准备，从每天早晨你爬起来，一直到晚上回到床上。
en:mention:verb:1,mention,verb,提到，谈到；提及，论及；说起,v 提到，谈到；提及，论及；说起；n 提及，说起,/'mɛnʃən/,/'menʃ(ə)n/,Was my name mentioned at all?,我的名字被提到过吗？
en:menu:noun:1,menu,noun,菜单,n 菜单,/'mɛnju/,/'menjuː/,"Could we have the menu, please?",请把菜单给我们，好吗？
en:merchant:noun:1,merchant,noun,商人，批发商；店主,n 商人，批发商；店主；adj 商业的，商人的,/'mɝtʃənt/,/'mɜːtʃ(ə)nt/,the son of a wealthy merchant,一名富商的儿子
en:merciful:adjective:1,merciful,adjective,仁慈的；慈悲的；宽容的,adj 仁慈的；慈悲的；宽容的,/'mɝsɪfl/,/'mɜːsɪfʊl; -f(ə)l/,"Merciful God, save us.",仁慈的上帝，救救我们吧。
en:mercy:noun:1,mercy,noun,仁慈，宽容；怜悯；幸运；善行,n 仁慈，宽容；怜悯；幸运；善行,/'mɝsi/,/'mɜːsɪ/,He showed no mercy to his enemies.,他对敌人毫不仁慈。
en:merely:adverb:1,merely,adverb,仅仅，只不过；只是,adv 仅仅，只不过；只是,/'mɪrli/,/'mɪəlɪ/,He’s merely a boy – you can’t expect him to understand.,他只是个孩子——你不要指望他能理解。
en:merry:adjective:1,merry,adjective,愉快的；微醉的；嬉戏作乐的,adj 愉快的；微醉的；嬉戏作乐的；n 甜樱桃,/'mɛri/,/'merɪ/,"He marched off, whistling a merry tune.",他吹着一首欢快的曲子大步走了。
en:mess:noun:1,mess,noun,混乱；食堂，伙食团；困境；脏乱的东西,n 混乱；食堂，伙食团；困境；脏乱的东西；v 弄乱，弄脏；毁坏；使就餐,/mɛs/,/mes/,What a mess!,太乱了！
en:message:noun:1,message,noun,消息；差使；启示；预言；广告词,n 消息；差使；启示；预言；广告词；v 报信，报告；[通信] 报文,/'mɛsɪdʒ/,/'mesɪdʒ/,He left a message saying he would probably be a little late.,他留言说可能会晚一点来。
en:messy:adjective:1,messy,adjective,凌乱的，散乱的；肮脏的，污秽的；麻烦的,adj 凌乱的，散乱的；肮脏的，污秽的；麻烦的,/'mɛsi/,/'mesɪ/,a messy room,凌乱的房间
en:metal:noun:1,metal,noun,金属；合金,n 金属；合金；v 以金属覆盖；adj 金属制的,/'mɛtl/,/'met(ə)l/,The gate is made of metal.,这扇大门是用金属做成的。
en:method:noun:1,method,noun,方法；条理；类函数,n 方法；条理；类函数；adj 使用体验派表演方法的,/'mɛθəd/,/'meθəd/,traditional teaching methods,传统的教学法
en:metre:noun:1,metre,noun,米；公尺；韵律,n 米；公尺；韵律,/ˈmitɚ/,/'mi:tə(r)/,"She's running the 1,500 metres here.",她正在这儿跑1500米。
en:mexican:adjective:1,Mexican,adjective,墨西哥的；墨西哥人的,adj 墨西哥的；墨西哥人的；n 墨西哥人；墨西哥语,/'mɛksɪkən/,/'meksɪkən/,the Mexican government,墨西哥政府
en:mexico:noun:1,Mexico,noun,墨西哥,n 墨西哥,/'mɛksɪko/,/'meksɪkəʊ/,We want to prove that in Mexico.,我们要在墨西哥证明这一点。
en:microcomputer:noun:1,microcomputer,noun,微电脑；[计] 微型计算机,n 微电脑；[计] 微型计算机,/'maɪkrokəm'pjʊtɚ/,"/'maɪkrə(ʊ)kɒm,pjuːtə/","The merchant sold electrical appliances, such as microcomputer, microphone, microprocessor and microwave ovens.",商人卖一些电器，比如微型计算机，话筒，微处理器和微波炉。
en:microscope:noun:1,microscope,noun,显微镜,n 显微镜,/'maɪkrəskop/,/'maɪkrəskəʊp/,The slightest movement will defocus the microscope.,最轻微的运动都会使显微镜散焦。
en:microwave:noun:1,microwave,noun,微波,n 微波,/'maɪkrə'wev/,/'maɪkrə(ʊ)weɪv/,I’ll heat it up in the microwave.,我来把它用微波炉热一热。
en:midday:noun:1,midday,noun,中午；正午,n 中午；正午；adj 正午的,"/,mɪd'de/",/mɪd'deɪ/,We stopped off in Colchester for our midday meal .,我们中途在科尔切斯特停留吃了午饭。
en:middle:adjective:1,middle,adjective,中间的，中部的；中级的，中等的,adj 中间的，中部的；中级的，中等的；n 中间，中央；腰部,/'mɪdl/,/'mɪd(ə)l/,driving in the middle lane of the motorway,在高速公路的中间车道上行驶
en:midnight:noun:1,midnight,noun,午夜，半夜12点钟,n 午夜，半夜12点钟；adj 半夜的；漆黑的,/'mɪdnaɪt/,/'mɪdnaɪt/,You can’t phone her now – it’s gone midnight (= after midnight ) !,你现在不能打电话给她，都过午夜了！
en:might:noun:1,might,noun,力量；威力；势力,n 力量；威力；势力；v 可以；或许（may的过去式）；应该；aux 可能；也许,/maɪt/,/maɪt/,two individuals who took on the might of the English legal system,挑战英国法律制度权威的两个人
en:mild:adjective:1,mild,adjective,温和的；轻微的；淡味的；文雅的；不含有害物质的的,adj 温和的；轻微的；淡味的；文雅的；不含有害物质的的；n （英国的一种）淡味麦芽啤酒,/maɪld/,/maɪld/,We had an exceptionally mild winter last year.,去年冬天我们这里异常暖和。
en:mile:noun:1,mile,noun,英里；一英里赛跑；较大的距离,n 英里；一英里赛跑；较大的距离,/maɪl/,/maɪl/,It’s 40 miles from here to the Polish border.,从这里到波兰边界有40英里。
en:milk:noun:1,milk,noun,牛奶；乳状物,n 牛奶；乳状物；v 榨取；挤…的奶,/mɪlk/,/mɪlk/,a bottle of milk,一瓶奶
en:million:noun:1,million,noun,百万；无数,n 百万；无数；adj 百万的；无数的；num 百万,/'mɪljən/,/'mɪljən/,The book sold more than a million copies.,这本书售出了一百多万册。
en:millionaire:noun:1,millionaire,noun,百万富翁；大富豪,n 百万富翁；大富豪；adj 100万以上人口的,"/,mɪljə'nɛr/",/mɪljə'neə/,an American millionaire,一位美国百万富翁
en:mind:noun:1,mind,noun,理智，精神；意见；智力；记忆力,n 理智，精神；意见；智力；记忆力；v 介意；专心于；照料,/maɪnd/,/maɪnd/,"The Internet, to my mind, represents information exchange at its best.",因特网在我看来是最好的信息交换方式。
en:mine:noun:1,mine,noun,矿，矿藏；矿山，矿井；地雷，水雷,n 矿，矿藏；矿山，矿井；地雷，水雷；v 开采，采掘；在…布雷；pron 我的,/maɪn/,/maɪn/,They learnt how to lay mines (= put them in place ) .,他们学习了如何布雷。
en:mineral:noun:1,mineral,noun,矿物；（英）矿泉水；无机物；苏打水（常用复数表示）,n 矿物；（英）矿泉水；无机物；苏打水（常用复数表示）；adj 矿物的；矿质的,/'mɪnərəl/,/'mɪn(ə)r(ə)l/,The area is very rich in minerals .,该地区矿产非常丰富。
en:minibus:noun:1,minibus,noun,面包车（等于microbus）；小型公共汽车；中客车,n 面包车（等于microbus）；小型公共汽车；中客车；vi 乘中客车,/'mɪnɪbʌs/,/'mɪnɪbʌs/,He was then taken by minibus to the military base.,接着他被小型公共汽车带到了军事基地。
en:minimum:noun:1,minimum,noun,最小值；最低限度；最小化；最小量,n 最小值；最低限度；最小化；最小量；adj 最小的；最低的,/'mɪnɪməm/,/'mɪnɪməm/,"At a minimum, we must recruit two new teachers.",我们最起码应该招两名新教师。
en:miniskirt:noun:1,miniskirt,noun,超短裙；迷你短裙,n 超短裙；迷你短裙,/'mɪnɪ'skɝt/,/'mɪnɪskɜːt/,,
en:minister:noun:1,minister,noun,部长；大臣；牧师,n 部长；大臣；牧师；v 执行牧师职务；辅助或伺候某人,/'mɪnɪstɚ/,/'mɪnɪstə/,a senior Cabinet minister,资深的内阁部长
en:ministry:noun:1,ministry,noun,（政府的）部门,n （政府的）部门,/'mɪnɪstri/,/'mɪnɪstrɪ/,...the Ministry of Justice.,…司法部。
en:minority:noun:1,minority,noun,少数民族；少数派；未成年,n 少数民族；少数派；未成年；adj 少数的；属于少数派的,/maɪ'nɔrəti/,/maɪ'nɒrɪtɪ; mɪ-/,Gaelic is still spoken in Ireland by a tiny minority.,爱尔兰仍有极少数人在说盖尔语。
en:minus:preposition:1,minus,preposition,减，减去,prep 减，减去；n 负号，减号；不足；负数；adj 减的；负的,/'maɪnəs/,/'maɪnəs/,17 minus 5 is 12 (17–5=12).,17减5等于12。
en:minute:noun:1,minute,noun,分，分钟；片刻，一会儿；备忘录，笔记；会议记录,n 分，分钟；片刻，一会儿；备忘录，笔记；会议记录；v 将…记录下来；adj 微小的，详细的 [maɪˈnjuːt; US -ˈnuːt; maɪˋnut],/'mɪnɪt/,/'mɪnɪt/,It takes me ten minutes to walk to work.,我步行上班要用十分钟。
en:mirror:noun:1,mirror,noun,镜子；真实的写照；榜样,n 镜子；真实的写照；榜样；v 反射；反映,/'mɪrɚ/,/'mɪrə/,He spends hours in front of the mirror !,他老是照镜子！
en:miss:noun:1,miss,noun,女士，小姐，年轻未婚女子,n 女士，小姐，年轻未婚女子,/mɪs/,/mɪs/,I’d like to make an appointment with Miss Taylor.,我想约一下泰勒小姐。
en:miss:noun:2,Miss,noun,女士，小姐，年轻未婚女子,n 女士，小姐，年轻未婚女子,,,"It was nice talking to you, Miss Ellis.",很高兴与你交谈，埃利斯小姐。
en:missile:noun:1,missile,noun,导弹；投射物,n 导弹；投射物；adj 导弹的；可投掷的；用以发射导弹的,/'mɪsl/,/'mɪsaɪl/,a nuclear missile,核导弹
en:mist:noun:1,mist,noun,薄雾；视线模糊不清；模糊不清之物,n 薄雾；视线模糊不清；模糊不清之物；v 下雾；变模糊,/mɪst/,/mɪst/,We could just see the outline of the house through the mist.,薄雾中我们只能看到房子的轮廓。
en:mistake:noun:1,mistake,noun,错误；误会；过失,n 错误；误会；过失；v 弄错；误解,/mɪ'stek/,/mɪ'steɪk/,The most common mistake is to plant them too deep.,最常见的错误就是把它们种得太深了。
en:mistaken:adjective:1,mistaken,adjective,错误的；弄错的；被误解的,adj 错误的；弄错的；被误解的；v 弄错（mistake的过去分词）,/mɪ'stekən/,/mɪ'steɪk(ə)n/,It can’t have been my car. You must be mistaken.,那不可能是我的车，你一定弄错了。
en:misunderstand:verb:1,misunderstand,verb,误解；误会,v 误解；误会,"/,mɪsʌndɚ'stænd/","/,mɪsʌndə'stænd/","Rachel, you must have misunderstood her! Ellie would never say something like that.",雷切尔，你一定是误会她了！埃莉绝不会说那样的话。
en:mix:verb:1,mix,verb,配制；混淆；使混和；使结交,v 配制；混淆；使混和；使结交；n 混合；混合物；混乱,/mɪks/,/mɪks/,Oil and water don’t mix.,油和水不相融。
en:mixture:noun:1,mixture,noun,混合；混合物；混合剂,n 混合；混合物；混合剂,/'mɪkstʃɚ/,/'mɪkstʃə/,Pour the mixture into four small dishes.,把混合料倒入四个小碟子里。
en:mm:adjective:1,mm,adjective,毫米（millimeter）,abbr 毫米（millimeter）；n 缅甸的域名,/əm/,/əm/,"We have full stereo sound, video, 35 mm slides.",我们有立体声、视频及35 毫米幻灯片。
en:mobile:adjective:1,mobile,adjective,可移动的；机动的；易变的；非固定的,adj 可移动的；机动的；易变的；非固定的；n 运动物体,/ˈmobəl; ˈmoˌbaɪl; ˈmoˌbil/,/ˈməʊbaɪl/,mobile air-conditioners,移动式空调器
en:model:noun:1,model,noun,模型；典型；模范；模特儿；样式,n 模型；典型；模范；模特儿；样式；v 模拟；塑造；模仿；adj 模范的；作模型用的,/'mɑdl/,/'mɒdl/,a working model (= one with parts which move ) of a steam engine,蒸汽机车的活动模型
en:modem:noun:1,modem,noun,调制解调器（等于modulator-demodulator）,n 调制解调器（等于modulator-demodulator）,/'mo'dɛm/,/'məʊdem/,He sent his work to his publishers by modem.,他通过调制解调器把作品发给他的出版商。
en:modern:adjective:1,modern,adjective,现代的，近代的；时髦的,adj 现代的，近代的；时髦的；n 现代人；有思想的人,/'mɑdɚn/,/'mɒd(ə)n/,Such companies must change if they are to compete in the modern world .,此类公司如果想在现代社会中与别人竞争，就必须有所改变。
en:modest:adjective:1,modest,adjective,谦虚的，谦逊的；适度的；端庄的；羞怯的,adj 谦虚的，谦逊的；适度的；端庄的；羞怯的；n (Modest)人名；(罗)莫代斯特；(德)莫德斯特；(俄)莫杰斯特,/'mɑdɪst/,/'mɒdɪst/,You’re too modest! You’ve been a huge help to us.,你太谦虚了！你帮了我们大忙呢。
en:mom:noun:1,Mom,noun,妈妈,n 妈妈,/mɑm/,/mɒm/,We waited for Mom and Dad to get home.,我们等着爸爸妈妈回家。
en:moment:noun:1,moment,noun,片刻，瞬间，时刻；重要，契机,n 片刻，瞬间，时刻；重要，契机,/'momənt/,/'məʊm(ə)nt/,It was one of the most exciting moments in his life.,这是他一生中最激动人心的时刻之一。
en:mommy:noun:1,mommy,noun,妈咪,n 妈咪,/'mɑmi/,/'mɒmɪ/,Be very good and very quiet and help your mommy.,你要乖乖的，安静些，要帮妈咪。
en:monday:noun:1,Monday,noun,星期一,n 星期一,/ˈmʌnde; ˈmʌndɪ/,/ˈmʌndeɪ; ˈmʌndi/,The president announced Monday that he would cancel the debt.,总统周一宣布他会取消这笔债务。
en:money:noun:1,money,noun,钱；货币；财富,n 钱；货币；财富,/'mʌni/,/'mʌnɪ/,Don’t spend all your money on the first day of your holiday!,别在度假的第一天就把钱都花完了！
en:monitor:noun:1,monitor,noun,监视器；监听器；监控器；显示屏；班长,n 监视器；监听器；监控器；显示屏；班长；v 监控,/'mɔnɪtɚ/,/'mɒnɪtə/,a heart monitor,心脏监测仪
en:monkey:noun:1,monkey,noun,猴子；顽童,n 猴子；顽童；v 胡闹；捣蛋,/'mʌŋki/,/'mʌŋkɪ/,"Stop that, you little monkey!",别这样，你这个小淘气鬼！
en:month:noun:1,month,noun,月，一个月的时间,n 月，一个月的时间,/mʌnθ/,/mʌnθ/,I hope I’ll have finished the work by the end of the month .,我希望我这个月底能完成工作。
en:monument:noun:1,monument,noun,纪念碑；历史遗迹；不朽的作品,n 纪念碑；历史遗迹；不朽的作品；vt 为…树碑,/'mɑnjumənt/,/'mɒnjʊm(ə)nt/,He erected a monument on the spot where his daughter was killed.,他在女儿遇难的地方立了块纪念碑。
en:moon:noun:1,moon,noun,月亮；月球；月光；卫星,n 月亮；月球；月光；卫星；v 闲荡；出神,/mun/,/muːn/,the craters on the surface of the moon,月球表面的环形山
en:mop:verb:1,mop,verb,擦干；用拖把拖洗,v 擦干；用拖把拖洗；n 拖把；蓬松的头发；鬼脸,/mɑp/,/mɒp/,She carried on mopping the floor.,她继续用拖把拖地。
en:moral:adjective:1,moral,adjective,道德的；精神上的；品性端正的,adj 道德的；精神上的；品性端正的；n 道德；寓意,/'mɔrəl/,/'mɒr(ə)l/,It is easy to have an opinion on a moral issue like the death penalty for murder.,对于判谋杀犯死刑这种涉及伦理道德的问题，有个观点并非难事。
en:more:adverb:1,more,adverb,更多；此外；更大程度地,adv 更多；此外；更大程度地；adj 更多的；附加的；pron 更多的数量；n 更多,/mɔr/,/mɔː/,She cares a lot more for her dogs than she does for me.,她关心她的狗远远超过关心我。
en:morning:noun:1,morning,noun,早晨；黎明；初期,n 早晨；黎明；初期,/'mɔrnɪŋ/,/'mɔːnɪŋ/,I hated those cold winter mornings.,我讨厌冬天里寒冷的早晨。
en:moscow:noun:1,Moscow,noun,莫斯科（俄罗斯首都）,n 莫斯科（俄罗斯首都）,/ˈmɑsˌkaʊ/,/'mɔskəʊ/,Must go... to Moscow!,一定要去莫斯科！
en:moslem:adjective:1,Moslem,adjective,穆斯林的；伊斯兰教的；回教的,adj 穆斯林的；伊斯兰教的；回教的；n 穆斯林；穆罕默德信徒；伊斯兰,/'mɑzləm/,/'mɒzləm/,"She tells me that if the religious scholars say so, she will engage in Moslem operations: suicide attacks.",她告诉我如果宗教学者希望他们那么做，她也将义无反顾的采取穆斯林的反抗活动—自杀攻击。
en:mosquito:noun:1,Mosquito,noun,蚊子,n 蚊子,/məˈskiːtoʊ/,/mɒ'skiːtəʊ/,mosquito net,n. 蚊帐
en:most:adverb:1,most,adverb,最；非常，极其；最多；几乎,adv 最；非常，极其；最多；几乎；adj 大部分的，多数的；最多的；n 大部分，大多数,/most/,/məʊst/,She’s one of the most experienced teachers in the district.,她是该地区最有经验的教师之一。
en:mother:noun:1,mother,noun,母亲；大娘；女修道院院长,n 母亲；大娘；女修道院院长；v 生下；养育；像母亲般关怀或照管；adj 母亲的；出生地的,/'mʌðɚ/,/'mʌðə/,His mother and father are both doctors.,他的父母都是医生。
en:motherland:noun:1,motherland,noun,祖国；母国,n 祖国；母国,/'mʌðɚlænd/,/'mʌðəlænd/,They are willing to die for the motherland.,他们愿为祖国牺牲生命。
en:motivation:noun:1,motivation,noun,动机；积极性；推动,n 动机；积极性；推动,"/,motə'veʃən/",/məʊtɪ'veɪʃ(ə)n/,"Jack is an intelligent pupil, but he lacks motivation.",杰克是一个很聪明的学生，但学习不够主动。
en:motor:noun:1,motor,noun,发动机，马达；汽车,n 发动机，马达；汽车；adj 汽车的；机动的；v 乘汽车,/'motɚ/,/'məʊtə/,an electric motor,电动马达
en:motorbike:noun:1,motorbike,noun,摩托车,n 摩托车,/'motɚbaɪk/,/'məʊtəbaɪk/,The motorbike is supposed to make annoying noise.,摩托车当然会发出令人感到烦恼的噪音。
en:motorcycle:noun:1,motorcycle,noun,摩托车；机动车,n 摩托车；机动车；v 骑摩托车,/'motɚ'saɪkl/,/'məʊtəsaɪk(ə)l/,You'd better encash your motorcycle at once.,你最好马上卖掉摩托车换成现款。
en:motto:noun:1,motto,noun,座右铭，格言；箴言,n 座右铭，格言；箴言,/'mɑto/,/'mɒtəʊ/,‘Be prepared’ is the motto of the Boy Scouts.,“时刻准备着”是童子军的格言。
en:mountain:noun:1,mountain,noun,山；山脉,n 山；山脉,/ˈmaʊntn/,/ˈmaʊntən/,the highest mountain in Austria,奥地利最高的山
en:mountainous:adjective:1,mountainous,adjective,多山的；巨大的；山一般的,adj 多山的；巨大的；山一般的,/'maʊntənəs/,/'maʊntɪnəs/,the mountainous coast of Wales,威尔士多山的海岸
en:mourn:verb:1,mourn,verb,哀悼；忧伤；服丧,v 哀悼；忧伤；服丧,/mɔrn/,/mɔːn/,Hundreds of people gathered to mourn the slain president.,成百上千人聚集在一起悼念遇刺的总统。
en:mouse:noun:1,mouse,noun,鼠标；老鼠；胆小羞怯的人,n 鼠标；老鼠；胆小羞怯的人；v 探出,/maʊs/,/maʊs/,The cat laid a dead mouse at my feet.,猫把一只死老鼠放在我的脚边。
en:moustache:noun:1,moustache,noun,小胡子；髭；触须,n 小胡子；髭；触须,/mə'stɑʃ/,/mə'stɑːʃ/,He’s shaved off his moustache.,他剃去了小胡子。
en:mouth:noun:1,mouth,noun,口，嘴；河口,n 口，嘴；河口；v 做作地说，装腔作势地说；喃喃地说出,/maʊθ/,/maʊθ/,He lifted his glass to his mouth.,他把玻璃杯举到嘴边。
en:mouthful:noun:1,mouthful,noun,一口，满口,n 一口，满口,/'maʊθ'fʊl/,/'maʊθfʊl; -f(ə)l/,Michael told his story between mouthfuls.,迈克尔边吃边讲他的故事。
en:move:noun:1,move,noun,移动；步骤；迁居；策略,n 移动；步骤；迁居；策略；v 移动；搬家，迁移；离开,/muv/,/muːv/,Good gymnasts rehearse their moves mentally before a competition.,优秀的体操运动员赛前都会在心中默默地把动作过一遍。
en:movement:noun:1,movement,noun,运动；活动；运转；乐章,n 运动；活动；运转；乐章,/'muvmənt/,/'muːvm(ə)nt/,It's part of a broader nationalist movement that's gaining strength throughout the country.,这是一场正在全国范围内日益壮大的更为广泛的民族主义运动的一部分。
en:movie:noun:1,movie,noun,电影；电影院；电影业,n 电影；电影院；电影业；adj 电影的,/'muvi/,/'muːvɪ/,It was like one of those old John Wayne movies.,这部电影有点像约翰•韦恩演的一部老片子。
en:much:adverb:1,much,adverb,非常，很,adv 非常，很；adj 大量的；n 许多，大量；pron 许多，大量,/mʌtʃ/,/mʌtʃ/,The day ended much as it began.,这一天结束时还像开始时一样。
en:mud:verb:1,mud,verb,弄脏；用泥涂,v 弄脏；用泥涂；n 泥；诽谤的话；无价值的东西,/mʌd/,/mʌd/,They daubed mud all over themselves.,他们用泥涂满全身。
en:muddy:adjective:1,muddy,adjective,泥泞的；模糊的；混乱的,adj 泥泞的；模糊的；混乱的；v 使污浊；使沾上泥；把…弄糊涂,/'mʌdi/,/'mʌdɪ/,Take your boots off outside if they’re muddy.,要是靴子上都是泥，你就脱在门外吧。
en:multiply:verb:1,multiply,verb,乘；使增加；使繁殖；使相乘,v 乘；使增加；使繁殖；使相乘；adv 多样地；复合地；adj 多层的；多样的,/'mʌltɪplaɪ/,/'mʌltɪplaɪ/,Children will learn to multiply in the second grade.,儿童在二年级学习乘法。
en:murder:verb:1,murder,verb,谋杀，凶杀,v 谋杀，凶杀；n 谋杀，凶杀,/'mɝdɚ/,/'mɜːdə/,He was convicted of murdering a policeman.,他被判谋杀一名警察的罪名成立。
en:museum:noun:1,museum,noun,博物馆,n 博物馆,/mju'ziəm/,/mjuː'zɪəm/,the Museum of Modern Art,现代艺术博物馆
en:mushroom:noun:1,mushroom,noun,蘑菇，伞菌；蘑菇形物体；暴发户,n 蘑菇，伞菌；蘑菇形物体；暴发户；adj 蘑菇的；蘑菇形的；迅速生长的；v 迅速增加；采蘑菇；迅速生长,/'mʌʃrʊm/,/'mʌʃruːm; -rʊm/,mushroom soup,蘑菇汤
en:music:noun:1,music,noun,音乐，乐曲,n 音乐，乐曲,/'mjuzɪk/,/'mjuːzɪk/,I often listen to classic music when I’m in the car.,我在车上经常听古典音乐。
en:musical:adjective:1,musical,adjective,音乐的；悦耳的,adj 音乐的；悦耳的；n 音乐片,/'mjuzɪkl/,/'mjuːzɪk(ə)l/,a musical version of the fairy tale ‘Cinderella’,童话故事《灰姑娘》的音乐剧版
en:musician:noun:1,musician,noun,音乐家,n 音乐家,/mjʊ'zɪʃən/,/mjuː'zɪʃ(ə)n/,a talented young musician,有天赋的年轻音乐家
en:must:auxiliary:1,must,auxiliary,必须，一定；可以，应当；很可能,aux 必须，一定；可以，应当；很可能；n 绝对必要的事物；未发酵葡萄汁,/mʌst/,/mʌst/,Warm clothes are a must in the mountains.,御寒衣物在山里是必不可少的。
en:mustard:noun:1,mustard,noun,芥末；芥菜；深黄色；强烈的兴趣,n 芥末；芥菜；深黄色；强烈的兴趣,/'mʌstɚd/,/'mʌstəd/,mustard seed,芥菜籽
en:mutton:noun:1,mutton,noun,羊肉,n 羊肉,/'mʌtn/,/'mʌt(ə)n/,...a leg of mutton.,…一条羊腿。
en:my:pronoun:1,my,pronoun,我的,pron 我的；int 哎呀（表示惊奇等）；喔唷；n (My)人名；(越)美；(老、柬)米,/maɪ/,/maɪ/,All my friends do not smoke.,我的朋友并不全都吸烟。
en:myself:pronoun:1,myself,pronoun,我自己；我亲自；我的正常的健康状况和正常情绪,pron 我自己；我亲自；我的正常的健康状况和正常情绪,/maɪ'sɛlf/,/maɪ'self/,I blame myself for what has happened.,发生这一切都怪我自己。
en:nail:verb:1,nail,verb,钉；使固定；揭露,v 钉；使固定；揭露；n [解剖] 指甲；钉子,/nel/,/neɪl/,Frank put the first plank down and nailed it in place.,弗兰克放下第一块木板，把它钉到位。
en:name:noun:1,name,noun,名称，名字；姓名；名誉,n 名称，名字；姓名；名誉；v 命名，任命；指定；称呼；提名；叫出；adj 姓名的；据以取名的,/nem/,/neɪm/,Her name is Mandy Wilson.,她的名字是曼迪•威尔逊。
en:narrow:adjective:1,narrow,adjective,狭窄的，有限的；勉强的；精密的；度量小的,adj 狭窄的，有限的；勉强的；精密的；度量小的；n 海峡；狭窄部分，隘路；v 使变狭窄,/'næro/,/'nærəʊ/,The stairs were very narrow.,楼梯非常狭窄。
en:nation:noun:1,nation,noun,国家；民族；国民,n 国家；民族；国民,/'neʃən/,/'neɪʃ(ə)n/,the President’s radio broadcast to the nation,总统对全国的广播讲话
en:national:adjective:1,national,adjective,国家的；国民的；民族的；国立的,adj 国家的；国民的；民族的；国立的；n 国民,/'næʃnəl/,/'næʃ(ə)n(ə)l/,Religion matters very much at a national level.,宗教事务在全国都非常重要。
en:nationality:noun:1,nationality,noun,国籍，国家；民族；部落,n 国籍，国家；民族；部落,"/,næʃə'næləti/",/næʃə'nælɪtɪ/,people of the same nationality,同国籍的人
en:nationwide:adjective:1,nationwide,adjective,全国范围的；全国性的,adj 全国范围的；全国性的；adv 在全国,"/,neʃn'waɪd/",/'neɪʃ(ə)nwaɪd; -'waɪd/,a nationwide search for a missing British tourist,在全国范围内对一名失踪英国游客的搜寻
en:native:adjective:1,native,adjective,本国的；土著的；天然的；与生俱来的；天赋的,adj 本国的；土著的；天然的；与生俱来的；天赋的；n 本地人；土产；当地居民,/'netɪv/,/'neɪtɪv/,They never saw their native land again.,他们再也没见到故土。
en:natural:adjective:1,natural,adjective,自然的；物质的；天生的；不做作的,adj 自然的；物质的；天生的；不做作的；n 自然的事情；白痴；本位音,/'nætʃrəl/,/'nætʃ(ə)r(ə)l/,the study of the natural world,对自然界的研究
en:nature:noun:1,nature,noun,自然；性质；本性；种类,n 自然；性质；本性；种类,/'netʃɚ/,/'neɪtʃə/,"We grew up in the countryside, surrounded by the beauties of nature.",我们在乡村长大，周围是美丽的大自然。
en:navy:noun:1,navy,noun,海军,n 海军,/'nevi/,/'neɪvɪ/,the British Navy,英国海军
en:near:adjective:1,near,adjective,近的；亲近的；近似的,adj 近的；亲近的；近似的；adv 近；接近；prep 靠近；近似于,/nɪr/,/nɪə/,It’s a beautiful house but it’s 20 miles away from the nearest town.,房子很漂亮，但离最近的城镇也有20英里。
en:nearby:adjective:1,nearby,adjective,附近的，邻近的,adj 附近的，邻近的；adv 在附近；prep 在…附近,"/,nɪr'baɪ/",/'nɪəbaɪ/,Lucy was staying in the nearby town of Hamilton.,露西当时住在附近的汉密尔顿镇。
en:nearly:adverb:1,nearly,adverb,差不多，几乎；密切地,adv 差不多，几乎；密切地,/'nɪrli/,/'nɪəlɪ/,It took nearly two hours to get here.,到这里花了将近两小时。
en:neat:adjective:1,neat,adjective,灵巧的；整洁的；优雅的；齐整的；未搀水的；平滑的,adj 灵巧的；整洁的；优雅的；齐整的；未搀水的；平滑的,/nit/,/niːt/,neat handwriting,工整的笔迹
en:necessary:adjective:1,necessary,adjective,必要的；必需的；必然的,adj 必要的；必需的；必然的；n 必需品,/ˈnɛsəˌsɛri/,/ˈnɛsɪsərɪ/,The booklet provides all the necessary information about the college.,这本小册子提供了关于那所学院的所有必需信息。
en:neck:noun:1,neck,noun,脖子；衣领；海峡,n 脖子；衣领；海峡；v 搂著脖子亲吻；变狭窄,/nɛk/,/nek/,Mike rubbed the back of his neck.,迈克揉了揉后颈。
en:necklace:noun:1,necklace,noun,项链,n 项链,/'nɛkləs/,/'neklɪs/,...a diamond necklace and matching earrings.,…一条钻石项链和与之相配的耳环。
en:necktie:noun:1,necktie,noun,领带,n 领带,/'nɛk'tai/,/'nektaɪ/,Really? I should untie the necktie right now.,真的吗？那我还是赶紧把领带解了。
en:need:noun:1,need,noun,需要，要求；缺乏；必要之物,n 需要，要求；缺乏；必要之物；v 需要,/nid/,/niːd/,She works to provide for her family’s basic needs.,她工作是为了维持家里的基本生计。
en:needle:noun:1,needle,noun,针；指针；刺激；针状物,n 针；指针；刺激；针状物；v 缝纫；做针线,/'nidl/,/'niːd(ə)l/,She carried hypodermic needles and syringes in her bag.,她包里带着皮下注射针和针筒。
en:negotiate:verb:1,negotiate,verb,谈判，商议；转让；越过,v 谈判，商议；转让；越过,/nɪ'ɡoʃɪet/,/nɪ'gəʊʃɪeɪt/,His first aim is to get the warring parties back to the negotiating table (= discussing something ).,他的首要目标就是把交战各方拉回到谈判桌上。
en:neighbour:noun:1,neighbour,noun,n邻居;同胞；仁慈的人,n n邻居;同胞；仁慈的人；v 邻接；adj 邻居的；邻近的,/'neɪbə(r); 'neɪbɚ/,/'neɪbə/,One of the neighbors complained about the noise from the party.,有位邻居抱怨聚会太吵。
en:neighbourhood:noun:1,neighbourhood,noun,邻近；周围；邻居关系；附近一带,n 邻近；周围；邻居关系；附近一带,/nebɚˌhʊd/,/ˈneɪbəhʊd/,Be quiet! You’ll wake up the whole neighbourhood!,安静点！ 你会把邻居全都吵醒的！
en:neither:conjunction:1,neither,conjunction,也不；既不,conj 也不；既不；adv 两个都不；既不……也不；adj 两者都不的；pron 两者都不,/ˈniðɚ; ˈnaɪðɚ/,/ˈnaɪðə; ˈniːðə/,Neither Oleg’s mother nor his father spoke English.,奥列格的父母都不会说英语。
en:nephew:noun:1,nephew,noun,侄子；外甥,n 侄子；外甥,/'nɛfju/,/'nefjuː; 'nevjuː/,I am planning a 25th birthday party for my nephew.,我正在为侄子筹划他25岁的生日聚会。
en:nervous:adjective:1,nervous,adjective,神经的；紧张不安的；强健有力的,adj 神经的；紧张不安的；强健有力的,/'nɝvəs/,/'nɜːvəs/,I wish you’d stop looking at me like that. You’re making me nervous.,我希望你不要再那样看着我了，你让我紧张。
en:nest:noun:1,nest,noun,巢，窝；安乐窝；温床,n 巢，窝；安乐窝；温床；v 筑巢；嵌套,/nɛst/,/nest/,a bird’s nest,鸟窝
en:net:noun:1,net,noun,网；网络；净利；实价,n 网；网络；净利；实价；v 编网；adj 纯粹的；净余的,/nɛt/,/net/,Bruce spends most evenings surfing the Net (= looking at information in different places on the Internet ).,布鲁斯晚上大多在网上浏览信息。
en:network:noun:1,network,noun,网络；广播网；网状物,n 网络；广播网；网状物,/'nɛtwɝk/,/'netwɜːk/,Hungary’s telephone network,匈牙利的电话网
en:never:adverb:1,never,adverb,从未；决不,adv 从未；决不,/'nɛvɚ/,/'nevə/,He’s never been to Australia.,他从未去过澳大利亚。
en:new:adjective:1,new,adjective,新的，新鲜的；更新的；初见的,adj 新的，新鲜的；更新的；初见的；adv 新近；n (New)人名；(英)纽,/nu/,/njuː/,the city’s new hospital,市里新建的医院
en:news:noun:1,news,noun,新闻，消息；新闻报导,n 新闻，消息；新闻报导,/nuz/,/njuːz/,I hope to have some good news for you soon.,我希望很快就能给你好消息。
en:newspaper:noun:1,newspaper,noun,报纸,n 报纸,/'nuzpepɚ/,/'njuːzpeɪpə; 'njuːs-/,She had read about it in the newspapers.,关于这件事她已经在报纸上看到了。
en:next:adverb:1,next,adverb,然后；下次；其次,adv 然后；下次；其次；adj 下一个的；其次的；贴近的；n 下一个；prep 靠近；居于…之后,/nɛkst/,/nekst/,When I next saw her she completely ignored me.,我再次见到她时，她压根儿没有理我。
en:nice:adjective:1,nice,adjective,精密的；美好的；细微的；和蔼的,adj 精密的；美好的；细微的；和蔼的；n (Nice)人名；(英)尼斯,/naɪs/,/naɪs/,They’ve got a very nice house.,他们的房子真漂亮。
en:niece:noun:1,niece,noun,外甥女，侄女,n 外甥女，侄女,/nis/,/niːs/,"...his niece, the daughter of his eldest sister.",…他的外甥女，他大姐的女儿。
en:night:noun:1,night,noun,夜晚，晚上；黑暗，黑夜,n 夜晚，晚上；黑暗，黑夜；adj 夜晚的，夜间的,/naɪt/,/naɪt/,It was a cold moonlit night.,那是个寒冷的月夜。
en:nine:noun:1,nine,noun,九，九个,n 九，九个；num 九；九个；adj 九的，九个的,/naɪn/,/naɪn/,He’s only been in this job for nine months.,他干这份工作才九个月。
en:nineteen:numeral:1,nineteen,numeral,十九,num 十九,"/,naɪn'tin/",/naɪn'tiːn; 'naɪntiːn/,It was nineteen minutes past seven.,当时是7点19分。
en:ninety:noun:1,ninety,noun,九十,n 九十；adj 九十的；九十岁的；num 九十,/'naɪnti/,/'naɪntɪ/,America was far richer in the nineties.,90年代的美国要富裕得多。
en:ninth:numeral:1,ninth,numeral,第九,num 第九；adj 第九的；九分之一的；n 九分之一,/naɪnθ/,/'naɪnθ/,"In that region, Chile went from ninth to first, overall, as Chilean mobile web use increased by 3200% over the past year.",智利从这一地区的第九跃升到第一位，因为智利的移动网络用户在过去一年增长了 3200% 。
en:no:adverb:1,no,adverb,不,adv 不；adj 没有；不是；n 不；否决票；abbr 数字（number）；元素锘（nobelium）的符号,/no/,/nəʊ/,"‘Are you Italian?’ ‘No, I’m Spanish.’",“你是意大利人吗？”“不，我是西班牙人。”
en:noble:adjective:1,noble,adjective,高尚的；贵族的；惰性的；宏伟的,adj 高尚的；贵族的；惰性的；宏伟的；n 贵族；vt 抓住；逮捕,/'nobl/,/'nəʊb(ə)l/,It’s very noble of you to spend all your weekends helping the old folk.,你心地真好，周末的时间全都用来帮助老人。
en:nobody:pronoun:1,nobody,pronoun,无人，没有人；没有任何人,pron 无人，没有人；没有任何人；n 无名小卒；小人物,"/'nəubədi, -bɔdi/",/'nəʊbədɪ/,I knocked on the door but nobody answered.,我敲了敲门，但没人应门。
en:nod:noun:1,nod,noun,点头；打盹；摆动,n 点头；打盹；摆动；v 点头；点头表示,/nɑd/,/nɒd/,The woman greeted us with a nod of the head.,那个女人向我们点点头打招呼。
en:noise:noun:1,noise,noun,[环境] 噪音；响声；杂音,n [环境] 噪音；响声；杂音；v 谣传,/nɔɪz/,/nɒɪz/,What’s that noise?,那是什么声音？
en:noisily:adverb:1,noisily,adverb,吵闹地，喧闹地,adv 吵闹地，喧闹地,,,"It’s a colorful scene - laborers unload noisily, and small groups of women haggle for the pots of crabs and sardines to sell at village markets.",在这个热闹的环境中，工人喧闹地卸着船，三五成群的妇女正在为一盆盆螃蟹和沙丁鱼讨价还价，以便在村里的鱼市出售。
en:noisy:adjective:1,noisy,adjective,嘈杂的；喧闹的；聒噪的,adj 嘈杂的；喧闹的；聒噪的,/'nɔɪzi/,/'nɒɪzɪ/,The kids have been really noisy today.,孩子们今天实在是吵。
en:none:pronoun:1,none,pronoun,没有人；一个也没有；没有任何东西,pron 没有人；一个也没有；没有任何东西；adj 没有的，一点没有的；adv 决不，一点也不；n (None)人名；(葡、罗)诺内；(日)野根(姓),/nʌn/,/nʌn/,I wish I could offer you some cake but there’s none left.,我真想能请你吃些蛋糕，但一点也没剩的了。
en:noodle:noun:1,noodle,noun,面条；笨蛋,n 面条；笨蛋,/'nʊdl/,/'nuːd(ə)l/,Serve the meat with rice or noodles.,肉配米饭或面条一起上。
en:noon:noun:1,noon,noun,中午；正午；全盛期,n 中午；正午；全盛期,/nun/,/nuːn/,We met at 12 noon.,我们中午12点见了面。
en:nor:conjunction:1,nor,conjunction,也不；也不是,conj 也不；也不是；adv 也不；也没有；n (Nor)人名；(中)挪(广东话·威妥玛)；(马来、俄)诺尔；(柬)诺,/nɔr/,/nɔː; nə/,He can neither read nor write (= he cannot read or write ).,他既不会读也不会写。
en:normal:adjective:1,normal,adjective,正常的；正规的，标准的,adj 正常的；正规的，标准的；n 正常；标准；常态,/'nɔrml/,/'nɔːm(ə)l/,A normal working week is 40 hours.,一个正常的工作周是40小时。
en:north:noun:1,north,noun,北，北方,n 北，北方；adj 北方的；朝北的；adv 在北方，向北方,/nɔrθ/,/nɔːθ/,Which way is north?,哪边是北？
en:northeast:adjective:1,northeast,adjective,东北的；向东北的；来自东北的,adj 东北的；向东北的；来自东北的；n 东北；adv 向东北；来自东北,/'nɔrθ'ist/,"/,nɔ:θ'i:st/",...a climate like that of our northeast coast.,…同我们东北部沿海气候相似的一种气候。
en:northern:adjective:1,northern,adjective,北部的；北方的,adj 北部的；北方的；n 北部方言,/'nɔrðɚn/,/'nɔːð(ə)n/,a man with a northern accent,带有北方口音的男子
en:northwards:adverb:1,northwards,adverb,向北,adv 向北,/'nɔrθwɚdz/,/'nɔːθwədz/,We sailed northwards.,我们向北航行。
en:northwest:adjective:1,northwest,adjective,西北的；向西北的；来自西北的,adj 西北的；向西北的；来自西北的；n 西北；adv 在西北；向西北；来自西北,/'nɔrθ'wɛst/,"/,nɔ:θ'west/",the northwest suburbs of the city,城市西北部的郊区
en:nose:noun:1,nose,noun,鼻子；嗅觉；突出的部分；探问,n 鼻子；嗅觉；突出的部分；探问；v 嗅；用鼻子触,/noz/,/nəʊz/,Someone punched him on the nose.,有人一拳打在他的鼻子上。
en:not:adverb:1,not,adverb,表示否定，不,adv 表示否定，不；n “非”（计算机中逻辑运算的一种）,/nɑt/,/nɒt/,Most of the stores do not open until 10 am.,大多数商店要到上午10点才开始营业。
en:note:noun:1,note,noun,笔记；音符；票据；注解；纸币；便笺；照会；调子,n 笔记；音符；票据；注解；纸币；便笺；照会；调子；v 注意；记录；注解,/not/,/nəʊt/,Can I borrow your lecture notes?,我能不能借用一下你的课堂笔记？
en:notebook:noun:1,notebook,noun,笔记本，笔记簿；手册,n 笔记本，笔记簿；手册,/'notbʊk/,/'nəʊtbʊk/,He brought out a notebook and pen from his pocket.,他从口袋里掏出了一个笔记本和一支钢笔。
en:nothing:noun:1,nothing,noun,没什么；毫不,neg 没什么；毫不；n 无；零；不关紧要之事；adv 毫不；决不；pron 无事；无物；int 什么也没有,/'nʌθɪŋ/,/'nʌθɪŋ/,I owe him nothing.,我不欠他什么。
en:notice:noun:1,notice,noun,通知，布告；注意；公告,n 通知，布告；注意；公告；v 通知；注意到；留心,/'notɪs/,/'nəʊtɪs/,I waved but they took no notice.,我挥了挥手，可是他们没有注意到。
en:novel:adjective:1,novel,adjective,新奇的；异常的,adj 新奇的；异常的；n 小说,/ˈnɑːvl/,/'nɒv(ə)l/,Protesters found a novel way of demonstrating against steeply rising oil prices.,抗议者们找到一种新奇的示威方式来反对石油价格的飙升。
en:novelist:noun:1,novelist,noun,小说家,n 小说家,/'nɑvlɪst/,/'nɒv(ə)lɪst/,The key to success as a romantic novelist is absolute belief in your story.,一个浪漫派小说家成功的关键在于对自己故事的绝对信念。
en:november:noun:1,November,noun,十一月,n 十一月,/no'vɛmbɚ/,/nə(ʊ)'vembə/,And again in November.,在十一月又一次。
en:now:adverb:1,now,adverb,现在；如今；立刻,adv 现在；如今；立刻；adj 现在的；n 现在；目前；conj 由于；既然,/naʊ/,/naʊ/,She's a widow now.,她现在是一个寡妇。
en:nowadays:adverb:1,nowadays,adverb,现今；时下,adv 现今；时下；n 当今,/'naʊədez/,/'naʊədeɪz/,Nowadays people are rarely shocked by the sex they see on television.,如今人们在电视上看见性爱镜头不太会感到吃惊了。
en:nowhere:adverb:1,nowhere,adverb,无处；任何地方都不；毫无结果,adv 无处；任何地方都不；毫无结果；n 无处；任何地方；无名之地；adj 不存在的；毫无结果的；不知名的,/'no'wɛr/,/'nəʊhweə/,Nowhere is drug abuse more of a problem than in the US.,没有什么地方的吸毒问题比美国更严重。
en:nuclear:adjective:1,nuclear,adjective,原子能的；[细胞] 细胞核的；中心的；原子核的,adj 原子能的；[细胞] 细胞核的；中心的；原子核的,/'nuklɪɚ/,/'njuːklɪə/,France’s reliance on nuclear energy,法国对核能的依赖
en:numb:verb:1,numb,verb,使麻木；使发愣；使失去感觉,v 使麻木；使发愣；使失去感觉；adj 麻木的；发愣的,/nʌm/,/nʌm/,The cold had numbed her fingers.,她的手指冻僵了。
en:number:noun:1,number,noun,数；（杂志等的）期；号码；数字；算术,n 数；（杂志等的）期；号码；数字；算术；v 计入；总数达到,/'nʌmbɚ/,/'nʌmbə/,They wrote various numbers on a large sheet of paper.,他们在一张大纸上写下了很多不同的数字。
en:nurse:verb:1,nurse,verb,看护，护理；照顾；培养；给…喂奶,v 看护，护理；照顾；培养；给…喂奶；n 护士；奶妈，保姆,/nɝs/,/nɜːs/,"Shaw has been nursing an injury, and will not play on Sunday.",肖一直在养伤，星期天将不参加比赛。
en:nursery:noun:1,nursery,noun,苗圃；托儿所；温床,n 苗圃；托儿所；温床,/'nɝsəri/,/'nɜːs(ə)rɪ/,She puts her baby in this nursery and then goes back to work.,她把孩子送到这家托儿所然后回去上班。
en:nursing:noun:1,nursing,noun,护理；看护；养育,n 护理；看护；养育；v 看护；养育（nurse的ing形式）,/'nɝsɪŋ/,/'nɜːsɪŋ/,I’d love to go into nursing.,我很乐意从事护理行业。
en:nut:noun:1,nut,noun,螺母，螺帽；坚果；难对付的人，难解的问题,n 螺母，螺帽；坚果；难对付的人，难解的问题；v 采坚果,/nʌt/,/nʌt/,a pine nut,松子
en:nutrition:noun:1,nutrition,noun,营养，营养学；营养品,n 营养，营养学；营养品,/nu'trɪʃən/,/njʊ'trɪʃ(ə)n/,Nutrition and exercise are essential to fitness and health.,营养和运动是保持健康所必不可少的。
en:nylon:noun:1,nylon,noun,尼龙，[纺] 聚酰胺纤维；尼龙袜,n 尼龙，[纺] 聚酰胺纤维；尼龙袜,/'naɪlɑn/,/'naɪlɒn/,nylon fabric,尼龙织物
en:obey:verb:1,obey,verb,服从，听从；按照……行动,v 服从，听从；按照……行动；n (Obey)人名；(英、法)奥贝,/ə'be/,/ə(ʊ)'beɪ/,The little boy made no effort to obey.,这小男孩不肯服从。
en:object:noun:1,object,noun,目标；物体；客体；宾语,n 目标；物体；客体；宾语；v 提出…作为反对的理由,/'ɑbdʒɛkt/,/'ɒbdʒɪkt; -dʒekt/,an everyday object such as a spoon,调羹之类的日常用品
en:observe:verb:1,observe,verb,庆祝,v 庆祝,/əb'zɝv/,/əb'zɜːv/,...where he will observe Thanksgiving with family members.,…在那里他将与家人一起庆祝感恩节。
en:obtain:verb:1,obtain,verb,获得；流行,v 获得；流行,/əb'ten/,/əb'teɪn/,Evans was trying to obtain a false passport and other documents.,埃文斯当时正试图获取假护照和其他文件。
en:obvious:adjective:1,obvious,adjective,明显的；显著的；平淡无奇的,adj 明显的；显著的；平淡无奇的,/'ɑbvɪəs/,/'ɒbvɪəs/,The obvious way of reducing pollution is to use cars less.,减少污染显而易见的办法就是少用汽车。
en:occupation:noun:1,occupation,noun,职业；占有；消遣；占有期,n 职业；占有；消遣；占有期,"/,ɑkju'peʃən/",/ɒkjʊ'peɪʃ(ə)n/,"Please state your name, address and occupation.",请写明你的姓名、地址和职业。
en:occur:verb:1,occur,verb,发生；出现；存在,v 发生；出现；存在,/ə'kɝ/,/ə'kɜː/,A third of accidental deaths occur in the home.,有三分之一的意外死亡发生在家里。
en:oceania:noun:1,Oceania,noun,大洋洲,n 大洋洲,"/,oʃɪ'ænɪə/","/,əʊsɪ'ɑːnɪə; -ʃɪ-/","The Mummies Of The World exhibition brings together a collection of mummies and related artefacts from South America, Europe, Asia, Oceania and Egypt.",汇集了来自南美，欧洲，亚洲，大洋洲和埃及的一系列干尸和艺术品将举办全球巡回展览。
en:october:noun:1,October,noun,[天] 十月,n [天] 十月,/ɑk'tobɚ/,/ɒk'təʊbə/,Most seasonal hiring is done in early October.,多数季节性招聘是在10月初进行。
en:of:preposition:1,of,preposition,关于；属于；…的；由…组成的,prep 关于；属于；…的；由…组成的,/ʌv; əv/,/ɒv; (ə)v/,the back of the house,房子的后部
en:off:preposition:1,off,preposition,离开；脱落,prep 离开；脱落；adv 切断；走开；adj 远离的；空闲的,/ɔf/,/ɒf/,How are you off for sports equipment? (= do you have enough? ),你的体育运动装备够不够？
en:offence:noun:1,offence,noun,犯罪；违反；过错；攻击,n 犯罪；违反；过错；攻击,/ə'fɛns/,/ə'fens/,His solicitor said he committed the offence because he was heavily in debt.,他的律师说他犯罪是因为欠下巨债。
en:offer:verb:1,offer,verb,提供；出价；试图,v 提供；出价；试图；n 提议；出价；意图；录取通知书,/'ɔfɚ/,/'ɒfə/,A number of groups offer their services free of charge.,一些团体免费提供服务。
en:office:noun:1,office,noun,办公室；政府机关；官职；营业处,n 办公室；政府机关；官职；营业处,/'ɔfɪs/,/'ɒfɪs/,the manager’s office,经理办公室
en:officer:noun:1,officer,noun,军官，警官；公务员，政府官员；船长,n 军官，警官；公务员，政府官员；船长；v 指挥,/'ɔfɪsɚ/,/'ɒfɪsə/,a commanding officer of the SAS,英国空军特种部队的一名指挥官
en:offshore:adjective:1,offshore,adjective,离岸的；[海洋] 近海的；吹向海面的,adj 离岸的；[海洋] 近海的；吹向海面的；adv 向海面，向海,"/,ɔf'ʃɔr/",/'ɒfʃɔː; ɒf'ʃɔː/,offshore oil fields,近海油田
en:often:adverb:1,often,adverb,常常，时常,adv 常常，时常,/'ɔf(tə)n; 'ɑf(tə)n/,/'ɒf(tə)n/,She often works at the weekend.,她周末经常要上班。
en:oh:interjection:1,oh,interjection,哦；哎呀（表示惊讶或恐惧等）,int 哦；哎呀（表示惊讶或恐惧等）,/o/,/əʊ/,"‘Frances has left her husband, you know.’ ‘Oh, has she?’",“你知道，弗朗西丝跟她丈夫分开了。”“哦，真的吗？”
en:oil:noun:1,oil,noun,油；石油；油画颜料,n 油；石油；油画颜料；v 加油；涂油；使融化,/ɔɪl/,/ɒɪl/,a rise in the price of oil,石油价格的上涨
en:oilfield:noun:1,oilfield,noun,油田,n 油田,/'ɔɪlfild/,,Systems engineering has been widely applied in the oilfield exploitation and construction.,近年来，系统工程学在油田开发建设中应用广泛。
en:ok:adjective:1,OK,adjective,好的；不错的,adj 好的；不错的；adv 行；很好；int 好；可以；v 对…表示同意；n 同意,,,"‘How was the film?’ ‘It was okay, but not brilliant.’",“电影怎么样？”“还算可以，但谈不上很好。”
en:old:adjective:1,old,adjective,陈旧的，古老的；年老的,adj 陈旧的，古老的；年老的；n 古时,/old/,/əʊld/,a pair of old shoes,一双旧鞋
en:omelette:noun:1,omelette,noun,煎蛋卷,n 煎蛋卷,/'ɒmlət/,/'ɒmlɪt/,a cheese omelette,奶酪煎蛋卷
en:on:adverb:1,on,adverb,向前地；作用中，行动中；继续着,adv 向前地；作用中，行动中；继续着；prep 向，朝……；关于；在……之上；在……时候；adj 开着的；发生着的，正在进行中；n (On)人名；(日)温(姓、名)；(缅、柬、印)翁,/ɑn/,/ɒn/,I wanted to punch him on the nose.,我真想一拳打到他鼻子上。
en:once:adverb:1,once,adverb,一次；曾经,adv 一次；曾经；conj 一旦；n 一次，一回,/wʌns/,/wʌns/,I’ve only met her once.,我只见过她一面。
en:one:pronoun:1,one,pronoun,一个人；任何人,pron 一个人；任何人；adj 一的；唯一的；n 一；num 一；一个,/wʌn/,/wʌn/,‘Have you got a camera?’ ‘No.’ ‘You should buy one’ (= buy a camera ).,“你有照相机吗？”“没有。”“你应该买一架。”
en:oneself:pronoun:1,oneself,pronoun,自己；亲自,pron 自己；亲自,/wʌn'sɛlf/,/wʌn'self/,It is only through study that one really begins to know oneself.,只有通过学习，一个人才能真正了解自己。
en:onion:noun:1,onion,noun,洋葱；洋葱头,n 洋葱；洋葱头,/'ʌnjən/,/'ʌnjən/,Chop the onions finely.,把洋葱切碎。
en:only:adverb:1,only,adverb,只，仅仅；不料,adv 只，仅仅；不料；adj 唯一的，仅有的；最合适的；conj 但是；不过；可是,/'onli/,/'əʊnlɪ/,Naomi was only 17 when she got married.,娜奥米结婚时才17岁。
en:onto:preposition:1,onto,preposition,在…之上；对…了解；映射到…上,prep 在…之上；对…了解；映射到…上；adj 映射的；自身的；映成的,"/ˈɑnˌtu, -tə, ˈɔn-/",/'ɒntuː/,She watched him walk onto the platform.,她看着他走上站台。
en:open:adjective:1,open,adjective,公开的；敞开的；空旷的；坦率的；营业着的,adj 公开的；敞开的；空旷的；坦率的；营业着的；v 开始；展现；n 公开；空旷；户外,/'opən/,/'əʊp(ə)n/,He threw the door open and ran down the stairs.,他猛地打开门，往楼下跑去。
en:opener:noun:1,opener,noun,[五金] 开启工具；开启的人,n [五金] 开启工具；开启的人,/'opnɚ/,/'əʊp(ə)nə/,a can opener,开罐器
en:opening:noun:1,opening,noun,开始；机会；通路；空缺的职位,n 开始；机会；通路；空缺的职位；adj 开始的；v 开放（open的ing形式）；打开；公开,/'opənɪŋ/,/'əʊp(ə)nɪŋ/,There are very few openings in scientific research.,科学研究领域很少有职位空缺。
en:opera:noun:1,opera,noun,歌剧；歌剧院；歌剧团,n 歌剧；歌剧院；歌剧团,/'ɑprə/,/'ɒp(ə)rə/,We go to the opera (= go to a performance of opera ) regularly.,我们常去听歌剧。
en:operate:verb:1,operate,verb,运转；动手术；起作用,v 运转；动手术；起作用,/'ɑpə'ret/,/'ɒpəreɪt/,Doctors had to operate to remove the bullet.,医生不得不开刀取出子弹。
en:operation:noun:1,operation,noun,操作；经营；[外科] 手术；[数][计] 运算,n 操作；经营；[外科] 手术；[数][计] 运算,"/,ɑpə'reʃən/",/ɒpə'reɪʃ(ə)n/,Many small businesses fail in the first year of operation.,许多小企业在经营的第一年就倒闭了。
en:operator:noun:1,operator,noun,经营者；操作员；话务员；行家,n 经营者；操作员；话务员；行家,/'ɑpəretɚ/,/'ɒpəreɪtə/,computers which can be used by untrained operators,未经训练的操作者也可使用的电脑
en:opinion:noun:1,opinion,noun,意见；主张,n 意见；主张,/ə'pɪnjən/,/ə'pɪnjən/,When choosing an insurance policy it’s best to get an independent opinion.,选择保险时，最好听听专家的独立意见。
en:oppose:verb:1,oppose,verb,反对；对抗，抗争,v 反对；对抗，抗争,/ə'poz/,/ə'pəʊz/,Congress is continuing to oppose the President’s health care budget.,国会继续反对总统的医疗保健预算。
en:opposite:adjective:1,opposite,adjective,相反的；对面的；对立的,adj 相反的；对面的；对立的；n 对立面；反义词；prep 在…的对面；adv 在对面,/ˈɑpəzɪt; ˈɑpəsɪt/,/'ɒpəzɪt; -sɪt/,"I thought the medicine would make him sleep, but it had the opposite effect.",我以为这药会让他睡觉，但是它却起了反作用。
en:optimistic:adjective:1,optimistic,adjective,乐观的；乐观主义的,adj 乐观的；乐观主义的,"/,ɑptɪ'mɪstɪk/",/ɒptɪ'mɪstɪk/,Andrew took a more optimistic view.,安德鲁抱有更为乐观的想法。
en:optional:adjective:1,optional,adjective,可选择的，随意的,adj 可选择的，随意的；n 选修科目,/'ɑpʃənl/,/'ɒpʃ(ə)n(ə)l/,three optional courses,三门选修课
en:or:conjunction:1,or,conjunction,或，或者；还是,conj 或，或者；还是；n (Or)人名；(中)柯(广东话·威妥玛)；(柬)奥；(土、匈、土库、阿塞、瑞典)奥尔,/ɔr/,/ɔː/,Shall we go out to the cinema or stay at home?,我们是出去看电影还是待在家里？
en:oral:adjective:1,oral,adjective,口头的，口述的,adj 口头的，口述的；n 口试,/'ɔrəl/,/'ɔːr(ə)l/,oral history,口述的历史
en:orange:adjective:1,orange,adjective,橙色的；橘色的,adj 橙色的；橘色的；n 橙；橙色；桔子,/'ɔrɪndʒ/,/'ɒrɪn(d)ʒ/,orange juice,橙汁
en:orbit:noun:1,orbit,noun,轨道；眼眶；势力范围；生活常规,n 轨道；眼眶；势力范围；生活常规；v 盘旋；绕轨道运行,/'ɔrbɪt/,/'ɔːbɪt/,Mars and Earth have orbits which change with time.,火星和地球的轨道随着时间而发生改变。
en:order:noun:1,order,noun,命令；顺序；规则；[贸易] 定单,n 命令；顺序；规则；[贸易] 定单；v 命令；整理；定购,/'ɔrdɚ/,/'ɔːdə/,There seemed to be no logical order to the sections.,这几部分似乎没有逻辑顺序。
en:ordinary:adjective:1,ordinary,adjective,普通的；平凡的；平常的,adj 普通的；平凡的；平常的；n 普通；平常的人（或事）,/'ɔrdnɛri/,/'ɔːdɪn(ə)rɪ; -d(ə)n-/,It’s just an ordinary camera.,这只是普通的相机。
en:organ:noun:1,organ,noun,[生物] 器官；机构；风琴；管风琴；嗓音,n [生物] 器官；机构；风琴；管风琴；嗓音,/'ɔrɡən/,/'ɔːg(ə)n/,the decision-making organs,决策机关
en:organise:verb:1,organise,verb,组织起来；组织工会,v 组织起来；组织工会,"/'ɔrgə,naɪz/",/'ɔːɡənaɪz/,,
en:organiser:noun:1,organiser,noun,组织者；发起人；形成体（等于organizer）,n 组织者；发起人；形成体（等于organizer）,,,,
en:organization:noun:1,organization,noun,组织；机构；体制；团体,n 组织；机构；体制；团体,"/,ɔrɡənə'zeʃən/",/ˌɔːɡənaɪ'zeɪʃn/,The public expect high standards from any large organization.,公众对任何大型机构都期望很高。
en:origin:noun:1,origin,noun,起源；原点；出身；开端,n 起源；原点；出身；开端,/'ɔrɪdʒɪn/,/'ɒrɪdʒɪn/,The tradition has its origins in the Middle Ages.,这一传统源于中世纪。
en:other:adjective:1,other,adjective,其他的，另外的,adj 其他的，另外的；pron 另外一个,/'ʌðɚ/,/'ʌðə/,They were just like any other young couple.,他们那时就和其他任何年轻夫妇一样。
en:otherwise:adverb:1,otherwise,adverb,否则；另外；在其他方面,adv 否则；另外；在其他方面；adj 另外的；其他方面的；原本，本来；conj 其他；如果不；然后,/'ʌðɚwaɪz/,/'ʌðəwaɪz/,"You’ll have to go now, otherwise you’ll miss your bus.",你现在就得走，要不然就赶不上公共汽车了。
en:ottawa:noun:1,Ottawa,noun,渥太华（加拿大首都）,n 渥太华（加拿大首都）,/'ɑtəwə/,/'ɒtəwə/,When will you be back in Ottawa?,下次什么时候到渥太华来呀？
en:ouch:noun:1,ouch,noun,扣环,n 扣环；int 哎哟（突然疼痛时发出的声音）,/aʊtʃ/,/aʊtʃ/,Ouch! That hurt!,哎唷！ 好疼！
en:ought:auxiliary:1,ought,auxiliary,应该，应当；大概,aux 应该，应当；大概；vi 应该，应当；大概,/ɔt/,/ɔːt/,All of us ought to go.,我们大家都应该去。
en:our:pronoun:1,our,pronoun,我们的,pron 我们的,/aʊr/,/aʊə/,They partook of our triumph.,他们分享我们的胜利。
en:ours:pronoun:1,ours,pronoun,我们的,pron 我们的；n (Ours)人名；(法)乌尔斯,/ɑrz/,/aʊəz/,I’ll show you to your room. Ours is next door.,我带你去你的房间，我们的房间在你的隔壁。
en:ourselves:pronoun:1,ourselves,pronoun,我们自己；我们亲自,pron 我们自己；我们亲自,/ɑr'sɛlvz/,/aʊə'selvz/,We prepared ourselves for the long journey ahead.,我们为将要开始的长途旅行做好了准备。
en:out:adverb:1,out,adverb,出现；在外；出局；出声地；不流行地,adv 出现；在外；出局；出声地；不流行地；adj 外面的；出局的；下台的；n 出局；prep 向；离去；v 出来；暴露,/aʊt/,/aʊt/,Many of the homeless have been sleeping out for years.,许多无家可归者常年露宿街头。
en:outcome:noun:1,outcome,noun,结果，结局；成果,n 结果，结局；成果,/'aʊt'kʌm/,/'aʊtkʌm/,People who had heard the evidence at the trial were surprised at the outcome.,在审判过程中听过证词的人都对此结果感到吃惊。
en:outdoors:adverb:1,outdoors,adverb,在户外,adv 在户外；n 户外；adj 户外的（等于outdoor）,/'aʊt'dɔrz/,/aʊt'dɔːz/,It’s warm enough to eat outdoors tonight.,今晚很暖和，可以在户外用餐。
en:outer:adjective:1,outer,adjective,外面的，外部的；远离中心的,adj 外面的，外部的；远离中心的；n 环外命中,/'aʊtɚ/,/'aʊtə/,Remove the tough outer leaves before cooking.,烹煮之前先把外面的老叶子去掉。
en:outgoing:adjective:1,outgoing,adjective,对人友好的，开朗的；出发的，外出的；即将离职的；乐于助人的,adj 对人友好的，开朗的；出发的，外出的；即将离职的；乐于助人的；n 外出；流出；开支；v 超过；优于（outgo的ing形式）,/'aʊt'goɪŋ/,/'aʊtgəʊɪŋ/,We’re looking for someone with an outgoing personality.,我们在找一个性格外向的人。
en:outing:noun:1,outing,noun,远足；短途旅游；体育比赛,n 远足；短途旅游；体育比赛；adj 远足适用的；v 出来；暴露（out的ing形式）,/'aʊtɪŋ/,/'aʊtɪŋ/,"One evening, she made a rare outing to the local night club.",一天晚上，她难得地去了一趟当地的夜总会。
en:outline:noun:1,outline,noun,轮廓；大纲；概要；略图,n 轮廓；大纲；概要；略图；v 概述；略述；描画…轮廓,/'aʊtlaɪn/,/'aʊtlaɪn/,a research proposal outline,研究计划梗概
en:output:noun:1,output,noun,输出，输出量；产量；出产,n 输出，输出量；产量；出产；v 输出,/'aʊtpʊt/,/'aʊtpʊt/,Output is up 30% on last year.,产量比去年提高了30%。
en:outside:adjective:1,outside,adjective,外面的，外部的；外来的,adj 外面的，外部的；外来的；n 外部；外观；adv 在外面，向外面；在室外；prep 在…范围之外,"/,aʊt'saɪd/",/aʊt'saɪd; 'aʊtsaɪd/,We turned off the outside lights and went to bed.,我们关掉外头的电灯，上床睡觉了。
en:outspoken:adjective:1,outspoken,adjective,坦率的，直言不讳的,adj 坦率的，直言不讳的,/aʊt'spokən/,/aʊt'spəʊk(ə)n/,an outspoken critic of the education reforms,对教育改革直言不讳的批评者
en:outstanding:adjective:1,outstanding,adjective,杰出的；显著的；未解决的；未偿付的,adj 杰出的；显著的；未解决的；未偿付的；n 未偿贷款,/'aʊt'stændɪŋ/,/aʊt'stændɪŋ/,an outstanding example of a 13th-century castle,13世纪城堡的杰出典范
en:outward:adjective:1,outward,adjective,向外的；外面的；公开的；外服的；肉体的,adj 向外的；外面的；公开的；外服的；肉体的；adv 向外（等于outwards）；在外；显而易见地；n 外表；外面；物质世界,/'aʊtwɚd/,/'aʊtwəd/,The economy and outward appearance of the area have changed considerably.,该地区的经济和面貌发生了很大的变化。
en:oval:adjective:1,oval,adjective,椭圆的；卵形的,adj 椭圆的；卵形的；n 椭圆形；卵形,/'ovl/,/'əʊv(ə)l/,...the small oval framed picture of a little boy.,…一个小男孩的镶在椭圆形框架里的小幅照片。
en:over:adverb:1,over,adverb,结束；越过；从头到尾,adv 结束；越过；从头到尾；prep 越过；在…之上；遍于…之上；adj 结束的；上面的；vt 越过；n (Over)人名；(俄、西、土)奥韦尔,/'ovɚ/,/'əʊvə/,You really should come over and see our new house.,你真的该过来看看我们的新房子。
en:overcoat:noun:1,overcoat,noun,大衣，外套,n 大衣，外套,/'ovɚkot/,/'əʊvəkəʊt/,I sprang 400 pounds for her overcoat.,给她买那件大衣，我花了400镑。
en:overcome:verb:1,overcome,verb,克服；胜过,v 克服；胜过,"/,ovɚ'kʌm/",/əʊvə'kʌm/,He struggled to overcome his shyness.,他努力克服自己的羞怯。
en:overlook:verb:1,overlook,verb,忽略；俯瞰；远眺；检查；高耸于…之上,v 忽略；俯瞰；远眺；检查；高耸于…之上；n 忽视；眺望,"/,ovɚ'lʊk/",/əʊvə'lʊk/,It is easy to overlook a small detail like that.,那样的小细节很容易被忽略。
en:overweight:adjective:1,overweight,adjective,超重的；过重的,adj 超重的；过重的；vt 使负担过重；n 超重,/'ovə'wet/,/əʊvə'weɪt/,He is slightly overweight.,他略微超重。
en:owe:verb:1,owe,verb,欠；感激；应给予；应该把……归功于,v 欠；感激；应给予；应该把……归功于；n (Owe)人名；(瑞典、挪)奥弗,/o/,/əʊ/,How much do I owe you (= often used to show that you want to pay for something )?,我该付你多少钱？
en:own:verb:1,own,verb,拥有；承认,v 拥有；承认；adj 自己的；特有的；n 自己的,/on/,/əʊn/,The building is owned by the local council.,这幢大楼归地方议会所有。
en:owner:noun:1,owner,noun,[经] 所有者；物主,n [经] 所有者；物主,/'onɚ/,/'əʊnə/,He was now the proud owner of a bright red sports car.,他现在拥有了一辆亮红色跑车，很是自豪。
en:ownership:noun:1,ownership,noun,所有权；物主身份,n 所有权；物主身份,/'onɚʃɪp/,/'əʊnəʃɪp/,The price of home ownership is increasing.,房价在不断上涨。
en:ox:noun:1,ox,noun,牛；公牛,n 牛；公牛,/ɑks/,/ɒks/,,
en:oxygen:noun:1,oxygen,noun,[化学] 氧气，[化学] 氧,n [化学] 氧气，[化学] 氧,/'ɑksɪdʒən/,/'ɒksɪdʒ(ə)n/,The human brain needs to be without oxygen for only four minutes before permanent damage occurs.,人脑缺氧只需4分钟就会造成永久性损伤。
en:pace:noun:1,pace,noun,一步；步速；步伐；速度,n 一步；步速；步伐；速度；v 踱步；缓慢而行,/pes/,/peɪs/,"He quickened his pace , longing to be home.",他加快步伐，盼望着早点回到家中。
en:pacific:adjective:1,Pacific,adjective,太平洋的,adj 太平洋的；n 太平洋,,/pə'sɪfɪk/,...the tiny Pacific island of Pohnpei.,...波纳佩的太平洋小岛。
en:pack:noun:1,pack,noun,包装；一群；背包；包裹；一副,n 包装；一群；背包；包裹；一副；v 包装；压紧；捆扎；挑选；塞满,/pæk/,/pæk/,Send away for your free information pack today.,今天就来函索取免费资料包吧。
en:package:noun:1,package,noun,包，包裹；套装软件，[计] 程序包,n 包，包裹；套装软件，[计] 程序包；adj 一揽子的；v 打包；将…包装,/'pækɪdʒ/,/'pækɪdʒ/,There’s a package here for a Miami Lakes address.,这里有一个寄往迈阿密湖的包裹。
en:packet:noun:1,packet,noun,数据包，信息包；小包，小捆,n 数据包，信息包；小包，小捆；vt 包装，打包,/'pækɪt/,/'pækɪt/,Paul tore open the packet as soon as it arrived.,保罗一收到包裹就拆开了。
en:paddle:noun:1,paddle,noun,划桨；明轮翼,n 划桨；明轮翼；v 拌；搅；用桨划,/'pædl/,/'pæd(ə)l/,We might be able to push ourselves across with the paddle.,我们或许可以自己划桨过去。
en:page:noun:1,page,noun,页；记录；大事件，时期；男侍者,n 页；记录；大事件，时期；男侍者；v 给…标页码,,/peɪdʒ/,The full address is given on page 15.,详细地址见第15页。
en:pain:noun:1,pain,noun,疼痛；努力,n 疼痛；努力；v 使…痛苦；使…烦恼,/pen/,/peɪn/,The pain is getting worse.,疼得越来越厉害了。
en:painful:adjective:1,painful,adjective,痛苦的；疼痛的；令人不快的,adj 痛苦的；疼痛的；令人不快的,/'penfl/,/'peɪnfʊl; -f(ə)l/,stiff painful joints,僵硬疼痛的关节
en:paint:verb:1,paint,verb,油漆；绘画；装饰；涂色于；描绘；（用语言，文字等）描写；擦脂粉等,v 油漆；绘画；装饰；涂色于；描绘；（用语言，文字等）描写；擦脂粉等；n 油漆；颜料，涂料；绘画作品；胭脂等化妆品；色彩，装饰,,/peɪnt/,The ceiling needs painting.,天花板需要粉刷了。
en:painter:noun:1,painter,noun,画家；油漆匠,n 画家；油漆匠,/'pentɚ/,/'peɪntə/,Gerry’s ambition was to become a portrait painter.,格里的志向是成为一名肖像画家。
en:painting:noun:1,painting,noun,绘画；油画；着色,n 绘画；油画；着色；v 绘画（paint的ing形式）；涂色于,/'pentɪŋ/,/'peɪntɪŋ/,a collection of valuable paintings,一批珍贵的画作
en:pair:noun:1,pair,noun,一对，一双，一副,n 一对，一双，一副；v 把…组成一对,/pɛr/,/peə/,"earrings, £5 a pair",耳环，5英镑一副
en:palace:noun:1,palace,noun,宫殿；宅邸；豪华住宅,n 宫殿；宅邸；豪华住宅,/'pælis/,/'pælɪs/,Buckingham Palace,白金汉宫
en:pan:noun:1,pan,noun,平底锅；盘状的器皿；淘盘子，金盘，秤盘,n 平底锅；盘状的器皿；淘盘子，金盘，秤盘；v 淘金；在浅锅中烹调（食物）；[非正式用语]严厉的批评,/pæn/,/pæn/,a frying pan,炒锅
en:pancake:noun:1,pancake,noun,薄烤饼；粉饼；平降（全称pancake landing）,n 薄烤饼；粉饼；平降（全称pancake landing）；vi 平坠着陆；平展；vt 使平坠著陆；使平展,/'pænkek/,/'pænkeɪk/,,
en:panda:noun:1,panda,noun,熊猫；猫熊,n 熊猫；猫熊,/'pændə/,/'pændə/,The caged panda chafed against the bars.,笼子里的大熊猫贴在栅栏上蹭它的身体。
en:panic:noun:1,panic,noun,恐慌，惊慌；大恐慌,n 恐慌，惊慌；大恐慌；adj 恐慌的；没有理由的；v 使恐慌,/'pænɪk/,/'pænɪk/,a feeling of sheer panic,惊恐万分的感觉
en:paper:noun:1,paper,noun,纸；论文；文件；报纸,n 纸；论文；文件；报纸；adj 纸做的；v 用纸糊；用纸包装,/'pepɚ/,/'peɪpə/,I’ll get you a piece of paper so you can write the number down.,我给你找张纸，你好把号码写下来。
en:paperwork:noun:1,paperwork,noun,文书工作,n 文书工作,/'pepɚ'wɝk/,/'peɪpəwɜːk/,Police work involves so much paperwork these days.,如今当警察也要做这么多文书工作。
en:paragraph:noun:1,paragraph,noun,段落；短评；段落符号,n 段落；短评；段落符号；v 将…分段,/'pærəɡræf/,/'pærəgrɑːf/,the opening paragraphs of the novel,小说开篇的几个段落
en:parallel:noun:1,parallel,noun,平行线；对比,n 平行线；对比；v 使…与…平行；adj 平行的；类似的，相同的,/'pærəlɛl/,/'pærəlel/,...the area south of the 38th parallel.,…38度纬线以南的地区。
en:parcel:noun:1,parcel,noun,包裹，小包,n 包裹，小包；v 打包；捆扎,/'pɑrsl/,/'pɑːs(ə)l/,The parcel was delivered last week.,那个邮包上周送到了。
en:pardon:noun:1,pardon,noun,原谅；赦免；宽恕,n 原谅；赦免；宽恕；v 原谅；赦免；宽恕,/'pɑrdn/,/ˈpɑːdn/,Walter begged her pardon for all the pain he had caused her.,沃尔特请求她原谅自己给她造成那么多痛苦。
en:parent:noun:1,parent,noun,父亲（或母亲）；父母亲；根源,n 父亲（或母亲）；父母亲；根源,/'pɛrənt/,/'peər(ə)nt/,Children under 14 should be accompanied by a parent.,14 岁以下儿童须由一位家长陪同。
en:paris:noun:1,Paris,noun,巴黎（法国首都）；帕里斯（特洛伊王子）,n 巴黎（法国首都）；帕里斯（特洛伊王子）,/'pærɪs/,/'pærɪs/,notre dame de paris,巴黎圣母院
en:park:noun:1,park,noun,公园；[交] 停车场,n 公园；[交] 停车场；v 停放；放置；寄存,/pɑrk/,/pɑːk/,Let’s go for a walk in the park.,我们去公园散步吧。
en:parking:noun:1,parking,noun,停车,n 停车；adj 停车的；v 停车（park的ing形式）,/'pɑrkɪŋ/,/'pɑːkɪŋ/,No Parking (= used on signs ),禁止停车
en:parrot:noun:1,parrot,noun,鹦鹉；学舌者，应声虫；机械模仿别人的人,n 鹦鹉；学舌者，应声虫；机械模仿别人的人；v 机械地模仿,/'pærət/,/'pærət/,We recited poems parrot fashion.,我们鹦鹉学舌般机械地背诵诗歌。
en:part:noun:1,part,noun,部分；角色；零件；一些；片段,n 部分；角色；零件；一些；片段；v 分离；分配；分开；adv 部分地；adj 部分的,/pɑrt/,/pɑːt/,"For part of the day, you will be outside doing practical work.",你们每天将有一部分时间在户外实际操作。
en:participate:verb:1,participate,verb,参与，参加；分享,v 参与，参加；分享,/pɑr'tɪsə'pet/,/pɑː'tɪsɪpeɪt/,Some members refused to participate.,有些会员拒绝参加。
en:particular:adjective:1,particular,adjective,特别的；详细的；独有的；挑剔的,adj 特别的；详细的；独有的；挑剔的；n 详细说明；个别项目,/pɚ'tɪkjəlɚ/,/pəˈtɪkjʊlə(r)/,"In this particular case, no one else was involved.",这件事没有其他人牵涉其中。
en:partly:adverb:1,partly,adverb,部分地；在一定程度上,adv 部分地；在一定程度上,/'pɑrtli/,/'pɑːtlɪ/,The poor weather was partly responsible for the crash.,天气不好是造成坠机事故的部分原因。
en:partner:noun:1,partner,noun,伙伴；合伙人；配偶,n 伙伴；合伙人；配偶；v 合伙；合股；成为搭档,/'pɑrtnɚ/,/'pɑːtnə/,Discuss your worries with your partner.,和伴侣谈谈你的忧虑。
en:pass:noun:1,pass,noun,及格；经过；护照；途径；传球,n 及格；经过；护照；途径；传球；v 经过；传递；变化；终止,/pæs/,/pɑːs/,You will need at least three passes to get onto the course.,你至少需要三门及格才能上这门课。
en:passage:noun:1,passage,noun,一段（文章）；走廊；通路,n 一段（文章）；走廊；通路,/'pæsɪdʒ/,/'pæsɪdʒ/,My office is just along the passage.,我的办公室就在过道旁边。
en:passenger:noun:1,passenger,noun,旅客；乘客；过路人；碍手碍脚的人,n 旅客；乘客；过路人；碍手碍脚的人,/'pæsɪndʒɚ/,/'pæsɪndʒə/,Neither the driver nor the passengers were hurt.,司机和乘客均未受伤。
en:passive:adjective:1,passive,adjective,被动的，消极的；被动语态的,adj 被动的，消极的；被动语态的；n 被动语态,/'pæsɪv/,/'pæsɪv/,Kathy seems to take a very passive role in the relationship.,凯茜在这一关系中似乎扮演着十分被动的角色。
en:passport:noun:1,passport,noun,护照，通行证；手段,n 护照，通行证；手段,/'pæspɔrt/,/'pɑːspɔːt/,I have an Irish passport.,我持爱尔兰护照。
en:past:noun:1,past,noun,过去；往事,n 过去；往事；adj 过去的；结束的；prep 越过；晚于；adv 过；经过,/pæst/,/pɑːst/,You mustn’t think about it. It’s all in the past now.,你千万不要再想那件事，现在一切都过去了。
en:patent:verb:1,patent,verb,授予专利；取得…的专利权,v 授予专利；取得…的专利权；adj 专利的；新奇的；显然的；n 专利权；执照；专利品,/'pætnt/,/'pæt(ə)nt; 'peɪt(ə)nt/,He patented the idea that the atom could be split.,他得到了原子可以分裂的这个见解的专利。
en:path:noun:1,path,noun,道路；小路；轨道,n 道路；小路；轨道,/pæθ/,/pɑːθ/,I walked nervously up the garden path towards the front door.,我提心吊胆地沿着花园的小道向前门走去。
en:patience:noun:1,patience,noun,耐性，耐心；忍耐，容忍,n 耐性，耐心；忍耐，容忍,/'peʃns/,/'peɪʃ(ə)ns/,He doesn't have the patience to wait.,他没有耐心等。
en:patient:adjective:1,patient,adjective,有耐心的，能容忍的,adj 有耐心的，能容忍的；n 病人；患者,/'peʃnt/,/'peɪʃ(ə)nt/,You’ll just have to be patient and wait till I’m off the phone.,你只能耐心点，等我打完电话。
en:pattern:noun:1,pattern,noun,模式；图案；样品,n 模式；图案；样品；v 模仿；以图案装饰,/'pætɚn/,/'pæt(ə)n/,Weather patterns have changed in recent years.,气候模式近年已经发生了变化。
en:pause:noun:1,pause,noun,暂停；间歇,n 暂停；间歇；v 暂停，停顿，中止；踌躇,/pɔz/,/pɔːz/,There was a pause while Alice changed the tape.,艾丽斯换磁带的时候出现了短暂的停顿。
en:pay:verb:1,pay,verb,支付，付；偿还，补偿；给予,v 支付，付；偿还，补偿；给予；n 工资，薪水；付款；报答；adj 收费的；需付费的,/pe/,/peɪ/,How would you like to pay?,你想怎么付款？
en:pea:noun:1,pea,noun,豌豆,n 豌豆,/pi/,/piː/,roast chicken with peas and carrots,烤鸡配豌豆胡萝卜
en:peace:noun:1,peace,noun,和平；平静；和睦；秩序,n 和平；平静；和睦；秩序,/pis/,/piːs/,The country is at peace with its neighbours for the first time in years.,这是多年来该国与其邻国第一次和平共处。
en:peaceful:adjective:1,peaceful,adjective,和平的，爱好和平的；平静的,adj 和平的，爱好和平的；平静的,/'pisfəl/,/'piːsfʊl; -f(ə)l/,We had a peaceful afternoon without the children.,孩子们不在，我们度过了一个宁静的下午。
en:peach:noun:1,peach,noun,桃子；桃树；桃红色；受人喜欢的人（或物）,n 桃子；桃树；桃红色；受人喜欢的人（或物）；adj 桃色的；用桃子制成的；v 告密,/pitʃ/,/piːtʃ/,Anderton scored a peach of a goal.,安德顿射入一个好球。
en:pear:noun:1,pear,noun,[园艺] 梨树；梨子,n [园艺] 梨树；梨子,/pɛr/,/peə/,I took this apple for a pear until I tasted it.,我误将这个苹果当作梨子，直到我尝了才知道。
en:peasant:noun:1,peasant,noun,农民；乡下人,n 农民；乡下人,/'pɛznt/,/'pez(ə)nt/,Most villagers are peasant farmers.,大多数村民是农民。
en:pedestrian:adjective:1,pedestrian,adjective,徒步的；缺乏想像力的,adj 徒步的；缺乏想像力的；n 行人；步行者,/pə'dɛstrɪən/,/pɪˈdestrɪən/,a painting that is pedestrian and unimaginative,乏味又缺乏想象力的画作
en:pen:noun:1,pen,noun,钢笔；作家；围栏,n 钢笔；作家；围栏；v 写；关入栏中,/pɛn/,/pen/,a ballpoint pen,圆珠笔
en:pencil:noun:1,pencil,noun,铅笔；笔状物,n 铅笔；笔状物；v 用铅笔写；用眉笔涂,/'pɛnsl/,/'pens(ə)l; -sɪl/,a sharp pencil,尖尖的铅笔
en:penny:noun:1,penny,noun,（美）分；便士,n （美）分；便士,/'pɛni/,/'penɪ/,Unleaded petrol rose more than a penny a gallon.,无铅汽油每加仑涨了一个多便士。
en:pension:noun:1,pension,noun,退休金，抚恤金；津贴；膳宿费,n 退休金，抚恤金；津贴；膳宿费；v 发给养老金或抚恤金,/'pɛnʃən/,/'penʃ(ə)n/,At what age can you start drawing your pension ?,从多少岁可以开始领取养老金？
en:people:noun:1,people,noun,人；人类；民族；公民,n 人；人类；民族；公民；v 居住于；使住满人,/'pipl/,/'piːp(ə)l/,How many people were at the meeting?,有多少人到会？
en:pepper:noun:1,pepper,noun,胡椒；辣椒；胡椒粉,n 胡椒；辣椒；胡椒粉；v 加胡椒粉于；使布满,/'pɛpɚ/,/'pepə/,salt and pepper,盐和胡椒粉
en:per:preposition:1,per,preposition,每；经；按照；每一,prep 每；经；按照；每一；n (Per)人名；(德、挪、丹、瑞典)佩尔,/pɚ/,/pɜː/,The park attracts four million visitors per year.,那座公园每年吸引400万游客。
en:percent:noun:1,percent,noun,百分比，百分率；部分；百分数,n 百分比，百分率；部分；百分数；adj 百分之…的；adv 以百分之…地,/pɚ'sɛnt/,/pə'sent/,"But there are billions more people out there who are not in the top one percent, and they’re not in the top two or three either.",但是还有十亿多的人不在其中，他们不在其中的百分之一，也不再其中的两百分之一或者三百分之一的其中。
en:percentage:noun:1,percentage,noun,百分比；百分率，百分数,n 百分比；百分率，百分数,/pɚ'sɛntɪdʒ/,/pə'sentɪdʒ/,Interest rates fell by six percentage points (= 6% ) .,利息下降了6个百分点。
en:perfect:adjective:1,perfect,adjective,完美的；最好的；精通的,adj 完美的；最好的；精通的；v 使完美；使熟练；n 完成式,/ˈpɝfɪkt; (for v.) pɝˈfɛkt/,/ˈpəːfɪkt; (for v.) pəˈfekt/,His English was perfect.,他的英语很地道。
en:perform:verb:1,perform,verb,执行；完成；演奏,v 执行；完成；演奏,/pɚ'fɔrm/,/pə'fɔːm/,Surgeons performed an emergency operation.,外科医生做了一个急诊手术。
en:performance:noun:1,performance,noun,性能；绩效；表演；执行；表现,n 性能；绩效；表演；执行；表现,/pɚ'fɔrməns/,/pə'fɔːm(ə)ns/,This evening’s performance will begin at 8.00 pm.,今晚的演出8点开始。
en:performer:noun:1,performer,noun,演出者；执行者；演奏者,n 演出者；执行者；演奏者,/pɚ'fɔrmɚ/,/pə'fɔːmə(r)/,circus performers,马戏演员
en:perfume:noun:1,perfume,noun,香水；香味,n 香水；香味；v 洒香水于…；使…带香味,/pɚ'fjum/,/'pɜːfjuːm/,She was wearing the perfume that he’d bought her.,她擦了他买给她的香水。
en:perhaps:adverb:1,perhaps,adverb,或许；（表示不确定）也许；（用于粗略的估计）或许；（表示勉强同意或其实不赞成）也许；可能,adv 或许；（表示不确定）也许；（用于粗略的估计）或许；（表示勉强同意或其实不赞成）也许；可能；n 假定；猜想；未定之事,/pɚ'hæps/,/pə'hæps/,Perhaps she’s next door.,她也许在隔壁。
en:period:noun:1,period,noun,周期，期间；时期；月经；课时；（语法学）句点，句号,n 周期，期间；时期；月经；课时；（语法学）句点，句号；adj 某一时代的,/'pɪrɪəd/,/'pɪərɪəd/,Tomorrow’s weather will be dry with sunny periods.,明天天气干燥，间或晴朗。
en:permanent:adjective:1,permanent,adjective,永久的，永恒的；不变的,adj 永久的，永恒的；不变的；n 烫发（等于permanent wave）,/'pɝmənənt/,/'pɜːm(ə)nənt/,He gave up a permanent job in order to freelance.,他放弃了固定工作，为的是当一名自由职业者。
en:permission:noun:1,permission,noun,允许，许可,n 允许，许可,/pɚ'mɪʃən/,/pə'mɪʃ(ə)n/,He asked permission to leave the room.,他请求离开房间的许可。
en:permit:verb:1,permit,verb,许可；允许,v 许可；允许；n 许可证，执照,/pɚ'mɪt/,/pə'mɪt/,Smoking is only permitted in the public lounge.,只允许在公共休息室里抽烟。
en:person:noun:1,person,noun,人；身体；容貌，外表；人称,n 人；身体；容貌，外表；人称,/'pɝsn/,/'pɜːs(ə)n/,"He was a very nice person, always pleasant and friendly.",他是个很好的人，始终彬彬有礼。
en:personal:adjective:1,personal,adjective,个人的；身体的；亲自的,adj 个人的；身体的；亲自的；n 人事消息栏；人称代名词,/'pɝsənl/,/'pɜːs(ə)n(ə)l/,My personal view is that we shouldn’t offer him the job.,我个人认为我们不该给他这份工作。
en:personally:adverb:1,personally,adverb,亲自地；当面；个别地；就自己而言,adv 亲自地；当面；个别地；就自己而言,/'pə:sənəli/,/'pɜːs(ə)n(ə)lɪ/,The managing director wrote personally to thank me.,总经理亲自写信向我表示感谢。
en:personnel:noun:1,personnel,noun,人事部门；全体人员,n 人事部门；全体人员；adj 人员的；有关人事的,"/,pɝsə'nɛl/",/pɜːsə'nel/,A copy should then be sent to Personnel for our files.,然后必须送一份到人事部供我们存档。
en:persuade:verb:1,persuade,verb,说服，劝说；使某人相信；劝某人做（不做）某事,v 说服，劝说；使某人相信；劝某人做（不做）某事；adj 空闲的，有闲的,/pɚ'swed/,/pə'sweɪd/,He was fairly easily persuaded .,他很轻易就被说服了。
en:pest:noun:1,pest,noun,害虫；有害之物；讨厌的人,n 害虫；有害之物；讨厌的人,/pɛst/,/pest/,a chemical used in pest control,用于防治虫害的一种化学品
en:pet:noun:1,pet,noun,宠物；生气；受宠爱的人,n 宠物；生气；受宠爱的人；v 宠爱；adj 宠爱的,/pɛt/,/pet/,They have two pets – a cat and a dog.,他们有两只宠物，一只猫和一只狗。
en:petrol:noun:1,petrol,noun,（英）汽油,n （英）汽油,/'pɛtrəl/,/'petr(ə)l/,unleaded petrol,无铅汽油
en:phenomenon:noun:1,phenomenon,noun,现象；奇迹；杰出的人才,n 现象；奇迹；杰出的人才,/fə'nɑmɪnən/,/fɪ'nɒmɪnən/,Homelessness is not a new phenomenon .,无家可归已不是什么新现象。
en:phone:noun:1,phone,noun,电话；耳机，听筒,n 电话；耳机，听筒；v 打电话,/fon/,/fəʊn/,Much of his work is done by phone .,他的工作大部分是通过电话进行的。
en:photo:noun:1,photo,noun,照片,n 照片,/'foto/,/'fəʊtəʊ/,Can you take a photo of me and Rachel?,你能给我和雷切尔拍张照吗？
en:photograph:verb:1,photograph,verb,为…拍照；使深深印入,v 为…拍照；使深深印入；n 照片，相片,/'fotəɡræf/,/'fəʊtəgrɑːf/,Kate agreed to let me photograph her.,凯特同意让我为她拍照。
en:photographer:noun:1,photographer,noun,摄影师；照相师,n 摄影师；照相师,/fə'tɑgrəfɚ/,/fə'tɒgrəfə/,a fashion photographer,时装摄影师
en:phrase:noun:1,phrase,noun,"短语, 习语, 措辞, 乐句","n 短语, 习语, 措辞, 乐句；v 措词, 将(乐曲)分成乐句",/frez/,/freɪz/,Who first used the phrase ‘survival of the fittest’?,“适者生存”这一说法最早是谁说的？
en:physical:adjective:1,physical,adjective,[物] 物理的；身体的；物质的；根据自然规律的，符合自然法则的,adj [物] 物理的；身体的；物质的；根据自然规律的，符合自然法则的；n 体格检查,/'fɪzɪkl/,/'fɪzɪk(ə)l/,She was in constant physical pain.,她一直感到身上疼痛。
en:physician:noun:1,physician,noun,[医] 医师；内科医师,n [医] 医师；内科医师,/fɪ'zɪʃən/,/fɪ'zɪʃ(ə)n/,...your family physician.,…你的家庭医生。
en:physicist:noun:1,physicist,noun,物理学家；唯物论者,n 物理学家；唯物论者,/'fɪzɪsɪst/,/'fɪzɪsɪst/,...a nuclear physicist.,…一位核物理学家。
en:physics:noun:1,physics,noun,物理学；物理现象,n 物理学；物理现象,/'fɪzɪks/,/'fɪzɪks/,...the laws of physics.,…物理学定律。
en:pianist:noun:1,pianist,noun,钢琴家；钢琴演奏者,n 钢琴家；钢琴演奏者,/'pɪənɪst/,/'pɪənɪst/,"She was an accomplished pianist, a superb swimmer, and a gifted artist.",她曾是一位很有造诣的钢琴家、一流的游泳健将和天才艺术家。
en:piano:noun:1,piano,noun,钢琴,n 钢琴,/pɪ'æno/,/pɪ'ænəʊ/,Jean accompanied her on the piano .,琼为她钢琴伴奏。
en:pick:verb:1,pick,verb,挑选；采摘；挖,v 挑选；采摘；挖；n 选择；鹤嘴锄；挖；掩护,/pɪk/,/pɪk/,Students have to pick three courses from a list of 15.,学生必须从15门课中选修3门。
en:picnic:noun:1,picnic,noun,野餐,n 野餐；v 去野餐,/'pɪknɪk/,/'pɪknɪk/,We decided to have a picnic down by the lake.,我们决定在湖边野餐。
en:picture:noun:1,picture,noun,照片，图画；影片；景色；化身,n 照片，图画；影片；景色；化身；v 画；想像；描写,/'pɪktʃɚ/,/'pɪktʃə/,The room had several pictures on the walls.,那个房间墙上有几幅画。
en:pie:noun:1,pie,noun,馅饼；饼图；爱说话的人,n 馅饼；饼图；爱说话的人；vt 使杂乱,/paɪ/,/paɪ/,I had a steak and kidney pie with chips.,我吃了一份牛肉腰子馅饼加薯条。
en:piece:noun:1,piece,noun,块；件；篇；硬币,n 块；件；篇；硬币；v 修补；接合；凑合,/pis/,/piːs/,Cut off a piece of wood 5 cm in length.,截下一段五厘米长的木头。
en:pig:noun:1,pig,noun,猪；猪肉,n 猪；猪肉；v 生小猪；像猪一样过活,/pɪɡ/,/pɪg/,He kept pigs and poultry.,他养过猪和家禽。
en:pile:noun:1,pile,noun,堆；大量；建筑群,n 堆；大量；建筑群；v 累积；打桩于,/paɪl/,/paɪl/,He balanced the plate on the top of a pile of books.,他把盘子在一摞书上放稳。
en:pill:noun:1,pill,noun,药丸；弹丸，子弹；口服避孕药,n 药丸；弹丸，子弹；口服避孕药；v 把…制成丸剂；使服用药丸；抢劫，掠夺（古语）,/pɪl/,/pɪl/,He has to take pills to control his blood pressure.,他必须服药控制血压。
en:pillow:noun:1,pillow,noun,枕头,n 枕头；v 垫；枕于…；使…靠在,/'pɪlo/,/'pɪləʊ/,I’ll be asleep as soon as my head hits the pillow.,我头一碰到枕头就会睡着。
en:pilot:noun:1,pilot,noun,飞行员；领航员,n 飞行员；领航员；adj 试点的；v 驾驶；领航；试用,/'paɪlət/,/'paɪlət/,an airline pilot,航空公司飞行员
en:pin:noun:1,pin,noun,大头针，别针，针；栓；琐碎物,n 大头针，别针，针；栓；琐碎物；v 钉住；压住；将……用针别住,/pɪn/,/pɪn/,...the 18-inch steel pin holding his left leg together.,…将他的左腿固定起来的18英寸长的钢钉。
en:pine:verb:1,pine,verb,渴望，痛苦；憔悴,v 渴望，痛苦；憔悴；n [林] 松树；凤梨，菠萝；adj 松木的；似松的,/paɪn/,/paɪn/,I pine for the countryside.,我渴望乡下的生活。
en:pineapple:noun:1,pineapple,noun,[园艺] 菠萝；[园艺] 凤梨,n [园艺] 菠萝；[园艺] 凤梨；adj 凤梨科的,/'paɪn'æpl/,/'paɪnæp(ə)l/,pineapple chunks,菠萝块
en:pink:noun:1,pink,noun,粉红色；化身，典范；石竹花；头面人物,n 粉红色；化身，典范；石竹花；头面人物；v 扎，刺，戳；使…变粉红色；使…面红耳赤；adj 粉红的；比较激进的；石竹科的；脸色发红的,/pɪŋk/,/pɪŋk/,Her room was decorated in bright pinks and purples.,她的房间装饰成明亮的粉红色和紫色。
en:pint:noun:1,pint,noun,品脱；一品脱的量；一品脱牛奶或啤酒,n 品脱；一品脱的量；一品脱牛奶或啤酒,/paɪnt/,/paɪnt/,He’s gone down the pub for a quick pint.,他去小酒馆匆匆喝上一品脱啤酒。
en:pioneer:noun:1,pioneer,noun,先锋；拓荒者,n 先锋；拓荒者；v 开辟；倡导；提倡,"/,paɪə'nɪr/",/paɪə'nɪə/,the early pioneers of the Dakota territory,达科他地区的早期拓荒者
en:pipe:noun:1,pipe,noun,管；烟斗；笛,n 管；烟斗；笛；v 吹笛；尖叫,/paɪp/,/paɪp/,a water pipe,水管
en:pity:noun:1,pity,noun,怜悯，同情；遗憾,n 怜悯，同情；遗憾；v 对……表示怜悯；对……感到同情,/'pɪti/,/'pɪtɪ/,It’s a great pity Joyce wasn’t invited.,乔伊斯没有受到邀请太遗憾了。
en:place:noun:1,place,noun,地方；住所；座位,n 地方；住所；座位；v 放置；任命；寄予,/ples/,/pleɪs/,Make sure you keep the key in a safe place.,一定要把钥匙放在安全的地方。
en:plain:adjective:1,plain,adjective,平的；简单的；朴素的；清晰的,adj 平的；简单的；朴素的；清晰的；n 平原；无格式；朴实无华的东西；adv 清楚地；平易地,/plen/,/pleɪn/,"The document, written in plain English, tells you about your new policy.",这份文件用简明的英语写成，解释了你们的新政策。
en:plan:noun:1,plan,noun,计划；平面图,n 计划；平面图；v 计划；设计；打算,/plæn/,/plæn/,His plan is to get a degree in economics and then work abroad for a year.,他计划先取得经济学学位，然后去国外工作一年。
en:plane:noun:1,plane,noun,飞机；平面；程度，水平,n 飞机；平面；程度，水平；v 刨；乘飞机旅行；翱翔；adj 平的；平面的,/plen/,/pleɪn/,It is a big airline with a large fleet of planes.,这是一家大航空公司，拥有庞大的机群。
en:planet:noun:1,planet,noun,行星,n 行星,/'plænɪt/,/'plænɪt/,The picture shows six of the nine planets in the solar system.,这张图片展示太阳系9个行星中的6个行星。
en:plant:noun:1,plant,noun,工厂，车间；植物；设备；庄稼,n 工厂，车间；植物；设备；庄稼；v 种植；培养；栽培；安置,/plænt/,/plɑːnt/,Don’t forget to water the plants.,别忘记给植物浇水。
en:plastic:adjective:1,plastic,adjective,塑料的；（外科）造型的；可塑的,adj 塑料的；（外科）造型的；可塑的；n 塑料制品；整形；可塑体,/'plæstɪk/,/'plæstɪk/,a plastic spoon,塑料汤匙
en:plate:noun:1,plate,noun,碟；金属板；金属牌；感光底片,n 碟；金属板；金属牌；感光底片；v 电镀；给…装甲,/pleɪt/,/pleɪt/,The brass plate on the door said ‘Dr Rackman’.,黄铜门牌上写着“雷克曼博士”。
en:platform:noun:1,platform,noun,平台；月台，站台；坛；讲台,n 平台；月台，站台；坛；讲台,/'plæt'fɔrm/,/'plætfɔːm/,The Edinburgh train will depart from platform six.,开往爱丁堡的火车将从六号站台发车。
en:play:verb:1,play,verb,游戏；扮演；演奏；播放；同…比赛,v 游戏；扮演；演奏；播放；同…比赛；n 游戏；比赛；剧本,/ple/,/pleɪ/,He’s learning to play the piano.,他在学习弹钢琴。
en:player:noun:1,player,noun,运动员，比赛者；游戏者，做游戏的人；演奏者，表演者；演员；播放器,n 运动员，比赛者；游戏者，做游戏的人；演奏者，表演者；演员；播放器,/'pleɚ/,/'pleɪə/,a basketball player,篮球运动员
en:playground:noun:1,playground,noun,运动场，操场；游乐场,n 运动场，操场；游乐场,/'ple'graʊnd/,/'pleɪgraʊnd/,children shouting and running in the playground,在操场上叫嚷奔跑的孩子们
en:playmate:noun:1,playmate,noun,玩伴；游伴,n 玩伴；游伴,/'plemet/,/'pleɪmeɪt/,The young girl loved to play with her playmates.,这个小女孩喜欢和她的玩伴们一起玩。
en:playroom:noun:1,playroom,noun,游戏室；娱乐室,n 游戏室；娱乐室,/'plerʊm/,/'pleɪruːm; -rʊm/,The playroom is designed for recreational purpose.,这游戏室计划用于娱乐活动。
en:pleasant:adjective:1,pleasant,adjective,令人愉快的，舒适的；讨人喜欢的，和蔼可亲的,adj 令人愉快的，舒适的；讨人喜欢的，和蔼可亲的；n (Pleasant)人名；(英)普莱曾特,/'plɛznt/,/'plez(ə)nt/,It had been a pleasant evening.,那是个愉快的夜晚。
en:please:verb:1,please,verb,使喜欢；使高兴，使满意,v 使喜欢；使高兴，使满意；int 请（礼貌用语）,/pliz/,/pliːz/,a business that wants to please its customers,希望让顾客满意的一家公司
en:pleased:adjective:1,pleased,adjective,高兴的；喜欢的；乐意做某事,adj 高兴的；喜欢的；乐意做某事；v 满意；愿意（please的过去分词形式）,/plizd/,/pliːzd/,Your Dad will be so pleased.,你爸爸会非常高兴的。
en:pleasure:noun:1,pleasure,noun,快乐；希望；娱乐；令人高兴的事,n 快乐；希望；娱乐；令人高兴的事；vt 使高兴；使满意；vi 高兴；寻欢作乐,/ˈplɛʒɚ/,/'pleʒə/,the simple pleasures of life,生活中的简单乐趣
en:plenty:noun:1,plenty,noun,丰富，大量；充足,n 丰富，大量；充足；adj 足够的，很多的；adv 足够,/'plɛnti/,/'plentɪ/,a land of plenty,一片富饶的土地
en:plot:noun:1,plot,noun,情节；图；阴谋,n 情节；图；阴谋；v 密谋；绘图；划分；标绘,/plɑt/,/plɒt/,The court heard how she and her lover hatched a plot (= planned a plot ) to kill her husband.,法庭听取了她和情人密谋杀害她丈夫的案情。
en:plug:noun:1,plug,noun,插头；塞子；栓,n 插头；塞子；栓；v 塞住；用插头将与电源接通,/plʌɡ/,/plʌg/,the bath plug,浴缸塞子
en:plus:noun:1,plus,noun,正号，加号；好处；附加额,n 正号，加号；好处；附加额；adj 正的；附加的；prep 加，加上,/plʌs/,/plʌs/,Daytime temperatures barely reached plus 5˚.,白天的气温仅零上5度。
en:pm:adjective:1,PM,adjective,（拉）下午（Post Meridiem，等于afternoon）；调相（Phase Modulation）,abbr （拉）下午（Post Meridiem，等于afternoon）；调相（Phase Modulation）,,,,
en:pocket:noun:1,pocket,noun,口袋；钱；容器,n 口袋；钱；容器；v 隐藏；忍受；将…放入衣袋；adj 小型的，袖珍的；金钱上的,/'pɑkɪt/,/'pɒkɪt/,Luke came in with his hands in his pockets.,卢克走了进来，双手插在口袋里。
en:poem:noun:1,poem,noun,诗,n 诗,/'poəm/,/'pəʊɪm/,...a book of love poems.,…一本爱情诗集。
en:poet:noun:1,poet,noun,诗人,n 诗人,/'poət/,/'pəʊɪt/,He was a painter and poet.,他是一位画家兼诗人。
en:point:noun:1,point,noun,要点；得分；标点；[机] 尖端,n 要点；得分；标点；[机] 尖端；v 指向；弄尖；加标点于,/pɔɪnt/,/pɒɪnt/,That’s a very interesting point.,那个观点很有趣。
en:poison:verb:1,poison,verb,污染；使中毒，放毒于；败坏；阻碍,v 污染；使中毒，放毒于；败坏；阻碍；n 毒药，毒物；酒；有毒害的事物；[助剂] 抑制剂；adj 有毒的,/'pɔɪzn/,/'pɒɪz(ə)n/,"She was accused in 1974 of poisoning her second husband, Charles.",1974 年她被控毒死了她的第二任丈夫查尔斯。
en:poisonous:adjective:1,poisonous,adjective,有毒的；恶毒的；讨厌的,adj 有毒的；恶毒的；讨厌的,/'pɔɪzənəs/,/'pɒɪzənəs/,Some mushrooms are extremely poisonous.,一些蘑菇有剧毒。
en:pole:noun:1,pole,noun,杆；极点；电极,n 杆；极点；电极；v 用竿支撑,/pol/,/pəʊl/,a telephone pole,电话线杆
en:police:noun:1,police,noun,警察，警方；治安,n 警察，警方；治安；v 监督；管辖；维持治安；为…配备警察；adj 警察的；有关警察的,/pə'lis/,/pə'liːs/,Police surrounded the courthouse.,警察围在法院大楼四周。
en:policeman:noun:1,policeman,noun,警察，警员；[分化] 淀帚（橡皮头玻璃搅棒）,n 警察，警员；[分化] 淀帚（橡皮头玻璃搅棒）,/pə'lismən/,/pə'liːsmən/,traffic policeman,n. 交通警察
en:policy:noun:1,policy,noun,政策，方针；保险单,n 政策，方针；保险单,/'pɑləsi/,/'pɒləsɪ/,an insurance policy,保险单
en:polish:noun:1,polish,noun,磨光，擦亮；擦亮剂；优雅，精良,n 磨光，擦亮；擦亮剂；优雅，精良；v 擦亮，变光滑；adj 波兰的,/'pɑlɪʃ/,/'pɒlɪʃ/,An occasional polish will keep wall tiles looking good.,偶尔擦拭一下能使墙砖保持美观。
en:polite:adjective:1,polite,adjective,有礼貌的，客气的；文雅的；上流的；优雅的,adj 有礼貌的，客气的；文雅的；上流的；优雅的,/pə'laɪt/,/pə'laɪt/,She’s always very polite.,她总是很有礼貌。
en:political:adjective:1,political,adjective,政治的；党派的,adj 政治的；党派的,/pə'lɪtɪkl/,/pə'lɪtɪk(ə)l/,All other political parties there have been completely banned.,那里的其他所有政党都已经完全被取缔了。
en:politician:noun:1,politician,noun,政治家，政客,n 政治家，政客,"/,pɑlə'tɪʃən/",/pɒlɪ'tɪʃ(ə)n/,politicians who are trying to get the minority vote,努力争取少数族群选票的政治家
en:politics:noun:1,politics,noun,政治，政治学；政治活动；政纲,n 政治，政治学；政治活动；政纲,/'pɑlətɪks/,/'pɒlɪtɪks/,a good understanding of politics in China,对中国政治很好的了解
en:pollute:verb:1,pollute,verb,污染；玷污；败坏,v 污染；玷污；败坏,/pə'lut/,/pə'luːt/,beaches polluted by raw sewage,受未经处理的污水污染的海滩
en:pollution:noun:1,pollution,noun,污染,n 污染,/pə'luʃən/,/pə'luːʃ(ə)n/,California’s tough anti-pollution laws,加利福尼亚州严厉的反污染法
en:pond:verb:1,pond,verb,筑成池塘,vt 筑成池塘；vi 筑成池塘；n 池塘,/pɑnd/,/pɒnd/,The path descends to the pond.,小路下斜通到池塘。
en:pool:noun:1,pool,noun,联营；撞球；水塘；共同资金,n 联营；撞球；水塘；共同资金；v 联营，合伙经营,/pul/,/puːl/,pools of water with tiny fish in them,有小鱼的一个个水池
en:poor:adjective:1,poor,adjective,贫穷的；可怜的；贫乏的；卑鄙的,adj 贫穷的；可怜的；贫乏的；卑鄙的；n (Poor)人名；(英、伊朗)普尔,/pʊr/,/pɔː; pʊə/,"Poor kid, he’s had a rough day.",可怜的孩子，今天他真倒霉。
en:pop:adjective:1,pop,adjective,卖点广告（Point of Purchase）,abbr 卖点广告（Point of Purchase）,/pɑp/,/pɒp/,pop music,流行音乐
en:popcorn:noun:1,popcorn,noun,爆米花，爆玉米花,n 爆米花，爆玉米花,/'pɑpkɔrn/,/'pɒpkɔːn/,,
en:popular:adjective:1,popular,adjective,流行的，通俗的；受欢迎的；大众的；普及的,adj 流行的，通俗的；受欢迎的；大众的；普及的,/'pɑpjəlɚ/,/'pɒpjʊlə/,Hilary was popular at school.,希拉里在学校里很受欢迎。
en:population:noun:1,population,noun,人口；[生物] 种群，[生物] 群体；全体居民,n 人口；[生物] 种群，[生物] 群体；全体居民,"/,pɑpju'leʃən/",/pɒpjʊ'leɪʃ(ə)n/,Nearly 70 percent of the population still live in the countryside.,人口中差不多有70%仍住在乡村。
en:pork:noun:1,pork,noun,猪肉,n 猪肉；vt 与女子性交,/pɔrk/,/pɔːk/,pork chops,猪排
en:porridge:noun:1,porridge,noun,粥，糊；麦片粥,n 粥，糊；麦片粥；vt 服刑,/'pɔrɪdʒ/,/'pɒrɪdʒ/,rice porridge,稀饭
en:port:noun:1,port,noun,港口，口岸；（计算机的）端口；左舷；舱门,n 港口，口岸；（计算机的）端口；左舷；舱门；v 转向左舷,/pɔrt/,/pɔːt/,Britain’s largest port,英国最大的港口城市
en:portable:adjective:1,portable,adjective,手提的，便携式的；轻便的,adj 手提的，便携式的；轻便的；n 手提式打字机,/'pɔrtəbl/,/'pɔːtəb(ə)l/,a portable radio,便携式收音机
en:porter:noun:1,porter,noun,门房；服务员；行李搬运工；守门人,n 门房；服务员；行李搬运工；守门人,/'pɔrtɚ/,/'pɔːtə/,Our taxi pulled up at Old Delhi station and a porter sprinted to the door.,我们的出租车停在老德里车站，一个搬运工疾步跑向车门。
en:position:noun:1,position,noun,位置，方位；职位，工作；姿态；站位,n 位置，方位；职位，工作；姿态；站位；v 安置；把……放在适当位置,/pə'zɪʃən/,/pə'zɪʃ(ə)n/,Lie in a comfortable position .,以一个舒服的姿势躺下。
en:possess:verb:1,possess,verb,控制；使掌握；持有；迷住；拥有，具备,v 控制；使掌握；持有；迷住；拥有，具备,/pə'zɛs/,/pə'zes/,Different workers possess different skills.,不同的工人拥有不同技能。
en:possession:noun:1,possession,noun,拥有；财产；领地；自制；着迷,n 拥有；财产；领地；自制；着迷,/pə'zɛʃən/,/pə'zeʃ(ə)n/,That information is not in our possession.,那则信息不归我们所有。
en:possibility:noun:1,possibility,noun,可能性；可能发生的事物,n 可能性；可能发生的事物,"/,pɑsə'bɪləti/","/,pɒsɪ'bɪlɪtɪ/",There’s always a possibility that he might go back to Seattle.,他也许会回到西雅图去，这种可能性一直存在。
en:possible:adjective:1,possible,adjective,可能的；合理的；合适的,adj 可能的；合理的；合适的；n 可能性；合适的人；可能的事物,/'pɑsəbl/,/'pɒsɪb(ə)l/,Is it possible toget tickets for the game?,有没有可能弄到比赛的门票？
en:possibly:adverb:1,possibly,adverb,可能地；也许；大概,adv 可能地；也许；大概,/'pɑsəbli/,/'pɒsɪblɪ/,This last task is possibly the most difficult.,这最后一项任务也许是最难的。
en:post:noun:1,post,noun,岗位；邮件；标杆,n 岗位；邮件；标杆；v 张贴；公布；邮递；布置,/post/,/pəʊst/,Was there any post for me today?,今天有我的邮件吗？
en:postage:noun:1,postage,noun,邮资，邮费,n 邮资，邮费,/'postɪdʒ/,/'pəʊstɪdʒ/,How much is the postage for a postcard?,寄一张明信片的邮资是多少？
en:postbox:noun:1,postbox,noun,邮箱,n 邮箱,/'postbɑks/,/'pəʊs(t)bɒks/,"I was so certain that it had happened, that I wrote a letter to my parents that same night and put it in the postbox at the corner of the street.",我如此地肯定这件事的发生，当晚我写信给我的父母，把信投进了街角的邮箱。
en:postcard:noun:1,postcard,noun,明信片,n 明信片,/'post'kɑrd/,/'pəʊs(t)kɑːd/,Don’t forget to send us a postcard!,别忘了给我们寄张明信片！
en:postcode:noun:1,postcode,noun,（英）邮政编码；邮区号,n （英）邮政编码；邮区号,/'post'kod/,/'pəʊs(t)kəʊd/,Type your street address and postcode.,键入你的街道地址和邮政编码。
en:poster:noun:1,poster,noun,海报，广告；招贴,n 海报，广告；招贴,/'postɚ/,/'pəʊstə/,A team of volunteers were putting up posters .,一队志愿者正在张贴海报。
en:postman:noun:1,postman,noun,邮递员；邮差,n 邮递员；邮差,/'postmən/,/'pəʊs(t)mən/,That postman is in charge of this route.,那个邮递员负责这条投递线路。
en:postpone:verb:1,postpone,verb,使…延期；把…放在次要地位；把…放在后面,v 使…延期；把…放在次要地位；把…放在后面,/po'spon/,/pəʊs(t)'pəʊn; pə'spəʊn/,The match had to be postponed until next week.,比赛不得不推迟到下周举行。
en:pot:noun:1,pot,noun,壶；盆；罐,n 壶；盆；罐；v 把…装罐；射击；节略,/pɑt/,/pɒt/,herbs growing in pots,长在花盆里的草本植物
en:potato:noun:1,potato,noun,[作物] 土豆，[作物] 马铃薯,n [作物] 土豆，[作物] 马铃薯,/pə'teto/,/pə'teɪtəʊ/,"Marie stood at the sink, peeling potatoes (= cutting off the skin ) .",玛丽站在洗涤槽边削土豆皮。
en:potential:noun:1,potential,noun,潜能；可能性；[电] 电势,n 潜能；可能性；[电] 电势；adj 潜在的；可能的；势的,/pə'tɛnʃl/,/pəˈtenʃl/,The boy has great potential.,这个男孩有很大的潜力。
en:pound:noun:1,pound,noun,英镑；重击，重击声；兽栏；拘留所,n 英镑；重击，重击声；兽栏；拘留所；v 捣烂；敲打；监禁，拘留,/paʊnd/,/paʊnd/,They spent over a thousand pounds.,他们花了一千多英镑。
en:pour:noun:1,pour,noun,倾泻；流出；骤雨,n 倾泻；流出；骤雨；v 灌，注；倒；倾泻；倾吐,/pɔr/,/pɔː/,She poured coffee for everyone.,她为每个人都倒了咖啡。
en:powder:noun:1,powder,noun,粉；粉末；[化工][军] 火药；尘土,n 粉；粉末；[化工][军] 火药；尘土；v 使成粉末；撒粉；搽粉于,/'paʊdɚ/,/'paʊdə/,curry powder,咖喱粉
en:power:noun:1,power,noun,力量，能力；电力，功率；政权，势力；[数] 幂,n 力量，能力；电力，功率；政权，势力；[数] 幂；v 激励；供以动力；使…有力量；adj 借影响有权势人物以操纵权力的,/'paʊɚ/,/'paʊə/,They seized power in a military coup.,他们在一场军事政变中夺取了政权。
en:powerful:adjective:1,powerful,adjective,强大的；强有力的,adj 强大的；强有力的；adv 很；非常,/'paʊɚfl/,/'paʊəfʊl; -f(ə)l/,He was one of the most powerful men in Bohemia.,他是波希米亚最有权势的人物之一。
en:practical:adjective:1,practical,adjective,实际的；实用性的,adj 实际的；实用性的,/'præktɪkl/,/'præktɪk(ə)l/,Candidates should have training and practical experience in basic electronics.,应征者应该具备基础电子学方面的培训和实践经验。
en:practice:noun:1,practice,noun,实践；练习；惯例,n 实践；练习；惯例；v 练习；实习；实行,/'præktɪs/,/'præktɪs/,It takes hours of practice to learn to play the guitar.,学习弹吉他需要长时间的练习。
en:prairie:noun:1,prairie,noun,大草原；牧场,n 大草原；牧场,/'prɛri/,/'preərɪ/,About 160 species of rare birds live in the swamps and prairie there.,大约有160种珍稀鸟类栖息在这里的沼泽地和大草原上。
en:praise:noun:1,praise,noun,赞扬；称赞；荣耀；崇拜,n 赞扬；称赞；荣耀；崇拜；v 赞美，歌颂；表扬,/prez/,/preɪz/,It’s important to give children plenty of praise and encouragement.,对小孩子多加表扬和鼓励是很重要的。
en:pray:verb:1,pray,verb,祈祷；恳求；央求,v 祈祷；恳求；央求；n (Pray)人名；(匈)普劳伊；(英)普雷,/pre/,/preɪ/,They went to the mosque to pray.,他们去清真寺祷告。
en:prayer:noun:1,prayer,noun,祈祷，祷告；恳求；祈祷文,n 祈祷，祷告；恳求；祈祷文,/prɛr/,/preə/,Our thoughts and prayers are with you at this difficult time.,在这艰难时期我们时刻思念你，为你祈祷。
en:precious:adjective:1,precious,adjective,宝贵的；珍贵的；矫揉造作的,adj 宝贵的；珍贵的；矫揉造作的；n (Precious)人名；(英)普雷舍斯，普雷舍丝(女名),/'prɛʃəs/,/'preʃəs/,planes delivering precious supplies of medicine and food,运送药品、食品等宝贵物资的飞机
en:precise:adjective:1,precise,adjective,精确的；明确的；严格的,adj 精确的；明确的；严格的,/prɪ'saɪs/,/prɪ'saɪs/,precise sales figures,准确的销售数据
en:predict:verb:1,predict,verb,预报，预言；预知,v 预报，预言；预知,/prɪ'dɪkt/,/prɪ'dɪkt/,Sales were five percent lower than predicted.,销售额比预期低5%。
en:prefer:verb:1,prefer,verb,更喜欢；宁愿；提出；提升,v 更喜欢；宁愿；提出；提升,/prɪ'fɝ/,/prɪ'fɜː/,This type of owl prefers a desert habitat.,这种猫头鹰更喜欢沙漠的生活环境。
en:preference:noun:1,preference,noun,偏爱，倾向；优先权,n 偏爱，倾向；优先权,/'prɛfrəns/,/'pref(ə)r(ə)ns/,Do you have a colour preference ?,你有什么颜色上的偏好吗？
en:pregnant:adjective:1,pregnant,adjective,怀孕的；富有意义的,adj 怀孕的；富有意义的,/'prɛɡnənt/,/'pregnənt/,care for pregnant women,孕妇保健
en:prejudice:noun:1,prejudice,noun,偏见；侵害,n 偏见；侵害；v 损害；使有偏见,/'prɛdʒədɪs/,/'predʒʊdɪs/,Women still face prejudice in the workplace.,女性在职场中仍然面临歧视。
en:premier:adjective:1,premier,adjective,第一的；最初的,adj 第一的；最初的；n 总理，首相,/prɪ'mɪr/,/'premɪə; 'priː-/,one of Dublin’s premier hotels,都柏林最好的酒店之一
en:preparation:noun:1,preparation,noun,预备；准备,n 预备；准备,"/,prɛpə'reʃən/","/,prepə'reɪʃ(ə)n/",This dish is good for dinner parties because much of the preparation can be done ahead of time.,这道菜适合宴会，因为很多准备工作可以事先做好。
en:prepare:verb:1,prepare,verb,准备；使适合；装备；起草,v 准备；使适合；装备；起草,/prɪ'pɛr/,/prɪ'peə/,The prosecution wanted more time to prepare their case.,原告想要有更多的时间来准备诉讼。
en:prescription:noun:1,prescription,noun,药方；指示；惯例,n 药方；指示；惯例；adj 凭处方方可购买的,/prɪ'skrɪpʃən/,/prɪ'skrɪpʃ(ə)n/,We are trying to cut the price of prescription drugs .,我们正努力降低处方药的价格。
en:present:verb:1,present,verb,提出；介绍；呈现；赠送,v 提出；介绍；呈现；赠送；adj 现在的；出席的；n 现在；礼物；瞄准,/'prɛznt/,/'prez(ə)nt/,She was presented with an award .,她被授予一个奖项。
en:presentation:noun:1,presentation,noun,展示；描述，陈述；介绍；赠送,n 展示；描述，陈述；介绍；赠送,"/,prizɛn'teʃən/",/prez(ə)n'teɪʃ(ə)n/,We will begin a series of presentations to help the public fully understand our system.,我们将进行一系列的说明，帮助公众充分了解我们的制度。
en:preserve:verb:1,preserve,verb,保存；保护；维持；腌；禁猎,v 保存；保护；维持；腌；禁猎；n 保护区；禁猎地；加工成的食品,/prɪ'zɝv/,/prɪ'zɜːv/,We must encourage the planting of new trees and preserve our existing woodlands.,我们必须鼓励栽种新树木，同时也要保护现有的林地。
en:president:noun:1,president,noun,总统；董事长；校长；主席,n 总统；董事长；校长；主席,/'prɛzɪdənt/,/'prezɪd(ə)nt/,President Bush,布什总统
en:press:verb:1,press,verb,压；按；逼迫；紧抱,v 压；按；逼迫；紧抱；n 压；按；新闻；出版社；[印刷] 印刷机,/prɛs/,/pres/,Manville kept his back pressed flat against the wall.,曼维尔后背紧紧地贴在墙上。
en:pressure:noun:1,pressure,noun,压力；压迫，[物] 压强,n 压力；压迫，[物] 压强；v 迫使；密封；使……增压,/'prɛʃɚ/,/'preʃə/,They are putting pressure on people to vote yes.,他们正在向民众施加压力，要求他们投赞成票。
en:pretend:verb:1,pretend,verb,假装，伪装，佯装,v 假装，伪装，佯装；adj 假装的,/prɪ'tɛnd/,/prɪ'tend/,Let’s pretend we’re on the moon.,我们假装自己是在月球上吧。
en:pretty:adjective:1,pretty,adjective,漂亮的；可爱的；优美的,adj 漂亮的；可爱的；优美的；adv 相当地；颇；n 有吸引力的事物（尤指饰品）；漂亮的人,/'prɪti/,/'prɪtɪ/,a pretty little girl,漂亮的小姑娘
en:prevent:verb:1,prevent,verb,预防，防止；阻止,v 预防，防止；阻止,/pri'vɛnt/,/prɪ'vent/,The rules are intended to prevent accidents.,这些规定旨在预防事故。
en:preview:noun:1,preview,noun,预览；试映；事先查看,n 预览；试映；事先查看；v 预览；预演；事先查看,/'pri'vjʊ/,/'priːvjuː/,"the press preview of the show (= when people who write for newspapers, television etc could see it )",该节目的媒体试映
en:price:noun:1,price,noun,价格；价值；代价,n 价格；价值；代价；v 给……定价；问……的价格,/praɪs/,/praɪs/,They may pay a high price for their few years of glory.,为了短短几年的辉煌，他们也许要付出高昂的代价。
en:pride:noun:1,pride,noun,自豪；骄傲；自尊心,n 自豪；骄傲；自尊心；v 使得意，以…自豪,/praɪd/,/praɪd/,He wore his medals with pride.,他自豪地戴着奖章。
en:primary:adjective:1,primary,adjective,主要的；初级的；基本的,adj 主要的；初级的；基本的；n 原色；最主要者,/'praɪmɛri/,/'praɪm(ə)rɪ/,Our primary concern is to provide the refugees with food and health care.,我们的头等大事是向难民提供食品和医疗。
en:primitive:adjective:1,primitive,adjective,原始的，远古的；简单的，粗糙的,adj 原始的，远古的；简单的，粗糙的；n 原始人,/'prɪmətɪv/,/'prɪmɪtɪv/,a primitive society,原始社会
en:principle:noun:1,principle,noun,原理，原则；主义，道义；本质，本义；根源，源泉,n 原理，原则；主义，道义；本质，本义；根源，源泉,/'prɪnsəpl/,/'prɪnsɪp(ə)l/,The general principle is that education should be available to all children up to the age of 16.,总的原则是，16 岁以下儿童都应该能接受教育。
en:print:noun:1,print,noun,印刷业；印花布；印刷字体；印章；印记,n 印刷业；印花布；印刷字体；印章；印记；v 印刷；打印；刊载；用印刷体写；在…印花样,/prɪnt/,/prɪnt/,There was no print at all on the backs of the tickets.,门票背面没有印任何文字。
en:printer:noun:1,printer,noun,[计] 打印机；印刷工；印花工,n [计] 打印机；印刷工；印花工,/'prɪntɚ/,/'prɪntə/,a laser printer,激光打印机
en:printing:noun:1,printing,noun,印刷；印刷术,n 印刷；印刷术,/'prɪntɪŋ/,/'prɪntɪŋ/,the invention of printing,印刷术的发明
en:prison:noun:1,prison,noun,监狱；监禁；拘留所,n 监狱；监禁；拘留所；vt 监禁，关押,/'prɪzn/,/'prɪz(ə)n/,He visits his dad in prison every week.,他每周都去探望狱中的父亲。
en:prisoner:noun:1,prisoner,noun,囚犯，犯人；俘虏；刑事被告,n 囚犯，犯人；俘虏；刑事被告,/'prɪznɚ/,/'prɪz(ə)nə/,Relationships between the staff and the prisoners are good.,狱警和犯人相处良好。
en:private:adjective:1,private,adjective,私人的；私有的；私下的,adj 私人的；私有的；私下的；n 列兵；二等兵,/'praɪvət/,/'praɪvət/,Morris has a private jet.,莫里斯拥有一架私人喷气式飞机。
en:privilege:noun:1,privilege,noun,特权；优待,n 特权；优待；v 给与…特权；特免,/ˈprɪvəlɪdʒ/,/ˈprɪvəlɪdʒ/,He had no special privileges and was treated just like every other prisoner.,他不享受特权，待遇和任何其他犯人一样。
en:prize:noun:1,prize,noun,奖品；奖赏；战利品,n 奖品；奖赏；战利品；v 珍视；捕获；估价；adj 获奖的,/praɪz/,/praɪz/,"In this month’s competition you could win a prize worth £3,000.","在本月的竞赛中您可以赢得价值3,000英镑的奖品。"
en:probable:adjective:1,probable,adjective,很可能的；可信的,adj 很可能的；可信的；n 很可能的事；大有希望的候选者,/'prɑbəbl/,/'prɒbəb(ə)l/,The probable cause of the fire was faulty wiring.,起火的原因很可能是电路故障。
en:problem:noun:1,problem,noun,难题；引起麻烦的人,n 难题；引起麻烦的人；adj 成问题的；难处理的,/'prɑbləm/,/'prɒbləm/,"She was older than me, but that wasn’t really a problem.",她比我年长，不过那不算什么问题。
en:procedure:noun:1,procedure,noun,程序，手续；步骤,n 程序，手续；步骤,/prə'sidʒɚ/,/prə'siːdʒə/,"On board, we were given the usual talk on safety procedures (= what to do if an accident happens, or to prevent an accident ) .",在飞机上，我们听了例行的飞行安全讲解。
en:process:verb:1,process,verb,处理；加工,v 处理；加工；n 过程，进行；方法，步骤；作用；程序；推移；adj 经过特殊加工（或处理）的,/'prɑsɛs/,/'prəʊses/,Goats’ cheese may be processed in many ways.,山羊奶干酪可以有多种加工方法。
en:produce:verb:1,produce,verb,生产；引起；创作；生育，繁殖,v 生产；引起；创作；生育，繁殖；n 农产品，产品,/prə'dus/,/prə'djuːs/,New drugs are producing remarkable results .,新药正在产生显著的效果。
en:product:noun:1,product,noun,产品；结果；[数] 乘积；作品,n 产品；结果；[数] 乘积；作品,/'prɑdʌkt/,/'prɒdʌkt/,The London factory assembles the finished product .,伦敦工厂组装成品。
en:production:noun:1,production,noun,成果；产品；生产；作品,n 成果；产品；生产；作品,/prə'dʌkʃən/,/prə'dʌkʃ(ə)n/,the new Shakespeare production at the Arts Theatre,艺术剧院新排演的莎士比亚戏剧
en:profession:noun:1,profession,noun,职业，专业；声明，宣布，表白,n 职业，专业；声明，宣布，表白,/prə'fɛʃən/,/prə'feʃ(ə)n/,people who work in the professions,从事专业性工作的人
en:profit:noun:1,profit,noun,利润；利益,n 利润；利益；v 获利；有益,/'prɑfɪt/,/'prɒfɪt/,The shop’s daily profit is usually around $500.,这家商店每天的利润一般在500美元左右。
en:programme:noun:1,programme,noun,计划，规划；节目；程序,n 计划，规划；节目；程序；v 编程序；制作节目,/proɡrəm/,/'prəʊgræm/,the US space program,美国太空计划
en:progress:noun:1,progress,noun,进步，发展；前进,n 进步，发展；前进；v 前进，进步；进行,/'prɑɡrɛs/,/'prəʊgres/,We made good progress despite the snow.,尽管下雪，我们的行程还是很顺利。
en:prohibit:verb:1,prohibit,verb,阻止，禁止,v 阻止，禁止,/prə'hɪbɪt/,/prə(ʊ)'hɪbɪt/,Smoking is strictly prohibited inside the factory.,厂区严禁吸烟。
en:project:verb:1,project,verb,设计；计划；表达；投射,v 设计；计划；表达；投射；n 工程；计划；事业,/prəˈdʒɛkt; prɑdʒɛkt/,/prəˈdʒekt; ˈprɒdʒekt/,the projected closure of the hospital,计划关闭这所医院
en:promise:noun:1,promise,noun,许诺，允诺；希望,n 许诺，允诺；希望；v 允诺，许诺；给人以…的指望或希望,/'prɑmɪs/,/'prɒmɪs/,"If you make a promise, you should keep it.",如果你许下一个诺言，你就应该遵守它。
en:promote:verb:1,promote,verb,促进；提升；推销；发扬,v 促进；提升；推销；发扬,/prə'mot/,/prə'məʊt/,You don't have to sacrifice environmental protection to promote economic growth.,你们没有必要牺牲环保来促进经济增长。
en:pronounce:verb:1,pronounce,verb,发音；宣判；断言,v 发音；宣判；断言,/prə'naʊns/,/prə'naʊns/,The scheme was pronounced a failure.,该方案宣告失败。
en:pronunciation:noun:1,pronunciation,noun,发音；读法,n 发音；读法,"/prə,nʌnsɪ'eʃən/","/prə,nʌnsɪ'eɪʃ(ə)n/",She gave the word its French pronunciation.,她给出了这个单词的法语发音。
en:proper:adjective:1,proper,adjective,适当的；本身的；特有的；正派的,adj 适当的；本身的；特有的；正派的；adv 完全地；n (Proper)人名；(英、德)普罗珀,/'prɑpɚ/,/'prɒpə/,Everything was in its proper place (= where it should be ) .,每样东西都放在恰当的位置。
en:properly:adverb:1,properly,adverb,适当地；正确地；恰当地,adv 适当地；正确地；恰当地,/'prɑpɚli/,/'prɒp(ə)lɪ/,The brakes don’t seem to be working properly.,刹车似乎不正常。
en:protect:verb:1,protect,verb,保护，防卫；警戒,v 保护，防卫；警戒,/prə'tɛkt/,/prə'tekt/,Are we doing enough to protect the environment?,我们在保护环境方面做得够吗？
en:protection:noun:1,protection,noun,保护；防卫；护照,n 保护；防卫；护照,/prə'tɛkʃən/,/prə'tekʃ(ə)n/,protection money,保护费
en:proud:adjective:1,proud,adjective,自豪的；得意的；自负的,adj 自豪的；得意的；自负的；n (Proud)人名；(英)普劳德,/praʊd/,/praʊd/,Seth was the proud owner of a new sports car.,赛思因为有了新跑车而扬扬得意。
en:prove:verb:1,prove,verb,证明；检验；显示,v 证明；检验；显示,/pruv/,/pruːv/,"You’re wrong, and I can prove it.",你错了，我可以证明。
en:provide:verb:1,provide,verb,提供；规定；准备；装备,v 提供；规定；准备；装备,/prə'vaɪd/,/prə'vaɪd/,Tea and biscuits will be provided.,有茶水和饼干供应。
en:province:noun:1,province,noun,省；领域；职权,n 省；领域；职权,/'prɑvɪns/,/'prɒvɪns/,a Chinese province,中国的一个省
en:pub:noun:1,pub,noun,酒馆；客栈,n 酒馆；客栈,/pʌb/,/pʌb/,Do you fancy going to the pub?,你想去酒吧吗？
en:public:adjective:1,public,adjective,公众的；政府的；公用的；公立的,adj 公众的；政府的；公用的；公立的；n 公众；社会；公共场所,/'pʌblɪk/,/'pʌblɪk/,We have to show that publishing this story is in the public interest (= helpful or useful to ordinary people ) .,我们必须证明刊登这篇报道有利于公众。
en:publicly:adverb:1,publicly,adverb,公然地；以公众名义,adv 公然地；以公众名义,/'pʌblikli/,/'pʌblɪklɪ/,She and her family agreed never to discuss the matter publicly.,她和家人一致同意，绝不公开讨论那件事。
en:publish:verb:1,publish,verb,出版；发表；公布,v 出版；发表；公布,/'pʌblɪʃ/,/'pʌblɪʃ/,The first edition was published in 1765.,第一版于1765年出版。
en:pull:verb:1,pull,verb,拉；拔；拖,v 拉；拔；拖；n 拉，拉绳；拉力，牵引力；拖,/pʊl/,/pʊl/,Mom! Davey’s pulling my hair!,妈妈! 戴维拽我的头发！
en:pulse:noun:1,pulse,noun,[电子] 脉冲；脉搏,n [电子] 脉冲；脉搏；v 使跳动,/pʌls/,/pʌls/,His breathing was shallow and his pulse was weak .,他呼吸很浅，脉搏微弱。
en:pump:verb:1,pump,verb,打气；用抽水机抽…,v 打气；用抽水机抽…；n 泵，抽水机；打气筒,/pʌmp/,/pʌmp/,It's not enough to get rid of raw sewage by pumping it out to sea.,仅用水泵将未经处理的污水排入海中是不够的。
en:punctual:adjective:1,punctual,adjective,准时的，守时的；精确的,adj 准时的，守时的；精确的,/'pʌŋtʃʊəl/,/'pʌŋ(k)tʃʊəl; -tjʊəl/,She’s always very punctual for appointments.,她一向准时赴约。
en:punctuate:verb:1,punctuate,verb,不时打断；强调；加标点于,v 不时打断；强调；加标点于,/ˈpʌŋktʃuet/,/'pʌŋ(k)tʃʊeɪt/,The silence was occasionally punctuated by laughter.,寂静间或被笑声打破。
en:punctuation:noun:1,punctuation,noun,标点；标点符号,n 标点；标点符号,/'pʌŋktʃʊ'eʃən/,/pʌŋ(k)tʃʊ'eɪʃ(ə)n; -tjʊ-/,He was known for his poor grammar and punctuation.,他以很差的语法和标点符号使用而出名。
en:punish:verb:1,punish,verb,惩罚；严厉对待；贪婪地吃喝,v 惩罚；严厉对待；贪婪地吃喝,/'pʌnɪʃ/,/'pʌnɪʃ/,Smacking is not an acceptable way of punishing a child.,要惩罚孩子，不应该用打的方式。
en:punishment:noun:1,punishment,noun,惩罚；严厉对待，虐待,n 惩罚；严厉对待，虐待,/'pʌnɪʃmənt/,/'pʌnɪʃm(ə)nt/,...a group that campaigns against the physical punishment of children.,…一个发起运动反对体罚儿童的组织。
en:pupil:noun:1,pupil,noun,学生；[解剖] 瞳孔；未成年人,n 学生；[解剖] 瞳孔；未成年人,/pjupl/,/'pjuːpɪl; -p(ə)l/,About 20 pupils study music here.,大约20名小学生在这里学习音乐。
en:purchase:noun:1,purchase,noun,购买；紧握；起重装置,n 购买；紧握；起重装置；v 购买；赢得,/'pɝtʃəs/,/'pɜ:tʃəs/,She paid for her purchases and left.,她付钱买好东西离开了。
en:pure:adjective:1,pure,adjective,纯的；纯粹的；纯洁的；清白的；纯理论的,adj 纯的；纯粹的；纯洁的；清白的；纯理论的；n (Pure)人名；(俄)普雷,/pjʊr/,/pjʊə/,rings made of pure gold,纯金制成的戒指
en:purple:adjective:1,purple,adjective,紫色的；帝王的；华而不实的,adj 紫色的；帝王的；华而不实的；n 紫色；紫袍；v 变成紫色,/'pɝpl/,/'pɜːp(ə)l/,His face turned purple with rage.,他气得脸色发紫。
en:purpose:noun:1,purpose,noun,目的；用途；意志,n 目的；用途；意志；v 决心；企图；打算,/'pɝpəs/,/'pɜːpəs/,Nick had no particular purpose in mind when he started.,尼克开始的时候头脑中并没有明确的目标。
en:purse:noun:1,purse,noun,(女士)手提袋；(国家、家庭、团体等的) 财力,n (女士)手提袋；(国家、家庭、团体等的) 财力；v （嘴巴）皱起，使缩拢；撅嘴,/pɝs/,/pɜːs/,I locked the door and dropped the keys in my purse.,我锁上门，然后把钥匙丢进手提包里。
en:push:verb:1,push,verb,推动，增加；对…施加压力，逼迫；按；说服,v 推动，增加；对…施加压力，逼迫；按；说服；n 推，决心；大规模攻势；矢志的追求,/pʊʃ/,/pʊʃ/,"It didn’t move, so she pushed harder.",它一动不动，因此她加力去推。
en:put:verb:1,put,verb,放；表达；移动；安置；赋予,v 放；表达；移动；安置；赋予；n 掷；笨蛋；投击；怪人；adj 固定不动的,/pʊt/,/pʊt/,He put the coffee on the table.,他把咖啡放在桌上。
en:puzzle:verb:1,puzzle,verb,使…困惑；使…为难；苦思而得出,v 使…困惑；使…为难；苦思而得出；n 谜；难题；迷惑,/'pʌzl/,/'pʌz(ə)l/,a question that continues to puzzle scientists,一直困扰科学家的问题
en:puzzled:adjective:1,puzzled,adjective,困惑的；茫然的；搞糊涂的,adj 困惑的；茫然的；搞糊涂的,/'pʌzld/,/'pʌzld/,"‘Dinner?’ Sam asked, looking puzzled.",“吃饭？”萨姆问道，看上去很迷惑。
en:pyramid:noun:1,pyramid,noun,金字塔；角锥体,n 金字塔；角锥体；v 渐增；上涨；成金字塔状,/'pɪrəmɪd/,/'pɪrəmɪd/,different levels of the management pyramid,金字塔式管理体系中的不同层次
en:quake:verb:1,quake,verb,震动；颤抖,v 震动；颤抖；n 地震；颤抖,/kwek/,/kweɪk/,Richmond was quaking with fury.,里士满气得发抖。
en:qualification:noun:1,qualification,noun,资格；条件；限制；赋予资格,n 资格；条件；限制；赋予资格,"/,kwɑlɪfɪ'keʃən/","/,kwɒlɪfɪ'keɪʃ(ə)n/",He left school without any qualifications.,他离校时没有拿到任何文凭。
en:quality:noun:1,quality,noun,质量，[统计] 品质；特性；才能,n 质量，[统计] 品质；特性；才能；adj 优质的；高品质的；<英俚>棒极了,/'kwɑləti/,/'kwɒlɪtɪ/,Much of the land was of poor quality.,很多地的土质很差。
en:quantity:noun:1,quantity,noun,量，数量；大量；总量,n 量，数量；大量；总量,/'kwɑntəti/,/'kwɒntɪtɪ/,Your work has improved in quantity and quality this term.,这学期你的作业在完成数量和质量上都有提高。
en:quarrel:verb:1,quarrel,verb,吵架；争论；挑剔,v 吵架；争论；挑剔；n 吵架；反目；怨言；争吵的原因；方头凿,/'kwɔrəl/,/'kwɒr(ə)l/,I wish you two would stop quarreling.,我希望你们两个别再吵了。
en:quarter:noun:1,quarter,noun,四分之一；地区；季度；一刻钟；两角五分；节,n 四分之一；地区；季度；一刻钟；两角五分；节；v 住宿；驻扎；num 四分之一,/'kwɔrtɚ/,/'kwɔːtə/,It’s about a page and a quarter.,大概是一又四分之一页。
en:queen:noun:1,queen,noun,女王，王后；（纸牌中的）皇后；（蜜蜂等的）蜂王,n 女王，王后；（纸牌中的）皇后；（蜜蜂等的）蜂王；v 使…成为女王或王后,/kwin/,/kwiːn/,the queen of diamonds,方块Q，方块王后
en:question:noun:1,question,noun,问题，疑问；询问；疑问句,n 问题，疑问；询问；疑问句；v 询问；怀疑；审问,/'kwɛstʃən/,/'kwestʃ(ə)n/,Can I ask you a question?,我能问你个问题吗？
en:questionnaire:noun:1,questionnaire,noun,问卷；调查表,n 问卷；调查表,/ˌkwɛstʃənˈɛr/,/ˌkwestʃəˈneə(r)/,Teachers will be asked to fill in a questionnaire.,教师们将被要求填写一份调查问卷。
en:queue:noun:1,queue,noun,队列；长队；辫子,n 队列；长队；辫子；v 排队；排队等候,/kju/,/kjuː/,You’ll have to join the queue.,你得排队。
en:quick:noun:1,quick,noun,核心；伤口的嫩肉,n 核心；伤口的嫩肉；adj 快的；迅速的，敏捷的；灵敏的；adv 迅速地，快,/kwɪk/,/kwɪk/,Her nails were bitten to the quick.,她的指甲都咬到肉里了。
en:quiet:adjective:1,quiet,adjective,安静的；安定的；不动的；温顺的,adj 安静的；安定的；不动的；温顺的；n 安静；和平；v 使平息；安慰,/'kwaɪət/,/'kwaɪət/,We’ll have to be quiet so as not to wake the baby.,我们得安静点，免得吵醒宝宝。
en:quilt:noun:1,quilt,noun,被子；棉被,n 被子；棉被；v 东拼西凑地编；加软衬料后缝制,/kwɪlt/,/kwɪlt/,...an old patchwork quilt.,…一条旧的拼布被子。
en:quit:verb:1,quit,verb,离开；放弃；停止；使…解除,v 离开；放弃；停止；使…解除；n 离开；[计] 退出；adj 摆脱了…的；已经了结的,/kwɪt/,/kwɪt/,He quit his job after an argument with a colleague.,他和一个同事争吵后就辞职了。
en:quite:adverb:1,quite,adverb,很；相当；完全,adv 很；相当；完全,/kwaɪt/,/kwaɪt/,I felt quite bitter about it at the time.,当时我对此感到相当痛苦。
en:quiz:noun:1,quiz,noun,考查；恶作剧；课堂测验,n 考查；恶作剧；课堂测验；v 挖苦；张望；对…进行测验,/kwɪz/,/kwɪz/,a biology quiz,生物测验
en:rabbit:noun:1,rabbit,noun,兔子，野兔,n 兔子，野兔；v 让…见鬼去吧,/'ræbɪt/,/'ræbɪt/,The rabbit disappeared in the bushes.,那只兔子消失在树丛中。
en:race:noun:1,race,noun,属，种；种族，人种；家庭，门第,n 属，种；种族，人种；家庭，门第；v 使参加比赛；和…竞赛；使急走，使全速行进,/res/,/reɪs/,The school welcomes children of all races .,该校欢迎各种族的学生就读。
en:racial:adjective:1,racial,adjective,种族的；人种的,adj 种族的；人种的,/'reʃl/,/'reɪʃ(ə)l/,a victim of racial discrimination,种族歧视的受害者
en:radiation:noun:1,radiation,noun,辐射；发光；放射物,n 辐射；发光；放射物,"/,redɪ'eʃən/",/reɪdɪ'eɪʃ(ə)n/,An accident at the power station could result in large amounts of radiation being released.,发电站事故会造成大量核辐射泄漏。
en:radio:noun:1,radio,noun,收音机；无线电广播设备,n 收音机；无线电广播设备；v 用无线电进行通信,/'redɪo/,/'reɪdɪəʊ/,The last 12 months have been difficult ones for local radio.,最近的12个月对地方广播电台来说是艰难的。
en:radioactive:adjective:1,radioactive,adjective,[核] 放射性的；有辐射的,adj [核] 放射性的；有辐射的,/'redɪo'æktɪv/,"/,reɪdɪəʊ'æktɪv/",the problem of how to dispose of radioactive waste,如何处理放射性废物的问题
en:radium:noun:1,radium,noun,[化学] 镭（88号元素符号Ra）,n [化学] 镭（88号元素符号Ra）,/'redɪəm/,/'reɪdɪəm/,Madame Curie discovered radium.,居里夫人发现了镭。
en:rag:noun:1,rag,noun,破布；碎屑,n 破布；碎屑；v 戏弄；责骂,/ræɡ/,/ræg/,He was wiping his hands on an oily rag.,他正用一块油腻腻的抹布擦手。
en:rail:noun:1,rail,noun,铁轨；扶手；横杆；围栏,n 铁轨；扶手；横杆；围栏；v 抱怨；责骂,/rel/,/reɪl/,Several passengers were leaning against the ship’s rail.,几名乘客斜靠在轮船的栏杆上。
en:railway:noun:1,railway,noun,（英）铁路；轨道；铁道部门,n （英）铁路；轨道；铁道部门；vi 乘火车旅行,/'relwe/,/'reɪlweɪ/,a railway company,铁路公司
en:rain:noun:1,rain,noun,雨；下雨；雨天；雨季,n 雨；下雨；雨天；雨季；v 下雨；降雨,/reɪn/,/reɪn/,a night of wind and rain,风雨交加的夜晚
en:rainbow:noun:1,rainbow,noun,彩虹；五彩缤纷的排列；幻想,n 彩虹；五彩缤纷的排列；幻想；adj 五彩缤纷的；彩虹状的；vt 使呈彩虹状；如彩虹般装饰；vi 呈彩虹状,/'renbo/,/'reɪnbəʊ/,...silk and satin in every shade of the rainbow.,…如彩虹般五颜六色的丝绸与锦缎。
en:raincoat:noun:1,raincoat,noun,（美）雨衣,n （美）雨衣,/ˈreɪnkoʊt/,/'reɪnkəʊt/,He dipped in his raincoat pocket.,他把手深深地伸进雨衣口袋里。
en:rainfall:noun:1,rainfall,noun,降雨；降雨量,n 降雨；降雨量,/'ren'fɔl/,/'reɪnfɔːl/,We’ve had a long period of low rainfall.,我们已有很长一段时间雨量偏低。
en:rainy:adjective:1,rainy,adjective,下雨的；多雨的,adj 下雨的；多雨的；n (Rainy)人名；(英)雷尼,/'reni/,/'reɪnɪ/,a cold rainy day in October,十月里一个寒冷的雨天
en:raise:verb:1,raise,verb,提高；筹集；养育；升起,v 提高；筹集；养育；升起；n 高地；上升；加薪,/rez/,/reɪz/,Can you raise the lamp so I can see?,你能把灯举高点好让我看清吗？
en:random:adjective:1,random,adjective,[数] 随机的；任意的；胡乱的,adj [数] 随机的；任意的；胡乱的；n 随意；adv 胡乱地,/'rændəm/,/'rændəm/,The company has introduced random drug testing of its employees.,公司已实行对雇员的随机毒品测试。
en:range:noun:1,range,noun,范围；幅度；排；山脉,n 范围；幅度；排；山脉；v （在内）变动；平行，列为一行；延伸；漫游；射程达到,/rendʒ/,/reɪn(d)ʒ/,a temperature range of 72-85˚,72 度到85度之间的温度范围
en:rank:noun:1,rank,noun,排；等级；军衔；队列,n 排；等级；军衔；队列；adj 讨厌的；恶臭的；繁茂的；v 排列；把…分等,/ræŋk/,/ræŋk/,He was sentenced to prison and stripped of his rank (= had his rank taken from him ) .,他被判入狱，并且被剥夺了军衔。
en:rapid:adjective:1,rapid,adjective,迅速的，急促的；飞快的；险峻的,adj 迅速的，急促的；飞快的；险峻的；n 急流；高速交通工具，高速交通网,/'ræpɪd/,/'ræpɪd/,The patient made a rapid recovery.,病人迅速康复。
en:rare:adjective:1,rare,adjective,稀有的；稀薄的；半熟的,adj 稀有的；稀薄的；半熟的；adv 非常；极其；vi 用后腿站起；渴望,/rɛr/,/reə/,This species of plant is becoming increasingly rare.,这种植物越来越罕见。
en:rat:noun:1,rat,noun,鼠；卑鄙小人，叛徒,n 鼠；卑鄙小人，叛徒；v 捕鼠；背叛，告密,/ræt/,/ræt/,"But you promised to help us, you rat!",可你答应过要帮我们的，你这小人！
en:rate:noun:1,rate,noun,比率，率；速度；价格；等级,n 比率，率；速度；价格；等级；v 认为；估价；责骂,/ret/,/reɪt/,Immediately his heart rate (= the number of beats per minute ) increased.,他的心率立即加快了。
en:rather:adverb:1,rather,adverb,宁可，宁愿；相当,adv 宁可，宁愿；相当；int 当然啦（回答问题时用）；n (Rather)人名；(英)拉瑟,/'ræðɚ/,/'rɑːðə/,I grew up in rather unusual circumstances.,我在相当不寻常的环境中长大。
en:raw:adjective:1,raw,adjective,生的；未加工的；阴冷的；刺痛的；擦掉皮的；无经验的；（在艺术等方面）不成熟的,adj 生的；未加工的；阴冷的；刺痛的；擦掉皮的；无经验的；（在艺术等方面）不成熟的；n 擦伤处；vt 擦伤,/rɔ/,/rɔː/,raw meat,生肉
en:razor:verb:1,razor,verb,剃，用剃刀刮,v 剃，用剃刀刮；n 剃刀,/'rezɚ/,/'reɪzə/,"BATHROOMS: A man has five items in his bathroom: a toothbrush, shaving cream, razor, a bar of soap, and a towel from the Holiday Inn.",一个男人在他的盥洗室里有五件东西：一把牙刷，剃须膏，剃刀，一盒肥皂和从假日旅馆顺来的一条毛巾。
en:reach:verb:1,reach,verb,达到；延伸；伸出手；传开,v 达到；延伸；伸出手；传开；n 范围；延伸；河段；横风行驶,/ritʃ/,/riːtʃ/,Chelsea could reach the final of the European Cup.,切尔西队会进入欧洲杯决赛。
en:react:verb:1,react,verb,反应；影响；反抗；起反作用,v 反应；影响；反抗；起反作用,/ri'ækt/,/rɪ'ækt/,He reacted angrily to the suggestion that he had lied.,说他撒谎，他非常生气。
en:read:verb:1,read,verb,阅读；读懂，理解,v 阅读；读懂，理解；n 阅读；读物；adj 有学问的,"/rid; (read, read) rɛd/","/riːd; (read, read) red/",I can’t read your writing.,我看不懂你写的东西。
en:reading:noun:1,reading,noun,阅读，朗读；读物；读数,n 阅读，朗读；读物；读数；adj 阅读的；v 阅读（read的ing形式）,/'ridɪŋ/,/'riːdɪŋ/,She loves reading.,她喜欢看书。
en:ready:adjective:1,ready,adjective,准备好；现成的；迅速的；情愿的；快要…的,adj 准备好；现成的；迅速的；情愿的；快要…的；n 现款；预备好的状态；adv 迅速地；预先；v 使准备好,/'rɛdi/,/'redɪ/,Come on. Aren’t you ready yet?,快点，你还没准备好吗？
en:real:adjective:1,real,adjective,实际的；真实的；实在的,adj 实际的；真实的；实在的；adv 真正地；确实地；n 现实；实数,/'riəl/,/riːl/,There is a real danger that the disease might spread.,这种疾病确实有蔓延的危险。
en:reality:noun:1,reality,noun,现实；实际；真实,n 现实；实际；真实,/rɪ'æləti/,/rɪ'ælɪtɪ/,the distinction between fantasy and reality,幻想和现实之间的区别
en:realize:verb:1,realize,verb,实现；认识到；了解；将某物卖得，把(证券等)变成现钱；变卖,v 实现；认识到；了解；将某物卖得，把(证券等)变成现钱；变卖,/rɪəˌlaɪz/,/'riːəlaɪz/,It took us a while to realize the extent of the tragedy.,我们过了一段时间才意识到这场悲剧有多严重。
en:reason:noun:1,reason,noun,理由；理性；动机,n 理由；理性；动机；v 推论；劝说,/ˈrizən/,/'riːz(ə)n/,She has reason to feel guilty.,她有理由感到内疚。
en:reasonable:adjective:1,reasonable,adjective,合理的，公道的；通情达理的,adj 合理的，公道的；通情达理的,/'riznəbl/,/'riːz(ə)nəb(ə)l/,a reasonable request,合情合理的要求
en:rebuild:verb:1,rebuild,verb,重建；改造，重新组装；复原,v 重建；改造，重新组装；复原,"/,ri'bɪld/",/riː'bɪld/,The church was completely rebuilt in the last century.,这座教堂在上个世纪全面重建。
en:receipt:noun:1,receipt,noun,收到；收据；收入,n 收到；收据；收入；v 收到,/rɪ'sit/,/rɪ'siːt/,Keep your receipt in case you want to bring it back.,保留收据以备退货之需。
en:receive:verb:1,receive,verb,收到；接待；接纳,v 收到；接待；接纳,/rɪ'siv/,/rɪ'siːv/,All the children will receive a small gift.,每个孩子都会收到一份小礼物。
en:receiver:noun:1,receiver,noun,接收器；接受者；收信机；收款员，接待者,n 接收器；接受者；收信机；收款员，接待者,/rɪ'sivɚ/,/rɪ'siːvə/,Auto-tuning VHF receivers are now common in cars.,自动调谐的超高频信号接收器现普遍使用在小汽车上。
en:recent:adjective:1,recent,adjective,最近的；近代的,adj 最近的；近代的,/'risnt/,/'riːs(ə)nt/,Irving’s most recent book,欧文最新的书
en:reception:noun:1,reception,noun,接待；接收；招待会；感受；反应,n 接待；接收；招待会；感受；反应,/rɪ'sɛpʃən/,/rɪ'sepʃ(ə)n/,She was unsure of her reception after everything that had happened.,发生了这些事后，她对自己是否还受欢迎没把握。
en:receptionist:noun:1,receptionist,noun,接待员；传达员,n 接待员；传达员,/rɪ'sɛpʃənɪst/,/rɪ'sepʃ(ə)nɪst/,You tell the receptionist that you are expecting a call from this client and to put them through.,你告诉传达员你正在等待一个来自这个客户的电话，并允许将他们接进来。
en:recipe:noun:1,recipe,noun,食谱；[临床] 处方；秘诀；烹饪法,n 食谱；[临床] 处方；秘诀；烹饪法,/'rɛsəpi/,/'resɪpɪ/,a recipe book,一本烹饪书
en:recite:verb:1,recite,verb,背诵；叙述；列举,v 背诵；叙述；列举,/rɪ'saɪt/,/rɪ'saɪt/,She recited a poem that she had learnt at school.,她背诵了一首学校里学的诗。
en:recognise:verb:1,recognise,verb,认出；承认，认可；识别,v 认出；承认，认可；识别,,/'rekəɡnaɪz/,,
en:recommend:verb:1,recommend,verb,推荐，介绍；劝告；使受欢迎；托付,v 推荐，介绍；劝告；使受欢迎；托付,/'rɛkə'mɛnd/,/rekə'mend/,Doctors strongly recommend that fathers should be present at their baby’s birth.,医生极力建议孩子出生时父亲应该在场。
en:record:verb:1,record,verb,记录，记载；标明；将录音,v 记录，记载；标明；将录音；n 档案，履历；唱片；最高纪录；adj 创纪录的,/(for v.) rɪˈkɔrd; (for n. adj.) ˈrɛkɚd/,/(for v.)rɪˈkɔːd; (for n.) ˈrekɔːd/,Her husband made her record every penny she spent.,她丈夫要她把花的每分钱都记下来。
en:recorder:noun:1,recorder,noun,录音机；记录器；记录员；八孔直笛,n 录音机；记录器；记录员；八孔直笛,/rɪ'kɔrdɚ/,/rɪ'kɔːdə/,Rodney put the recorder on the desk top and pushed the play button.,罗德尼把录音机放在桌面上，按下了播放键。
en:recover:verb:1,recover,verb,恢复；弥补；重新获得,v 恢复；弥补；重新获得；n 还原至预备姿势,/rɪ'kʌvɚ/,/rɪ'kʌvə/,"After a few days of fever, she began to recover.",发烧几天之后，她开始恢复。
en:recreation:noun:1,recreation,noun,娱乐；消遣；休养,n 娱乐；消遣；休养,"/,rɛkrɪ'eʃən/","/,rekrɪ'eɪʃ(ə)n/",His only recreations are drinking beer and watching football.,他唯一的消遣就是喝啤酒和看足球比赛。
en:rectangle:noun:1,rectangle,noun,矩形；长方形,n 矩形；长方形,/'rɛktæŋɡl/,/'rektæŋg(ə)l/,Suppose the width of a rectangle is x metres.,设长方形的宽是 x 米。
en:recycle:verb:1,recycle,verb,使再循环；使…重新利用,v 使再循环；使…重新利用；n 再生；再循环；重复利用,"/,ri'saɪkl/",/riː'saɪk(ə)l/,The fashion world just keeps recycling old ideas.,时装界就是不停地翻新旧观念。
en:red:noun:1,red,noun,红色，红颜料；赤字,n 红色，红颜料；赤字；adj 红色的；红肿的，充血的,/rɛd/,/red/,I like the way the artist uses red in this painting.,我喜欢画家在这幅作品中对红色的运用。
en:redirect:verb:1,redirect,verb,使改方向；重新寄送,v 使改方向；重新寄送；adj 再直接的；n 再直接询问,"/[ˌridɪˈrɛkt,-daɪ-]/",/[ˌri:dəˈrekt]/,The flight was redirected to Cleveland.,航班改道飞向克利夫兰。
en:reduce:verb:1,reduce,verb,减少；降低；使处于；把…分解,v 减少；降低；使处于；把…分解,/rɪ'dʊs/,/rɪ'djuːs/,The governor announced a new plan to reduce crime.,州长宣布了一项降低犯罪率的新计划。
en:refer:verb:1,refer,verb,参考；涉及；提到；查阅,v 参考；涉及；提到；查阅,/rɪ'fɝ/,/rɪ'fɜː/,"In his speech, he referred to a recent trip to Canada.",在他的讲话中，他提到了最近的加拿大之行。
en:referee:noun:1,referee,noun,裁判员；调解人；介绍人,n 裁判员；调解人；介绍人；v 仲裁；担任裁判,"/,rɛfə'ri/",/refə'riː/,His headmaster agreed to act as his referee.,他的校长同意做他的推荐人。
en:reference:noun:1,reference,noun,参考，参照；涉及，提及；参考书目；介绍信；证明书,n 参考，参照；涉及，提及；参考书目；介绍信；证明书；v 引用,/'rɛfrəns/,/'ref(ə)r(ə)ns/,The official at the American embassy asked me for two references.,美国大使馆的官员要我提供两名证明人。
en:reflect:verb:1,reflect,verb,反映；反射，照出；表达；显示;反省,v 反映；反射，照出；表达；显示;反省,/rɪ'flɛkt/,/rɪ'flekt/,The drop in consumer spending reflects concern about the economy.,消费支出的下降反映出人们对经济的担忧。
en:reform:noun:1,reform,noun,改革，改良；改正,n 改革，改良；改正；v 改革，革新；重新组成；adj 改革的；改革教会的,/rɪ'fɔrm/,/rɪ'fɔːm/,Reforms were made to revive the economy.,为复苏经济而进行了改革。
en:refresh:verb:1,refresh,verb,更新；使……恢复；使……清新；消除……的疲劳,v 更新；使……恢复；使……清新；消除……的疲劳,/ri'frɛʃ/,/rɪ'freʃ/,A shower will refresh you.,洗个淋浴你就凉快了。
en:refreshments:noun:1,refreshments,noun,点心；[食品] 茶点；小吃,n 点心；[食品] 茶点；小吃,/rɪ'freʃm(ə)nts/,/rɪ'freʃm(ə)nts/,Lunch and refreshments will be provided.,将提供午餐和茶点。
en:refrigerator:noun:1,refrigerator,noun,冰箱，冷藏库,n 冰箱，冷藏库,/rɪ'frɪdʒəretɚ/,/rɪ'frɪdʒəreɪtə/,absorption refrigerator,吸收式冷冻机；吸收式冰箱
en:refusal:noun:1,refusal,noun,拒绝；优先取舍权；推却；取舍权,n 拒绝；优先取舍权；推却；取舍权,/rɪ'fjuzl/,/rɪ'fjuːz(ə)l/,Her country suffered through her refusal to accept change.,她的国家因为她拒绝接受变革而受了害。
en:refuse:noun:1,refuse,noun,垃圾；废物,n 垃圾；废物；v 拒绝；不愿；抵制,/ri'fjʊz/,/rɪ'fjuːz/,a refuse dump,垃圾场
en:regard:noun:1,regard,noun,注意；尊重；问候；凝视,n 注意；尊重；问候；凝视；v 注重，考虑；看待；尊敬；把…看作；与…有关,/rɪ'ɡɑrd/,/rɪ'gɑːd/,My husband sends his regards .,我丈夫向你问好。
en:regardless:adjective:1,regardless,adjective,不管的；不顾的；不注意的,adj 不管的；不顾的；不注意的；adv 不顾后果地；不管怎样，无论如何；不惜费用地,/rɪ'ɡɑrdləs/,/rɪ'gɑːdlɪs/,Despite her recent surgery she has been carrying on regardless.,尽管她最近动了手术，她却一直在不顾一切地继续工作。
en:regards:noun:1,regards,noun,致意，问候,n 致意，问候；v 视为，注意（regard的第三人称单数）,/ri'ga:dz/,/ri'ga:dz/,Please give him my regards.,请转达我对他的问候。
en:register:verb:1,register,verb,登记；注册；记录；挂号邮寄；把…挂号；正式提出,v 登记；注册；记录；挂号邮寄；把…挂号；正式提出；n 登记；注册；记录；寄存器；登记簿,/'rɛdʒɪstɚ/,/'redʒɪstə/,The tanker is registered in Rotterdam.,这艘油轮是在鹿特丹登记的。
en:regret:noun:1,regret,noun,遗憾；抱歉；悲叹,n 遗憾；抱歉；悲叹；v 后悔；惋惜；哀悼,/rɪ'ɡrɛt/,/rɪ'gret/,It is with great regret that I must decline your offer.,很遗憾，我不得不谢绝你的好意。
en:regular:adjective:1,regular,adjective,定期的；有规律的；合格的；整齐的；普通的,adj 定期的；有规律的；合格的；整齐的；普通的；n 常客；正式队员；中坚分子；adv 定期地；经常地,/'rɛgjəlɚ/,/'regjʊlə/,The company holds regular meetings with employees.,公司定期召集雇员开会。
en:regulation:noun:1,regulation,noun,管理；规则；校准,n 管理；规则；校准；adj 规定的；平常的,/ˌrɛɡjəˈleʃən/,/regjʊ'leɪʃ(ə)n/,There seem to be so many rules and regulations these days.,如今好像条条框框很多。
en:reject:verb:1,reject,verb,拒绝；排斥；抵制；丢弃,v 拒绝；排斥；抵制；丢弃；n 被弃之物或人；次品,/rɪ'dʒɛkt/,/rɪ'dʒekt/,Sarah rejected her brother’s offer of help.,萨拉拒绝了她弟弟的帮助。
en:relate:verb:1,relate,verb,叙述；使…有联系,v 叙述；使…有联系,/rɪ'let/,/rɪ'leɪt/,I don’t understand how the two ideas relate.,我不明白这两个观点有什么联系。
en:relation:noun:1,relation,noun,关系；叙述；故事；亲属关系,n 关系；叙述；故事；亲属关系,/rɪ'leʃən/,/rɪ'leɪʃ(ə)n/,The price the meat is sold for bears no relation to (= is not connected to ) the price the farmer receives.,肉的售价和农民拿到的价格无关。
en:relationship:noun:1,relationship,noun,关系；关联,n 关系；关联,/rɪ'leʃən'ʃɪp/,/rɪ'leɪʃ(ə)nʃɪp/,He’s never had a sexual relationship before.,他以前从未与人有过性关系。
en:relative:adjective:1,relative,adjective,相对的；有关系的；成比例的,adj 相对的；有关系的；成比例的；n 亲戚；相关物；[语] 关系词；亲缘植物,/'rɛlətɪv/,/'relətɪv/,The relative merits of both approaches have to be considered.,两种方法的相对优点都得考虑在内。
en:relax:verb:1,relax,verb,放松，休息；松懈，松弛；变从容；休养,v 放松，休息；松懈，松弛；变从容；休养,/rɪ'læks/,/rɪ'læks/,I just want to sit down and relax.,我只想坐下来休息一下。
en:relay:verb:1,relay,verb,转播；接替,v 转播；接替；n [电] 继电器；接替，接替人员；驿马,/rɪ'le/,/'riːleɪ/,The broadcasts were relayed by satellite.,这些电视节目通过卫星进行转播。
en:relevant:adjective:1,relevant,adjective,相关的；切题的；中肯的；有重大关系的；有意义的，目的明确的,adj 相关的；切题的；中肯的；有重大关系的；有意义的，目的明确的,/'rɛləvənt/,/ˈreləvənt/,Relevant documents were presented in court.,法庭上出示了相关的文件。
en:reliable:adjective:1,reliable,adjective,可靠的；可信赖的,adj 可靠的；可信赖的；n 可靠的人,/rɪ'laɪəbl/,/rɪ'laɪəb(ə)l/,a birth control method that is cheap and reliable,既便宜又可靠的避孕方法
en:relief:noun:1,relief,noun,救济；减轻，解除；安慰；浮雕,n 救济；减轻，解除；安慰；浮雕,/rɪ'lif/,/rɪ'liːf/,Marijuana can provide pain relief for some cancer patients.,大麻可以为一些癌症患者减轻疼痛。
en:religion:noun:1,religion,noun,宗教；宗教信仰,n 宗教；宗教信仰,/rɪ'lɪdʒən/,/rɪ'lɪdʒ(ə)n/,The U.S. Constitution promises freedom of religion.,美国宪法保证宗教信仰自由。
en:religious:adjective:1,religious,adjective,宗教的；虔诚的；严谨的；修道的,adj 宗教的；虔诚的；严谨的；修道的；n 修道士；尼姑,/rɪ'lɪdʒəs/,/rɪ'lɪdʒəs/,I don’t share her religious beliefs .,她的宗教信仰和我的不同。
en:rely:verb:1,rely,verb,依靠；信赖,v 依靠；信赖,/rɪ'laɪ/,/rɪ'laɪ/,They relied heavily on the advice of their professional advisers.,他们非常依赖专业顾问的建议。
en:remain:verb:1,remain,verb,保持；依然；留下；剩余；逗留；残存,v 保持；依然；留下；剩余；逗留；残存；n 遗迹；剩余物，残骸,/rɪ'men/,/rɪ'meɪn/,Please remain seated until all the lights are on.,请留在座位上，直到灯全都亮起。
en:remark:noun:1,remark,noun,注意；言辞,n 注意；言辞；v 评论；觉察,/rɪ'mɑrk/,/rɪ'mɑːk/,"Unfortunately, a local journalist overheard the remark.",不巧一名当地记者无意中听到了这些话。
en:remember:verb:1,remember,verb,记得；牢记；纪念；代…问好,v 记得；牢记；纪念；代…问好,/rɪ'mɛmbɚ/,/rɪ'membə/,Do you remember Rosa Davies?,你记得罗莎·戴维斯吗？
en:remind:verb:1,remind,verb,提醒；使想起,v 提醒；使想起,/rɪ'maɪnd/,/rɪ'maɪnd/,"Yes, I’ll be there. Thanks for reminding me.",是的，我会去那里的。 谢谢提醒。
en:remote:adjective:1,remote,adjective,遥远的；偏僻的；疏远的,adj 遥远的；偏僻的；疏远的；n 远程,/rɪ'mot/,/rɪ'məʊt/,a remote border town,一个偏远的边境小镇
en:remove:verb:1,remove,verb,移动，迁移；开除；调动,v 移动，迁移；开除；调动；n 移动；距离；搬家,/rɪ'muv/,/rɪ'muːv/,Remove the old wallpaper and fill any holes in the walls.,撕下旧墙纸，把墙上的洞都填平。
en:rent:noun:1,rent,noun,租金,n 租金；v 出租；租用；租借,/rɛnt/,/rent/,I pay the rent at the beginning of every month.,我每逢月初交付房租。
en:repair:verb:1,repair,verb,修理；修复,v 修理；修复；n 修理，修补；修补部位,/rɪ'pɛr/,/rɪ'peə/,"Dad was up the ladder, repairing the roof.",爸爸在梯子上修补屋顶。
en:repairs:noun:1,repairs,noun,修理；[会计] 修理费；备件；修理工作（repair的复数形式）,n 修理；[会计] 修理费；备件；修理工作（repair的复数形式）；v 修理；恢复（repair的三单形式）；弥补；纠正,,,Many women know how to make repairs on their cars.,很多女性知道如何修理汽车。
en:repeat:verb:1,repeat,verb,重复；复制；背诵,v 重复；复制；背诵；n 重复；副本,/rɪ'pit/,/rɪ'piːt/,Repeat the exercises twice a day.,这套操每天做两次。
en:replace:verb:1,replace,verb,取代，代替；替换，更换；归还，偿还；把…放回原处,v 取代，代替；替换，更换；归还，偿还；把…放回原处,/rɪ'ples/,/rɪ'pleɪs/,I’m replacing Sue on the team.,我将接替队里的休。
en:reply:verb:1,reply,verb,回答；[法] 答辩；回击,v 回答；[法] 答辩；回击；n 回答；[法] 答辩,/rɪ'plai/,/rɪ'plaɪ/,"I asked Clive where he was going, but he didn’t reply.",我问克莱夫到哪儿去，但他没有回答。
en:report:noun:1,report,noun,报告；报道；成绩单,n 报告；报道；成绩单；v 报告；报导；使报到,/rɪ'pɔrt/,/rɪ'pɔːt/,"According to recent news reports , two of the victims are Americans.",根据近期的新闻报道，受害者中有两名是美国人。
en:reporter:noun:1,reporter,noun,记者,n 记者,/rɪ'pɔrtɚ/,/rɪ'pɔːtə/,a news reporter,新闻记者
en:represent:verb:1,represent,verb,代表；表现；描绘；回忆；再赠送,v 代表；表现；描绘；回忆；再赠送,"/,rɛprɪ'zɛnt/",/reprɪ'zent/,Mr Kobayashi was chosen to represent the company at the conference.,小林先生被选中代表公司出席会议。
en:representative:adjective:1,representative,adjective,典型的，有代表性的；代议制的,adj 典型的，有代表性的；代议制的；n 代表；典型；众议员,/'rɛprɪ'zɛntətɪv/,/reprɪ'zentətɪv/,The pollsters asked a representative sample of New York residents for their opinions.,民意调查员向一些有代表性的纽约居民征询了意见。
en:republic:noun:1,republic,noun,共和国；共和政体,n 共和国；共和政体,/rɪ'pʌblɪk/,/rɪ'pʌblɪk/,the former Federal Republic of Germany,前德意志联邦共和国
en:reputation:noun:1,reputation,noun,名声，名誉；声望,n 名声，名誉；声望,"/,rɛpju'teʃən/",/repjʊ'teɪʃ(ə)n/,Alice Munro has a reputation for being a very depressing writer.,艾丽斯•门罗有文风抑郁的名声。
en:request:noun:1,request,noun,请求；需要,n 请求；需要；v 要求，请求,/rɪ'kwɛst/,/rɪ'kwest/,France had agreed to his request for political asylum.,法国已经同意了他政治避难的请求。
en:require:verb:1,require,verb,需要；要求；命令,v 需要；要求；命令,/rɪ'kwaɪr/,/rɪ'kwaɪə/,Campbell’s broken leg will probably require surgery.,坎贝尔的一条腿骨折，可能需要手术。
en:requirement:noun:1,requirement,noun,要求；必要条件；必需品,n 要求；必要条件；必需品,/rɪ'kwaɪɚmənt/,/rɪ'kwaɪəm(ə)nt/,The refugees’ main requirements are food and shelter.,难民的主要需求是食物和住所。
en:rescue:verb:1,rescue,verb,营救；援救,v 营救；援救；n 营救；援救；解救,/'rɛskju/,/'reskjuː/,Survivors of the crash were rescued by helicopter.,空难的生还者被直升机救了出来。
en:research:noun:1,research,noun,研究；调查,n 研究；调查；v 研究；调查,/'risɝtʃ/,/rɪ'sɜːtʃ; 'riːsɜːtʃ/,Gould was helped in his researches by local naturalists.,古尔德在研究过程中得到了当地博物学家的帮助。
en:resemble:verb:1,resemble,verb,类似，像,v 类似，像,/rɪ'zɛmbl/,/rɪ'zemb(ə)l/,It’s amazing how closely Brian and Steve resemble each other.,布赖恩和史蒂夫真是惊人地相像。
en:reservation:noun:1,reservation,noun,预约，预订；保留,n 预约，预订；保留,"/,rɛzɚ'veʃən/",/rezə'veɪʃ(ə)n/,a dinner reservation,预订晚餐
en:reserve:noun:1,reserve,noun,储备，储存；自然保护区；预备队；缄默；[金融] 储备金,n 储备，储存；自然保护区；预备队；缄默；[金融] 储备金；v 储备；保留；预约,/rɪ'zɝv/,/rɪ'zɜːv/,$10 million in cash reserves,"1,000万美元的现金储备"
en:resign:verb:1,resign,verb,辞职；放弃；委托；使听从,v 辞职；放弃；委托；使听从；n 辞去职务,/rɪ'zaɪn/,/rɪ'zaɪn/,Josh resigned himself to the long walk home.,乔希只好走很长的路回家。
en:resist:verb:1,resist,verb,抵抗，抗拒；忍耐,v 抵抗，抗拒；忍耐；n [助剂] 抗蚀剂；防染剂,/rɪ'zɪst/,/rɪ'zɪst/,He resisted pressure to resign.,他顶住压力，没辞职。
en:respect:noun:1,respect,noun,尊敬，尊重；方面；敬意,n 尊敬，尊重；方面；敬意；v 尊敬，尊重；遵守,/rɪ'spɛkt/,/rɪ'spekt/,The boys showed a complete lack of respect for authority.,这些男孩子根本无视权威。
en:respond:verb:1,respond,verb,回答；作出反应；承担责任,v 回答；作出反应；承担责任；n 应答；唱和,/rɪ'spɑnd/,/rɪ'spɒnd/,They are likely to respond positively to the president's request for aid.,他们有可能积极地回应该总统的援助请求。
en:responsibility:noun:1,responsibility,noun,责任，职责；义务,n 责任，职责；义务,/rɪˌspɑːnsəˈbɪləti/,/rɪˌspɒnsəˈbɪlətɪ/,Kelly’s promotion means more money and more responsibility.,凯利获得提升，这意味着钱多了，责任也更大了。
en:rest:verb:1,rest,verb,使休息，使轻松；把…寄托于,v 使休息，使轻松；把…寄托于；n 休息，静止；休息时间；剩余部分；支架,/rɛst/,/rest/,"If you’re tired, we’ll stop and rest for a while.",如果你累了，我们就停下来歇一会儿。
en:restaurant:noun:1,restaurant,noun,餐馆；[经] 饭店,n 餐馆；[经] 饭店,/ˈrɛstəˌrɑnt; ˈrɛstərənt; ˈrɛsˌtrɑnt/,/ˈrɛstəˌrɒŋ; ˈrɛstrɒŋ; -rɒnt/,He took her out for a five-course dinner in a fancy restaurant.,他带她到一家豪华餐厅吃了一顿有五道菜的晚餐。
en:restrict:verb:1,restrict,verb,限制；约束；限定,v 限制；约束；限定,/rɪ'strɪkt/,/rɪ'strɪkt/,The new law restricts the sale of hand guns.,新法规限制手枪的销售。
en:restriction:noun:1,restriction,noun,限制；约束；束缚,n 限制；约束；束缚,/rɪ'strɪkʃən/,/rɪ'strɪkʃ(ə)n/,a 50 mph speed restriction,每小时50英里的限速
en:result:noun:1,result,noun,结果；成绩；答案；比赛结果,n 结果；成绩；答案；比赛结果；v 结果；导致；产生,/rɪ'zʌlt/,/rɪ'zʌlt/,High unemployment is a direct result of the recession.,高失业率是经济衰退的直接后果。
en:retell:verb:1,retell,verb,复述；再讲；重述,v 复述；再讲；重述,"/,ri'tɛl/",/riː'tel/,Lucilla often asks her sisters to retell the story.,陆希拉经常叫她的姐姐们重讲那个故事。
en:retire:verb:1,retire,verb,退休；撤退；退却,v 退休；撤退；退却；n 退休；退隐；退兵信号,/rɪ'taɪɚ/,/rɪ'taɪə/,"At the age when most people retire, he is ready to face a new career.",在大多数人退休的年纪，他准备要面对一项新事业。
en:return:verb:1,return,verb,返回；报答,v 返回；报答；n 返回；归还；回球；adj 报答的；回程的；返回的,/rɪ'tɝn/,/rɪ'tɜːn/,It was forty five minutes before she returned.,过了45分钟她才回来。
en:reuse:noun:1,reuse,noun,重新使用，再用,n 重新使用，再用；v 再使用,"/,ri'jʊs/",/riː'juːz/,"Copper, brass, and aluminium are separated and remelted for reuse.",铜、黄铜和铝被分门别类重新熔化以供再利用。
en:review:noun:1,review,noun,回顾；复习；评论；检讨；检阅,n 回顾；复习；评论；检讨；检阅；v 回顾；检查；复审,/rɪ'vju/,/rɪ'vjuː/,The policy comes up for review (= will be reviewed ) in April.,这项政策将在4月份予以审议。
en:reviewer:noun:1,reviewer,noun,评论者，评论家,n 评论者，评论家,/rɪ'vjuɚ/,/rɪ'vjuːə/,...the reviewer for Atlantic Monthly.,…《大西洋月刊》的评论员。
en:revision:noun:1,revision,noun,[印刷] 修正；复习；修订本,n [印刷] 修正；复习；修订本,/rɪ'vɪʒən/,/rɪ'vɪʒ(ə)n/,I know I haven’t done enough revision for tomorrow’s exam.,我知道我对明天的考试准备不足。
en:revolution:noun:1,revolution,noun,革命；旋转；运行；循环,n 革命；旋转；运行；循环,/'rɛvə'lʊʃən/,/revə'luːʃ(ə)n/,the French Revolution of 1789,1789年法国大革命
en:reward:noun:1,reward,noun,[劳经] 报酬；报答；酬谢,n [劳经] 报酬；报答；酬谢；v [劳经] 奖励；奖赏,/rɪ'wɔrd/,/rɪ'wɔːd/,The school has a system of rewards and punishments to encourage good behaviour.,学校有奖惩制度以鼓励良好行为。
en:rewind:noun:1,rewind,noun,重绕；倒带器,n 重绕；倒带器；v 倒回；重绕,"/,ri'waɪnd/",/riː'waɪnd/,"You first must create the buffer, fill it, then rewind the position to the beginning so you can read from the start.",必须首先创建一个缓冲区，先填充它，然后将位置倒回起始点，这样才能从头读。
en:rewrite:verb:1,rewrite,verb,改写；重写,v 改写；重写；n 重写或改写的文稿；改写的作品,/'riraɪt/,/riː'raɪt/,I’ll have to rewrite most of the essay.,这篇论文大部分我都得重写。
en:rhyme:noun:1,rhyme,noun,韵律；韵脚；韵文；押韵词,n 韵律；韵脚；韵文；押韵词；v 使押韵；用韵诗表达；把…写作诗,/raɪm/,/raɪm/,a collection of traditional rhymes with illustrations,带插图的经典童谣集
en:rice:noun:1,rice,noun,稻；米饭,n 稻；米饭；v 把…捣成米糊状,/raɪs/,/raɪs/,a tasty sauce served with rice or pasta,配米饭或意面的美味酱汁
en:rich:adjective:1,rich,adjective,富有的；肥沃的；昂贵的,adj 富有的；肥沃的；昂贵的；n (Rich)人名；(丹)里克；(捷)里赫；(英、西)里奇；(葡、法)里什,/rɪtʃ/,/rɪtʃ/,Rich mineral deposits have been found in the sea bed.,海底发现有丰富的矿床。
en:rid:verb:1,rid,verb,使摆脱；使去掉,v 使摆脱；使去掉；n (Rid)人名；(英)里德,/rɪd/,/rɪd/,The proposals are an attempt to rid the country of political corruption.,这些提议是使该国摆脱政治腐败的一种尝试。
en:riddle:verb:1,riddle,verb,解谜；给出谜；充满于,v 解谜；给出谜；充满于；n 谜语；粗筛；谜一般的人、东西、事情等,/'rɪdl/,/'rɪd(ə)l/,See if you can solve this riddle .,看看你能不能猜出这个谜语。
en:ride:verb:1,ride,verb,骑马；乘车；依靠；漂浮,v 骑马；乘车；依靠；漂浮；n 骑；乘坐；交通工具；可供骑行的路；（乘坐汽车等的）旅行；乘骑；（乘车或骑车的）短途旅程；供乘骑的游乐设施,/raɪd/,/raɪd/,She learned to ride when she was seven.,她七岁时学会了骑马。
en:ridiculous:adjective:1,ridiculous,adjective,可笑的；荒谬的,adj 可笑的；荒谬的,/rɪ'dɪkjələs/,/rɪ'dɪkjʊləs/,That’s a ridiculous idea!,那主意很荒唐！
en:right:adjective:1,right,adjective,正确的；直接的；右方的,adj 正确的；直接的；右方的；v 复正；恢复平稳；n 正确；右边；正义；adv 正确地；恰当地；彻底地,/raɪt/,/raɪt/,"Yes, that’s the right answer .",对，回答正确。
en:rigid:adjective:1,rigid,adjective,严格的；僵硬的，死板的；坚硬的；精确的,adj 严格的；僵硬的，死板的；坚硬的；精确的,/'rɪdʒɪd/,/'rɪdʒɪd/,rigid and authoritarian methods of education,死板、专断的教育方法
en:ring:verb:1,ring,verb,按铃；敲钟；回响；成环形,v 按铃；敲钟；回响；成环形；n 戒指；铃声，钟声；拳击场；环形物,/rɪŋ/,/rɪŋ/,He left Washington with the president’s praises ringing in his ears.,他离开了华盛顿，总统的赞扬还在他耳际回响。
en:ripe:adjective:1,ripe,adjective,熟的，成熟的；时机成熟的,adj 熟的，成熟的；时机成熟的；vt 搜查；调查；vi 进行搜查；n (Ripe)人名；(意、瑞典)里佩,/raɪp/,/raɪp/,Those tomatoes aren’t ripe yet.,那些番茄还没熟。
en:ripen:verb:1,ripen,verb,使成熟,v 使成熟,/'raɪpən/,/'raɪp(ə)n/,The apples were ripening on the trees.,树上的苹果都熟了。
en:rise:verb:1,rise,verb,上升；增强；起立；高耸,v 上升；增强；起立；高耸；n 上升；高地；增加；出现,/raɪz/,/raɪz/,The police seem unable to cope with the rising tide of (= large increase in ) car crime.,面对日益增多的汽车罪案，警方似乎无能为力。
en:risk:noun:1,risk,noun,风险；危险；冒险,n 风险；危险；冒险；v 冒…的危险,/rɪsk/,/rɪsk/,"It was a risk, sending a letter to my house.",将信寄到我家是冒险。
en:river:noun:1,river,noun,河，江,n 河，江,/'rɪvɚ/,/'rɪvə/,the Mississippi River,密西西比河
en:road:noun:1,road,noun,公路，马路；道路；手段,n 公路，马路；道路；手段；vt （狗）沿臭迹追逐（猎物）；adj （美）巡回的,/rod/,/rəʊd/,65 Maple Road,枫树路65号
en:roast:verb:1,roast,verb,烤，焙；烘，烘烤；暴露于某种热力下以得温暖,v 烤，焙；烘，烘烤；暴露于某种热力下以得温暖；adj 烘烤的；烤过的；n 烤肉；烘烤,/rost/,/rəʊst/,Are you going to roast the chicken?,这鸡你是准备烤的吗？
en:rob:verb:1,rob,verb,抢劫；使…丧失；非法剥夺,v 抢劫；使…丧失；非法剥夺,/rɑb/,/rɒb/,They killed four policemen while robbing a bank.,他们抢劫一家银行的时候杀了4名警察。
en:robot:noun:1,robot,noun,机器人；遥控设备，自动机械；机械般工作的人,n 机器人；遥控设备，自动机械；机械般工作的人,/'robɑt/,/'rəʊbɒt/,cars built by robots,机器人制造的汽车
en:rock:noun:1,rock,noun,岩石；摇滚乐；暗礁,n 岩石；摇滚乐；暗礁；v 摇动；使摇晃,/rɑk/,/rɒk/,"the late rock star, Freddie Mercury",已故摇滚乐明星弗雷迪·默丘利
en:rocket:verb:1,rocket,verb,飞驰，飞快地移动；迅速增加,v 飞驰，飞快地移动；迅速增加；n 火箭,/'rɑkɪt/,/'rɒkɪt/,The train rocketed through the tunnel.,火车高速穿过隧道。
en:role:noun:1,role,noun,角色；任务,n 角色；任务,/rol/,/rəʊl/,She has just landed the lead role in their latest production.,她刚在他们最新的作品中取得了主角。
en:roll:verb:1,roll,verb,卷；滚动，转动；辗,v 卷；滚动，转动；辗；n 卷，卷形物；名单；摇晃,/rol/,/rəʊl/,His sleeves were rolled above his elbows.,他的袖子卷到了胳膊肘的上面。
en:roller:noun:1,roller,noun,[机] 滚筒；[机] 滚轴；辊子；滚转机,n [机] 滚筒；[机] 滚轴；辊子；滚转机,/'rolɚ/,/'rəʊlə/,a paint roller,刷漆滚筒
en:roof:noun:1,roof,noun,屋顶；最高处，顶部；最高限度,n 屋顶；最高处，顶部；最高限度；v 给…盖屋顶，覆盖,/ruf/,/ruːf/,They finally found the cat up on the roof.,他们最后在屋顶上找到了那只猫。
en:room:noun:1,room,noun,房间；空间；余地；机会；房间里所有的人,n 房间；空间；余地；机会；房间里所有的人；v 为…提供住处；租房，合住；投宿，住宿；留…住宿,/rum/,/ruːm; rʊm/,I looked around the room.,我四下看了看房间。
en:rooster:noun:1,rooster,noun,公鸡；狂妄自负的人,n 公鸡；狂妄自负的人,/'rustɚ/,/'ruːstə/,,
en:root:noun:1,root,noun,根；根源；词根；祖先,n 根；根源；词根；祖先；v 生根；根除,/rut/,/ruːt/,tree roots,树根
en:rope:noun:1,rope,noun,绳，绳索,n 绳，绳索；v 捆，绑,/rop/,/rəʊp/,They tied a rope around my waist and pulled me up.,他们在我腰间系了一根粗绳子，把我拉了上去。
en:rose:noun:1,rose,noun,玫瑰；粉红色；蔷薇（花）；粉红色的葡萄酒,n 玫瑰；粉红色；蔷薇（花）；粉红色的葡萄酒；adj 玫瑰花的；玫瑰色的；粉红色的；带有玫瑰香味的；vt 使成玫瑰色，使（面颊）发红；使有玫瑰香味；vi 起义( rise的过去式)；升起；（数量）增加；休会,/roz/,/rəʊz/,a dozen red roses,一打红玫瑰
en:rot:noun:1,rot,noun,腐烂；腐败；腐坏,n 腐烂；腐败；腐坏；v 腐烂；腐败；堕落；int （表示厌恶、蔑视、烦恼等）胡说；糟了,/rɑt/,/rɒt/,the smell of rot,腐烂的气味
en:rough:adjective:1,rough,adjective,粗糙的；粗略的；粗野的；艰苦的；未经加工的,adj 粗糙的；粗略的；粗野的；艰苦的；未经加工的；v 使粗糙；粗暴对待；草拟；n 艰苦；高低不平的地面；未经加工的材料；粗糙的部分；adv 粗糙地；粗略地；粗暴地,/rʌf/,/rʌf/,Her hands were rough from hard work.,她的双手因为干重活而变得很粗糙。
en:round:noun:1,round,noun,圆；循环；一回合；圆形物,n 圆；循环；一回合；圆形物；adj 圆的；完全的；大概的；肥胖的；adv 在周围；迂回地；朝反方向；挨个；v 完成；围捕；绕行；弄圆；prep 附近；绕过；大约；在…周围,/raʊnd/,/raʊnd/,I played a round of golf on Sunday morning.,星期天早上我打了一场高尔夫球。
en:roundabout:adjective:1,roundabout,adjective,迂回的，绕道的；圆滚滚的,adj 迂回的，绕道的；圆滚滚的；n 迂回路线；环状交叉路口,/'raʊndəbaʊt/,/'raʊndəbaʊt/,The bus took a very long and roundabout route .,公共汽车路线很长，绕着圈子走。
en:routine:noun:1,routine,noun,[计] 程序；日常工作；例行公事,n [计] 程序；日常工作；例行公事；adj 日常的；例行的,/rʊ'tin/,/ruː'tiːn/,John’s departure had upset their daily routine .,约翰的离去打乱了他们的日常生活。
en:row:noun:1,row,noun,行，排；划船；街道；吵闹,n 行，排；划船；街道；吵闹；v 划船；使……成排,/ro/,/rəʊ/,(= many rows ) of shelves stacked with books,一排又一排堆满书的架子
en:royal:adjective:1,royal,adjective,皇家的；盛大的；女王的；高贵的；第一流的,adj 皇家的；盛大的；女王的；高贵的；第一流的；n 王室；王室成员,/'rɔɪəl/,/'rɒɪəl/,the royal palace,王宫
en:rubber:noun:1,rubber,noun,橡胶；橡皮；合成橡胶；按摩师,n 橡胶；橡皮；合成橡胶；按摩师；adj 橡胶制成的；v 涂橡胶于；用橡胶制造,/'rʌbɚ/,/'rʌbə/,a rubber ball,橡皮球
en:rubbish:noun:1,rubbish,noun,垃圾，废物；废话,n 垃圾，废物；废话；adj 毫无价值的,/'rʌbɪʃ/,/'rʌbɪʃ/,a rubbish bin,垃圾桶
en:rude:adjective:1,rude,adjective,粗鲁的；无礼的；狂暴的；未开化的,adj 粗鲁的；无礼的；狂暴的；未开化的；n (Rude)人名；(英、西、瑞典)鲁德；(法)吕德,/rud/,/ruːd/,a rude remark,粗鲁的话
en:rugby:noun:1,rugby,noun,英式橄榄球；拉格比（英格兰中部的城市）,n 英式橄榄球；拉格比（英格兰中部的城市）,/'rʌɡbi/,/'rʌgbɪ/,rugby union,英式橄榄球联合会
en:ruin:noun:1,ruin,noun,废墟；毁坏；灭亡,n 废墟；毁坏；灭亡；v 毁灭；使破产,/'ruɪn/,/'ruːɪn/,an interesting old ruin,一处有意思的古老废墟
en:rule:verb:1,rule,verb,统治；管辖；裁定,v 统治；管辖；裁定；n 统治；规则,/rul/,/ruːl/,Queen Victoria ruled England for 64 years.,维多利亚女王统治英格兰64年。
en:ruler:noun:1,ruler,noun,尺；统治者；[测] 划线板，划线的人,n 尺；统治者；[测] 划线板，划线的人,/'rulɚ/,/'ruːlə/,a 12-inch ruler,一把12英寸的尺子
en:run:verb:1,run,verb,经营；奔跑；运转,v 经营；奔跑；运转；n 奔跑；赛跑；趋向；奔跑的路程,/rʌn/,/rʌn/,"For a while, she ran a restaurant in Boston.",有一段时间她在波士顿开餐馆。
en:runner:noun:1,runner,noun,跑步者；走私者；推销员；送信人,n 跑步者；走私者；推销员；送信人,/'rʌnɚ/,/'rʌnə/,a long-distance runner,长跑运动员
en:running:noun:1,running,noun,运转；赛跑；流出,n 运转；赛跑；流出；adj 连续的；流动的；跑着的；运转着的；v 跑；运转（run的ing形式）；行驶,/'rʌnɪŋ/,/'rʌnɪŋ/,We chose to do cross-country running.,我们选择进行越野赛跑。
en:rush:noun:1,rush,noun,冲进；匆促；急流；灯心草,n 冲进；匆促；急流；灯心草；adj 急需的；v 使冲；突袭；匆忙地做；飞跃,/rʌʃ/,/rʌʃ/,At five past twelve there was a mad rush to the dinner hall.,12点零5分，人们疯狂地冲向餐厅。
en:russia:noun:1,Russia,noun,俄罗斯,n 俄罗斯,/'rʌʃə/,/'rʌʃə/,This program is beamed at Russia.,这套节目是对俄罗斯广播的。
en:russian:adjective:1,Russian,adjective,俄国的；俄语的,adj 俄国的；俄语的；n 俄语；俄国人,/'rʌʃən/,/'rʌʃ(ə)n/,...the Russian parliament.,...俄罗斯国会。
en:sacred:adjective:1,sacred,adjective,神的；神圣的；宗教的；庄严的,adj 神的；神圣的；宗教的；庄严的,/'sekrɪd/,/'seɪkrɪd/,a sacred vow,神圣的誓言
en:sacrifice:noun:1,sacrifice,noun,牺牲；祭品；供奉,n 牺牲；祭品；供奉；v 牺牲；献祭；亏本出售,/'sækrɪfaɪs/,/'sækrɪfaɪs/,The minister stressed the need for economic sacrifice.,部长强调了在经济上作出牺牲的必要性。
en:sad:adjective:1,sad,adjective,难过的；悲哀的，令人悲痛的；凄惨的，阴郁的（形容颜色）,adj 难过的；悲哀的，令人悲痛的；凄惨的，阴郁的（形容颜色）,/sæd/,/sæd/,Sorry to hear the sad news .,听到这令人伤心的消息我很难过。
en:sadness:noun:1,sadness,noun,悲哀,n 悲哀,/'sædnəs/,/'sædnəs/,There was a touch of sadness in his voice (= he sounded a little sad ) .,他的声音里含着一丝悲伤。
en:safe:adjective:1,safe,adjective,安全的；可靠的；平安的,adj 安全的；可靠的；平安的；n 保险箱；冷藏室；纱橱,/sef/,/seɪf/,She doesn’t feel safe in the house on her own.,她独自一人在家感到不安全。
en:safety:noun:1,safety,noun,安全；保险；安全设备；保险装置；安打,n 安全；保险；安全设备；保险装置；安打,/'sefti/,/'seɪftɪ/,"You shouldn’t travel alone, for safety’s sake .",为安全起见，不要独自一人旅行。
en:sail:verb:1,sail,verb,航行；启航，开船,v 航行；启航，开船；n 帆，篷；航行,/sel/,/seɪl/,Three tall ships sailed past.,三艘大船驶了过去。
en:sailing:noun:1,sailing,noun,航行，航海；启航；航海术,n 航行，航海；启航；航海术；adj 航行的；v 航行，起航（sail的现在分词形式）,/'selɪŋ/,/'seɪlɪŋ/,Bud has invited us to go sailing this weekend.,巴德邀请我们这个周末驾船出游。
en:sailor:noun:1,sailor,noun,水手，海员；乘船者,n 水手，海员；乘船者,/'selɚ/,/'seɪlə/,Six British sailors drowned.,六名英国海员溺水身亡。
en:salad:noun:1,salad,noun,色拉；尤指莴苣,n 色拉；尤指莴苣,/'sæləd/,/'sæləd/,Would you like some salad with your pasta?,你的意大利面要配些色拉吗？
en:salary:verb:1,salary,verb,给加薪；给薪水,vt 给加薪；给薪水；n 薪水,/'sæləri/,/'sælərɪ/,"The average salary for a teacher is $39,000 a year.","教师的平均工资是39,000美元一年。"
en:sale:noun:1,sale,noun,销售；出售；拍卖；销售额；廉价出售,n 销售；出售；拍卖；销售额；廉价出售,/sel/,/seɪl/,Harvey gets a $50 commission every time he makes a sale (= sells something as part of his job ) .,哈维每做成一笔生意可得到50美元的佣金。
en:salesgirl:noun:1,salesgirl,noun,女售货员，女店员,n 女售货员，女店员,/'selzɡɝl/,,The new salesgirl was read out of the shop.,新来的女售货员从商店开除了。
en:salesman:noun:1,salesman,noun,推销员；售货员,n 推销员；售货员,/'selzmən/,/'seɪlzmən/,...an insurance salesman.,…一位男保险推销员。
en:saleswoman:noun:1,saleswoman,noun,[贸易] 女售货员；[贸易] 女店员,n [贸易] 女售货员；[贸易] 女店员,"/'seilz,wumən/","/'seɪlz,wʊmən/",...an insurance saleswoman.,…一位女保险推销员。
en:salt:noun:1,salt,noun,盐；风趣，刺激性,n 盐；风趣，刺激性；adj 咸水的；含盐的，咸味的；盐腌的；猥亵的；v 用盐腌；给…加盐；将盐撒在道路上使冰或雪融化,/sɔlt/,/sɔːlt; sɒlt/,This might need some salt and pepper.,这里面也许要加点盐和胡椒粉。
en:salty:adjective:1,salty,adjective,咸的；含盐的,adj 咸的；含盐的,/'sɔlti/,/'sɔːltɪ; 'sɒ-/,a slightly salty taste,一丁点咸味
en:salute:noun:1,salute,noun,致敬，欢迎；敬礼,n 致敬，欢迎；敬礼；v 行礼致敬，欢迎,/sə'lut/,/sə'l(j)uːt/,"As they left, the corporal gave them a respectful salute.",他们离开时，下士恭敬地向他们行礼。
en:same:adjective:1,same,adjective,相同的；同一的；上述的（通常与the连用）；无变化的,adj 相同的；同一的；上述的（通常与the连用）；无变化的；pron 同样的事物或人（通常与the连用）；adv 同样地（通常与the连用）；n (Same)人名；(意)萨梅,/sem/,/seɪm/,Her perfume has always had the same effect on me.,她身上的香水给我的感觉一如既往。
en:sand:noun:1,sand,noun,沙；沙地；沙洲；沙滩；沙子,n 沙；沙地；沙洲；沙滩；沙子；v 撒沙于；以沙掩盖；用砂纸等擦平或磨光某物；使撒沙似地布满；给…掺沙子,/sænd/,/sænd/,a mixture of sand and cement,沙和水泥的混合物
en:sandwich:verb:1,sandwich,verb,夹入；挤进；把做成三明治,v 夹入；挤进；把做成三明治；n 三明治；夹心面包,/'sænwɪtʃ/,/'sæn(d)wɪdʒ; -wɪtʃ/,"Carefully split the sponge ring, then sandwich the two halves together with whipped cream.",小心地切开海绵蛋糕圈，然后在两半中间夹上生奶油。
en:satellite:noun:1,satellite,noun,卫星；人造卫星；随从；卫星国家,n 卫星；人造卫星；随从；卫星国家,/'sætəlaɪt/,/'sætəlaɪt/,the launch of a communications and weather satellite,气象通信卫星的发射
en:satisfaction:noun:1,satisfaction,noun,满意，满足；赔偿；乐事；赎罪,n 满意，满足；赔偿；乐事；赎罪,"/,sætɪs'fækʃən/",/sætɪs'fækʃ(ə)n/,She got great satisfaction from helping people to learn.,她在帮助人们学习的过程中得到很大的满足。
en:saturday:noun:1,Saturday,noun,星期六,n 星期六,/sætɚdɪ; -de/,/ˈsætədɪ; -deɪ/,The festivities begin Saturday.,庆祝活动从星期六开始。
en:sauce:noun:1,sauce,noun,酱油；沙司；调味汁,n 酱油；沙司；调味汁；v 使增加趣味；给…调味,/sɔs/,/sɔːs/,spaghetti sauces,意大利面酱
en:saucer:noun:1,saucer,noun,茶托，浅碟；浅碟形物；眼睛,n 茶托，浅碟；浅碟形物；眼睛,/'sɔsɚ/,/'sɔːsə/,a china cup and saucer,一套瓷茶杯和杯托
en:sausage:noun:1,sausage,noun,香肠；腊肠；装香肠的碎肉,n 香肠；腊肠；装香肠的碎肉,/'sɔsɪdʒ/,/'sɒsɪdʒ/,pork sausages,猪肉香肠
en:savage:adjective:1,savage,adjective,野蛮的；残酷的；狂怒的；荒凉的,adj 野蛮的；残酷的；狂怒的；荒凉的；n 未开化的人；粗鲁的人；残暴成性的人；v 乱咬；粗暴的对待,/'sævɪdʒ/,/'sævɪdʒ/,a savage dog,一条凶猛的狗
en:save:verb:1,save,verb,节省；保存；储蓄；解救,v 节省；保存；储蓄；解救；prep 除之外；n 救援,/sev/,/seɪv/,He managed to save enough to buy a small house.,他想办法攒够钱买了一幢小房子。
en:say:verb:1,say,verb,讲；说明；例如；声称；假设；指明,v 讲；说明；例如；声称；假设；指明；n (Say)人名；(土)萨伊；(法、老、柬)赛；(英)塞伊；(匈、罗)绍伊,/se/,/seɪ/,"‘I’m so tired,’ she said.",“我太累了。”她说。
en:saying:noun:1,saying,noun,话；谚语；言论,n 话；谚语；言论；v 说（say的ing形式）,/'seɪŋ/,/'seɪɪŋ/,"You can’t judge a book by its cover, as the old saying goes.",老话说得好，人不可貌相。
en:scan:verb:1,scan,verb,扫描；浏览；细看；详细调查；标出格律,v 扫描；浏览；细看；详细调查；标出格律；n 扫描；浏览；审视；细看,/skæn/,/skæn/,"He scanned the horizon, but there was no sign of the ship.",他朝地平线处仔细眺望，但是找不到那艘船的踪影。
en:scar:verb:1,scar,verb,伤害；给留下伤痕,v 伤害；给留下伤痕；n 创伤；伤痕,/skɑr/,/skɑː/,His hands were badly scarred by the fire.,他的双手被那次大火烧得疤痕累累。
en:scare:verb:1,scare,verb,惊吓；把…吓跑,v 惊吓；把…吓跑；n 恐慌；惊吓；惊恐；adj （美）骇人的,/skɛr/,/skeə/,"I don’t scare easily, you know.",你知道我不是那么容易给吓倒的！
en:scarf:noun:1,scarf,noun,围巾；嵌接，嵌接处；头巾领巾,n 围巾；嵌接，嵌接处；头巾领巾；v 披嵌接；用围巾围,/skɑrf/,/skɑːf/,He reached up to loosen the scarf around his neck.,他伸出手松开围在脖子上的围巾。
en:scene:noun:1,scene,noun,场面；情景；景象；事件,n 场面；情景；景象；事件,/sin/,/siːn/,He photographed a wide range of street scenes.,他拍下了丰富多彩的街景。
en:scenery:noun:1,scenery,noun,风景；景色；舞台布景,n 风景；景色；舞台布景,/'sinəri/,/'siːn(ə)rɪ/,The best part of the trip was the fantastic scenery.,此次旅行最精彩之处就是那美妙绝伦的风景。
en:sceptical:adjective:1,sceptical,adjective,怀疑的；怀疑论的；习惯怀疑的,adj 怀疑的；怀疑论的；习惯怀疑的,/'skeptikəl/,/'skeptɪk(ə)l/,Others here are more sceptical about the chances for justice being done.,这里的其他人更为怀疑正义能否得到伸张。
en:schedule:verb:1,schedule,verb,安排，计划；编制目录；将……列入计划表,v 安排，计划；编制目录；将……列入计划表；n 时间表；计划表；一览表,/'skɛdʒul; (canadian) ˈʃɛdʒʊl; ˈʃɛdjʊl/,/ˈʃɛdjuːl/,We will not cancel your holiday less than eight weeks before the scheduled departure date .,离预定出发日期少于八周，度假行程将不能取消。
en:scholar:noun:1,scholar,noun,学者；奖学金获得者,n 学者；奖学金获得者,/'skɑlɚ/,/'skɒlə/,a Shakespearean scholar,研究莎士比亚的学者
en:scholarship:noun:1,scholarship,noun,奖学金；学识，学问,n 奖学金；学识，学问,/'skɑlɚʃɪp/,/'skɒləʃɪp/,Her latest publication is a fine piece of scholarship.,她最新出版的作品是一部优秀的学术著作。
en:school:noun:1,school,noun,学校；学院；学派；鱼群,n 学校；学院；学派；鱼群；v 教育,/skul/,/skuːl/,His mother always used to pick him up from school.,他母亲以前一直去学校接他。
en:schoolbag:noun:1,schoolbag,noun,书包,n 书包,/ˈskulˌbæɡ/,/'skuːlbæɡ/,She ran back to the classroom to get her schoolbag.,她跑回教室去取书包。
en:schoolmate:noun:1,schoolmate,noun,同学；同窗,n 同学；同窗,/'skʊl'met/,/'skuːlmeɪt/,He started the magazine with a schoolmate.,他和他的一个同学创办了那份杂志。
en:science:noun:1,science,noun,科学；技术；学科；理科,n 科学；技术；学科；理科,/'saɪəns/,/'saɪəns/,Many leading scientists do not consider that science can give absolutely reliable knowledge.,许多杰出科学家都不认为科学能够提供绝对可靠的知识。
en:scientific:adjective:1,scientific,adjective,科学的，系统的,adj 科学的，系统的,"/,saɪən'tɪfɪk/",/saɪən'tɪfɪk/,We believe in investing in scientific research.,我们相信科学研究的投资价值。
en:scientist:noun:1,scientist,noun,科学家,n 科学家,/'saɪəntɪst/,/'saɪəntɪst/,Scientists say they've already collected more data than had been expected.,科学家们说他们已经搜集到比预期更多的数据。
en:scissors:noun:1,scissors,noun,剪刀；剪式跳法,n 剪刀；剪式跳法；v 剪开；删除（scissor的第三人称单数）,/'sɪzɚz/,/'sɪzəz/,a pair of scissors,一把剪刀
en:scold:verb:1,scold,verb,责骂；叱责,v 责骂；叱责；n 责骂；爱责骂的人,/skold/,/skəʊld/,"Do not scold the puppy, but simply and firmly say ‘no’.",不要责骂小狗，但要干脆利落地说“不”。
en:score:noun:1,score,noun,分数；二十；配乐；刻痕,n 分数；二十；配乐；刻痕；v 获得；评价；划线，刻划；把…记下,/skɔ/,/skɔː/,a musical score,乐谱
en:scores:noun:1,scores,noun,考试成绩；比分（score的复数）,n 考试成绩；比分（score的复数）；v 得分（score的第三人称单数形式）；刻划,/skɔrz/,/skɔːz/,4-1 was the final score.,最终比分是4：1。
en:scotland:noun:1,Scotland,noun,苏格兰,n 苏格兰,/'skɔtlənd/,/'skɔtlənd/,He traveled Scotland last year.,他去年在苏格兰旅行。
en:scottish:adjective:1,Scottish,adjective,苏格兰的；苏格兰人的；苏格兰语的,adj 苏格兰的；苏格兰人的；苏格兰语的；n 苏格兰人；苏格兰语,/'skɔtiʃ/,/'skɔtiʃ/,"These cases are dealt with by the Foreign Office, while Hague cases go through the Ministry of Justice in England and Wales, and the Scottish and Northern Irish court services.",这些案件由外交部负责处理，而海牙公约缔约国的案件则由英格兰和威尔士司法部、以及苏格兰和北爱尔兰法庭进行处理。
en:scratch:noun:1,Scratch,noun,擦伤；抓痕；刮擦声；乱写,n 擦伤；抓痕；刮擦声；乱写；adj 打草稿用的；凑合的；碰巧的；v 抓；刮；挖出；乱涂,/skrætʃ/,/skrætʃ/,The seven-year-old was found crying with scratches on his face and neck.,那个7岁的孩子被找到时正在哭，脸上和颈上都有划伤。
en:scream:verb:1,scream,verb,尖叫；呼啸；发出尖锐刺耳的声音；令人触目惊心,v 尖叫；呼啸；发出尖锐刺耳的声音；令人触目惊心；n 尖叫声；尖锐刺耳的声音；极其滑稽可笑的人,/skrim/,/skriːm/,"After the first few shots, people started screaming.",几声枪响过后，人们开始尖叫起来。
en:screen:noun:1,screen,noun,屏，幕；屏风,n 屏，幕；屏风；v 筛；拍摄；放映；掩蔽,/skrin/,/skriːn/,a computer with an 18-inch colour screen,带18英寸彩色屏幕的电脑
en:sculpture:noun:1,sculpture,noun,雕塑；雕刻；刻蚀,n 雕塑；雕刻；刻蚀；v 雕塑；雕刻；刻蚀,/'skʌlptʃɚ/,/'skʌlptʃə/,...stone sculptures of figures and animals.,…人物及动物石雕。
en:sea:noun:1,sea,noun,海；海洋；许多；大量,n 海；海洋；许多；大量,/si/,/siː/,Jay stripped his clothes off and ran into the sea.,杰伊脱光衣服奔入海里。
en:seagull:noun:1,seagull,noun,海鸥,n 海鸥,/'siɡʌl/,/'siːgʌl/,"Before he learned this, however, he found that moving more than one feather at that speed will spin you like a rifle ball... and Jonathan had flown the first aerobatics of any seagull on earth.",他在学到这一点之前，还发现在那样的速度下，只要转动一两根羽毛就可以像陀螺似地旋转……于是乔纳森成了世界上第一只做特技动作的海鸥。
en:seal:noun:1,seal,noun,密封；印章；海豹；封条；标志,n 密封；印章；海豹；封条；标志；v 密封；盖章,/sil/,/sil/,Check seals on fridges and freezers regularly.,定期检查冰箱和冰柜的密封装置。
en:seaman:noun:1,seaman,noun,海员，水手；水兵,n 海员，水手；水兵,/'simən/,/'siːmən/,The men emigrate to work as seamen.,这些男人移居国外当海员。
en:search:verb:1,search,verb,搜寻；调查；探求,v 搜寻；调查；探求；n 搜寻；探究，查究,/sɝtʃ/,/sɜːtʃ/,It was too dark to search further.,天太暗，无法继续寻找。
en:seashell:noun:1,seashell,noun,海贝，贝壳；海贝壳,n 海贝，贝壳；海贝壳,/'si'ʃɛl/,/'siːʃel/,jewelry made out of seashells,用贝壳做的首饰
en:seaside:noun:1,seaside,noun,海边；海滨,n 海边；海滨；adj 海边的；海滨的,/'sisaɪd/,/'siːsaɪd/,a trip to the seaside,去海滨的旅行
en:season:noun:1,season,noun,时期；季节；赛季,n 时期；季节；赛季；v 给…调味；使适应,/'sizn/,/'siːz(ə)n/,the effect on plants as the seasons start to change,换季对植物的影响
en:seat:noun:1,seat,noun,座位；所在地；职位,n 座位；所在地；职位；v 使…坐下；可容纳…的；使就职,/sit/,/siːt/,I was in the back seat and Jo was driving.,我在后座，乔开车。
en:seaweed:noun:1,seaweed,noun,海藻，海草,n 海藻，海草,/'si'wid/,/'siːwiːd/,"So the next time you see a chunk of seaweed ... notice the beauty of it, yes.",所以下次你碰见一大片海藻时，要毫不犹豫的欣赏它的美。
en:second:noun:1,second,noun,秒；第二名；瞬间；二等品,n 秒；第二名；瞬间；二等品；v 支持；adj 第二的；次要的；附加的；num 第二；adv 第二；其次；居第二位,/'sɛkənd/,/'sek(ə)nd/,Hold your breath for six seconds.,请你屏气6秒钟。
en:secondhand:adjective:1,secondhand,adjective,二手的；旧的；间接获得的；做旧货生意的,adj 二手的；旧的；间接获得的；做旧货生意的；adv 间接地；间接听来；以旧货,/'sɛkəndhænd/,/'sekənd'hænd/,"They could afford a secondhand car, she thought.",他们能买得起一辆二手车，她想。
en:secret:noun:1,secret,noun,秘密；秘诀；机密,n 秘密；秘诀；机密；adj 秘密的；机密的,/'sikrɪt/,/'siːkrɪt/,I can’t tell you. It’s a secret .,我不能告诉你，这是个秘密。
en:secretary:noun:1,secretary,noun,秘书；书记；部长；大臣,n 秘书；书记；部长；大臣,/'sɛkrətɛrɪ/,/'sekrɪt(ə)rɪ/,My secretary will fax you all the details.,我的秘书会把所有的细节发传真给你。
en:section:noun:1,section,noun,截面；部分；部门；地区；章节,n 截面；部分；部门；地区；章节；v 被切割成片；被分成部分,/'sɛkʃən/,/'sekʃ(ə)n/,The plane’s tail section was found in a cornfield.,飞机的尾部在玉米田里找到了。
en:secure:adjective:1,secure,adjective,安全的；无虑的；有把握的；稳当的,adj 安全的；无虑的；有把握的；稳当的；v 保护；弄到；招致；缚住,/sə'kjʊr/,/sɪ'kjʊə; sɪ'kjɔː/,Companies can offer secure credit card transactions over the Internet.,公司可以提供安全的网上信用卡交易。
en:security:noun:1,security,noun,安全；保证；证券；抵押品,n 安全；保证；证券；抵押品；adj 安全的；保安的；保密的,/sə'kjʊrəti/,/sɪ'kjʊərətɪ/,The trial was held under tight security .,这场审讯是在戒备森严的情况下进行的。
en:see:verb:1,see,verb,看见；理解；领会,v 看见；理解；领会；n (See)人名；(英)西伊；(柬)塞；(德)泽,/si/,/siː/,"The moment we saw the house, we knew we wanted to buy it.",我们一看到这房子就知道我们要买。
en:seed:noun:1,seed,noun,种子；根据；精液；萌芽；子孙；原由,n 种子；根据；精液；萌芽；子孙；原由；v 播种；结实；成熟；去…籽,/sid/,/siːd/,He’s been top seed for the past two years.,他在过去两年中一直是头号种子选手。
en:seek:verb:1,seek,verb,寻求；寻找；探索；搜索,v 寻求；寻找；探索；搜索,/sik/,/siːk/,Do you think the President will seek re-election ?,你认为总统会谋求连任吗？
en:seem:verb:1,seem,verb,似乎；像是；装作,v 似乎；像是；装作；n (Seem)人名；(英)西姆,/sim/,/siːm/,Ann didn’t seem very sure.,安看来并不十分肯定。
en:seize:verb:1,seize,verb,抓住；夺取；理解；逮捕,v 抓住；夺取；理解；逮捕,/siz/,/siːz/,Suddenly he seized my hand.,他突然抓住我的手。
en:seldom:adverb:1,seldom,adverb,很少，不常,adv 很少，不常,/'sɛldəm/,/'seldəm/,Karen had seldom seen him so angry.,卡伦很少见他这么生气过。
en:select:verb:1,select,verb,挑选；选拔,v 挑选；选拔；adj 精选的；挑选出来的；极好的；n 被挑选者；精萃,/sə'lɛkt/,/sɪ'lekt/,a group of students selected at random,随机挑选出来的一组学生
en:self:noun:1,self,noun,自己，自我；本质；私心,n 自己，自我；本质；私心；adj 同一的；vt 使自花授精；使近亲繁殖；vi 自花授精,/sɛlf/,/self/,a child’s developing sense of self,儿童逐渐形成的自我意识
en:selfish:adjective:1,selfish,adjective,自私的；利己主义的,adj 自私的；利己主义的,/'sɛlfɪʃ/,/'selfɪʃ/,How can you be so selfish?,你怎能这样自私？
en:sell:verb:1,sell,verb,销售；推销；出卖；欺骗,v 销售；推销；出卖；欺骗；n 销售；失望；推销术,/sɛl/,/sel/,"If you offer him another hundred, I think he’ll sell.",如果你再加一百元钱，我想他会卖的。
en:semicircle:noun:1,semicircle,noun,半圆，半圆形,n 半圆，半圆形,/'sɛmɪsɝkl/,/'semɪsɜːkl/,They sit cross-legged in a semicircle and share stories.,他们盘着腿围成半圆坐在一起讲故事。
en:send:verb:1,send,verb,发送，寄；派遣；使进入；发射,v 发送，寄；派遣；使进入；发射；n 上升运动,/sɛnd/,/send/,Lyn sent some pictures of the wedding.,琳恩寄了几张婚礼照片。
en:senior:adjective:1,senior,adjective,高级的；年长的；地位较高的；年资较深的，资格较老的,adj 高级的；年长的；地位较高的；年资较深的，资格较老的；n 上司；较年长者；毕业班学生,/'sinɪɚ/,/'siːnɪə; 'siːnjə/,the senior Democrat on the House committee,众议院委员会中的资深民主党人
en:sense:noun:1,sense,noun,感觉，功能；观念；道理；理智,n 感觉，功能；观念；道理；理智；v 感觉到；检测,/sɛns/,/sens/,"Cats have a very acute sense of hearing (= very good, so that they can hear even the smallest sound ) .",猫的听觉非常敏锐。
en:sensitive:adjective:1,sensitive,adjective,敏感的；感觉的；[仪] 灵敏的；感光的；易受伤害的；易受影响的,adj 敏感的；感觉的；[仪] 灵敏的；感光的；易受伤害的；易受影响的；n 敏感的人；有灵异能力的人,/'sɛnsətɪv/,/'sensɪtɪv/,a very sensitive child,一个很敏感的小孩
en:sentence:noun:1,sentence,noun,[语][计] 句子，命题；宣判，判决,n [语][计] 句子，命题；宣判，判决；v 判决，宣判,/'sɛntəns/,/'sent(ə)ns/,His voice dropped at the end of the sentence.,到句子结尾处，他压低了嗓音。
en:separate:verb:1,separate,verb,使分离；使分开；使分居,v 使分离；使分开；使分居；adj 单独的；分开的；不同的；各自的；；n 分开；抽印本,/(for v.) sɛpəˌret; (for adj.) sɛprɪt/,/(for v.) ˈsepəreɪt; (for adj.) ˈseprət/,This will keep your dressing from separating.,这样可以防止调味汁分层。
en:separately:adverb:1,separately,adverb,分别地；分离地；个别地,adv 分别地；分离地；个别地,/'sɛprətli/,/'sep(ə)rətlɪ/,Cook each vegetable separately until just tender.,把每样蔬菜单独烹煮，直到煮软就行了。
en:separation:noun:1,separation,noun,分离，分开；间隔，距离；[法] 分居；缺口,n 分离，分开；间隔，距离；[法] 分居；缺口,"/,sɛpə'reʃən/",/sepə'reɪʃ(ə)n/,the separation of church and state,政教分离
en:september:noun:1,September,noun,九月,n 九月,/sɛp'tɛmbɚ/,/sep'tembə/,"Her son, Jerome, was born in September.",她的儿子杰罗姆出生于9月。
en:serious:adjective:1,serious,adjective,严肃的，严重的；认真的；庄重的；危急的,adj 严肃的，严重的；认真的；庄重的；危急的,/'sɪrɪəs/,/'sɪərɪəs/,the serious problem of unemployment,严重的失业问题
en:servant:noun:1,servant,noun,仆人，佣人；公务员；雇工,n 仆人，佣人；公务员；雇工,/'sɝvənt/,/'sɜːv(ə)nt/,Many young girls became domestic servants .,许多年轻姑娘成了家仆。
en:service:noun:1,service,noun,服务，服侍；服役；仪式,n 服务，服侍；服役；仪式；adj 服务性的；耐用的；服现役的；v 维修，检修；保养,/'sɝvɪs/,/'sɜːvɪs/,the health service,医疗保健服务
en:session:noun:1,session,noun,会议；（法庭的）开庭；（议会等的）开会；学期；讲习会,n 会议；（法庭的）开庭；（议会等的）开会；学期；讲习会,/'sɛʃən/,/'seʃ(ə)n/,Board members met in closed session (= with nobody else present ) .,委员会成员举行了闭门会议。
en:set:noun:1,set,noun,[数] 集合；一套；布景；[机] 装置,n [数] 集合；一套；布景；[机] 装置；v 树立；点燃；点缀；；adj 固定的；规定的；固执的,/sɛt/,/set/,a chess set,一副国际象棋
en:settle:verb:1,settle,verb,解决；定居；沉淀；下陷,v 解决；定居；沉淀；下陷；n 有背长椅,/'sɛtl/,/'set(ə)l/,We hope the factions will be able to settle their differences (= agree to stop arguing ) by peaceful means.,我们希望各派系能以和平方式解决分歧。
en:settlement:noun:1,settlement,noun,解决，处理；[会计] 结算；沉降；殖民,n 解决，处理；[会计] 结算；沉降；殖民,/'sɛtlmənt/,/'set(ə)lm(ə)nt/,Union leaders and company bosses will meet tomorrow in an attempt to reach a settlement .,工会领导人和公司老板将于明天举行会议以期达成协议。
en:settler:noun:1,settler,noun,移居者；殖民者,n 移居者；殖民者,/'sɛtlɚ/,/'setlə/,early settlers in Australia,澳大利亚的早期移民
en:seven:numeral:1,seven,numeral,七个，七,num 七个，七；n 七个，七；adj 七的；七个的,/'sɛvn/,/'sev(ə)n/,The women visited cities in seven states.,这些女性访问了七个州的城市。
en:seventeen:noun:1,seventeen,noun,十七，十七个,n 十七，十七个；adj 十七岁的；十七的，十七个的；num 十七,"/,sɛvn'tin/",/sev(ə)n'tiːn; 'sev(ə)ntiːn/,a group of seventeen American military officers,由17名美国军官组成的团体
en:seventh:noun:1,seventh,noun,第七；七分之一,n 第七；七分之一；adj 第七的；七分之一的；adv 居第七位地,/'sɛvənθ/,/'sev(ə)nθ/,"Both will meet in your seventh house of partnerships, so to unlock your good fortune, you need to collaborate with a partner.",它们将在你表合作关系的第七宫会面，如果你有一个合作伙伴的话，它们将合作释放出你的好运气。
en:seventy:noun:1,seventy,noun,七十；七十个；七十岁；七十年代,n 七十；七十个；七十岁；七十年代；adj 七十的；七十个的；七十岁的；num 七十,/'sɛvnti/,/'sev(ə)ntɪ/,We lost touch during the seventies.,我们在70年代失去了联系。
en:several:adjective:1,several,adjective,几个的；各自的,adj 几个的；各自的；pron 几个；数个,/ˈsevrəl/,/ˈsevrəl/,They shook hands and went their several ways (= went in different directions ) .,他们握了握手便各自走了。
en:severe:adjective:1,severe,adjective,严峻的；严厉的；剧烈的；苛刻的,adj 严峻的；严厉的；剧烈的；苛刻的,/sɪ'vɪr/,/sɪ'vɪə/,His injuries were quite severe.,他的伤势很严重。
en:sew:verb:1,sew,verb,缝合，缝上；缝纫,v 缝合，缝上；缝纫,/so/,/səʊ/,I learned to sew at school.,我在学校学会了缝纫。
en:sex:noun:1,sex,noun,性；性别；性行为；色情,n 性；性别；性行为；色情；v 引起…的性欲；区别…的性别,/sɛks/,/seks/,All you see on TV is sex and violence these days.,如今在电视上看到的尽是性和暴力。
en:shabby:adjective:1,shabby,adjective,破旧的；卑鄙的；吝啬的；低劣的,adj 破旧的；卑鄙的；吝啬的；低劣的,/ˈʃæbi/,/'ʃæbɪ/,Hugh’s jacket was old and shabby.,休的夹克衫又旧又破。
en:shade:noun:1,shade,noun,树荫；阴影；阴凉处；遮阳物；（照片等的）明暗度；少量、些微；细微的差别,n 树荫；阴影；阴凉处；遮阳物；（照片等的）明暗度；少量、些微；细微的差别；v 使阴暗；使渐变；为…遮阳；使阴郁；掩盖,/ʃed/,/ʃeɪd/,a plant that needs a lot of shade,喜阴植物
en:shadow:noun:1,shadow,noun,阴影；影子；幽灵；庇护；隐蔽处,n 阴影；影子；幽灵；庇护；隐蔽处；v 遮蔽；使朦胧；尾随；预示；adj 影子内阁的,/'ʃædo/,/'ʃædəʊ/,the long dark shadow of an old oak tree,一棵老橡树长长的影子
en:shake:verb:1,shake,verb,动摇；摇动；震动；握手,v 动摇；摇动；震动；握手；n 摇动；哆嗦,/ʃek/,/ʃeɪk/,She shook him to wake him up.,她摇摇他，想把他叫醒。
en:shall:auxiliary:1,shall,auxiliary,应；会；将；必须,aux 应；会；将；必须,/ʃəl/,/ʃæl; ʃ(ə)l/,shall we,我们…好吗
en:shallow:adjective:1,shallow,adjective,浅的；肤浅的,adj 浅的；肤浅的；n [地理] 浅滩；v 使变浅,/'ʃælo/,/'ʃæləʊ/,a shallow river,浅河
en:shame:noun:1,shame,noun,羞耻，羞愧；憾事，带来耻辱的人,n 羞耻，羞愧；憾事，带来耻辱的人；v 使丢脸，使羞愧,/ʃem/,/ʃeɪm/,He felt a deep sense of shame.,他深深地感到羞愧。
en:shanghai:noun:1,Shanghai,noun,上海（中国东部港市）,n 上海（中国东部港市）,"/,ʃæŋ'haɪ/",,He once lived in Shanghai.,他曾经在上海住过。
en:shape:noun:1,shape,noun,形状；模型；身材；具体化,n 形状；模型；身材；具体化；v 形成；塑造，使成形；使符合,/ʃep/,/ʃeɪp/,What shape is the table?,那张桌子是什么形状的？
en:share:verb:1,share,verb,分享，分担；分配,v 分享，分担；分配；n 份额；股份,/ʃɛr/,/ʃeə/,As a kid he’d never share his toys.,他小时候从不肯与人分享他的玩具。
en:shark:noun:1,shark,noun,鲨鱼；骗子,n 鲨鱼；骗子；v 诈骗,/ʃɑrk/,/ʃɑːk/,Sharks were circling around our boat.,鲨鱼在我们的小船周围游弋。
en:sharp:adjective:1,sharp,adjective,急剧的；锋利的；强烈的；敏捷的；刺耳的,adj 急剧的；锋利的；强烈的；敏捷的；刺耳的；adv 急剧地；锐利地；突然地；n 尖头；骗子；内行；vt 磨快；把音调升高；vi 打扮；升音演奏,/ʃɑrp/,/ʃɑːp/,Make sure you use a good sharp knife.,你一定要用锋利的好刀。
en:sharpen:verb:1,sharpen,verb,削尖；磨快；使敏捷；加重,v 削尖；磨快；使敏捷；加重,/'ʃɑrpən/,/'ʃɑːp(ə)n/,Anne sharpened her pencil and got out her homework.,安妮把铅笔削尖，然后拿出家庭作业来。
en:sharpener:noun:1,sharpener,noun,卷笔刀；[机] 磨具；研磨者,n 卷笔刀；[机] 磨具；研磨者,/'ʃɑrpənɚ/,/'ʃɑːpənə/,...a pencil sharpener.,…一个卷笔刀。
en:shave:verb:1,shave,verb,剃须，剃毛,v 剃须，剃毛；n 刮脸，剃胡子；修面；<口>侥幸逃过，幸免；剃刀，刮刀,/ʃev/,/ʃeɪv/,He hadn’t shaved for days.,他已经好几天没刮脸了。
en:shaver:noun:1,shaver,noun,理发师；电动剃刀,n 理发师；电动剃刀,/'ʃevɚ/,/'ʃeɪvə/,He uses an electric shaver.,他使用电动剃须刀。
en:she:pronoun:1,she,pronoun,她（主格）；它（用来指雌性动物或国家、船舶、地球、月亮等）,pron 她（主格）；它（用来指雌性动物或国家、船舶、地球、月亮等）；n 女人；雌性动物,/ʃi/,/ʃiː/,You could always ask Beth – she’s got plenty of money.,你总是可以去问贝丝——她有很多钱。
en:sheep:noun:1,sheep,noun,羊，绵羊；胆小鬼,n 羊，绵羊；胆小鬼,/ʃip/,/ʃiːp/,Sheep were grazing on the hillside.,羊群在山坡上吃草。
en:sheet:noun:1,sheet,noun,薄片，纸张；薄板；床单,n 薄片，纸张；薄板；床单；v 覆盖；盖上被单；使成大片；adj 片状的,/ʃit/,/ʃiːt/,I’ll go and find you some clean sheets and blankets.,我去给你们找些干净的床单和毯子。
en:shelf:noun:1,shelf,noun,架子；搁板；搁板状物；暗礁,n 架子；搁板；搁板状物；暗礁,/ʃɛlf/,/ʃelf/,shelves of books,一层层书架的书
en:shelter:noun:1,shelter,noun,庇护；避难所；遮盖物,n 庇护；避难所；遮盖物；v 保护；使掩蔽,/'ʃɛltɚ/,/'ʃeltə/,The men took shelter in a bombed-out farmhouse.,那些男人躲在一间被炸毁的农舍里。
en:shine:verb:1,shine,verb,发出光；反射光，闪耀；出类拔萃，表现突出；露出；照耀；显露；出众,v 发出光；反射光，闪耀；出类拔萃，表现突出；露出；照耀；显露；出众；n 光亮，光泽；好天气；擦亮；晴天；擦皮鞋；鬼把戏或诡计,/ʃaɪn/,/ʃaɪn/,The sun was shining .,阳光照耀。
en:ship:verb:1,ship,verb,运送，乘船；以船运送,v 运送，乘船；以船运送；n 船；舰；太空船,/ʃɪp/,/ʃɪp/,We'll ship your order to the address we print on your cheques.,我们将把你预订的货物送到我们印在你单据上的地址。
en:shirt:noun:1,shirt,noun,衬衫；汗衫，内衣,n 衬衫；汗衫，内衣,/ʃɝt/,/ʃɜːt/,I have to wear a shirt and tie to work.,我上班要穿衬衫打领带。
en:shock:noun:1,shock,noun,休克；震惊；震动；打击；禾束堆,n 休克；震惊；震动；打击；禾束堆；v 使休克；使震惊；使震动；使受电击；把…堆成禾束堆；adj 浓密的；蓬乱的,/ʃɑk/,/ʃɒk/,She was shaking with shock and humiliation.,她又是震惊，又是羞辱，身体直发抖。
en:shoe:noun:1,shoe,noun,鞋；蹄铁；外胎,n 鞋；蹄铁；外胎；v 给……穿上鞋；穿……鞋,/ʃu/,/ʃuː/,I sat down and took off my shoes and socks.,我坐下来脱掉鞋子和袜子。
en:shoot:verb:1,shoot,verb,射击，射中；拍摄；发芽；使爆炸；给…注射,v 射击，射中；拍摄；发芽；使爆炸；给…注射；n 射击；摄影；狩猎；急流,/ʃut/,/ʃuːt/,Police shot one suspect when he pulled a gun on them.,警方在一名嫌疑人拔枪指着他们时击毙了他。
en:shooting:noun:1,shooting,noun,射击；打猎；摄影；射门,n 射击；打猎；摄影；射门；v 射击（shoot的ing形式）,/'ʃutɪŋ/,/'ʃuːtɪŋ/,the grouse shooting season,松鸡狩猎季节
en:shop:noun:1,shop,noun,商店；店铺,n 商店；店铺；v 购物,/ʃɑp/,/ʃɒp/,a barber’s shop,理发店
en:shopkeeper:noun:1,shopkeeper,noun,店主，老板,n 店主，老板,/'ʃɑp'kipɚ/,/'ʃɒpkiːpə/,The girl had only worked for the shopkeeper for three days when she packed him in.,这姑娘替那店主只干了三天， 就辞职不干了。
en:shopping:noun:1,shopping,noun,购物，买东西,n 购物，买东西；v 购物（shop的ing形式）,/'ʃɑpɪŋ/,/'ʃɒpɪŋ/,Late-night shopping is becoming very popular.,深夜购物越来越普遍了。
en:shore:verb:1,shore,verb,支撑，使稳住；用支柱撑住,v 支撑，使稳住；用支柱撑住；n 海滨；支柱,/ʃɔr/,/ʃɔː/,We could see a boat about a mile from shore.,我们看见离岸边大约一英里的地方有一艘船。
en:short:adjective:1,short,adjective,短的；不足的；矮的，低的,adj 短的；不足的；矮的，低的；n 短；缺乏；短路；短裤；adv 不足；突然；唐突地,/ʃɔrt/,/ʃɔːt/,a short meeting,一个短会
en:shortcoming:noun:1,shortcoming,noun,缺点；短处,n 缺点；短处,/'ʃɔrtkʌmɪŋ/,/'ʃɔːtkʌmɪŋ/,Peter was painfully aware of his own shortcomings.,彼得痛苦地认识到了自己的短处。
en:shortly:adverb:1,shortly,adverb,立刻；简短地；唐突地,adv 立刻；简短地；唐突地,/'ʃɔrtli/,/'ʃɔːtlɪ/,Ms Jones will be back shortly.,琼斯女士很快就会回来。
en:shorts:noun:1,shorts,noun,短裤,n 短裤,/ʃɔrts/,/ʃɔːts/,"I like your shorts, Jake.",杰克， 我喜欢你的短裤。
en:shot:noun:1,shot,noun,发射；炮弹；射手；镜头,n 发射；炮弹；射手；镜头；adj 用尽的；破旧的；杂色的，闪光的；v 射击（shoot的过去式和过去分词）,/ʃɑt/,/ʃɒt/,"In the opening shot, we see Travolta’s feet walking down the sidewalk.",在开场的镜头中，我们看到特拉沃尔塔的脚在人行道上行走。
en:should:auxiliary:1,should,auxiliary,应该；就；可能；将要,aux 应该；就；可能；将要,/ʃəd; strong form ʃʊd/,/ʃəd; strong form ʃʊd/,should be,应该是
en:shoulder:noun:1,shoulder,noun,肩，肩膀；肩部,n 肩，肩膀；肩部；v 肩负，承担,/'ʃoldɚ/,/'ʃəʊldə/,She tapped the driver on the shoulder.,她拍拍司机的肩。
en:shout:verb:1,shout,verb,呼喊；喊叫；大声说,v 呼喊；喊叫；大声说；n 呼喊；呼叫,/ʃaʊt/,/ʃaʊt/,There’s no need to shout! I can hear you!,用不着大声喊叫！我听得见！
en:show:verb:1,show,verb,显示；说明；演出；展出,v 显示；说明；演出；展出；n 显示；表演；炫耀,/ʃo/,/ʃəʊ/,"The man grinned, showing bad teeth.",那男人咧着嘴笑，露出一口坏牙。
en:shower:noun:1,shower,noun,淋浴；（倾泻般出现的）一阵，一大批；阵雨,n 淋浴；（倾泻般出现的）一阵，一大批；阵雨；v 大量地给予；把……弄湿,/'ʃaʊɚ/,/'ʃaʊə/,Why does the phone always ring when I’m in the shower?,为什么电话铃总是在我洗澡的时候响？
en:shut:verb:1,shut,verb,关闭；停业；幽禁,v 关闭；停业；幽禁；n 关闭；adj 关闭的；围绕的,/ʃʌt/,/ʃʌt/,"Shut the window, Ellen!",埃伦，把窗关上！
en:shuttle:noun:1,shuttle,noun,航天飞机；穿梭；梭子；穿梭班机、公共汽车等,n 航天飞机；穿梭；梭子；穿梭班机、公共汽车等；v 使穿梭般来回移动；短程穿梭般运送,/'ʃʌtl/,/'ʃʌt(ə)l/,He took the Washington - New York shuttle.,他乘坐华盛顿－纽约的往返班机。
en:shy:adjective:1,shy,adjective,害羞的；畏缩的，胆怯的,adj 害羞的；畏缩的，胆怯的；v 投；畏缩；惊退；厌恶；n 投掷；惊跳,/ʃaɪ/,/ʃaɪ/,He was a quiet shy man.,他是个话不多、害羞的男人。
en:sick:adjective:1,sick,adjective,厌恶的；病态的；不舒服；渴望的；恶心的 ；生病的,adj 厌恶的；病态的；不舒服；渴望的；恶心的 ；生病的；n 病人；v 使狗去咬；呕吐；追击,/sɪk/,/sɪk/,His mother’s very sick.,他母亲病得很重。
en:sickness:noun:1,sickness,noun,疾病；呕吐；弊病,n 疾病；呕吐；弊病,/'sɪknəs/,/'sɪknɪs/,an insurance policy against long-term sickness and injury,保长期患病和受伤的保险单
en:side:noun:1,side,noun,方面；侧面；旁边,n 方面；侧面；旁边；v 支持；赞助；偏袒；adj 旁的，侧的,/saɪd/,/saɪd/,Fuel is cheaper on the French side of the border.,燃料在边境那边的法国要便宜些。
en:sideway:noun:1,sideway,noun,人行道；小巷,n 人行道；小巷；adv 斜地里；adj 旁边的；向侧面的（等于sideways）,,,The key design concept of the space is that the suspended rooms are connected with suspended bridges and sideway aisles.,这个空间设计的关键概念是这些悬挂着的房间是用悬挂着的桥和边侧的走廊连接起来的。
en:sideways:adverb:1,sideways,adverb,向侧面地；向一旁,adv 向侧面地；向一旁；adj 向侧面的；一旁的,/'saɪdwez/,/'saɪdweɪz/,A strong gust of wind blew the car sideways into the ditch.,一阵狂风把汽车横着掀进了沟里。
en:sigh:verb:1,sigh,verb,叹息，叹气,v 叹息，叹气；n 叹息，叹气,/saɪ/,/saɪ/,"‘Well, there’s nothing we can do about it now,’ she sighed.",“唉，我们现在对此无能为力。”她叹口气说。
en:sight:noun:1,sight,noun,视力；景象；眼界；见解,n 视力；景象；眼界；见解；v 看见；瞄准；adj 见票即付的；即席的,/saɪt/,/saɪt/,Anne’s sight is very good for someone of her age.,安妮的视力对于她这个年龄的人来说算是非常好的。
en:sightseeing:noun:1,sightseeing,noun,观光；游览,n 观光；游览；adj 观光的；游览的；v 观光（sightsee的ing形式）；游览,/'saɪtsiɪŋ/,/'saɪtsiːɪŋ/,"She swam and sunbathed, went sightseeing and relaxed.",她游泳，晒日光浴，观光，放松。
en:sign:noun:1,sign,noun,迹象；符号；记号；手势；指示牌,n 迹象；符号；记号；手势；指示牌；v 签署；签名,/saɪn/,/saɪn/,a sign on the door,门上的标牌
en:signal:noun:1,signal,noun,信号；暗号；导火线,n 信号；暗号；导火线；v 标志；用信号通知；表示；adj 显著的；作为信号的,/'sɪgnl/,/'sɪgn(ə)l/,At a prearranged signal the lights went out.,预定的信号一发出，灯就全灭了。
en:signature:noun:1,signature,noun,署名；签名；信号,n 署名；签名；信号,/'sɪgnətʃɚ/,/'sɪgnətʃə/,Her signature is totally illegible (= cannot be read ) .,她的签字完全无法辨认。
en:significance:noun:1,significance,noun,意义；重要性；意思,n 意义；重要性；意思,/sɪɡ'nɪfɪkəns/,/sɪg'nɪfɪk(ə)ns/,Ideas about the social significance of religion have changed over time.,有关宗教的社会意义的观念已随时间的流逝发生了改变。
en:silence:noun:1,silence,noun,沉默；寂静；缄默；不谈；无声状态,n 沉默；寂静；缄默；不谈；无声状态；v 使沉默；使安静；压制；消除噪音；int 安静！；别作声！,/'saɪləns/,/'saɪləns/,There was a brief silence before anyone answered.,沉默了片刻才有人回答。
en:silent:adjective:1,silent,adjective,沉默的；寂静的；无记载的,adj 沉默的；寂静的；无记载的；n 无声电影,/'saɪlənt/,/'saɪlənt/,The large house was silent and lonely.,这幢大房子寂静荒凉。
en:silk:noun:1,silk,noun,丝绸；蚕丝；丝织物,n 丝绸；蚕丝；丝织物；adj 丝的；丝绸的；丝制的；vi （玉米）处于长须的阶段中,/sɪlk/,/sɪlk/,pure silk stockings,生丝面料的漂亮连衣裙
en:silly:adjective:1,silly,adjective,愚蠢的；不明事理的；没头脑的,adj 愚蠢的；不明事理的；没头脑的；n 傻瓜,/'sɪli/,/'sɪlɪ/,Stop asking silly questions.,别再问傻问题了。
en:similar:adjective:1,similar,adjective,相似的,adj 相似的；n 类似物,/'sɪməlɚ/,/'sɪmɪlə/,We have similar tastes in music.,我们对音乐的品位相近。
en:simple:adjective:1,simple,adjective,简单的；单纯的；天真的,adj 简单的；单纯的；天真的；n 笨蛋；愚蠢的行为；出身低微者,/'sɪmpl/,/'sɪmp(ə)l/,a simple but effective solution to the problem,对这个问题简单而有效的解决办法
en:simplify:verb:1,simplify,verb,简化；使单纯；使简易,v 简化；使单纯；使简易,/'sɪmplɪfaɪ/,/'sɪmplɪfaɪ/,an attempt to simplify the tax system,简化税制的尝试
en:simply:adverb:1,simply,adverb,简单地；仅仅；简直；朴素地；坦白地,adv 简单地；仅仅；简直；朴素地；坦白地,/'sɪmpli/,/'sɪmplɪ/,This work is simply not good enough.,这工作做得实在不够好。
en:since:conjunction:1,since,conjunction,因为；由于；既然；自…以来；自…以后,conj 因为；由于；既然；自…以来；自…以后；prep 自…以来；自…以后；adv 后来,/sɪns/,/sɪns/,We’ve been waiting here since two o’clock.,我们从两点钟开始就在这里等了。
en:sincerely:adverb:1,sincerely,adverb,真诚地；由衷地，诚恳地,adv 真诚地；由衷地，诚恳地,/sɪn'sɪrli/,/sɪn'sɪəlɪ/,I sincerely hope I’ll see her again.,我衷心希望再见到她。
en:sing:verb:1,sing,verb,唱歌；歌颂；鸣叫；呼号,v 唱歌；歌颂；鸣叫；呼号；n 演唱；鸣声；呼啸声,/sɪŋ/,/sɪŋ/,She can sing beautifully.,她唱歌很好听。
en:singer:noun:1,singer,noun,歌手，歌唱家,n 歌手，歌唱家,/'sɪŋɚ/,/'sɪŋə(r)/,the lead singer (= main singer ) of Slade,施莱德乐队的主唱
en:single:adjective:1,single,adjective,单一的；单身的；单程的,adj 单一的；单身的；单程的；n 一个；单打；单程票；v 选出,/'sɪŋɡl/,/'sɪŋg(ə)l/,A single tree gave shade from the sun.,唯有一棵树遮阴。
en:sink:verb:1,sink,verb,下沉；消沉；渗透,v 下沉；消沉；渗透；n 水槽；洗涤槽；污水坑,/sɪŋk/,/sɪŋk/,Their motorboat struck a rock and began to sink.,他们的摩托艇触了礁，开始下沉。
en:sir:noun:1,sir,noun,先生；（用于姓名前）爵士；阁下；（中小学生对男教师的称呼）先生；老师,n 先生；（用于姓名前）爵士；阁下；（中小学生对男教师的称呼）先生；老师,/sɝ/,/sɜː/,"‘Report back to me in an hour, sergeant.’ ‘Yes, sir.’",“一小时后向我报告，中士。”“是，长官。”
en:sister:noun:1,sister,noun,姐妹；（称志同道合者）姐妹；修女；护士,n 姐妹；（称志同道合者）姐妹；修女；护士；adj 姐妹般的；同类型的,/'sɪstɚ/,/'sɪstə/,Janet and Abby are sisters.,珍妮特和阿比是两姐妹。
en:sit:verb:1,sit,verb,坐；位于,v 坐；位于；n (Sit)人名；(东南亚国家华语)硕；(罗)西特,/sɪt/,/sɪt/,The parliament building sits in a large square.,议会大楼位于一个大广场上。
en:situation:noun:1,situation,noun,情况；形势；处境；位置,n 情况；形势；处境；位置,"/,sɪtʃu'eʃən/",/sɪtjʊ'eɪʃ(ə)n/,I explained the situation to everyone.,我向大家介绍了一下情况。
en:six:numeral:1,six,numeral,六，六个,num 六，六个；n 六，六个,/sɪks/,/sɪks/,six months ago,六个月前
en:sixteen:adjective:1,sixteen,adjective,十六的，十六个的,adj 十六的，十六个的；num 十六,"/,sɪks'tin/",/sɪks'tiːn; 'sɪkstiːn/,"But it contained one very interesting piece of data: in 2008, for the first time in sixteen years, the finance and insurance industry shrank.",但是，这份报告里有一项非常耐人寻味的数据：在2008年，金融保险业出现近十六年来的首次萎缩。
en:sixteenth:numeral:1,sixteenth,numeral,第十六；十六分之一,num 第十六；十六分之一；adj 第十六的；十六分之一的,/'sɪks'tinθ/,/'sɪks'tiːnθ/,"But in the course of history, we settled beginning in the sixteenth and seventeenth century, down into just two patterns: what we call the major pattern and the minor pattern.","但在历史的发展过程中,在十六到十七世纪期间,人们最终确定了下列两种模式,我们称之为大调模式和小调模式"
en:sixth:noun:1,sixth,noun,月的第六日，（与the连用的）第六个；六分之一,n 月的第六日，（与the连用的）第六个；六分之一；adj （与 the 连用）第六的，第六个的；六分之一的,/sɪksθ/,/sɪksθ/,About one sixth of the children admitted to taking drugs.,大约六分之一的儿童承认吸毒。
en:sixty:numeral:1,sixty,numeral,六十；六十个,num 六十；六十个,/'sɪksti/,/'sɪkstɪ/,sixty years ago,六十年前
en:size:noun:1,size,noun,大小；尺寸,n 大小；尺寸；adj 一定尺寸的；v 依大小排列,/saɪz/,/saɪz/,"He’s a small boy, about John’s size.",他是个小男孩，个子和约翰差不多。
en:skate:verb:1,skate,verb,滑冰；滑过,v 滑冰；滑过；n 溜冰；冰鞋,/sket/,/skeɪt/,The children skated on the frozen pond.,孩子们在结冰的池塘上滑冰。
en:skateboard:noun:1,skateboard,noun,溜冰板,n 溜冰板；v 用滑板滑行,/'sket'bɔrd/,/'skeɪtbɔːd/,He has long hair.He has a black skateboard.Who is he?,他有长头发.他有一黑色溜冰板.他是谁？
en:ski:noun:1,ski,noun,滑雪橇,n 滑雪橇；v 滑雪；adj 滑雪（用）的,/ski/,/skiː/,ski slopes,滑雪坡
en:skill:noun:1,skill,noun,技能，技巧；本领，技术,n 技能，技巧；本领，技术,/skɪl/,/skɪl/,Reading and writing are two different skills.,阅读和写作是两种不同的技能。
en:skilled:adjective:1,skilled,adjective,熟练的；有技能的；需要技能的,adj 熟练的；有技能的；需要技能的,/skɪld/,/skɪld/,"Skilled craftsmen, such as carpenters, are in great demand.",对木工之类的熟练工匠需求量很大。
en:skillful:adjective:1,skillful,adjective,熟练的；巧妙的,adj 熟练的；巧妙的,/'skɪlfəl/,/'skilful/,"I like making things by hand because my mother is very skillful, and I liked staying with her when I was young.",我喜欢亲手作一些东西，这是因为我母亲的手非常巧，而且我小的时候喜欢同她在一起。
en:skillfully:adverb:1,skillfully,adverb,巧妙地；精巧地,adv 巧妙地；精巧地,/'skɪlfəli/,,,
en:skin:noun:1,skin,noun,皮肤；外皮,n 皮肤；外皮；v 剥皮,/skɪn/,/skɪn/,She had thick black hair and smooth dark skin.,她一头浓密的黑发，皮肤黝黑光滑。
en:skip:verb:1,skip,verb,跳跃；跳绳；遗漏；跳读,v 跳跃；跳绳；遗漏；跳读；n 跳跃；跳读,/skɪp/,/skɪp/,They saw the man with a little girl skipping along behind him.,他们看到那个男人身后跟着一个蹦蹦跳跳的小女孩。
en:skirt:noun:1,skirt,noun,裙子,n 裙子；v 绕过，回避；位于…边缘,/skɝt/,/skɜːt/,She wore a white blouse and a plain black skirt.,她穿着白衬衣和纯黑的裙子。
en:sky:noun:1,sky,noun,天空；顶点,n 天空；顶点；v 把…投向空中；把…挂得过高,/skaɪ/,/skaɪ/,"The sky grew dark, and a cold rain began to fall.",天色转暗，开始下起冰冷的雨来。
en:skyscraper:noun:1,skyscraper,noun,摩天楼，超高层大楼；特别高的东西,n 摩天楼，超高层大楼；特别高的东西,/'skaɪ'skrepɚ/,/'skaɪskreɪpə/,The skyscraper towers into the clouds.,那幢摩天大楼高耸入云。
en:slave:noun:1,slave,noun,奴隶；从动装置,n 奴隶；从动装置；v 苦干；拼命工作,/sleɪv/,/sleɪv/,a slave to fashion,时尚的奴隶
en:slavery:noun:1,slavery,noun,奴役；奴隶制度；奴隶身份,n 奴役；奴隶制度；奴隶身份,/'slevəri/,/'sleɪv(ə)rɪ/,attempts to abolish slavery,废除奴隶制的努力
en:sleep:verb:1,sleep,verb,睡，睡觉,v 睡，睡觉；n 睡眠,/slip/,/sliːp/,I usually sleep on my back.,我一般仰卧着睡觉。
en:sleepy:adjective:1,sleepy,adjective,欲睡的；困乏的；不活跃的,adj 欲睡的；困乏的；不活跃的,/'slipi/,/'sliːpɪ/,The warmth from the fire made her feel sleepy.,暖洋洋的炉火使她昏昏欲睡。
en:sleeve:noun:1,sleeve,noun,[机] 套筒，[机] 套管；袖子，[服装] 袖套,n [机] 套筒，[机] 套管；袖子，[服装] 袖套；vt 给……装袖子；给……装套筒,/sliv/,/sliːv/,a dress with long sleeves,长袖连衣裙
en:slice:noun:1,slice,noun,薄片；部分；菜刀，火铲,n 薄片；部分；菜刀，火铲；v 切下；把…分成部分；将…切成薄片,/slaɪs/,/slaɪs/,pizza slices,比萨块
en:slide:noun:1,slide,noun,滑动；幻灯片；滑梯；雪崩,n 滑动；幻灯片；滑梯；雪崩；v 滑动；滑落；不知不觉陷入,/slaɪd/,/slaɪd/,a slide show,幻灯片放映
en:slight:adjective:1,slight,adjective,轻微的，少量的；脆弱的；细长的；不重要的,adj 轻微的，少量的；脆弱的；细长的；不重要的；v 轻视，忽略；怠慢；n 怠慢；轻蔑,/slaɪt/,/slaɪt/,a slight improvement,些许的改进
en:slim:adjective:1,slim,adjective,苗条的；修长的；微小的；差的,adj 苗条的；修长的；微小的；差的；v 使…体重减轻；使…苗条；n (Slim)人名；(阿拉伯)萨利姆；(英、西)斯利姆,/slɪm/,/slɪm/,a slim young woman,身材苗条的年轻女子
en:slip:verb:1,slip,verb,滑动；滑倒；犯错；失足；减退,v 滑动；滑倒；犯错；失足；减退；n 滑，滑倒；片，纸片；错误；下跌；事故；adj 滑动的；有活结的；活络的；abbr 串行线路接口协议，是旧式的协议（Serial Line Interface Protocol）,/slɪp/,/slɪp/,Wright slipped but managed to keep hold of the ball.,赖特滑了一下，但球还抓在手里。
en:slow:adjective:1,slow,adjective,慢的；减速的；迟钝的,adj 慢的；减速的；迟钝的；v 变慢；变萧条；adv 慢慢地；迟缓地；n (Slow)人名；(英)斯洛,/sloʊ/,/sləʊ/,The car was travelling at a very slow speed.,汽车正以非常慢的速度行驶。
en:small:adjective:1,small,adjective,少的，小的；微弱的；几乎没有的；不重要的；幼小的,adj 少的，小的；微弱的；几乎没有的；不重要的；幼小的；adv 小小地；卑鄙地；n 小件物品；矮小的人,/smɔl/,/smɔːl/,a small piece of paper,一小片纸
en:smart:adjective:1,smart,adjective,聪明的；巧妙的；敏捷的；厉害的；潇洒的；剧烈的；时髦的,adj 聪明的；巧妙的；敏捷的；厉害的；潇洒的；剧烈的；时髦的；n (Smart)人名；(法)斯马尔；(英、德)斯马特,/smɑrt/,/smɑːt/,The smart kids get good grades and go off to college.,聪明的孩子成绩好，可以去上大学。
en:smell:verb:1,smell,verb,嗅，闻；有…气味,v 嗅，闻；有…气味；n 气味，嗅觉；臭味,/smɛl/,/smel/,I can smell burning.,我闻到烧焦的气味。
en:smelly:adjective:1,smelly,adjective,有臭味的，发臭的,adj 有臭味的，发臭的,/'smɛli/,/'smelɪ/,smelly feet,臭脚
en:smile:verb:1,smile,verb,微笑,v 微笑；n 微笑；笑容；喜色,/smaɪl/,/smaɪl/,her smiling face,她的笑脸
en:smog:noun:1,smog,noun,烟雾,n 烟雾,/smɑːɡ/,/smɒg/,"Cars cause pollution, both smog and acid rain.",汽车引起污染，既有烟雾又有酸雨。
en:smoke:noun:1,smoke,noun,烟；抽烟；无常的事物,n 烟；抽烟；无常的事物；v 冒烟，吸烟；抽烟；弥漫,/smok/,/sməʊk/,cigarette smoke,香烟的烟雾
en:smoker:noun:1,smoker,noun,吸烟者；薰制工,n 吸烟者；薰制工,/'smokɚ/,/'sməʊkə/,My grandad was a heavy smoker (= someone who smokes a lot ) .,我爷爷烟瘾很大。
en:smoking:noun:1,smoking,noun,抽烟；冒气,n 抽烟；冒气；adv 冒着烟；adj 准许吸烟的；v 吸烟；冒烟（smoke的现在分词）,/'smokɪŋ/,/'sməʊkɪŋ/,The sign says ‘No Smoking’.,告示牌上写着“禁止吸烟”。
en:smooth:adjective:1,smooth,adjective,顺利的；光滑的；平稳的,adj 顺利的；光滑的；平稳的；v 使光滑；消除（障碍等）；使优雅；缓和；n 平滑部分；一块平地；adv 光滑地；平稳地；流畅地,/smʊð/,/smuːð/,Her skin felt smooth and cool.,她的皮肤摸上去又滑又凉。
en:snack:noun:1,snack,noun,小吃，快餐；一份，部分,n 小吃，快餐；一份，部分；v 吃快餐，吃点心,/snæk/,/snæk/,I grabbed a quick snack.,我赶紧吃了点零食。
en:snake:noun:1,snake,noun,蛇；阴险的人,n 蛇；阴险的人；v 迂回前进,/snek/,/sneɪk/,A snake slithered across our path.,一条蛇蜿蜒爬过我们的小路。
en:snatch:noun:1,snatch,noun,抢夺；抓举；小量,n 抢夺；抓举；小量；v 夺得；抽空做；及时救助,/snætʃ/,/snætʃ/,reports of a bag snatch,抢夺手提包的报道
en:sneaker:noun:1,sneaker,noun,运动鞋；卑鄙者；鬼鬼祟祟做事的人,n 运动鞋；卑鄙者；鬼鬼祟祟做事的人,/'snikɚ/,/'sniːkə/,a pair of white sneakers,一双白色的运动鞋
en:sneeze:verb:1,sneeze,verb,打喷嚏,v 打喷嚏；n 喷嚏,/sniz/,/sniːz/,She started coughing and sneezing.,她开始咳嗽、打喷嚏。
en:sniff:verb:1,sniff,verb,嗅；嗤之以鼻,v 嗅；嗤之以鼻；n 吸，闻；嗤之以鼻；气味；以鼻吸气；吸气声,/snɪf/,/snɪf/,He opened the milk and sniffed it.,他打开牛奶闻了闻。
en:snow:noun:1,snow,noun,雪，积雪；下雪,n 雪，积雪；下雪；v 降雪,/sno/,/snəʊ/,Snow was falling heavily as we entered the village.,我们进村的时候雪下得正大。
en:snowball:noun:1,snowball,noun,雪球,n 雪球；v 掷雪球；滚雪球般增大,/'snobɔl/,/'snəʊbɔːl/,We had a massive snowball fight .,我们打了一场大雪仗。
en:snowman:noun:1,snowman,noun,雪人,n 雪人,/'snomæn/,/'snəʊmæn/,The children were balling up snow to make a snowman.,孩子们正在把雪堆成球状，做一个雪人。
en:snowy:adjective:1,snowy,adjective,下雪的，多雪的；被雪覆盖的；洁白无瑕的,adj 下雪的，多雪的；被雪覆盖的；洁白无瑕的,/'snoɪ/,/'snəʊɪ/,the snowy fields,被雪覆盖的田野
en:so:adverb:1,so,adverb,如此，这么；确是如此,adv 如此，这么；确是如此；conj 所以；因此；pron 这样；n (So)人名；(柬)索,/so/,/səʊ/,The troops will not advance until ordered to do so .,在接到命令之前，部队不会前进。
en:soap:noun:1,soap,noun,肥皂,n 肥皂；v 将肥皂涂在……上；对……拍马屁（俚语）,/sop/,/səʊp/,Wash thoroughly with soap and water .,用肥皂和水彻底洗一洗。
en:sob:verb:1,sob,verb,啜泣，呜咽；（风等）发出呜咽声,v 啜泣，呜咽；（风等）发出呜咽声；n 啜泣，呜咽,/sɑb/,/sɒb/,He began sobbing uncontrollably .,他不由自主地抽噎起来。
en:soccer:noun:1,soccer,noun,英式足球，足球,n 英式足球，足球,/'sɑkɚ/,/'sɒkə/,It must be one of those soccer scarfs from England.,那一定是某个英国足球队的围巾。
en:social:adjective:1,social,adjective,社会的，社交的；群居的,adj 社会的，社交的；群居的；n 联谊会；联欢会,/'soʃl/,/'səʊʃ(ə)l/,"social issues, such as unemployment and education",失业和教育之类的社会问题
en:socialism:noun:1,socialism,noun,社会主义,n 社会主义,/'soʃəlɪzəm/,/'səʊʃəlɪz(ə)m/,They declared for socialism.,他们表示拥护社会主义。
en:socialist:noun:1,socialist,noun,社会主义者；社会党党员,n 社会主义者；社会党党员；adj 社会主义的,/'soʃəlɪst/,/'səʊʃ(ə)lɪst; 'səʊʃəlɪst/,Esperanto has always been popular among socialists.,世界语在社会主义者中一直很受欢迎。
en:society:noun:1,society,noun,社会；交往；社团；社交界,n 社会；交往；社团；社交界,/sə'saɪəti/,/sə'saɪətɪ/,technology and its effects on modern society,科技及其对现代社会的影响
en:sock:noun:1,sock,noun,短袜；一击,n 短袜；一击；v 重击；给……穿袜；adv 正着地；不偏不倚地；adj 非常成功的,/sɑk/,/sɒk/,a pair of socks,一双短袜
en:socket:noun:1,socket,noun,插座；窝，穴；牙槽,n 插座；窝，穴；牙槽；vt 给…配插座,/'sɑkɪt/,/'sɒkɪt/,a headphone socket,耳机插口
en:sofa:noun:1,sofa,noun,沙发；长椅,n 沙发；长椅,/'sofə/,/'səʊfə/,He sprang up from the sofa.,他从沙发上猛然跳了起来。
en:soft:adjective:1,soft,adjective,软的，柔软的；温柔的，温和的；软弱的；笨的,adj 软的，柔软的；温柔的，温和的；软弱的；笨的；adv 柔软地；温和地；n 柔性；柔软的东西；柔软部分,/sɔft/,/sɒft/,a baby’s soft skin,婴儿细嫩的皮肤
en:softball:noun:1,softball,noun,垒球；垒球运动,n 垒球；垒球运动,/'sɔftbɔl/,/'sɒf(t)bɔːl/,,
en:software:noun:1,software,noun,软件,n 软件,/'sɔftwɛr/,/'sɒf(t)weə/,She loaded the new software .,她给电脑装上新的软件。
en:soil:noun:1,soil,noun,土地；土壤；国家；粪便；务农；温床,n 土地；土壤；国家；粪便；务农；温床；v 弄脏；污辱,/sɔɪl/,/sɒɪl/,Roses grow well in a clay soil.,蔷薇适宜在黏质土中生长。
en:solar:adjective:1,solar,adjective,太阳的；日光的；利用太阳光的；与太阳相关的,adj 太阳的；日光的；利用太阳光的；与太阳相关的；n 日光浴室,/'solɚ/,/'səʊlə/,a solar eclipse,日食
en:soldier:noun:1,soldier,noun,军人；[昆] 兵蚁；懒汉；一片烤面包,n 军人；[昆] 兵蚁；懒汉；一片烤面包；v 当兵；磨洋工；坚持干；假称害病,/'soldʒɚ/,/'səʊldʒə/,A British soldier was wounded in the fighting.,战斗中，有一名英国士兵受了伤。
en:solid:adjective:1,solid,adjective,固体的；可靠的；立体的；结实的；一致的,adj 固体的；可靠的；立体的；结实的；一致的；n 固体；立方体,/'sɑlɪd/,/'sɒlɪd/,The lake was frozen solid .,湖水冻得结结实实。
en:some:adjective:1,some,adjective,一些；某个；大约；相当多的,adj 一些；某个；大约；相当多的；pron 一些；若干；其中的一部分；（数量不确切时用）有些人；adv 非常；相当；<美>稍微,/səm/,/sʌm; s(ə)m/,I’ve just made a pot of coffee. Would you like some?,我刚煮了一壶咖啡，你想喝点吗？
en:somebody:noun:1,somebody,noun,大人物；重要人物,n 大人物；重要人物；pron 有人；某人,/'sʌmbədi/,/'sʌmbədɪ/,There’s somebody waiting to see you.,有人等着要见你。
en:someone:pronoun:1,someone,pronoun,有人，某人,pron 有人，某人,/'sʌmwʌn/,/'sʌmwʌn/,What would you do if someone tried to rob you in the street?,要是有人在街上抢劫你，你会怎么办？
en:something:pronoun:1,something,pronoun,某事；某物,pron 某事；某物；n 重要的人；值得重视的事；adv 非常；有点；大约；adj 大约；有点象,/'sʌmθɪŋ/,/'sʌmθɪŋ/,There’s something in my eye.,我眼睛里有什么东西。
en:sometimes:adverb:1,sometimes,adverb,有时，间或,adv 有时，间或,/'sʌmtaɪmz/,/'sʌmtaɪmz/,I sometimes have to work late.,我有时得工作到很晚。
en:somewhere:adverb:1,somewhere,adverb,在某处；到某处,adv 在某处；到某处；n 某个地方,/'sʌmwɛr/,/'sʌmweə/,My wallet must be around here somewhere.,我的钱包肯定是在这里的什么地方。
en:son:noun:1,son,noun,儿子；孩子（对年轻人的称呼）；男性后裔,n 儿子；孩子（对年轻人的称呼）；男性后裔,/sʌn/,/sʌn/,Her son Sean was born in 1983.,她的儿子肖恩出生于 1983 年。
en:song:noun:1,song,noun,歌曲；歌唱；诗歌；鸣声,n 歌曲；歌唱；诗歌；鸣声,/sɔŋ/,/sɒŋ/,the song of the lark,云雀的鸣唱
en:soon:adverb:1,soon,adverb,快；不久，一会儿；立刻；宁愿,adv 快；不久，一会儿；立刻；宁愿,/sun/,/suːn/,It will be dark soon.,天很快就要黑了。
en:sorrow:noun:1,sorrow,noun,悲伤；懊悔；伤心事,n 悲伤；懊悔；伤心事；v 懊悔；遗憾；感到悲伤,/sɑro/,/'sɒrəʊ/,the family’s joys and sorrows,这家人的喜与悲
en:sorry:adjective:1,sorry,adjective,遗憾的；对不起的，抱歉的,adj 遗憾的；对不起的，抱歉的；int 对不起，抱歉（表示委婉的拒绝等）,/'sɔri/,/'sɒrɪ/,She was very sorry about all the trouble she'd caused.,她对自己造成的麻烦感到很内疚。
en:sort:noun:1,sort,noun,种类；方式；品质,n 种类；方式；品质；v 分类；协调；交往,/sɔrt/,/sɔːt/,Most of the victims developed psychological problems of one sort or another (= of various different types ) .,大多数受害者都出现了这样那样的心理问题。
en:soul:noun:1,soul,noun,灵魂；心灵；精神；鬼魂,n 灵魂；心灵；精神；鬼魂；adj 美国黑人文化的,/sol/,/səʊl/,the immortality of the soul,灵魂的不灭
en:sound:verb:1,sound,verb,听（诊）；测量，测…深；使发声；试探；宣告,v 听（诊）；测量，测…深；使发声；试探；宣告；n 声音，语音；噪音；海峡；吵闹；听力范围；[医] 探条；adj 健全的，健康的；合理的；可靠的；有效彻底的；adv 彻底地，充分地,/saʊnd/,/saʊnd/,Several earlier studies had sounded similar warnings .,早先的几次研究也提出过类似的警告。
en:soup:noun:1,soup,noun,汤，羹；马力,n 汤，羹；马力；v 加速；增加马力,/sup/,/suːp/,homemade tomato soup,自制的番茄汤
en:sour:adjective:1,sour,adjective,酸的；发酵的；刺耳的；酸臭的；讨厌的,adj 酸的；发酵的；刺耳的；酸臭的；讨厌的；v 发酵；变酸；厌烦；n 酸味；苦事,/'saʊɚ/,/saʊə/,Rachel sampled the wine. It was sour.,雷切尔尝了尝葡萄酒，是酸的。
en:south:noun:1,south,noun,南方，南边；南部,n 南方，南边；南部；adv 在南方，向南方；adj 南的，南方的,/saʊθ/,/saʊθ/,Which way is south?,哪面是南？
en:southern:adjective:1,southern,adjective,南的；南方的,adj 南的；南方的；n 南方人,/'sʌðɚn/,/'sʌð(ə)n/,a southern accent,南部口音
en:southwest:noun:1,southwest,noun,西南方,n 西南方；adj 西南的；adv 往西南；来自西南,"/,saʊθ'wɛst/","/,saʊθ'west/",...some 500 kilometres to the southwest of Johannesburg.,…约翰内斯堡西南约五百公里。
en:souvenirs:noun:1,souvenirs,noun,纪念品；旅游纪念品；回忆,n 纪念品；旅游纪念品；回忆,"/'sʊvə,nɪrz/","/,suːvə'nɪəz/",...a souvenir of the summer of 1992.,…一个1992年夏天的纪念品。
en:sow:verb:1,sow,verb,播种；散布；使密布,v 播种；散布；使密布；n 母猪,/so/,/səʊ/,Sow the seeds in late March.,三月底播种。
en:space:noun:1,space,noun,空间；太空；距离,n 空间；太空；距离；v 留间隔,/spes/,/speɪs/,How much space is there on each disk?,每张磁盘有多大容量？
en:spaceship:noun:1,spaceship,noun,[航] 宇宙飞船,n [航] 宇宙飞船,/'spesʃɪp/,/'speɪsʃɪp/,...an alien spaceship.,…一艘外星人的宇宙飞船。
en:spade:noun:1,spade,noun,铁锹，铲子,n 铁锹，铲子；v 铲；把……弄实抹平,/sped/,/speɪd/,...a garden spade.,…一把花园里使用的锹。
en:spaghetti:noun:1,spaghetti,noun,意大利式细面条,n 意大利式细面条,/spə'ɡɛti/,/spə'getɪ/,"As the sun sets over Tokyo, another case is about to reach its climax on a bridge across a spaghetti of railway lines.",当太阳在在东京落下时，在一座横跨意大利面条似的铁路线的桥上，另一事件正要到达它的巅峰。
en:spain:noun:1,Spain,noun,西班牙,n 西班牙,/spen/,/spein/,They are touring in Spain.,他们正在西班牙旅游。
en:spanish:adjective:1,Spanish,adjective,西班牙的；西班牙人的；西班牙语的,adj 西班牙的；西班牙人的；西班牙语的；n 西班牙语；西班牙人,/'spænɪʃ/,/'spænɪʃ/,...a Spanish sherry.,...一瓶西班牙雪利酒。
en:spare:verb:1,spare,verb,节约，吝惜；饶恕；分出，分让,v 节约，吝惜；饶恕；分出，分让；adj 多余的；瘦的；少量的；n 剩余；备用零件,/spɛr/,/speə/,She said that she could only spare 35 minutes for our meeting.,她说她只能抽出35分钟给我们的会议。
en:sparrow:noun:1,sparrow,noun,麻雀；矮小的人,n 麻雀；矮小的人,/'spæro/,/'spærəʊ/,"The myrtle, dove, sparrow, and swan are sacred to her.",桃金娘，鸽子，麻雀和天鹅是她的圣物。
en:speak:verb:1,speak,verb,说话；演讲；表明；陈述,v 说话；演讲；表明；陈述,/spik/,/spiːk/,I was so shocked I couldn’t speak.,我震惊得说不出话来。
en:speaker:noun:1,speaker,noun,演讲者；扬声器；说话者；说某种语言的人,n 演讲者；扬声器；说话者；说某种语言的人,/'spikɚ/,/'spiːkə/,"The keynote speaker (= main or most important speaker ) was Robert Venturi, the architect.",主要发言人是建筑师罗伯特·文图里。
en:spear:noun:1,spear,noun,矛，枪,n 矛，枪；v 用矛刺,/spɪr/,/spɪə/,I fended off his sword thrust with my spear.,他一刀砍来， 我拿枪架住。
en:special:noun:1,special,noun,特使，特派人员；特刊；特色菜；专车；特价商品,n 特使，特派人员；特刊；特色菜；专车；特价商品；adj 特别的；专门的，专用的,/'spɛʃl/,/'speʃ(ə)l/,a lunch special for $4.99,4.99 美元的特惠午餐
en:specialist:noun:1,specialist,noun,专家；专门医师,n 专家；专门医师；adj 专家的；专业的,/'spɛʃəlɪst/,/'speʃ(ə)lɪst/,a heart specialist,心脏专科医生
en:speech:noun:1,speech,noun,演讲；讲话；[语] 语音；演说,n 演讲；讲话；[语] 语音；演说,/spitʃ/,/spiːtʃ/,He has to make a lot of after-dinner speeches .,他经常要发表席后演说。
en:speed:verb:1,speed,verb,超速，加速；加速，迅速前行；兴隆,v 超速，加速；加速，迅速前行；兴隆；n 速度，速率；迅速，快速；昌盛，繁荣,/spid/,/spiːd/,I got caught speeding on the A40 yesterday.,昨天我在 A40 号干线公路上超速行驶被逮到。
en:spell:verb:1,spell,verb,拼，拼写；意味着；招致；拼成；迷住；轮值,v 拼，拼写；意味着；招致；拼成；迷住；轮值；n 符咒；一段时间；魅力,/spɛl/,/spel/,How do you spell ‘juice’?,juice 怎么拼？
en:spelling:noun:1,spelling,noun,拼写；拼字；拼法,n 拼写；拼字；拼法；v 拼写；意味着（spell的ing形式）；迷住,/'spɛlɪŋ/,/'spelɪŋ/,Her spelling has improved.,她的拼写进步了。
en:spend:verb:1,spend,verb,度过，消磨（时光）；花费；浪费；用尽,v 度过，消磨（时光）；花费；浪费；用尽；n 预算,/spɛnd/,/spend/,I can’t afford to spend any more money this week.,这星期我没有能力花更多的钱了。
en:spin:verb:1,spin,verb,旋转；纺纱；吐丝；晕眩,v 旋转；纺纱；吐丝；晕眩；n 旋转；疾驰,/spɪn/,/spɪn/,The plane’s propellers were spinning.,飞机的螺旋桨在快速旋转。
en:spirit:noun:1,spirit,noun,精神；心灵；情绪；志气；烈酒,n 精神；心灵；情绪；志气；烈酒；v 鼓励；鼓舞；诱拐,/'spɪrɪt/,/'spɪrɪt/,His spirits were so low (= he was so sad ) that he refused to answer his phone.,他情绪非常低落，连电话也不愿接。
en:spiritual:noun:1,spiritual,noun,圣歌（尤指美国南部黑人的）,n 圣歌（尤指美国南部黑人的）；adj 精神的，心灵的,/'spɪrɪtʃʊəl/,/'spɪrɪtʃʊəl; -tjʊəl/,Painting helps fill a spiritual need for beauty.,绘画可以满足对美的精神需求。
en:spit:verb:1,spit,verb,吐痰；吐口水；发出劈啪声,v 吐痰；吐口水；发出劈啪声；n 唾液,/spɪt/,/spɪt/,Nick rolled down his window and spat.,尼克摇下窗子，啐了口唾沫。
en:splendid:adjective:1,splendid,adjective,辉煌的；灿烂的；极好的；杰出的,adj 辉煌的；灿烂的；极好的；杰出的,/'splɛndɪd/,/'splendɪd/,a splendid idea,很妙的主意
en:split:verb:1,split,verb,分离；使分离；劈开；离开；分解,v 分离；使分离；劈开；离开；分解；n 劈开；裂缝；adj 劈开的,/splɪt/,/splɪt/,We agreed to split the cost .,我们同意分摊这笔费用。
en:spoken:adjective:1,spoken,adjective,口语的，口头的,adj 口语的，口头的；v 说（speak的过去分词）,/'spokən/,/'spəʊk(ə)n/,Cockney is the colourful dialect spoken in the East End of London.,伦敦方言是在伦敦东区讲的颇有特色的地方语。
en:sponsor:noun:1,sponsor,noun,赞助者；主办者；保证人,n 赞助者；主办者；保证人；v 赞助；发起,/'spɑnsɚ/,/'spɒnsə/,You cannot get a work visa without an American sponsor.,如果没有美国担保人就拿不到工作签证。
en:spoon:noun:1,spoon,noun,匙，勺子；一杓的量,n 匙，勺子；一杓的量；v 用匙舀；使成匙状,/spʊn/,/spuːn/,He spooned instant coffee into two of the mugs.,他用勺把速溶咖啡舀进了两个杯子里。
en:spoonful:noun:1,spoonful,noun,一匙；一匙的量,n 一匙；一匙的量,/'spʊn'fʊl/,/'spuːnfʊl/,He took a spoonful of the stew and ate it.,他舀起一匙炖菜吃了下去。
en:sport:noun:1,sport,noun,运动；游戏；娱乐；运动会；玩笑,n 运动；游戏；娱乐；运动会；玩笑；v 游戏；adj 运动的,/spɔrt/,/spɔːt/,the sport of falconry,放鹰狩猎运动
en:spot:noun:1,spot,noun,地点；斑点,n 地点；斑点；v 认出；弄脏；用灯光照射；adj 现场的；现货买卖的；adv 准确地；恰好,/spɑt/,/spɒt/,a nice quiet spot on the beach,海滩上一个安静的好地方
en:spray:noun:1,spray,noun,喷雾；喷雾器；水沫,n 喷雾；喷雾器；水沫；v 喷射,/spreɪ/,/spreɪ/,a new hair styling spray,一种新的定型喷发剂
en:spread:verb:1,spread,verb,传播；伸展,v 传播；伸展；n 传播；伸展；adj 伸展的,/sprɛd/,/spred/,News of the explosion spread swiftly.,发生爆炸的消息迅速传播开来。
en:spring:noun:1,spring,noun,春天；弹簧；泉水；活力；跳跃,n 春天；弹簧；泉水；活力；跳跃；adj 春天的；v 生长；涌出；跃出；裂开,/sprɪŋ/,/sprɪŋ/,spring flowers,春花
en:spy:verb:1,spy,verb,侦察；发现；暗中监视,v 侦察；发现；暗中监视；n 间谍；密探,/spaɪ/,/spaɪ/,Ellen suddenly spied her friend in the crowd.,埃伦突然在人群中找到了她的朋友。
en:square:adjective:1,square,adjective,平方的；正方形的；直角的；正直的,adj 平方的；正方形的；直角的；正直的；v 使成方形；与…一致；n 平方；广场；正方形；adv 成直角地,/skwɛr/,/skweə/,a large square room,一个正方形的大房间
en:squeeze:verb:1,squeeze,verb,挤；紧握；勒索,v 挤；紧握；勒索；n 压榨；紧握；拥挤；佣金,/skwiz/,/skwiːz/,She smiled as he squeezed her hand.,他捏了捏她的手，她笑了。
en:squid:noun:1,squid,noun,鱿鱼；乌贼；枪乌贼,n 鱿鱼；乌贼；枪乌贼,/skwɪd/,/skwɪd/,Add the prawns and squid and cook for 2 minutes.,加入虾和鱿鱼，煮2分钟。
en:squirrel:noun:1,squirrel,noun,松鼠；松鼠毛皮,n 松鼠；松鼠毛皮；v 贮藏,/'skwɝrəl/,/'skwɪr(ə)l/,squirrel cage,adj. 鼠笼式的
en:stable:noun:1,stable,noun,马厩；牛棚,n 马厩；牛棚；adj 稳定的；牢固的；坚定的；v 被关在马厩,/'stebl/,/'steɪb(ə)l/,Our stable abuts against his dwelling.,我们的马厩和他的住所毗连。
en:stadium:noun:1,stadium,noun,体育场；露天大型运动场,n 体育场；露天大型运动场,/'stedɪəm/,/'steɪdɪəm/,the new Olympic Stadium,新的奥林匹克体育场
en:staff:noun:1,staff,noun,职员；参谋；棒；支撑,n 职员；参谋；棒；支撑；adj 职员的；行政工作的；v 供给人员；给…配备职员,/stæf/,/stɑːf/,The entire staff has done an outstanding job this year.,今年全体员工工作都非常出色。
en:stage:noun:1,stage,noun,阶段；舞台；戏剧；驿站,n 阶段；舞台；戏剧；驿站；v 举行；上演；筹划,/stedʒ/,/steɪdʒ/,We’re getting to the stage where we hardly ever go out together.,我们快要到几乎不一起外出的地步了。
en:stain:verb:1,stain,verb,沾污；败坏；给…着色,v 沾污；败坏；给…着色；n 污点；瑕疵；着色剂,/sten/,/steɪn/,We’ve decided to stain the shelves blue.,我们决定把架子涂成蓝色。
en:stainless:adjective:1,stainless,adjective,不锈的；纯洁的，未被玷污的；无瑕疵的,adj 不锈的；纯洁的，未被玷污的；无瑕疵的,/ˈsteɪnlɪs/,/'steɪnlɪs/,stainless steel,
en:stair:noun:1,stair,noun,楼梯，阶梯；梯级,n 楼梯，阶梯；梯级,/stɛr/,/steə/,We walked up four flights of stairs (= sets of stairs ) .,我们往上走了四段楼梯。
en:stamp:noun:1,stamp,noun,邮票；印记；标志；跺脚,n 邮票；印记；标志；跺脚；v 铭记；标出；盖章于…；贴邮票于…；用脚踩踏,/stæmp/,/stæmp/,a 29-cent stamp,一枚 29 美分的邮票
en:stand:verb:1,stand,verb,站立；位于；停滞,v 站立；位于；停滞；n 站立；立场；看台；停止,/stænd/,/stænd/,It looks like we’ll have to stand – there are no seats left.,看来我们只能站着——没有座位了。
en:standard:noun:1,standard,noun,标准；水准；旗；度量衡标准,n 标准；水准；旗；度量衡标准；adj 标准的；合规格的；公认为优秀的,/'stændɚd/,/'stændəd/,Students have to reach a certain standard or they won’t pass.,学生必须达到某一标准，否则无法通过。
en:stare:verb:1,stare,verb,凝视，盯着看；显眼,v 凝视，盯着看；显眼；n 凝视；注视,/stɛr/,/steə/,She sat there staring into space (= looking for a long time at nothing ) .,她坐在那里，出神地凝视前方。
en:start:verb:1,start,verb,开始；启动,v 开始；启动；n 开始；起点,/stɑrt/,/stɑːt/,There’s so much to do. I don’t know where to start.,有那么多的事情要做，我都不知道从哪里开始。
en:starvation:noun:1,starvation,noun,饿死；挨饿；绝食,n 饿死；挨饿；绝食,/stɑr'veʃən/,/stɑː'veɪʃn/,people dying of starvation,快饿死的人们
en:starve:verb:1,starve,verb,饿死；挨饿；渴望,v 饿死；挨饿；渴望,/stɑrv/,/stɑːv/,Thousands of people will starve if food doesn’t reach the city.,如果食品不能运到那座城市，成千上万的人就要饿死。
en:state:noun:1,state,noun,国家；州；情形,n 国家；州；情形；v 规定；声明；陈述；adj 国家的；州的；正式的,/stet/,/steɪt/,She was in an extremely confused state of mind .,她思绪纷乱。
en:statement:noun:1,statement,noun,声明；陈述，叙述；报表，清单,n 声明；陈述，叙述；报表，清单,/'stetmənt/,/'steɪtm(ə)nt/,"In an official statement, she formally announced her resignation.",在一份官方声明中，她正式宣布辞职。
en:statesman:noun:1,statesman,noun,政治家；国务活动家,n 政治家；国务活动家,/'stetsmən/,/'steɪtsmən/,a respected elder statesman,一位受人尊敬的政界元老
en:station:noun:1,station,noun,车站；驻地；地位；身份,n 车站；驻地；地位；身份；v 配置；安置；驻扎,/ˈsteɪʃən/,/'steɪʃ(ə)n/,I want to get off at the next station.,我要在下一站下车。
en:statistics:noun:1,statistics,noun,统计；统计学；[统计] 统计资料,n 统计；统计学；[统计] 统计资料,/stə'tɪstɪks/,/stə'tɪstɪks/,statistics for earnings by different age groups,
en:statue:noun:1,statue,noun,雕像，塑像,n 雕像，塑像；vt 以雕像装饰,/'stætʃu/,/'stætjuː; -tʃuː/,Churchill’s statue stands outside the parliament building.,丘吉尔的塑像矗立在议会大厦外。
en:status:noun:1,status,noun,地位；状态；情形；重要身份,n 地位；状态；情形；重要身份,/ˈstætəs; ˈstetəs/,/'steɪtəs/,These documents have no legal status in Britain.,这些文件在英国并无法律效力。
en:stay:verb:1,stay,verb,停留；坚持；暂住；停下,v 停留；坚持；暂住；停下；n 逗留；停止；支柱,/ste/,/steɪ/,They stayed all afternoon chatting.,他们待了整个下午聊天。
en:steady:adjective:1,steady,adjective,稳定的；不变的；沉着的,adj 稳定的；不变的；沉着的；v 稳固；adv 稳定地；稳固地；n 关系固定的情侣；固定支架,/'stɛdi/,/'stedɪ/,It takes a steady hand to perform surgery.,做手术手要稳。
en:steak:noun:1,steak,noun,牛排；肉排；鱼排,n 牛排；肉排；鱼排,/stek/,/steɪk/,...fresh salmon steaks.,…新鲜的三文鱼排。
en:steal:verb:1,steal,verb,剽窃；偷偷地做；偷窃,v 剽窃；偷偷地做；偷窃；n 偷窃；便宜货；偷垒；断球,/stil/,/stiːl/,Boys broke into a shop and stole £45 in cash.,男孩们闯进一家商店，盗走了45英镑现金。
en:steam:verb:1,steam,verb,蒸，散发；用蒸汽处理,v 蒸，散发；用蒸汽处理；n 蒸汽；精力；adj 蒸汽的,/stim/,/stiːm/,A pot was steaming on top of the cooker.,锅在炉子上冒着热气。
en:steel:noun:1,steel,noun,钢铁；钢制品；坚固,n 钢铁；钢制品；坚固；v 钢化；使冷酷；adj 钢制的；钢铁业的；坚强的,/stil/,/stiːl/,a steel bridge,钢铁大桥
en:steep:adjective:1,steep,adjective,陡峭的；不合理的；夸大的；急剧升降的,adj 陡峭的；不合理的；夸大的；急剧升降的；v 泡；浸；使…充满；n 峭壁；浸渍,/stip/,/stiːp/,The road became rocky and steep.,路变得崎岖陡峭起来。
en:step:noun:1,step,noun,步，脚步；步骤；步伐；梯级,n 步，脚步；步骤；步伐；梯级；v 踏，踩；走,/stɛp/,/step/,a video of baby’s first steps,一盒婴儿学步的录像带
en:steward:noun:1,steward,noun,管家；乘务员；膳务员；工会管事,n 管家；乘务员；膳务员；工会管事；vi 当服务员；当管事；vt 管理,/'stuɚd/,/'stjuːəd/,race stewards,比赛组织者
en:stewardess:noun:1,stewardess,noun,女管家；女干事；女服务员,n 女管家；女干事；女服务员,/ˈstuərdəs/,"/'stjuːədɪs; ,stjuːə'des/",air stewardess,空中小姐（空姐）；空中服务员
en:stick:verb:1,stick,verb,刺，戳；伸出；粘贴,v 刺，戳；伸出；粘贴；n 棍；手杖；呆头呆脑的人,/stɪk/,/stɪk/,This stamp won’t stick properly.,这张邮票贴不牢。
en:still:adverb:1,still,adverb,仍然；更；静止地,adv 仍然；更；静止地；adj 静止的，不动的；寂静的，平静的；不起泡的；n 寂静；剧照；蒸馏室；conj 仍然；但是；尽管如此；v 蒸馏；使…静止；使…平静下来,/stɪl/,/stɪl/,I still haven’t finished painting the spare room.,我还没粉刷完那间空房间。
en:stocking:noun:1,stocking,noun,长袜,n 长袜,/'stɑkɪŋ/,/'stɒkɪŋ/,I want you stuffed in my stocking.,我只要你塞在我的袜子里。
en:stomach:noun:1,stomach,noun,胃；腹部；胃口,n 胃；腹部；胃口；v 忍受；吃下,/'stʌmək/,/'stʌmək/,I was so hungry my stomach hurt.,我饿得胃都痛了。
en:stomachache:noun:1,stomachache,noun,腹痛，肚子痛；胃痛,n 腹痛，肚子痛；胃痛,"/'stʌmək,ek/",/'stʌməkeɪk/,have a stomachache,胃痛；肚子疼
en:stone:noun:1,stone,noun,石头；结石；[宝] 宝石,n 石头；结石；[宝] 宝石；adj 石的，石制的；v 向扔石块；用石头铺,/ston/,/stəʊn/,a stone wall,石墙
en:stop:verb:1,stop,verb,停止；堵塞；断绝,v 停止；堵塞；断绝；n 停止；车站；障碍；逗留,/stɑp/,/stɒp/,Stop throwing those stones!,别再扔那些石头了！
en:stopwatch:noun:1,stopwatch,noun,码表；跑表,n 码表；跑表；vt 用秒表测定时间,/'stɑpwɑtʃ/,/'stɒpwɒtʃ/,,
en:storage:noun:1,storage,noun,存储；仓库；贮藏所,n 存储；仓库；贮藏所,/'stɔrɪdʒ/,/'stɔːrɪdʒ/,the storage of highly radioactive material,高放射性材料的存放
en:store:noun:1,store,noun,商店；储备，贮藏；仓库,n 商店；储备，贮藏；仓库；v 贮藏，储存,/stɔr/,/stɔː/,At Christmas the stores stay open late.,在圣诞节期间，商店营业到很晚。
en:storm:noun:1,storm,noun,暴风雨；大动荡,n 暴风雨；大动荡；v 起风暴；横冲直撞；狂怒咆哮,/stɔrm/,/stɔːm/,The weather forecast is for severe storms tonight.,天气预报说今晚有强暴风雨。
en:story:noun:1,story,noun,故事；小说；新闻报道；来历；假话,n 故事；小说；新闻报道；来历；假话；vt 用历史故事画装饰；vi 说谎,/'stɔri/,/'stɔːrɪ/,a book of short stories,短篇小说集
en:stout:adjective:1,stout,adjective,结实的；矮胖的；勇敢的；激烈的,adj 结实的；矮胖的；勇敢的；激烈的；n 矮胖子；烈性啤酒,/staʊt/,/staʊt/,a stout pair of shoes,一双厚实耐穿的鞋子
en:stove:noun:1,stove,noun,火炉；窑；温室,n 火炉；窑；温室；vt 用火炉烤,/stov/,/stəʊv/,a wood-burning stove,烧木柴的火炉
en:straight:adjective:1,straight,adjective,直的；连续的；笔直的；正直的；整齐的；异性恋的,adj 直的；连续的；笔直的；正直的；整齐的；异性恋的；adv 直接地；不断地；立即；坦率地；n 直；直线；直男，直女，异性恋者,/stret/,/streɪt/,"a long, straight road",一条笔直的长路
en:straightforward:adjective:1,straightforward,adjective,简单的；坦率的；明确的；径直的,adj 简单的；坦率的；明确的；径直的；adv 直截了当地；坦率地,"/,stret'fɔrwɚd/",/streɪt'fɔːwəd/,This area of law is far from straightforward (= complicated ) .,法律的这个领域很复杂。
en:strait:adjective:1,strait,adjective,狭窄的；苦恼的,adj 狭窄的；苦恼的；n 海峡；困境,/stret/,/streɪt/,the Bering Strait,白令海峡
en:strange:adjective:1,strange,adjective,奇怪的；陌生的；外行的,adj 奇怪的；陌生的；外行的；adv 奇怪地；陌生地，冷淡地；n (Strange)人名；(英)斯特兰奇；(瑞典、塞)斯特朗格,/strendʒ/,/streɪn(d)ʒ/,strange noises,奇怪的噪声
en:stranger:noun:1,stranger,noun,陌生人；外地人；局外人,n 陌生人；外地人；局外人,/'strendʒɚ/,/'streɪn(d)ʒə/,Children must not talk to strangers.,小孩子千万不要同陌生人说话。
en:straw:noun:1,straw,noun,稻草；吸管；一文不值的东西,n 稻草；吸管；一文不值的东西；adj 稻草的；无价值的,/strɔ/,/strɔː/,She sipped her lemonade through a straw.,她用吸管吸着柠檬水。
en:strawberry:noun:1,strawberry,noun,草莓；草莓色,n 草莓；草莓色,/'strɔbɛri/,/'strɔːb(ə)rɪ/,...strawberries and cream.,…奶油草莓。
en:stream:noun:1,stream,noun,溪流；流动；潮流；光线,n 溪流；流动；潮流；光线；v 流；涌进；飘扬,/strim/,/striːm/,A stream of cold air rushed through the open door.,一股冷气穿过敞开的门直冲进来。
en:street:noun:1,street,noun,街道,n 街道；adj 街道的,/strit/,/striːt/,We moved to Center Street when I was young.,在我小时候，我们搬到了中心大街。
en:strength:noun:1,strength,noun,力量；力气；兵力；长处,n 力量；力气；兵力；长处,/strɛŋθ/,/streŋθ; streŋkθ/,I’m trying to build up my strength .,我在努力增强体力。
en:strengthen:verb:1,strengthen,verb,加强；巩固,v 加强；巩固,/'strɛŋθn/,/'streŋθ(ə)n; -ŋkθ(ə)n/,Our friendship has steadily strengthened over the years.,我们的友谊逐年加深。
en:stress:noun:1,stress,noun,压力；强调；紧张；重要性；重读,n 压力；强调；紧张；重要性；重读；v 强调；使紧张；加压力于；用重音读,/strɛs/,/stres/,Your headaches are due to stress.,你的头痛是压力造成的。
en:strict:adjective:1,strict,adjective,严格的；绝对的；精确的；详细的,adj 严格的；绝对的；精确的；详细的,/strɪkt/,/strɪkt/,a strict teacher,严格的老师
en:strike:verb:1,strike,verb,打，打击；罢工；敲，敲击；抓；打动；穿透,v 打，打击；罢工；敲，敲击；抓；打动；穿透；n 罢工；打击；殴打,/straɪk/,/straɪk/,"She fell heavily, striking her head against the side of the boat.",她重重地摔倒，头撞在船舷上。
en:string:noun:1,string,noun,线，弦，细绳；一串，一行,n 线，弦，细绳；一串，一行,/strɪŋ/,/strɪŋ/,Her key hung on a string around her neck.,她的钥匙穿了根绳子挂在脖子上。
en:strong:adjective:1,strong,adjective,坚强的；强壮的；牢固的；擅长的,adj 坚强的；强壮的；牢固的；擅长的；adv 强劲地；猛烈地；n (Strong)人名；(英)斯特朗,/strɔŋ/,/strɒŋ/,He was a big strong man.,他高大健壮。
en:struggle:verb:1,struggle,verb,奋斗，努力；挣扎,v 奋斗，努力；挣扎；n 努力，奋斗；竞争,/'strʌɡl/,/'strʌg(ə)l/,The team has been struggling all season.,整个赛季球队都打得很艰难。
en:stubborn:adjective:1,stubborn,adjective,顽固的；顽强的；难处理的,adj 顽固的；顽强的；难处理的,/'stʌbɚn/,/'stʌbən/,Why are you so stubborn?,你怎么这么固执？
en:student:noun:1,student,noun,学生；学者,n 学生；学者,/'studnt/,/'stjuːd(ə)nt/,Warren's eldest son is an art student.,沃伦的长子是一名学艺术的学生。
en:studio:noun:1,studio,noun,工作室；[广播][电视] 演播室；画室；电影制片厂,n 工作室；[广播][电视] 演播室；画室；电影制片厂,/'studɪo/,/'stjuːdɪəʊ/,Depardieu is making a film with one of the big Hollywood studios.,德帕迪约正在为好莱坞的一家大制片公司拍摄一部电影。
en:study:noun:1,study,noun,学习，研究；课题；书房；学问,n 学习，研究；课题；书房；学问；v 学习；考虑；攻读；细察,/'stʌdi/,/'stʌdɪ/,Recent studies show that women still get paid a lot less than men.,最近的调查表明，女性的薪水仍比男性的要低很多。
en:stupid:adjective:1,stupid,adjective,愚蠢的；麻木的；乏味的,adj 愚蠢的；麻木的；乏味的；n 傻瓜，笨蛋,/'stupɪd/,/'stjuːpɪd/,stupid mistakes,愚蠢的错误
en:style:noun:1,style,noun,风格；时尚；类型；字体,n 风格；时尚；类型；字体；v 设计；称呼；使合潮流,/staɪl/,/staɪl/,an attempt to use Japanese management style in a European business,将日本的管理方式用于欧洲企业的尝试
en:subject:noun:1,subject,noun,主题；科目；[语] 主语；国民,n 主题；科目；[语] 主语；国民；adj 服从的；易患…的；受制于…的；v 使…隶属；使屈从于…,/ˈsʌbdʒekt/,/ˈsʌbdʒɪkt/,Paul has strong opinions on most subjects.,保罗在大多数问题上观点激烈。
en:subjective:adjective:1,subjective,adjective,主观的；个人的；自觉的,adj 主观的；个人的；自觉的,/səb'dʒɛktɪv/,/səb'dʒektɪv/,"As a critic, he is far too subjective.",作为评论家，他过于主观。
en:submit:verb:1,submit,verb,使服从；主张；呈递,v 使服从；主张；呈递,/səb'mɪt/,/səb'mɪt/,"In desperation, Mrs. Jones submitted to an operation on her right knee to relieve the pain.",绝望中，琼斯夫人不得已接受了一次她右膝的手术以减轻疼痛。
en:subscribe:verb:1,subscribe,verb,订阅；捐款；认购；赞成；签署,v 订阅；捐款；认购；赞成；签署,/səb'skraɪb/,/səb'skraɪb/,My main reason for subscribing to New Scientist is to keep abreast of advances in science.,我订阅《新科学家》的主要原因是要跟上科学的进步。
en:substitute:noun:1,substitute,noun,代用品；代替者,n 代用品；代替者；v 替代,/'sʌbstɪtut/,/'sʌbstɪtjuːt/,Germany brought on a substitute at half time.,德国队在比赛半场时换上一名替补队员。
en:subtraction:noun:1,subtraction,noun,[数] 减法；减少；差集,n [数] 减法；减少；差集,/səb'trækʃən/,/səb'trækʃn/,digital subtraction angiography,数字减影血管造影；数字减影血管造影术
en:succeed:verb:1,succeed,verb,成功；继承；继任；兴旺,v 成功；继承；继任；兴旺,/sək'sid/,/sək'siːd/,"She wanted to be the first woman to climb Mount Qomolangma, and she almost succeeded.",她本想成为第一位登上珠穆朗玛峰的女性，而且差一点就成功了。
en:success:noun:1,success,noun,成功，成就；胜利；大获成功的人或事物,n 成功，成就；胜利；大获成功的人或事物,/sək'sɛs/,/sək'ses/,The experiment was a big success.,实验非常成功。
en:successful:adjective:1,successful,adjective,成功的；一帆风顺的,adj 成功的；一帆风顺的,/sək'sɛsfl/,/sək'sesfʊl; -f(ə)l/,The operation was successful.,手术成功了。
en:such:adjective:1,such,adjective,这样的，如此的,adj 这样的，如此的；n (Such)人名；(英)萨奇；(德)祖赫,/sʌtʃ/,/sʌtʃ/,How dared they do such a thing?,他们怎么敢做出这样的事?
en:suck:verb:1,suck,verb,吸吮；吸取,v 吸吮；吸取；n 吮吸,/sʌk/,/sʌk/,They waited in silence and sucked their sweets.,他们静静地等着，吮着糖果。
en:sudden:adjective:1,sudden,adjective,突然的，意外的；快速的,adj 突然的，意外的；快速的；n 突然发生的事,/'sʌdn/,/'sʌd(ə)n/,a sudden change in the weather,天气的突然变化
en:suffer:verb:1,suffer,verb,遭受；忍受；经历,v 遭受；忍受；经历；n (Suffer)人名；(意)苏费尔,/'sʌfɚ/,/'sʌfə/,At least he died suddenly and didn’t suffer.,至少他死得突然，没有遭罪。
en:suffering:noun:1,suffering,noun,受难；苦楚,n 受难；苦楚；adj 受苦的；患病的；v 受苦；蒙受（suffer的ing形式）,/'sʌfərɪŋ/,/'sʌf(ə)rɪŋ/,the suffering of the refugees after the war,战后难民所遭受的苦难
en:sugar:noun:1,sugar,noun,糖；食糖；甜言蜜语,n 糖；食糖；甜言蜜语；v 加糖于；粉饰,/'ʃʊgɚ/,/'ʃʊgə/,Do you take sugar in your coffee?,你的咖啡加糖吗？
en:suggest:verb:1,suggest,verb,提议，建议；启发；使人想起；显示；暗示,v 提议，建议；启发；使人想起；显示；暗示,/sə'dʒɛst/,/sə'dʒest/,The zoo asked its visitors to suggest a name for the new baby panda.,动物园请游客提建议，给刚出生的大熊猫起一个名字。
en:suggestion:noun:1,suggestion,noun,建议；示意；微量，细微的迹象,n 建议；示意；微量，细微的迹象,/sə'dʒɛstʃən/,/sə'dʒestʃ(ə)n/,Any suggestions would be welcome.,任何建议都欢迎。
en:suit:verb:1,suit,verb,适合；使适应,v 适合；使适应；n 诉讼；恳求；套装，西装；一套外衣,/sut/,/sju:t; su:t/,"Whatever your reason for borrowing, we have the loan that suits your needs .",不管您因何贷款，我们都会有满足您需要的贷款。
en:suitable:adjective:1,suitable,adjective,适当的；相配的,adj 适当的；相配的,/'sutəbl/,/'suːtəb(ə)l/,We are hoping to find a suitable school.,我们希望能找到一所合适的学校。
en:suitcase:noun:1,suitcase,noun,[轻] 手提箱；衣箱,n [轻] 手提箱；衣箱,/'sutkes/,/'suːtkeɪs/,It did not take Andrew long to pack a suitcase.,安德鲁没有用多长时间就整理好了手提箱。
en:suite:noun:1,suite,noun,（一套）家具；套房；组曲；（一批）随员，随从,n （一套）家具；套房；组曲；（一批）随员，随从,/sut; swit/,/swiːt/,a honeymoon suite,蜜月套房
en:summary:adjective:1,summary,adjective,简易的；扼要的,adj 简易的；扼要的；n 概要，摘要，总结,/'sʌməri/,/'sʌm(ə)rɪ/,a summary execution,立即处决
en:sun:noun:1,sun,noun,太阳,n 太阳；v 使晒,/sʌn/,/sʌn/,The sky was blue and the sun was shining.,天空蔚蓝，阳光明媚。
en:sunburnt:adjective:1,sunburnt,adjective,晒黑的；有晒斑的；日炙的,adj 晒黑的；有晒斑的；日炙的；v 晒黑（sunburn的过去式和过去分词）,"/'sʌn,bɝnt/",/'sʌnbɜːnt/,"Ground zero is The Thatch, the village pub joined, via its beer garden, to the even rowdier Billy Budds, rammed to the rafters with sunburnt revellers living the dream.",Thatch酒吧，这家乡村酒馆通过自己的啤酒花园，加入到了吵闹的比利巴德的行列，晒得黝黑、活在梦中的狂欢者的喧哗声充满着整个酒吧。
en:sunday:noun:1,Sunday,noun,星期日；礼拜日,n 星期日；礼拜日,/ˈsʌnde; ˈsʌndi/,/ˈsʌndeɪ; ˈsʌndi/,What are you doing Sunday?,你星期天做什么？
en:sunglasses:noun:1,sunglasses,noun,太阳镜；凸透镜（sunglass的复数）,n 太阳镜；凸透镜（sunglass的复数）,/'sʌnɡlæsɪz/,/'sʌnglɑːsɪz/,She slipped on a pair of sunglasses.,她轻快地戴上了一副太阳镜。
en:sunlight:noun:1,sunlight,noun,日光,n 日光,/'sʌnlaɪt/,/'sʌnlaɪt/,The water sparkled in the bright sunlight.,水面在灿烂的阳光下闪闪发亮。
en:sunny:adjective:1,sunny,adjective,阳光充足的，和煦的；快活的；性情开朗的,adj 阳光充足的，和煦的；快活的；性情开朗的,/'sʌni/,/'sʌnɪ/,a warm sunny day,温暖晴朗的一天
en:sunrise:noun:1,sunrise,noun,日出；黎明,n 日出；黎明,/'sʌnraɪz/,/'sʌnraɪz/,a picture of sunrise over Mount Fuji,富士山日出的照片
en:sunset:noun:1,sunset,noun,日落，傍晚,n 日落，傍晚,/'sʌnsɛt/,/'sʌnset/,a glorious sunset,壮丽的日落景象
en:sunshine:noun:1,sunshine,noun,阳光；愉快；晴天；快活,n 阳光；愉快；晴天；快活,/'sʌnʃaɪn/,/'sʌnʃaɪn/,We had three days of spring sunshine.,我们享受了三天的春日阳光。
en:super:adjective:1,super,adjective,特级的；极好的,adj 特级的；极好的；n 特级品，特大号；临时雇员,/'sʊpɚ/,/'suːpə; 'sjuː-/,an old car in super condition,一辆状况极好的旧车
en:superb:adjective:1,superb,adjective,极好的；华丽的；宏伟的,adj 极好的；华丽的；宏伟的；n (Superb)人名；(罗)苏佩尔布,/suːˈpɜːrb/,/suː'pɜːb; sjuː-/,The food was superb.,食物好吃极了。
en:superior:adjective:1,superior,adjective,上级的；优秀的，出众的；高傲的,adj 上级的；优秀的，出众的；高傲的；n 上级，长官；优胜者，高手；长者,/səˈpɪriər/,/suːˈpɪərɪə/,She had that superior tone of voice.,她带着那种傲慢的语气。
en:superman:noun:1,superman,noun,超人，能力非凡的,n 超人，能力非凡的,/'supɚmæn/,/'suːpəmæn; 'sjuː-/,"Collor nurtured the idea that he was a superman, who single-handedly could resolve Brazil's crisis.",考乐抱有一个想法，即他是可以一手解决巴西危机的超人。
en:supermarket:noun:1,supermarket,noun,超级市场；自助售货商店,n 超级市场；自助售货商店,/'sʊpɚ'mɑrkɪt/,/'suːpəmɑːkɪt; 'sjuː-/,Most of us do our food shopping in the supermarket.,我们大多数人在这家超市采购食品。
en:supper:noun:1,supper,noun,晚餐，晚饭；夜宵,n 晚餐，晚饭；夜宵,/'sʌpɚ/,/'sʌpə/,Why don’t you come over for supper on Friday?,周五为什么不过来吃晚饭呢？
en:supply:noun:1,supply,noun,供给，补给；供应品,n 供给，补给；供应品；v 供给，提供；补充,/sə'plaɪ/,/sə'plaɪ/,The nation’s fuel supplies will not last forever.,这个国家的燃料供应不会无穷无尽。
en:support:verb:1,support,verb,支持，支撑，支援；扶持，帮助；赡养，供养,v 支持，支撑，支援；扶持，帮助；赡养，供养；n 支持，维持；支援，供养；支持者，支撑物,/sə'pɔrt/,/sə'pɔːt/,The bill was supported by a large majority in the Senate.,这项法案得到参议院绝大多数人的支持。
en:suppose:verb:1,suppose,verb,假设；认为；让（虚拟语气）；推想,v 假设；认为；让（虚拟语气）；推想；conj 假使…结果会怎样,/sə'poz/,/sə'pəʊz/,There were many more deaths than was first supposed.,死亡人数远远超过最初的预料。
en:supreme:adjective:1,supreme,adjective,最高的；至高的；最重要的,adj 最高的；至高的；最重要的；n 至高；霸权,/suˈprim/,/suː'priːm/,the Supreme Allied Commander in Europe,欧洲盟军最高指挥官
en:sure:adjective:1,sure,adjective,确信的；可靠的；必定的,adj 确信的；可靠的；必定的；adv 当然；的确；n (Sure)人名；(英)休尔,/ʃʊər; ʃʊr/,/ʃɔ:(r)/,‘That’s Sarah’s cousin.’ ‘Are you sure?’,“那是萨拉的表妹。”“你肯定吗？”
en:surface:noun:1,surface,noun,表面；表层；外观,n 表面；表层；外观；adj 表面的，肤浅的；v 浮出水面,/'sɝfɪs/,/'sɜːfɪs/,Nearly 10% of the Earth’s surface is covered by ice.,地球表面将近 10% 被冰层覆盖。
en:surgeon:noun:1,surgeon,noun,外科医生,n 外科医生,/'sɝdʒən/,/'sɜːdʒ(ə)n/,...a heart surgeon.,…一位心脏外科医生。
en:surplus:noun:1,surplus,noun,剩余；[贸易] 顺差；盈余；过剩,n 剩余；[贸易] 顺差；盈余；过剩；adj 剩余的；过剩的,/'sɝpləs/,/'sɜːpləs/,Any surplus can be trimmed away.,多出来的部分可以修剪掉。
en:surprise:noun:1,surprise,noun,惊奇，诧异；突然袭击,n 惊奇，诧异；突然袭击；v 使惊奇；奇袭；adj 令人惊讶的,/sɚ'praɪz/,/sə'praɪz/,The man had a look of surprise on his face.,那人脸上一副惊讶的表情。
en:surround:verb:1,surround,verb,围绕；包围,v 围绕；包围；n 围绕物；adj 环绕立体声的,/sə'raʊnd/,/sə'raʊnd/,He glared at the people who surrounded the tent.,他怒视着围住帐篷的那些人。
en:surrounding:adjective:1,surrounding,adjective,周围的，附近的,adj 周围的，附近的；n 环境，周围的事物,/sə'raʊndɪŋ/,/sə'raʊndɪŋ/,Troops sealed off the surrounding area .,军队封锁了周围地区。
en:survival:noun:1,survival,noun,幸存，残存；幸存者，残存物,n 幸存，残存；幸存者，残存物,/sɚ'vaɪvl/,/sə'vaɪv(ə)l/,The doctors gave him a one in ten chance of survival .,医生说他有十分之一的生存希望。
en:survive:verb:1,survive,verb,幸存；生还；幸免于；比活得长,v 幸存；生还；幸免于；比活得长,/sɚ'vaɪv/,/sə'vaɪv/,Only 12 of the 140 passengers survived.,140 名乘客中只有 12 人生还。
en:suspect:noun:1,suspect,noun,嫌疑犯,n 嫌疑犯；adj 可疑的；不可信的；v 怀疑；猜想,/sʌspɛkt; (for v.) səˈspɛkt/,/ˈsʌspekt; (for v.) səˈspekt/,Two suspects were arrested today in connection with the robbery.,有两名与劫案有关的嫌疑人今天被逮捕。
en:suspension:noun:1,suspension,noun,悬浮；暂停；停职,n 悬浮；暂停；停职,/sə'spɛnʃən/,/sə'spenʃ(ə)n/,He received a six-month suspension for unprofessional behaviour.,他因有违职业道德的行为被停职六个月。
en:swallow:verb:1,swallow,verb,忍受；吞没,v 忍受；吞没；n 燕子；一次吞咽的量,/'swɑlo/,/'swɒləʊ/,You are asked to swallow a capsule containing vitamin B.,你被要求吞下一颗含维生素B的胶囊。
en:swap:noun:1,swap,noun,交换；交换之物,n 交换；交换之物；v 与交换；以作交换,/swɑp/,/swɒp/,a fair swap,公平交换
en:swear:verb:1,swear,verb,发誓；咒骂,v 发誓；咒骂；n 宣誓；诅咒,/swɛr/,/sweə/,Don’t swear in front of the children.,不要在孩子们面前说粗话。
en:sweat:verb:1,sweat,verb,使出汗；流出；使干苦活；剥削；藉出汗减轻；焦急地期待,v 使出汗；流出；使干苦活；剥削；藉出汗减轻；焦急地期待；n 汗；水珠；焦急；苦差使,/swɛt/,/swet/,I was sweating a lot despite the air conditioning.,尽管开着空调，我仍是满头大汗。
en:sweater:noun:1,sweater,noun,毛线衣，运动衫；大量出汗的人，发汗剂,n 毛线衣，运动衫；大量出汗的人，发汗剂,/'swɛtɚ/,/'swetə/,Somebody pinched my sweater.,有人偷了我的运动衫。
en:sweep:verb:1,sweep,verb,扫除；猛拉；掸去,v 扫除；猛拉；掸去；n 打扫，扫除；范围；全胜,/swip/,/swiːp/,I swept the papers quickly into the drawer.,我迅速把那些文件扫进抽屉里。
en:sweet:adjective:1,sweet,adjective,甜的；悦耳的；芳香的；亲切的,adj 甜的；悦耳的；芳香的；亲切的；n 糖果；乐趣；芳香；宝贝,/swit/,/swiːt/,This tea is too sweet.,这茶太甜了。
en:swell:verb:1,swell,verb,膨胀；肿胀；隆起,v 膨胀；肿胀；隆起；n 肿胀；隆起；adj 漂亮的；一流的,/swɛl/,/swel/,Her ankle was already starting to swell.,她的脚踝已经开始肿起来了。
en:swift:noun:1,swift,noun,褐雨燕,n 褐雨燕；adj 快的；迅速的；敏捷的；立刻的；adv 迅速地,/swɪft/,/swɪft/,My letter received a swift reply.,我的信很快就得到了回复。
en:swim:verb:1,swim,verb,游泳；漂浮；浸；眩晕,v 游泳；漂浮；浸；眩晕；n 游泳；漂浮；眩晕；adj 游泳时穿戴的,/swɪm/,/swɪm/,Let’s go swimming this afternoon.,今天下午我们游泳去吧。
en:swimming:noun:1,swimming,noun,游泳；目眩,n 游泳；目眩；adj 游泳的；游泳用的；善于游泳的；晕眩的；v 游泳；漂浮；旋转（swim的ing形式）,/'swɪmɪŋ/,/'swɪmɪŋ/,Swimming is great exercise.,游泳是很好的锻炼。
en:swing:noun:1,swing,noun,摇摆；摆动；秋千；音律；涨落,n 摇摆；摆动；秋千；音律；涨落；v 摇摆；转向；悬挂；大摇大摆地行走；adj 旋转的；悬挂的；强节奏爵士音乐的,/swɪŋ/,/swɪŋ/,kids playing on the swings,荡秋千的孩子们
en:swiss:adjective:1,Swiss,adjective,瑞士的；瑞士人的；瑞士风格的,adj 瑞士的；瑞士人的；瑞士风格的；n 瑞士人；瑞士腔调,/swɪs/,/swɪs/,swiss bank,瑞士银行
en:switch:verb:1,switch,verb,转换；用鞭子等抽打,v 转换；用鞭子等抽打；n 开关；转换；鞭子,/swɪtʃ/,/swɪtʃ/,The terrorists will switch tactics .,恐怖分子会改变战术。
en:switzerland:noun:1,Switzerland,noun,瑞士（欧洲国家）,n 瑞士（欧洲国家）,/'swɪtsələnd/,/ˈswɪtsələnd/,The River Rhine rises in Switzerland.,莱茵河发源于瑞士。
en:sword:noun:1,sword,noun,刀，剑；武力，战争,n 刀，剑；武力，战争,/sɔːrd/,/sɔːd/,double-edged sword,双刃剑（指对双方皆不利的局面，或敌我不分的计谋）；双面刃
en:symbol:noun:1,symbol,noun,象征；符号；标志,n 象征；符号；标志,/'sɪmbl/,/'sɪmb(ə)l/,The symbol on the packet is a guarantee that the food has been produced organically.,包装盒上的这个标识保证这种食物是有机生产的。
en:sympathy:noun:1,sympathy,noun,同情；慰问；赞同,n 同情；慰问；赞同,/'sɪmpəθi/,/'sɪmpəθɪ/,Our sympathies are with the families of the victims.,我们向受害者家庭表示慰问。
en:symphony:noun:1,symphony,noun,交响乐；谐声，和声,n 交响乐；谐声，和声,/'sɪmfəni/,/'sɪmf(ə)nɪ/,Bruckner’s Fifth Symphony,布鲁克纳的《第五交响曲》
en:system:noun:1,system,noun,制度，体制；系统；方法,n 制度，体制；系统；方法,/'sɪstəm/,/'sɪstəm/,an alarm system,警报系统
en:systematic:adjective:1,systematic,adjective,系统的；体系的；有系统的；[图情] 分类的；一贯的，惯常的,adj 系统的；体系的；有系统的；[图情] 分类的；一贯的，惯常的,/'sɪstə'mætɪk/,/sɪstə'mætɪk/,They went about their business in a systematic way.,他们按部就班地做生意。
en:table:noun:1,table,noun,桌子；表格；平地层,n 桌子；表格；平地层；v 制表；搁置；嵌合；adj 桌子的,/'tebl/,/'teɪb(ə)l/,The food was served on long tables.,食物放在长餐桌上供应。
en:tablet:noun:1,tablet,noun,碑；药片；写字板；小块；平板电脑,n 碑；药片；写字板；小块；平板电脑；vt 用碑牌纪念；将(备忘录等)写在板上；将…制成小片或小块,/'tæblət/,/'tæblɪt/,She took a couple of headache tablets .,她吃了几片头痛药。
en:tail:noun:1,tail,noun,尾巴；踪迹；辫子；燕尾服,n 尾巴；踪迹；辫子；燕尾服；v 尾随；装上尾巴；adj 从后面而来的；尾部的,/tel/,/teɪl/,The dog wagged its tail .,那条狗摇了摇尾巴。
en:tailor:verb:1,tailor,verb,剪裁；使合适,v 剪裁；使合适；n 裁缝,/'telɚ/,/'teɪlə/,In his youth his father bound him out to a tailor.,他年轻时他父亲叫他去给一个裁缝当学徒。
en:take:verb:1,take,verb,拿，取；采取；接受（礼物等）；买，花费；耗费（时间等）,v 拿，取；采取；接受（礼物等）；买，花费；耗费（时间等）；n 捕获量；看法；利益，盈益；（入场券的）售得金额,/tek/,/teɪk/,Would you mind taking Susie home ?,请你带苏茜回家好吗？
en:tale:noun:1,tale,noun,故事；传说；叙述；流言蜚语,n 故事；传说；叙述；流言蜚语,/tel/,/teɪl/,a book of old Japanese folk tales,日本古老民间故事书
en:talent:noun:1,talent,noun,才能；天才；天资,n 才能；天才；天资,/'tælənt/,/'tælənt/,"He has a lot of talent , and his work is fresh and interesting.",他很有天赋，作品新颖有趣。
en:talk:verb:1,talk,verb,说；谈话；讨论,v 说；谈话；讨论；n 谈话；演讲；空谈,/tɔk/,/tɔːk/,I could hear Sarah and Andy talking in the next room.,我听到萨拉和安迪在隔壁讲话。
en:tall:adjective:1,tall,adjective,高的；长的；过分的；夸大的,adj 高的；长的；过分的；夸大的；adv 夸大地；n (Tall)人名；(马里、阿拉伯)塔勒；(芬、罗、瑞典)塔尔；(英)托尔；(土)塔勒,/tɔl/,/tɔːl/,He was young and tall.,他年轻，身材高大。
en:tank:noun:1,tank,noun,坦克；水槽；池塘,n 坦克；水槽；池塘；v 把…贮放在柜内；打败,/tæŋk/,/tæŋk/,oil tank,油箱，油槽
en:tanker:noun:1,tanker,noun,油轮；运油飞机；油槽车；坦克手,n 油轮；运油飞机；油槽车；坦克手,/'tæŋkɚ/,/'tæŋkə/,A Greek oil tanker has run aground.,一艘希腊油轮已经搁浅了。
en:tap:verb:1,tap,verb,轻敲；轻打；装上嘴子,v 轻敲；轻打；装上嘴子；n 水龙头；轻打,/tæp/,/tæp/,He tapped the table nervously with his fingers.,他紧张地用手指轻轻地敲打桌子。
en:tape:noun:1,tape,noun,胶带；磁带；带子；卷尺,n 胶带；磁带；带子；卷尺；v 录音；用带子捆扎；用胶布把…封住,/tep/,/teɪp/,a photo stuck to the wall with tape,用胶布贴在墙上的照片
en:target:noun:1,target,noun,目标；靶子,n 目标；靶子；v 把……作为目标；规定……的指标；瞄准某物,/'tɑrɡɪt/,/'tɑːgɪt/,There is no target date for completion of the new project.,这个新的项目何时完工没有预定日期。
en:task:verb:1,task,verb,分派任务,v 分派任务；n 工作，作业；任务,/tæsk/,/tɑːsk/,Jen was tasked with running a charity basketball tournament.,珍被委以举办一场慈善篮球赛的任务。
en:taste:noun:1,taste,noun,味道；品味；审美,n 味道；品味；审美；v 尝；体验,/test/,/teɪst/,The medicine had a slightly bitter taste.,这药略带苦味。
en:tasteless:adjective:1,tasteless,adjective,无味的；无鉴赏力的,adj 无味的；无鉴赏力的,/'testləs/,/'teɪs(t)lɪs/,a tasteless outfit,一套没有品位的衣服
en:tasty:adjective:1,tasty,adjective,美味的；高雅的；有趣的,adj 美味的；高雅的；有趣的；n 可口的东西；引人入胜的东西,/'testi/,/'teɪstɪ/,a simple but tasty meal,简单而可口的饭菜
en:tax:verb:1,tax,verb,向…课税；使负重担,v 向…课税；使负重担；n 税金；重负,/tæks/,/tæks/,Cigarettes are heavily taxed in Britain.,在英国，香烟被课以重税。
en:taxi:verb:1,taxi,verb,乘出租车；滑行,v 乘出租车；滑行；n 出租汽车,/'tæksi/,/'tæksɪ/,The plane taxied to a halt.,飞机滑行一段距离后停下来。
en:tea:noun:1,tea,noun,茶叶；茶树；茶点,n 茶叶；茶树；茶点；vt 给…沏茶；vi 喝茶；进茶点,/ti/,/tiː/,Would you like a cup of tea or coffee?,你想来一杯茶还是咖啡？
en:teach:verb:1,teach,verb,教；教授；教导,v 教；教授；教导；n (Teach)人名；(英)蒂奇,/titʃ/,/tiːtʃ/,She taught me fractions and counting.,他教我分数和计算。
en:teacher:noun:1,teacher,noun,教师；导师,n 教师；导师,/'titʃɚ/,/'tiːtʃə/,a primary school teacher,小学教师
en:team:noun:1,team,noun,队；组,n 队；组；v 使合作,/tim/,/tiːm/,Which team do you support?,你支持哪个队？
en:teamwork:noun:1,teamwork,noun,团队合作；协力,n 团队合作；协力,/'timwɝk/,/'tiːmwɜːk/,We want to encourage good teamwork and communication.,我们要鼓励良好的团队合作和沟通。
en:teapot:noun:1,teapot,noun,茶壶,n 茶壶,/'ti'pɑt/,/'tiːpɒt/,She upped and threw the teapot at him.,她跳起来，将茶壶向他掷去。
en:tease:verb:1,tease,verb,取笑；戏弄；梳理；欺负；强求；使起毛,v 取笑；戏弄；梳理；欺负；强求；使起毛；n 戏弄；爱纠缠的小孩；挑逗者；卖弄风骚的女孩,/tiz/,/tiːz/,Don’t get upset. I was only teasing .,别生气，我只是在逗你玩。
en:technical:adjective:1,technical,adjective,工艺的，科技的；技术上的；专门的,adj 工艺的，科技的；技术上的；专门的,/'tɛknɪkl/,/'teknɪk(ə)l/,Our staff will be available to give you technical support .,有我们的员工向你提供技术支持。
en:technique:noun:1,technique,noun,技巧，技术；手法,n 技巧，技术；手法,/tɛk'nik/,/tek'niːk/,"He’s a great player, with brilliant technique.",他是个伟大的球员，球技十分精湛。
en:technology:noun:1,technology,noun,技术；工艺；术语,n 技术；工艺；术语,/tɛk'nɑlədʒi/,/tek'nɒlədʒɪ/,Modern technology makes moving money around much easier than it used to be.,现代科技使货币流动比以前便捷得多。
en:teenager:noun:1,teenager,noun,十几岁的青少年；十三岁到十九岁的少年,n 十几岁的青少年；十三岁到十九岁的少年,/'tinedʒɚ/,/'tiːneɪdʒə/,a TV sex education series aimed at teenagers,一部针对青少年的性教育电视系列片
en:telegram:noun:1,telegram,noun,电报,n 电报；vt 用电报发送；vi 发电报,/'tɛlɪɡræm/,/'telɪgræm/,The president received a briefing by telegram.,总裁收到了一份电报简报。
en:telegraph:noun:1,telegraph,noun,[通信] 电报机，电报,n [通信] 电报机，电报；v 电汇；流露出；打电报给…,/'tɛlɪɡræf/,/'telɪgrɑːf/,"Once he knew where we were, Lewis telegraphed every few hours.",一知道我们在哪里，刘易斯就每隔几小时发一份电报来。
en:telephone:noun:1,telephone,noun,（美）电话；电话机；电话耳机,n （美）电话；电话机；电话耳机；v 打电话,/'tɛlə'fon/,/'telɪfəʊn/,The telephone rang just as I was leaving.,我正要走，电话铃响了。
en:telescope:verb:1,telescope,verb,压缩；使套叠,v 压缩；使套叠；n 望远镜；缩叠式旅行袋,/'tɛlɪskop/,/'telɪskəʊp/,The front of the car telescoped when it hit the wall.,汽车撞在墙上，车头都撞瘪了。
en:television:noun:1,television,noun,电视，电视机；电视业,n 电视，电视机；电视业,/'tɛlɪvɪʒn/,/'telɪvɪʒ(ə)n; telɪ'vɪʒ(ə)n/,Lucy turned on the television to watch the evening news.,露西打开电视收看晚间新闻。
en:tell:verb:1,tell,verb,告诉，说；辨别；吩咐；断定,v 告诉，说；辨别；吩咐；断定；n (Tell)人名；(英、德、瑞典)特尔；(罗、意)泰尔；(阿拉伯)塔勒,,/tel/,I’ll tell you all about it when I get back.,我回来再告诉你这一切。
en:temperature:noun:1,temperature,noun,温度；体温；气温；发烧,n 温度；体温；气温；发烧,/'tɛmprətʃɚ/,/temprətʃə(r)/,The temperature of the water was just right for swimming.,这水温游泳正好。
en:temple:noun:1,temple,noun,庙宇；寺院；神殿；太阳穴,n 庙宇；寺院；神殿；太阳穴,/'tɛmpl/,/ˈtempl/,temple of heaven,天坛
en:temporary:adjective:1,temporary,adjective,暂时的，临时的,adj 暂时的，临时的；n 临时工，临时雇员,/'tɛmpə'rɛri/,/'temp(ə)rərɪ/,temporary pain relief,疼痛的暂时缓解
en:temptation:noun:1,temptation,noun,引诱；诱惑物,n 引诱；诱惑物,/tɛmp'teʃən/,/tem(p)'teɪʃ(ə)n/,Resist the temptation to buy the item until you’re certain you need it.,要抵挡住购买的诱惑，除非你确有需要。
en:ten:numeral:1,ten,numeral,十个，十,num 十个，十；n (Ten)人名；(英)坦恩；(意)泰恩；(柬)登,/tɛn/,/ten/,Snow had been falling steadily for ten days.,雪已经连续下了10天了。
en:tend:verb:1,tend,verb,趋向，倾向；照料，照顾,v 趋向，倾向；照料，照顾,/tɛnd/,/tend/,Sofia was in the bedroom tending to her son.,索菲娅在卧室里照料她的儿子。
en:tendency:noun:1,tendency,noun,倾向，趋势；癖好,n 倾向，趋势；癖好,/'tɛndənsi/,/'tend(ə)nsɪ/,children with aggressive or anti-social tendencies,具有攻击性倾向或反社会倾向的儿童
en:tense:adjective:1,tense,adjective,紧张的；拉紧的,adj 紧张的；拉紧的；v 变得紧张；使拉紧；n 时态,/tɛns/,/tens/,Is anything wrong? You look a little tense.,有什么不对劲吗？你看起来有点紧张。
en:tension:noun:1,tension,noun,张力，拉力；紧张，不安；电压,n 张力，拉力；紧张，不安；电压；vt 使紧张；使拉紧,/'tɛnʃən/,/'tenʃ(ə)n/,Tension in the neck muscles can cause headaches.,颈部肌肉紧张会导致头痛。
en:tent:noun:1,tent,noun,帐篷；住处；帷幕,n 帐篷；住处；帷幕；v 用帐篷遮盖；使在帐篷里住宿,/tɛnt/,/tent/,We looked for a flat spot where we could pitch our tent (= put up our tent ) .,我们寻找一个平缓的地方搭帐篷。
en:tentative:adjective:1,tentative,adjective,试验性的，暂定的；踌躇的,adj 试验性的，暂定的；踌躇的；n 假设，试验,/'tɛntətɪv/,/'tentətɪv/,I passed on my tentative conclusions to the police.,我把我的初步结论递交给了警方。
en:term:noun:1,term,noun,术语；学期；期限；条款；(代数式等的)项,n 术语；学期；期限；条款；(代数式等的)项；v 把…叫做,/tɝm/,/tɜːm/,Teachers often feel overworked in term time (= during the term ) .,教师在学期内经常觉得工作担子过重。
en:terminal:noun:1,terminal,noun,末端；终点；终端机；极限,n 末端；终点；终端机；极限；adj 末端的；终点的；晚期的,/ˈtɜːrmɪnl/,/'tɜːmɪn(ə)l/,the airport’s passenger terminal,机场航站楼
en:terrible:adjective:1,terrible,adjective,可怕的；很糟的；令人讨厌的,adj 可怕的；很糟的；令人讨厌的；adv 很，非常,/'tɛrəbl/,/'terɪb(ə)l/,The hotel was absolutely terrible.,这家宾馆糟糕透了。
en:terrify:verb:1,terrify,verb,恐吓；使恐怖；使害怕,v 恐吓；使恐怖；使害怕,/ˈtɛrəˌfaɪ/,/'terɪfaɪ/,Her husband’s violence terrified her.,丈夫的暴力行为让她感到害怕。
en:terror:noun:1,terror,noun,恐怖；恐怖行动；恐怖时期；可怕的人,n 恐怖；恐怖行动；恐怖时期；可怕的人,/'tɛrɚ/,/'terə/,There was a look of sheer terror (= complete terror ) on his face.,他脸上的表情异常惊恐。
en:test:noun:1,test,noun,试验；检验,n 试验；检验；v 试验；测试,/tɛst/,/test/,Did you get a good mark in the test?,你这次测验成绩好吗？
en:text:noun:1,text,noun,[计] 文本；课文；主题,n [计] 文本；课文；主题；v 发短信,/tɛkst/,/tekst/,a chemistry text,化学课本
en:textbook:noun:1,textbook,noun,教科书，课本,n 教科书，课本,/'tɛkstbʊk/,/'teks(t)bʊk/,a biology textbook,一本生物教科书
en:than:conjunction:1,than,conjunction,比（用于形容词、副词的比较级之后）；除…外（用于other等之后）；与其…（用于 rather等之后）；一…就（用于 no sooner等之后）,conj 比（用于形容词、副词的比较级之后）；除…外（用于other等之后）；与其…（用于 rather等之后）；一…就（用于 no sooner等之后）；prep 比；超过；n (Than)人名；(老、柬、德)坦；(缅)丹,/ðæn/,/ðæn; ð(ə)n/,Natalie was prettier than her sister.,纳塔莉比她姐姐漂亮。
en:thank:verb:1,thank,verb,感谢,v 感谢；n 感谢；int 谢谢,/θæŋk/,/θæŋk/,I haven’t had a chance to thank him yet.,我还没有机会向他表示谢意。
en:thankful:adjective:1,thankful,adjective,感谢的；欣慰的,adj 感谢的；欣慰的,/'θæŋkfl/,/'θæŋkfʊl; -f(ə)l/,Most of the time I'm just thankful that I've got a job.,大部分时候我庆幸自己有了份工作。
en:that:pronoun:1,that,pronoun,那；那个,pron 那；那个；adv 那么；那样；conj 因为；以至于；adj 那；那个；n (That)人名；(德)塔特,/ðæt/,/ðæt; ðət/,He deliberated with them over that question.,他和他们商量了那个问题。
en:the:article:1,the,article,这；那,art 这；那；adv 更加（用于比较级，最高级前）,/ðə/,/ðə/,He described the scene to me.,他向我描述了那个情景。
en:theatre:noun:1,theatre,noun,电影院，戏院；戏剧；阶梯式讲堂,n 电影院，戏院；戏剧；阶梯式讲堂,/ˈθiətər/,/'θɪətə/,an open-air theatre (= a theatre that is outside ),露天剧场
en:theft:noun:1,theft,noun,盗窃；偷；赃物,n 盗窃；偷；赃物,/θɛft/,/θeft/,Car theft is on the increase.,汽车盗窃案在上升。
en:their:pronoun:1,their,pronoun,他们的，她们的；它们的,pron 他们的，她们的；它们的；n (Their)人名；(英)蒂尔；(芬、瑞典)泰尔,/ðɛr/,/ðeə/,They talked her round to their position.,他们说服她同意他们的看法。
en:theirs:pronoun:1,theirs,pronoun,他们的；她们的；它们的,pron 他们的；她们的；它们的,/ðɛrz/,/ðeəz/,"When our washing machine broke, our neighbours let us use theirs.",我们的洗衣机坏了的时候，邻居就让我们用他们的。
en:them:pronoun:1,them,pronoun,他们；它们；她们,pron 他们；它们；她们；n (Them)人名；(老)探,/ðɛm; ðəm/,/ðem; ðəm/,Has anyone seen my keys? I can’t find them anywhere.,有人见到我的钥匙吗？我哪儿都找不到。
en:theme:noun:1,theme,noun,主题；主旋律；题目,n 主题；主旋律；题目；adj 以奇想主题布置的,/θim/,/θiːm/,The book’s theme is the conflict between love and duty.,本书的主题是爱与责任之间的冲突。
en:themselves:pronoun:1,themselves,pronoun,他们自己；他们亲自,pron 他们自己；他们亲自,/ðɛm'sɛlvz/,/ð(ə)m'selvz/,Teachers have no choice but to take measures to protect themselves.,教师们别无选择，只能采取措施来保护自己。
en:then:adverb:1,then,adverb,然后；那么；于是；当时；此外,adv 然后；那么；于是；当时；此外；n 那时；conj 然后，当时,/ðɛn/,/ðen/,I wish I had known then what I know now.,我真希望那时我就知道现在所知道的一切。
en:theoretical:adjective:1,theoretical,adjective,理论的；理论上的；假设的；推理的,adj 理论的；理论上的；假设的；推理的,"/,θiə'rɛtɪkəl/",/θɪə'retɪk(ə)l/,theoretical physics,理论物理
en:theory:noun:1,theory,noun,理论；原理；学说；推测,n 理论；原理；学说；推测,/'θiəri/,/'θɪərɪ/,Freudian theory has had a great influence on psychology.,弗洛伊德理论对心理学产生过巨大影响。
en:there:adverb:1,there,adverb,在那里；在那边；在那点上,adv 在那里；在那边；在那点上；int 你瞧；n 那个地方,/ðɛr/,/ðeə; ðə/,We could go back to my cottage and have lunch there.,我们可以回到我的小屋去吃午饭。
en:therefore:adverb:1,therefore,adverb,因此；所以,adv 因此；所以,/'ðɛrfɔr/,/'ðeəfɔː/,Their car was bigger and therefore more comfortable.,他们的车大些，所以更舒适些。
en:thermos:noun:1,thermos,noun,热水瓶,n 热水瓶,/'θɝməs/,/'θɜːmɒs/,I am the system. I could be a system It could be a hot coffee in a thermos.,"我就是系统，我可以是个系统,它可以是热水瓶里的热咖啡。"
en:these:pronoun:1,these,pronoun,这些,pron 这些；adj 这些的,/ðiz; ðɪs/,/ðiːz/,We all defer to her in these matters.,在这些事情上我们都听她的。
en:they:pronoun:1,they,pronoun,他们；它们；她们,pron 他们；它们；她们,/ðe/,/ðeɪ/,Bob and Sue said they wouldn’t be able to come.,鲍勃和休说他们来不了。
en:thick:noun:1,thick,noun,最拥挤部分；活动最多部分；事物的粗大浓密部分,n 最拥挤部分；活动最多部分；事物的粗大浓密部分；adj 厚的；浓的；粗大的；adv 密集地；浓浓地，厚厚地,/θɪk/,/θɪk/,Brown hopes to be back in the thick of the action as soon as possible.,布朗希望尽快回去，参与到最紧要的行动中。
en:thief:noun:1,thief,noun,小偷，贼,n 小偷，贼,/θif/,/θiːf/,"Thieves broke into the offices and stole $150,000’s worth of computer equipment.",小偷破门进入办公室，偷走了价值15万美元的电脑设备。
en:thin:adjective:1,thin,adjective,薄的；瘦的；稀薄的；微弱的,adj 薄的；瘦的；稀薄的；微弱的；v 使瘦；使淡；使稀疏；adv 稀疏地；微弱地；n 细小部分,/θɪn/,/θɪn/,a thin gold chain,一条细细的金链
en:thing:noun:1,thing,noun,事情；东西；事物；情况,n 事情；东西；事物；情况,/θɪŋ/,/θɪŋ/,People say things they don’t mean when they are angry.,人生气时就会口不择言。
en:think:verb:1,think,verb,想；认为；想起；想像；打算,v 想；认为；想起；想像；打算；n 想；想法；adj 思想的,/θɪŋk/,/θɪŋk/,I thought I heard something.,我觉得我听到了什么声音。
en:thinking:adjective:1,thinking,adjective,思考的；思想的；有理性的；好思考的,adj 思考的；思想的；有理性的；好思考的；n 思考；思想；想法；意见；见解；v 思考（think的现在分词）,/'θɪŋkɪŋ/,/θɪŋkɪŋ/,the thinking man’s pop band,有思想的男士喜欢的流行乐队
en:third:numeral:1,third,numeral,第三；三分之一,num 第三；三分之一；adj 第三的；三分之一的,/θɝd/,/θɜːd/,Divide it into thirds.,把它分成三等份。
en:thirst:noun:1,thirst,noun,渴望；口渴；热望,n 渴望；口渴；热望；v 渴望；口渴,/θɝst/,/θɜːst/,Ice water is the only thing that really quenches my thirst (= gets rid of it ) .,只有冰水才能让我真正解渴。
en:thirsty:adjective:1,thirsty,adjective,口渴的，口干的；渴望的，热望的,adj 口渴的，口干的；渴望的，热望的,/'θɝsti/,/'θɜːstɪ/,Can I have a glass of water? I’m really thirsty.,我能喝一杯水吗？ 我太渴了。
en:thirteen:noun:1,thirteen,noun,十三；十三岁；十三个,n 十三；十三岁；十三个；num 十三；adj 十三的；十三个的,/'θɝ'tin/,/θɜː'tiːn; 'θɜːtiːn/,They’ve only sold thirteen tickets so far.,到目前为止他们仅仅售出13张票。
en:thirty:noun:1,thirty,noun,三十年代,n 三十年代；num 三十；adj 三十个的,/'θɝti/,/'θɜːtɪ/,"In the thirties, air travel really began to take off.",在30年代，乘飞机旅行迅速流行了起来。
en:this:pronoun:1,this,pronoun,这；这个；这里,pron 这；这个；这里；adj 这；本；这个；今；adv 这样地；这么；n (This)人名；(法)蒂斯,/ðɪs/,/ðɪs/,The table’s about this high and this wide.,那桌子大约有这么高，这么宽。
en:thorough:adjective:1,thorough,adjective,彻底的；十分的；周密的,adj 彻底的；十分的；周密的,/ˈθʌrəʊ; θʌro/,/'θʌrə/,The doctor gave him a thorough check-up.,医生给他做了一次全面的体检。
en:those:adjective:1,those,adjective,那些的,adj 那些的；pron 那些（that的复数）,/ðoz/,/ðəʊz/,He dotted down those notes.,他匆匆记下了那些注解。
en:though:adverb:1,though,adverb,可是，虽然；不过；然而,adv 可是，虽然；不过；然而；conj 虽然；尽管；prep 但,/ðo/,/ðəʊ/,"Two heart attacks in a year. It hasn’t stopped him smoking, though.",一年里心脏病发作了两次，可是那也没让他把烟戒掉。
en:thought:noun:1,thought,noun,思想；思考；想法；关心,n 思想；思考；想法；关心；v 想，思考；认为（think的过去式和过去分词）,/θɔt/,/θɔːt/,It’s an interesting thought.,这想法很有趣。
en:thousand:noun:1,thousand,noun,一千；一千个；许许多多,n 一千；一千个；许许多多；adj 成千的；无数的,/'θaʊznd/,/'θaʊz(ə)nd/,a journey of almost a thousand miles,"将近1,000英里的旅程"
en:thread:noun:1,thread,noun,线；螺纹；思路；衣服；线状物；玻璃纤维；路线,n 线；螺纹；思路；衣服；线状物；玻璃纤维；路线；v 穿过；穿线于；使交织,/θrɛd/,/θred/,I’m looking for a needle and thread.,我在找针线。
en:three:noun:1,three,noun,三，三个,n 三，三个；num 三；adj 三的，三个的,/θri/,/θriː/,They’ve won their last three games.,他们赢了最近三场比赛。
en:thrill:noun:1,thrill,noun,激动；震颤；紧张,n 激动；震颤；紧张；v 使…颤动；使…紧张；使…感到兴奋或激动,/θrɪl/,/θrɪl/,Winning first place must have been quite a thrill.,赢得第一名肯定让人非常激动。
en:thriller:noun:1,thriller,noun,惊险小说；使人毛骨悚然的东西；使人毛骨悚然的小说,n 惊险小说；使人毛骨悚然的东西；使人毛骨悚然的小说,/'θrɪlɚ/,/'θrɪlə/,...a tense psychological thriller.,…一部紧张刺激的心理惊悚小说。
en:throat:noun:1,throat,noun,喉咙；嗓子，嗓音；窄路,n 喉咙；嗓子，嗓音；窄路；vt 开沟于；用喉音说,/θrot/,/θrəʊt/,The singer complained of a sore throat after Wednesday’s show.,星期三演出后，这位歌手说喉咙痛。
en:through:preposition:1,through,preposition,通过；穿过；凭借,prep 通过；穿过；凭借；adv 彻底；从头至尾；adj 直达的；过境的；完结的,/θru/,/θruː/,She smiled at him as he walked through the door.,他从门口进来时，她朝他笑了。
en:throughout:adverb:1,throughout,adverb,自始至终，到处；全部,adv 自始至终，到处；全部；prep 贯穿，遍及,/θrʊ'aʊt/,/θruː'aʊt/,"The first song, ""Blue Moon,"" didn't go too badly except that everyone talked throughout.",第一首歌《蓝月亮》效果还不算太差，只是所有的人自始至终都在说话。
en:throw:verb:1,throw,verb,投；抛；掷,v 投；抛；掷；n 投掷；冒险,/θro/,/θrəʊ/,The bus stopped suddenly and we were all thrown forwards.,公共汽车猛地停住，我们都往前栽。
en:thunder:noun:1,thunder,noun,雷；轰隆声；恐吓,n 雷；轰隆声；恐吓；v 打雷；怒喝,/'θʌndɚ/,/'θʌndə/,We were woken in the night by thunder.,晚上我们被雷声惊醒。
en:thunderstorm:noun:1,thunderstorm,noun,[气象] 雷暴；雷暴雨；大雷雨,n [气象] 雷暴；雷暴雨；大雷雨,/'θʌndɚstɔrm/,/'θʌndəstɔːm/,,
en:thursday:noun:1,Thursday,noun,星期四,n 星期四,/ˈθɝzde; ˈθɝzdɪ/,/'θɜːzdeɪ; -dɪ/,She was working Thursday.,她星期四在工作。
en:thus:adverb:1,thus,adverb,因此；从而；这样；如此,adv 因此；从而；这样；如此；conj 因此；n 乳香,/ðʌs/,/ðʌs/,Most of the evidence was destroyed in the fire. Thus it would be almost impossible to prove him guilty.,大多数证据已在大火中烧毁，因而要证明他有罪几乎是不可能的。
en:tibet:noun:1,Tibet,noun,西藏（中国一自治区）,n 西藏（中国一自治区）,/tɪ'bɛt/,/tɪ'bet/,tibet plateau,青藏高原
en:tibetan:adjective:1,Tibetan,adjective,西藏的；藏族的,adj 西藏的；藏族的；n 藏语；西藏人,/ti'betən/,/ti'betən/,tibetan plateau,青藏高原
en:tick:verb:1,tick,verb,标记号于；滴答地记录,v 标记号于；滴答地记录；n 滴答声；扁虱；记号；赊欠,/tɪk/,/tɪk/,The company produces chemicals that destroy ticks and mites.,该公司生产消灭壁虱和螨虫的化学品。
en:ticket:noun:1,ticket,noun,票；入场券，标签；（美）候选人名单；证明书；交通罚款单,n 票；入场券，标签；（美）候选人名单；证明书；交通罚款单；v 加标签于；指派；对…开出交通违规罚单,/'tɪkɪt/,/'tɪkɪt/,How much does it say on the price ticket ?,价签上标明的价格是多少？
en:tidy:adjective:1,tidy,adjective,整齐的；相当大的,adj 整齐的；相当大的；v 整理；收拾；弄整齐；n 椅子的背罩,/'taɪdi/,/'taɪdɪ/,a tidy desk,整洁的书桌
en:tie:verb:1,tie,verb,系；约束；打结；与…成平局,v 系；约束；打结；与…成平局；n 领带；平局；鞋带；领结；不分胜负,/taɪ/,/taɪ/,He tied the ends of the plastic bag together.,他把塑料袋的两头系在一起。
en:tiger:noun:1,tiger,noun,老虎；凶暴的人,n 老虎；凶暴的人,/'taɪɡɚ/,/'taɪgə/,The trainer backed away from the enraged tiger.,驯兽师从被激怒的老虎身旁往后退。
en:tight:adjective:1,tight,adjective,紧的；密封的；绷紧的；麻烦的；严厉的；没空的；吝啬的,adj 紧的；密封的；绷紧的；麻烦的；严厉的；没空的；吝啬的；adv 紧紧地；彻底地；n (Tight)人名；(英)泰特,/taɪt/,/taɪt/,tight jeans,紧身牛仔裤
en:till:noun:1,till,noun,[地理][水文] 冰碛；放钱的抽屉；备用现金,n [地理][水文] 冰碛；放钱的抽屉；备用现金；prep 直到；conj 直到为止；v 耕种；犁,/tɪl/,/tɪl/,You keep as much money as you need in the till to run your operations.,你做业务要储备足够的钱。
en:time:noun:1,time,noun,时间；时代；次数；节拍；倍数,n 时间；时代；次数；节拍；倍数；v 计时；测定…的时间；安排…的速度；adj 定时的；定期的；分期的,/taɪm/,/taɪm/,Einstein changed the way we think about space and time.,爱因斯坦改变了我们的时空概念。
en:timetable:noun:1,timetable,noun,时间表；时刻表；课程表,n 时间表；时刻表；课程表,/'taɪm'tebl/,/'taɪmteɪb(ə)l/,The timetable was hopelessly optimistic.,这个时间表过于乐观。
en:tin:noun:1,tin,noun,锡；罐头，罐；马口铁,n 锡；罐头，罐；马口铁；adj 锡制的；v 涂锡于；给…包马口铁,/tɪn/,/tɪn/,an old tin bath,旧的锡浴缸
en:tiny:adjective:1,tiny,adjective,微小的；很少的,adj 微小的；很少的；n (Tiny)人名；(葡、印)蒂尼,/'taɪni/,/'taɪnɪ/,a tiny community in the Midwest,中西部地区一个极小的社区
en:tip:verb:1,tip,verb,给小费；翻倒；倾覆,v 给小费；翻倒；倾覆；n 小费；尖端；小建议，小窍门；轻拍,/tɪp/,/tɪp/,Did you tip the waiter?,你给侍应生小费了吗？
en:tire:verb:1,tire,verb,疲劳；厌倦,v 疲劳；厌倦；n 轮胎；头饰,/'taɪɚ/,/taɪə/,"As we neared the summit, we were tiring fast.",接近山顶时，我们感到越来越累了。
en:tired:adjective:1,tired,adjective,疲倦的；厌倦的，厌烦的,adj 疲倦的；厌倦的，厌烦的；v 疲倦；对…腻烦（tire的过去分词形式）,/'taɪɚd/,/taɪəd/,He looks tired out (= very tired ) .,他看起来累坏了。
en:tiresome:adjective:1,tiresome,adjective,烦人的，无聊的；令人讨厌的,adj 烦人的，无聊的；令人讨厌的,/'taɪɚsəm/,/'taɪəs(ə)m/,the whole tiresome business of filling out the forms,填写表格这套烦人事
en:tissue:noun:1,tissue,noun,组织；纸巾；薄纱；一套,n 组织；纸巾；薄纱；一套；v 饰以薄纱；用化妆纸揩去,/'tɪʃu/,/'tɪʃuː; 'tɪsjuː/,a box of tissues,一盒面巾纸
en:title:noun:1,title,noun,冠军；标题；头衔；权利；字幕,n 冠军；标题；头衔；权利；字幕；v 加标题于；赋予头衔；把…称为；adj 冠军的；标题的；头衔的,/'taɪtl/,/'taɪt(ə)l/,"""Patience and Sarah"" was first published in 1969 under the title ""A Place for Us.""",《耐心与萨拉》于1969年以《我们的地方》为书名首次出版。
en:to:adverb:1,to,adverb,向前；（门等）关上,adv 向前；（门等）关上；prep 到；向；（表示时间、方向）朝…方向；n (To)人名；(柬)多；(中)脱(普通话·威妥玛),/tə;tu;tuː/,/tə;tu;tuː/,The wind blew the door to.,风把门吹上了。
en:toast:noun:1,toast,noun,干杯；烤面包；接受敬酒的人；（在某领域）广受赞誉的人,n 干杯；烤面包；接受敬酒的人；（在某领域）广受赞誉的人；v 向…祝酒，为…干杯,/tost/,/təʊst/,I had a piece of toast for breakfast.,我早饭吃了一片吐司。
en:tobacco:noun:1,tobacco,noun,烟草，烟叶；烟草制品；抽烟,n 烟草，烟叶；烟草制品；抽烟,/tə'bæko/,/tə'bækəʊ/,...Cuba's tobacco crop.,…古巴的烟草作物。
en:today:adverb:1,today,adverb,今天；现今,adv 今天；现今；n 今天；现今,/tə'de/,/tə'deɪ/,I couldn’t go shopping yesterday so I’ll have to go today.,我昨天没能去买东西，所以今天我必须去。
en:together:adverb:1,together,adverb,一起；同时；相互；连续地；总共,adv 一起；同时；相互；连续地；总共；adj 新潮的；情绪稳定的，做事有效率的,/tə'ɡɛðɚ/,/tə'geðə/,We’ve very much enjoyed working together .,我们在一起工作非常开心。
en:toilet:noun:1,toilet,noun,厕所，盥洗室；梳妆，打扮,n 厕所，盥洗室；梳妆，打扮；vi 梳妆，打扮；vt 给…梳妆打扮,/'tɔɪlət/,/ˈtɔɪlɪt/,public toilets,公共厕所
en:tokyo:noun:1,Tokyo,noun,东京（日本首都）,n 东京（日本首都）,/'tokjo/,/ˈtəʊkjəʊ/,Her flight will be rerouted via Tokyo.,她乘坐的航班将改变航线途经东京。
en:tolerate:verb:1,tolerate,verb,忍受；默许；宽恕,v 忍受；默许；宽恕,/'tɑləret/,/'tɒləreɪt/,We simply will not tolerate vigilante groups on our streets.,我们决不容许有自行惩办犯罪的组织出现在我们的街头。
en:tomato:noun:1,tomato,noun,番茄，西红柿,n 番茄，西红柿,/tə'meto/,/tə'mɑːtəʊ/,He staked his tomato vines with bamboo.,他用竹竿支撑起西红柿秧。
en:tomb:noun:1,tomb,noun,坟墓；死亡,n 坟墓；死亡；vt 埋葬,/tum/,/tuːm/,the family tomb,家族坟墓
en:tomorrow:noun:1,tomorrow,noun,明天；未来,n 明天；未来；adv 明天；未来地（等于to-morrow）,/tə'mɔro/,/tə'mɒrəʊ/,I’ll see you at tomorrow’s meeting.,明天会上见。
en:ton:noun:1,ton,noun,吨；很多，大量,n 吨；很多，大量,/tʌn/,/tʌn/,I’ve got tons of work to do.,我有很多工作要做。
en:tongue:noun:1,tongue,noun,舌头；语言,n 舌头；语言；v 舔；斥责；用舌吹,/tʌŋ/,/tʌŋ/,Joe ran his tongue over his dry lips.,乔舔了舔干燥的嘴唇。
en:tonight:adverb:1,tonight,adverb,在今晚,adv 在今晚；n 今晚,/tə'naɪt/,/tə'naɪt/,I think I’ll go to bed early tonight.,我想今晚我会早点上床睡觉。
en:too:adverb:1,too,adverb,太；也；很；还；非常；过度,adv 太；也；很；还；非常；过度,/tu/,/tuː/,Do you think the music’s too loud?,你觉得音乐太响了吗？
en:tool:noun:1,tool,noun,工具，用具；器械，机床；手段,n 工具，用具；器械，机床；手段；v 使用工具；用机床装备工厂,/tul/,/tuːl/,I don’t have the right tools to start fiddling around with the engine.,我没有合适的工具来摆弄发动机。
en:tooth:noun:1,tooth,noun,牙齿,n 牙齿；vt 给……装齿；vi 啮合,/tuθ/,/tuːθ/,Sugar is bad for your teeth.,糖对牙齿不好。
en:toothache:noun:1,toothache,noun,[口腔] 牙痛,n [口腔] 牙痛,/'tuθek/,/'tuːθeɪk/,I’ve got toothache .,我牙痛。
en:toothbrush:noun:1,toothbrush,noun,牙刷,n 牙刷,/'tuθbrʌʃ/,/'tuːθbrʌʃ/,How do you choose your toothbrush?,你是如何选择你的牙刷的？
en:toothpaste:noun:1,toothpaste,noun,牙膏,n 牙膏,/'tuθpest/,/'tuːθpeɪst/,"Shaving supplies, toothpaste, and soap were found inside.",在里面找到了剃须用品、牙膏和肥皂。
en:top:noun:1,top,noun,顶部，顶端；上部；首席；陀螺,n 顶部，顶端；上部；首席；陀螺；v 高出，超越；结束；达到顶点；adj 最高的，顶上的；头等的,/tɑp/,/tɒp/,a low wooden table with a glass top,玻璃桌面的矮木桌
en:topic:noun:1,topic,noun,主题（等于theme）；题目；一般规则；总论,n 主题（等于theme）；题目；一般规则；总论,/'tɑpɪk/,/'tɒpɪk/,The environment is a popular topic these days.,如今环境是一个热门话题。
en:tortoise:noun:1,tortoise,noun,龟，[脊椎] 乌龟（等于testudo）；迟缓的人,n 龟，[脊椎] 乌龟（等于testudo）；迟缓的人,/ˈtɔrtəs/,/'tɔːtəs; -tɒɪz/,tortoise shell,龟甲；一种类似龟甲的蝴蝶
en:total:adjective:1,total,adjective,全部的；完全的；整个的,adj 全部的；完全的；整个的；v 总数达；n 总数，合计,/'totl/,/'təʊt(ə)l/,a total ban on cigarette advertising,香烟广告的全面禁止
en:totally:adverb:1,totally,adverb,完全地,adv 完全地,/'totəli/,/'təʊtəlɪ/,That’s a totally different matter.,那完全是两码事。
en:touch:verb:1,touch,verb,接触；触动；使轻度受害,v 接触；触动；使轻度受害；n 接触；触觉；格调；少许,/tʌtʃ/,/tʌtʃ/,"As our glasses touched, he said ‘Cheers!’",我们的酒杯相碰时，他说了声:“干杯！”
en:tough:adjective:1,tough,adjective,艰苦的，困难的；坚强的，不屈不挠的；坚韧的，牢固的；强壮的，结实的,adj 艰苦的，困难的；坚强的，不屈不挠的；坚韧的，牢固的；强壮的，结实的；n 恶棍；v 坚持；忍受，忍耐；adv 强硬地，顽强地,/tʌf/,/tʌf/,The men who work on the oil rigs are a tough bunch.,在石油钻塔上工作的都是吃苦耐劳的人。
en:tourism:noun:1,tourism,noun,旅游业；游览,n 旅游业；游览,/'tʊrɪzəm/,/'tʊərɪz(ə)m/,The country depends on tourism for much of its income.,该国的大部分收入依靠旅游业。
en:tourist:noun:1,tourist,noun,旅行者，观光客,n 旅行者，观光客；adj 旅游的；vt 在旅行参观；vi 旅游；观光；adv 坐旅游车厢；坐经济舱,/'tʊrɪst/,/'tʊərɪst/,Cambridge is always full of tourists in the summer.,剑桥在夏季总是挤满了游客。
en:tournament:noun:1,tournament,noun,锦标赛，联赛；比赛,n 锦标赛，联赛；比赛,/'tɔnəmənt/,/'tʊənəm(ə)nt/,I feel I can win this tournament.,我觉得我能打赢这次锦标赛。
en:toward:preposition:1,toward,preposition,向；对于；为了；接近,prep 向；对于；为了；接近；adj 即将来到的，进行中的；n (Toward)人名；(英)特沃德,/tɔrd; təˈwɔrd/,/tə'wɔːd; twɔːd; tɔːd/,go toward,朝...方向走去
en:towel:noun:1,towel,noun,毛巾，手巾；[纸] 纸巾,n 毛巾，手巾；[纸] 纸巾；v 用毛巾擦,/'taʊəl/,/'taʊəl/,Have you got a clean towel I could use?,你有没有干净毛巾给我用？
en:tower:noun:1,tower,noun,塔；高楼；堡垒,n 塔；高楼；堡垒；v 高耸；超越,/'taʊɚ/,/'taʊə/,the Eiffel Tower,埃菲尔铁塔
en:town:noun:1,town,noun,城镇，市镇；市内商业区,n 城镇，市镇；市内商业区,/taʊn/,/taʊn/,an industrial town in the Midlands,英格兰中部的一座工业城镇
en:toy:noun:1,toy,noun,玩具；小装饰品；不值钱的东西,n 玩具；小装饰品；不值钱的东西；v 玩弄；调情；随随便便地对待；adj 作为玩具的；玩物似的,/tɔɪ/,/tɒɪ/,some toys for the baby,宝宝玩的一些玩具
en:track:noun:1,track,noun,轨道；足迹，踪迹；小道,n 轨道；足迹，踪迹；小道；v 追踪；通过；循路而行；用纤拉,/træk/,/træk/,The road leading to the farm was little more than a dirt track .,只有一条烂泥小路通往农场。
en:tractor:noun:1,tractor,noun,拖拉机；牵引机,n 拖拉机；牵引机,/'træktɚ/,/'træktə/,Iron-ox is another name for tractor.,铁牛是拖拉机的别名。
en:trade:noun:1,trade,noun,贸易，交易；行业；职业,n 贸易，交易；行业；职业；v 交易，买卖；以物易物,/tred/,/treɪd/,international trade agreements,国际贸易协定
en:tradition:noun:1,tradition,noun,惯例，传统；传说,n 惯例，传统；传说,/trə'dɪʃən/,/trə'dɪʃ(ə)n/,the traditions of South East Asia,东南亚的传统
en:traditional:adjective:1,traditional,adjective,传统的；惯例的,adj 传统的；惯例的,/trə'dɪʃənl/,/trə'dɪʃ(ə)n(ə)l/,traditional Italian cooking,传统的意大利烹饪
en:traffic:noun:1,traffic,noun,交通；运输；贸易；[通信] 通信量,n 交通；运输；贸易；[通信] 通信量；v 用…作交换；在…通行,/'træfɪk/,/'træfɪk/,There wasn’t much traffic on the roads.,路上车辆不多。
en:train:noun:1,train,noun,火车；行列；长队；裙裾,n 火车；行列；长队；裙裾；v 培养；训练；瞄准,/tren/,/treɪn/,We went all the way to Inverness by train.,我们一路坐火车到因弗内斯。
en:trainer:noun:1,trainer,noun,助理教练；训练员；驯马师；飞行练习器；运动鞋,n 助理教练；训练员；驯马师；飞行练习器；运动鞋,/'trenɚ/,/'treɪnə/,a racehorse trainer,赛马训练师
en:training:noun:1,training,noun,训练；培养；瞄准；整枝,n 训练；培养；瞄准；整枝；v 训练；教养（train的ing形式）,/'trenɪŋ/,/'treɪnɪŋ/,Police drivers have to undergo intensive training .,警察驾驶员都得接受强化训练。
en:tram:noun:1,tram,noun,电车轨道；煤车,n 电车轨道；煤车；v 用煤车运载,/træm/,/træm/,You can get to the beach easily from the centre of town by tram.,你可以很容易地在市中心坐有轨电车到达海滩。
en:transform:verb:1,transform,verb,改变，使…变形；转换,v 改变，使…变形；转换,/træns'fɔrm/,/træns'fɔːm; trɑːns-; -nz-/,Increased population has transformed the landscape.,人口的增加使景观发生了变化。
en:translate:verb:1,translate,verb,翻译；转化；解释；转变为；调动,v 翻译；转化；解释；转变为；调动,/træns'let/,/træns'leɪt; trɑːns-; -nz-/,Poetry doesn’t usually translate well.,诗歌通常都译不好。
en:translation:noun:1,translation,noun,翻译；译文；转化；调任,n 翻译；译文；转化；调任,/træns'leʃən/,/træns'leɪʃ(ə)n; trɑːns-; -nz-/,She read the letter and gave us a rough translation (= she did not translate everything exactly ) .,她看了信，给我们大概翻译了一下。
en:translator:noun:1,translator,noun,译者；翻译器,n 译者；翻译器,/træns'letɚ/,/træns'leɪtə; trɑːns-; -nz-/,The author discovered that the translator had foisted several passages into his book.,作者发现翻译者偷偷在他的原著中插入了几段文章。
en:transparent:adjective:1,transparent,adjective,透明的；显然的；坦率的；易懂的,adj 透明的；显然的；坦率的；易懂的,/træns'pærənt/,/træn'spær(ə)nt; trɑːn-; -'speə-/,a transparent plastic container,透明的塑料容器
en:transport:noun:1,transport,noun,运输；运输机；狂喜；流放犯,n 运输；运输机；狂喜；流放犯；v 运输；流放；使狂喜,/'trænspɔrt/,/træn'spɔːt; trɑːn-/,commuters who travel on public transport,乘坐公共交通车辆上下班的人
en:trap:verb:1,trap,verb,诱捕；使…受限制；使…陷入困境,v 诱捕；使…受限制；使…陷入困境；n 陷阱；圈套；[建] 存水湾,/træp/,/træp/,The police trapped the terrorists at a roadblock.,警察在设有路障的地方堵住了恐怖分子。
en:traveler:noun:1,traveler,noun,旅行者；旅客；旅行推销员（等于traveller）,n 旅行者；旅客；旅行推销员（等于traveller）,/'trævlɚ/,/'trævələ/,,
en:treasure:noun:1,treasure,noun,财富，财产；财宝；珍品,n 财富，财产；财宝；珍品；v 珍爱；珍藏,/'trɛʒɚ/,/'treʒə/,The Book of Kells is Trinity College’s greatest treasure.,《凯尔经》是三一学院的镇院之宝。
en:treat:verb:1,treat,verb,治疗；对待；探讨；视为,v 治疗；对待；探讨；视为；n 请客；款待,/trit/,/triːt/,It was difficult to treat patients because of a shortage of medicine.,由于缺少药物，很难给病人治病。
en:treatment:noun:1,treatment,noun,治疗，疗法；处理；对待,n 治疗，疗法；处理；对待,/'tritmənt/,/'triːtm(ə)nt/,"Just lately, Kyra has been giving me the silent treatment (= refusing to speak to me because she is angry with me ) .",就在最近，凯拉一直对我不理不睬。
en:tree:noun:1,tree,noun,树；木料；树状物,n 树；木料；树状物；v 把赶上树,/tri/,/triː/,"As a kid, I loved to climb trees.",小时候，我喜欢爬树。
en:tremble:verb:1,tremble,verb,发抖；战栗；焦虑；摇晃,v 发抖；战栗；焦虑；摇晃；n 颤抖；战栗；摇晃,/'trɛmbl/,/'tremb(ə)l/,His lip started to tremble and then he started to cry.,他的嘴唇开始颤抖，接着就哭了起来。
en:trend:noun:1,trend,noun,趋势，倾向；走向,n 趋势，倾向；走向；v 趋向，伸向,/trɛnd/,/trend/,The current trend is towards more part-time employment.,当前的趋势是雇用更多的兼职人员。
en:trial:noun:1,trial,noun,试验；审讯；努力；磨炼,n 试验；审讯；努力；磨炼；adj 试验的；审讯的,/'traɪəl/,/'traɪəl/,a new drug that is undergoing clinical trials,正在接受临床试验的一种新药
en:triangle:noun:1,triangle,noun,三角（形）；三角关系；三角形之物；三人一组,n 三角（形）；三角关系；三角形之物；三人一组,/'traɪæŋɡl/,/'traɪæŋg(ə)l/,a triangle of land,一块三角地
en:trick:noun:1,trick,noun,诡计；恶作剧；窍门；花招；骗局；欺诈,n 诡计；恶作剧；窍门；花招；骗局；欺诈；v 欺骗；哄骗；装饰；打扮；adj 特技的；欺诈的；有决窍的,/trɪk/,/trɪk/,Pretending he doesn’t remember is an old trick of his.,假装不记得是他的老花招了。
en:trip:verb:1,trip,verb,绊倒；远足；犯错误；轻快地走,v 绊倒；远足；犯错误；轻快地走；n 旅行；绊倒；差错,/trɪp/,/trɪp/,He tripped and fell .,他绊了一下，摔倒了。
en:troop:noun:1,troop,noun,军队；组；群；多数,n 军队；组；群；多数；v 群集；成群而行；结队,/trʊp/,/truːp/,Both countries agreed to withdraw their troops .,两国都同意撤军。
en:trouble:noun:1,trouble,noun,麻烦；烦恼；故障；动乱,n 麻烦；烦恼；故障；动乱；v 麻烦；使烦恼；折磨,/'trʌbl/,/'trʌb(ə)l/,Recent stock market losses point to trouble ahead.,最近股市的下跌预示着未来将有麻烦。
en:troublesome:adjective:1,troublesome,adjective,麻烦的；讨厌的；使人苦恼的,adj 麻烦的；讨厌的；使人苦恼的,/'trʌblsəm/,/'trʌb(ə)ls(ə)m/,a troublesome child,烦人的孩子
en:trousers:noun:1,trousers,noun,裤子，长裤,n 裤子，长裤,/'traʊzɚz/,/'traʊzəz/,His trousers were slightly too short.,他的裤子有点短。
en:truck:noun:1,truck,noun,卡车；交易；手推车,n 卡车；交易；手推车；v 驾驶卡车；以物易物；adj （美）运货汽车的,/trʌk/,/trʌk/,a truck driver,卡车司机
en:true:adjective:1,TRUE,adjective,真实的；正确的,adj 真实的；正确的；adv 真实地；准确地；n 真实；准确；v 装准,/tru/,/truː/,Everything I had heard about him was true.,我所听到的关于他的一切都是真的。
en:truly:adverb:1,truly,adverb,真实地，不假；真诚地,adv 真实地，不假；真诚地；n (Truly)人名；(英)特鲁利,/ˈtruːli/,/'truːlɪ/,His work is truly original.,他的作品确实十分独特。
en:trunk:noun:1,trunk,noun,树干；躯干；象鼻；汽车车尾的行李箱,n 树干；躯干；象鼻；汽车车尾的行李箱；vt 把…放入旅行箱内；adj 干线的；躯干的；箱子的,/trʌŋk/,/trʌŋk/,He left his bicycle leaning against a tree trunk .,他把他的自行车斜靠在树干上。
en:trust:noun:1,trust,noun,信任，信赖；责任；托拉斯,n 信任，信赖；责任；托拉斯；v 信任，信赖；盼望；赊卖给,/trʌst/,/trʌst/,At first there was a lack of trust between them.,起初，他们之间缺乏信任。
en:truth:noun:1,truth,noun,真理；事实；诚实；实质,n 真理；事实；诚实；实质,/trʊθ/,/truːθ/,How do we know you’re telling us the truth?,我们怎么知道你告诉我们的是真话？
en:try:verb:1,try,verb,试图，努力；试验；审判；考验,v 试图，努力；试验；审判；考验；n 尝试；努力；试验,/traɪ/,/traɪ/,Let’s have a rest and then we’ll try again.,我们休息一下，然后再试。
en:tube:noun:1,tube,noun,管；电子管；隧道；电视机,n 管；电子管；隧道；电视机；v 使成管状；把…装管；用管输送,/tub/,/tjuːb/,a tube of toothpaste,一管牙膏
en:tuesday:noun:1,Tuesday,noun,星期二,n 星期二,"/ˈtuzdi, -ˌde, ˈtjuz-/",/'tjuːzdeɪ; -dɪ/,I’ll see you Tuesday.,星期二见。
en:tune:noun:1,tune,noun,曲调；和谐；心情,n 曲调；和谐；心情；v 调整；使一致；为…调音,/tun/,/tjuːn/,That’s a nice tune.,那曲调很美。
en:turkey:noun:1,turkey,noun,火鸡；笨蛋；失败之作,n 火鸡；笨蛋；失败之作,/'tɝki/,/'tɜːkɪ/,roast turkey,烤火鸡
en:turn:verb:1,turn,verb,转动，使旋转；转弯；翻过来；兑换,v 转动，使旋转；转弯；翻过来；兑换；n 转弯；变化；(损害或有益于别人的)行为，举动，举止,/tɝn/,/tɜːn/,Ricky turned and walked away.,里基转身走了。
en:turning:noun:1,turning,noun,转向；旋转；回转；转弯处,n 转向；旋转；回转；转弯处；v 旋转（turn的ing形式）,/'tɝnɪŋ/,/'tɜːnɪŋ/,He must have taken a wrong turning in the dark.,他准是在黑暗中拐错弯了。
en:tutor:verb:1,tutor,verb,辅导；约束,v 辅导；约束；n 导师；家庭教师；助教,/'tʊtɚ/,/'tjuːtə/,He was privately tutored.,他是由家庭教师教的。
en:tv:adjective:1,TV,adjective,电视（television）,abbr 电视（television）,/ˌti vi/,/ˌti: ˈvi:/,Drag up a chair and watch the TV.,拖一把椅子坐到前面来看电视。
en:twelfth:adjective:1,twelfth,adjective,第十二的，第十二个的；十二分之一的,adj 第十二的，第十二个的；十二分之一的；n 第十二；月的第十二日,/twɛlfθ/,/twelfθ/,He poled his twelfth home run in the sixth inning.,在第六回合他打出了他的第十二次本垒打。
en:twelve:noun:1,twelve,noun,十二；十二个,n 十二；十二个；num 十二；十二个；adj 十二的；十二个的,/twɛlv/,/twelv/,He received a twelve-month jail sentence.,他获刑12个月。
en:twentieth:noun:1,twentieth,noun,二十分之一,n 二十分之一；adj 第二十的；二十分之一的；num 第二十,/ˈtwentiəθ/,/ˈtwentiəθ/,One twentieth of the total output was exported.,产量中有二十分之一出口。
en:twenty:noun:1,twenty,noun,二十；二十年代,n 二十；二十年代；num 二十；adj 二十的,/'twɛnti/,/'twentɪ/,a small village twenty miles from Nairobi,距内罗毕20英里的一个小村庄
en:twice:adverb:1,twice,adverb,两次；两倍,adv 两次；两倍,/twaɪs/,/twaɪs/,He was questioned by police twice yesterday.,他昨天被警察审问了两次。
en:twin:verb:1,twin,verb,使成对,v 使成对；n 双胞胎中一人；adj 双胞胎的,/twɪn/,/twɪn/,The twins are now eight months old.,这对双胞胎现在已经八个月大了。
en:twist:verb:1,twist,verb,捻；拧；扭伤；编织；使苦恼,v 捻；拧；扭伤；编织；使苦恼；n 扭曲；拧；扭伤,/twɪst/,/twɪst/,Her hands began to twist the handles of the bag she carried.,她的双手开始拧她拎着的那个包的拎柄。
en:two:noun:1,two,noun,两个,n 两个；adj 两个的；num 二,/tu/,/tuː/,"I’d like you to line up in twos, please.",请你们两个一组排好队。
en:type:noun:1,type,noun,类型，品种；模范；样式,n 类型，品种；模范；样式；v 打字；测定（血等）类型,/taɪp/,/taɪp/,Jo’s not really the sporty type.,乔可不是那种喜欢运动的人。
en:typewriter:noun:1,typewriter,noun,打字机,n 打字机,/'taɪpraɪtɚ/,/'taɪpraɪtə/,She tapped out a letter on the typewriter.,她用打字机打出了一封信。
en:typhoon:noun:1,typhoon,noun,[气象] 台风,n [气象] 台风,/taɪ'fʊn/,/taɪ'fuːn/,The typhoon had spent its fury.,台风的势头已经减弱了。
en:typical:adjective:1,typical,adjective,典型的；特有的；象征性的,adj 典型的；特有的；象征性的,/'tɪpɪkl/,/'tɪpɪk(ə)l/,typical British weather,典型的英国天气
en:typist:noun:1,typist,noun,打字员，打字者,n 打字员，打字者,/'taɪpɪst/,/'taɪpɪst/,I’m a slow typist.,我打字很慢。
en:tyre:verb:1,tyre,verb,装轮胎于,vt 装轮胎于；n [橡胶] 轮胎；轮箍,/'taɪɚ/,/'taɪə/,He saw a dagger sticking in his car's tyre.,他看到一把匕首插在他汽车的轮胎上。
en:ugly:adjective:1,ugly,adjective,丑陋的；邪恶的；令人厌恶的,adj 丑陋的；邪恶的；令人厌恶的,/'ʌɡli/,/'ʌglɪ/,a very ugly man,非常丑陋的男子
en:uk:adjective:1,UK,adjective,联合王国（United Kingdom）,abbr 联合王国（United Kingdom）；n 英国,,,But we have the same problem in UK.,而在我们英国，也有同样的问题。
en:umbrella:noun:1,umbrella,noun,雨伞；保护伞；庇护；伞形结构,n 雨伞；保护伞；庇护；伞形结构,/ʌm'brɛlə/,/ʌm'brelə/,"It started to rain, so Tricia stopped to put up her umbrella.",开始下雨了，所以特里西娅停下来撑起雨伞。
en:un:adjective:1,UN,adjective,联合国（United Nations）；硝酸铀铣（Uranyl Nitrate）,abbr 联合国（United Nations）；硝酸铀铣（Uranyl Nitrate）,,,a good un,◎好人
en:unable:adjective:1,unable,adjective,不会的，不能的；[劳经] 无能力的；不能胜任的,adj 不会的，不能的；[劳经] 无能力的；不能胜任的,/ʌn'ebl/,/ʌn'eɪb(ə)l/,The military may feel unable to hand over power to a civilian president next year.,军方可能觉得无法在明年把政权移交给一位民选总统。
en:unbearable:adjective:1,unbearable,adjective,难以忍受的；承受不住的,adj 难以忍受的；承受不住的,/ʌn'bɛrəbl/,/ʌn'beərəb(ə)l/,The pain was almost unbearable.,那疼痛几乎难以忍受。
en:uncertain:adjective:1,uncertain,adjective,无常的；含糊的；靠不住的；迟疑不决的,adj 无常的；含糊的；靠不住的；迟疑不决的,/ʌn'sɝtn/,/ʌn'sɜːt(ə)n; -tɪn/,My whole future now seemed uncertain.,现在我的前途似乎是个未知数。
en:uncle:noun:1,uncle,noun,叔叔；伯父；伯伯；舅父；姨丈；姑父,n 叔叔；伯父；伯伯；舅父；姨丈；姑父,/'ʌŋkl/,/'ʌŋk(ə)l/,I went to stay with my uncle and aunt for a few days.,我去和叔叔婶婶住了几天。
en:uncomfortable:adjective:1,uncomfortable,adjective,不舒服的；不安的,adj 不舒服的；不安的,/ʌn'kʌmftəbl/,/ʌn'kʌmf(ə)təb(ə)l/,This sofa is so uncomfortable.,这张沙发太不舒服了。
en:unconditional:adjective:1,unconditional,adjective,无条件的；绝对的；无限制的,adj 无条件的；绝对的；无限制的,"/,ʌnkən'dɪʃənl/",/ʌnkən'dɪʃ(ə)n(ə)l/,the unconditional release of all political prisoners,所有政治犯的无条件释放
en:unconscious:adjective:1,unconscious,adjective,无意识的；失去知觉的；不省人事的；未发觉的,adj 无意识的；失去知觉的；不省人事的；未发觉的,/ʌn'kɑnʃəs/,/ʌn'kɒnʃəs/,She was found alive but unconscious.,她被找到时还活着，但已不省人事。
en:under:preposition:1,under,preposition,低于，少于；在之下,prep 低于，少于；在之下；adv 在下面；在下方；adj 下面的；从属的,/'ʌndɚ/,/'ʌndə/,These toys are not suitable for children under five.,这些玩具不适合五岁以下的儿童玩。
en:underground:adverb:1,underground,adverb,在地下；秘密地,adv 在地下；秘密地；adj 地下的；秘密的；先锋派的；n 地下；地铁；地道；地下组织；秘密活动；先锋派团体,/ʌndɚˈɡraʊnd/,/ʌndə'graʊnd/,This animal spends most of its life underground.,这种动物一生中的大部分时间都待在地下。
en:underline:verb:1,underline,verb,强调；在…下面划线；预告,v 强调；在…下面划线；预告；n 下划线；下期节目预告,/'ʌndəlaɪn/,/ʌndə'laɪn/,This tragic incident underlines the need for immediate action.,这一悲剧事件突显了立即采取行动的必要性。
en:understand:verb:1,understand,verb,理解；懂；获悉；推断；省略,v 理解；懂；获悉；推断；省略,/'ʌndɚ'stænd/,/ʌndə'stænd/,She doesn’t understand English.,她不懂英语。
en:understanding:noun:1,understanding,noun,谅解，理解；理解力；协议,n 谅解，理解；理解力；协议；adj 了解的；聪明的；有理解力的；v 理解；明白（understand的ing形式）,"/,ʌndɚ'stændɪŋ/",/ʌndə'stændɪŋ/,We had an understanding that Jean-Claude should never be mentioned.,我们有一个共识，永远不提让－克洛德。
en:undertake:verb:1,undertake,verb,承担，保证；从事；同意；试图,v 承担，保证；从事；同意；试图,"/,ʌndɚ'tek/",/ʌndə'teɪk/,He undertook to pay the money back in six months.,他保证在六个月之内还钱。
en:underwear:noun:1,underwear,noun,内衣物,n 内衣物,/'ʌndɚwɛr/,/'ʌndəweə/,You just need to take a change of underwear.,你只需带一套换洗的内衣。
en:undivided:adjective:1,undivided,adjective,专心的；专一的；未分开的；完整的,adj 专心的；专一的；未分开的；完整的；v 未分开（undivide的过去式和过去分词）,"/,ʌndɪ'vaɪdɪd/",/ʌndɪ'vaɪdɪd/,I’ll give the matter my undivided attention.,我会全力关注此事。
en:undo:verb:1,undo,verb,取消；解开；破坏；扰乱,v 取消；解开；破坏；扰乱,/ʌn'du/,/ʌn'duː/,The screws can be undone by hand.,这些螺丝可以用手拧开。
en:unemployment:noun:1,unemployment,noun,失业；失业率；失业人数,n 失业；失业率；失业人数,"/,ʌnɪm'plɔɪmənt/",/ʌnɪm'plɒɪm(ə)nt; -em-/,a town where there is high unemployment,高失业率城镇
en:unfair:adjective:1,unfair,adjective,不公平的，不公正的,adj 不公平的，不公正的,/'ʌn'fɛr/,/ʌn'feə/,an unfair advantage,不公平的优势
en:unfit:adjective:1,unfit,adjective,不适宜的；不合格的；不健康的,adj 不适宜的；不合格的；不健康的；v 使不合格；使不相宜；使不胜任,,/ʌn'fɪt/,She never gets any exercise – she must be really unfit.,她从不锻炼——身体一定很不好。
en:unfold:verb:1,unfold,verb,打开；呈现,v 打开；呈现,/ʌn'fold/,/ʌn'fəʊld/,"As the story unfolds, we learn more about Max’s childhood.",随着故事的展开，我们对马克斯的童年有了更多的了解。
en:unfortunate:adjective:1,unfortunate,adjective,不幸的；令人遗憾的；不成功的,adj 不幸的；令人遗憾的；不成功的,/ʌn'fɔrtʃənət/,/ʌn'fɔːtʃ(ə)nət/,"When we entered the room, the teacher was yelling at some unfortunate student.",我们进教室的时候，老师正在对着一个倒霉的学生吼叫。
en:unfortunately:adverb:1,unfortunately,adverb,不幸地,adv 不幸地,/ʌn'fɔrtʃənətli/,/ʌnˈfɔːtʃənətli/,"Unfortunately, you were out when we called.",很遗憾，我们来的时候你出去了。
en:unhappy:adjective:1,unhappy,adjective,不快乐的；不幸福的；不适当的,adj 不快乐的；不幸福的；不适当的,/ʌn'hæpi/,/ʌn'hæpɪ/,"If you’re so unhappy, why don’t you change jobs?",你要是那么不开心，为什么不换个工作呢？
en:unhealthy:adjective:1,unhealthy,adjective,不健康的；危险的；有害身心健康的,adj 不健康的；危险的；有害身心健康的,/ʌn'hɛlθi/,/ʌn'helθɪ/,unhealthy living conditions,不利于健康的生活环境
en:uniform:adjective:1,uniform,adjective,统一的；一致的；相同的；均衡的；始终如一的,adj 统一的；一致的；相同的；均衡的；始终如一的；n 制服；v 使穿制服；使成一样,/'junɪfɔrm/,/'juːnɪfɔːm/,Grade A eggs must be of uniform size.,A 级鸡蛋必须大小相同。
en:unimportant:adjective:1,unimportant,adjective,不重要的；琐碎的,adj 不重要的；琐碎的,/'ʌnɪm'pɔrtnt/,/ʌnɪm'pɔːt(ə)nt/,unimportant details,无关紧要的细枝末节
en:union:noun:1,union,noun,联盟，协会；工会；联合,n 联盟，协会；工会；联合,/'junɪən/,/'juːnjən; -ɪən/,Are you planning to join the union?,你打算加入工会吗？
en:unique:adjective:1,unique,adjective,独特的，稀罕的；[数] 唯一的，独一无二的,adj 独特的，稀罕的；[数] 唯一的，独一无二的；n 独一无二的人或物,/jʊ'nik/,/juː'niːk/,Each person’s fingerprints are unique.,每个人的指纹都是独一无二的。
en:unit:noun:1,unit,noun,单位，单元；装置；[军] 部队；部件,n 单位，单元；装置；[军] 部队；部件,/'junɪt/,/'juːnɪt/,The man is in the hospital’s intensive care unit.,那名男子在医院的重症监护室。
en:unite:verb:1,unite,verb,使…混合；使…联合；使…团结,v 使…混合；使…联合；使…团结,/ju'naɪt/,/juː'naɪt/,Our goal is to unite the opposition parties and defeat the President.,我们的目标是联合各反对党挫败总统。
en:universal:adjective:1,universal,adjective,普遍的；通用的；宇宙的；全世界的；全体的,adj 普遍的；通用的；宇宙的；全世界的；全体的；n 一般概念；普通性,/'jʊnə'vɝsl/,/juːnɪ'vɜːs(ə)l/,free universal healthcare,免费的全民保健制度
en:universe:noun:1,universe,noun,宇宙；世界；领域,n 宇宙；世界；领域,/'junɪvɝs/,/'juːnɪvɜːs/,Einstein's equations showed the universe to be expanding.,爱因斯坦的方程式表明宇宙正在扩大。
en:university:noun:1,university,noun,大学；综合性大学；大学校舍,n 大学；综合性大学；大学校舍,"/,junɪ'vɝsəti/",/juːnɪ'vɜːsɪtɪ/,normal university,师范大学
en:unknown:adjective:1,unknown,adjective,未知的；陌生的，默默无闻的,adj 未知的；陌生的，默默无闻的；n 未知数；未知的事物，默默无闻的人,"/,ʌn'non/",/ʌn'nəʊn/,The murderer’s identity remains unknown.,杀人凶手身份仍然不明。
en:unless:conjunction:1,unless,conjunction,除非，如果不,conj 除非，如果不；prep 除…之外,/ən'lɛs/,/ʌn'les/,"Unless some extra money is found, the theatre will close.",要是不能找到更多资金，剧院将要关闭。
en:unlike:adjective:1,unlike,adjective,不同的，不相似的,adj 不同的，不相似的；prep 和…不同，不像,/'ʌn'laɪk/,/ʌn'laɪk/,Tammy was unlike any other woman I have ever known.,塔米和我认识的其他女人都不一样。
en:unmarried:adjective:1,unmarried,adjective,[法] 未婚的；单身的；独身的,adj [法] 未婚的；单身的；独身的；v 离婚（unmarry的过去分词）,"/,ʌn'mærɪd/",/ʌn'mærɪd/,unmarried mothers,未婚母亲
en:unpleasant:adjective:1,unpleasant,adjective,讨厌的；使人不愉快的,adj 讨厌的；使人不愉快的,/ʌn'plɛznt/,/ʌn'plez(ə)nt/,an unpleasant experience,不愉快的经历
en:unrest:noun:1,unrest,noun,不安；动荡的局面；不安的状态,n 不安；动荡的局面；不安的状态,/ʌn'rɛst/,/ʌn'rest/,There is growing unrest throughout the country.,全国各地日益动荡不安。
en:unsafe:adjective:1,unsafe,adjective,不安全的；危险的；不安稳的,adj 不安全的；危险的；不安稳的,/ʌn'sef/,/ʌn'seɪf/,The building is unsafe.,那栋大楼不安全。
en:unsuccessful:adjective:1,unsuccessful,adjective,不成功的；失败的,adj 不成功的；失败的,"/,ʌnsək'sɛsfl/",/ʌnsək'sesfʊl; -f(ə)l/,an unsuccessful attempt to climb Qomolangma,攀登珠穆朗玛峰的失败尝试
en:until:conjunction:1,until,conjunction,在…以前；直到…时,conj 在…以前；直到…时；prep 在…以前；到…为止,/ən'tɪl/,/ən'tɪl/,The ticket is valid until March.,这张票的有效期一直到 3 月份。
en:untrue:adjective:1,untrue,adjective,不真实的；不合标准的；不忠实的；不正当的,adj 不真实的；不合标准的；不忠实的；不正当的,/ʌn'tru/,/ʌn'truː/,allegations that are totally untrue,完全不能成立的指控
en:unusual:adjective:1,unusual,adjective,不寻常的；与众不同的；不平常的,adj 不寻常的；与众不同的；不平常的,/ʌn'jʊʒʊəl/,/ʌn'juːʒʊəl/,an unusual feature,不寻常的特点
en:unwilling:adjective:1,unwilling,adjective,不愿意的；不情愿的；勉强的,adj 不愿意的；不情愿的；勉强的,/ʌn'wɪlɪŋ/,/ʌn'wɪlɪŋ/,an unwilling helper,勉强来帮忙的人
en:up:adverb:1,up,adverb,起来；上涨；向上,adv 起来；上涨；向上；prep 在…之上；向…的较高处；adj 涨的；起床的；向上的；n 上升；繁荣,/ʌp/,/ʌp/,We walked slowly up the hill.,我们慢慢地爬上山。
en:upper:adjective:1,upper,adjective,上面的，上部的；较高的,adj 上面的，上部的；较高的；n (Upper)人名；(英)厄珀,/'ʌpɚ/,/'ʌpə/,the upper lip,上唇
en:upset:verb:1,upset,verb,使心烦；颠覆；扰乱,v 使心烦；颠覆；扰乱；adj 心烦的；混乱的；弄翻的；n 混乱；翻倒；颠覆,/ʌp'sɛt/,/ʌp'set/,Don’t do anything that would upset him.,别做惹他生气的事情。
en:upstairs:adverb:1,upstairs,adverb,在楼上，向楼上；上楼；往楼上,adv 在楼上，向楼上；上楼；往楼上；adj 楼上的；n 楼上,"/,ʌp'stɛrz/",/ʌp'steəz/,I went upstairs and had a shower.,我上楼冲了个澡。
en:upward:adjective:1,upward,adjective,向上的；上升的,adj 向上的；上升的；adv 向上,/'ʌpwɚd/,/'ʌpwəd/,upward pressure on bank interest rates,针对银行利率的越来越大的压力
en:urban:adjective:1,urban,adjective,城市的；住在都市的,adj 城市的；住在都市的；n (Urban)人名；(西)乌尔万；(斯洛伐)乌尔班；(德、俄、罗、匈、塞、波、捷、瑞典、意)乌尔班；(英)厄本；(法)于尔邦,/'ɝbən/,/'ɜːb(ə)n/,unemployment in urban areas,城市地区的失业状况
en:urge:verb:1,urge,verb,力劝，催促；驱策，推进,v 力劝，催促；驱策，推进；n 强烈的欲望，迫切要求；推动力,/ɝdʒ/,/'ɜːdʒ/,The charity urged quick action.,慈善机构敦促迅速采取行动。
en:urgent:adjective:1,urgent,adjective,紧急的；急迫的,adj 紧急的；急迫的,/'ɝdʒənt/,/ˈɜːdʒənt/,He was in urgent need of medical attention.,他急需治疗。
en:use:noun:1,use,noun,使用；用途；发挥,n 使用；用途；发挥；v 利用；耗费,/juz/,/juːz/,an exit for use in emergencies,紧急出口
en:used:adjective:1,used,adjective,习惯的；二手的，使用过的,adj 习惯的；二手的，使用过的；v 用（use的过去式）；（used to）过去常做,/juzd/,/juːzd/,"I do the dishes every day, so I’m used to it.",我每天洗盘子，所以习惯了。
en:useful:adjective:1,useful,adjective,有用的，有益的；有帮助的,adj 有用的，有益的；有帮助的,/'jusfl/,/'juːsfʊl; -f(ə)l/,useful information,有用的信息
en:useless:adjective:1,useless,adjective,无用的；无效的,adj 无用的；无效的,/'jusləs/,/ˈju:sləs/,The editor killed a few useless lines.,编辑删掉了几行无用的文字。
en:user:noun:1,user,noun,用户,n 用户,/'juzɚ/,/'juːzə/,road users,道路使用者
en:usual:adjective:1,usual,adjective,通常的，惯例的；平常的,adj 通常的，惯例的；平常的,/'juʒuəl/,/'juːʒʊəl/,Make a cheese sauce in the usual way.,按通常的做法做奶酪酱。
en:usually:adverb:1,usually,adverb,通常，经常,adv 通常，经常,/ˈjuːʒʊəlɪ/,/ˈjuːʒʊəlɪ/,Women usually live longer than men.,女人通常比男人长寿。
en:vacant:adjective:1,vacant,adjective,空虚的；空的；空缺的；空闲的；茫然的,adj 空虚的；空的；空缺的；空闲的；茫然的；n (Vacant)人名；(法)瓦康,/'vekənt/,/'veɪk(ə)nt/,Only a few apartments were still vacant.,只有几套公寓仍然空着。
en:vacation:noun:1,vacation,noun,假期；（房屋）搬出,n 假期；（房屋）搬出；v 休假，度假,/vəˈkeɪʃn; veɪ-/,/vəˈkeɪʃn; veɪ-/,We’re planning a vacation in Europe.,我们正计划去欧洲度假。
en:vague:adjective:1,vague,adjective,模糊的；含糊的；不明确的；暧昧的,adj 模糊的；含糊的；不明确的；暧昧的；n (Vague)人名；(法)瓦格；(英)韦格,/veɡ/,/veɪg/,The governor gave only a vague outline of his tax plan.,州长只是含糊地大致说了一下他的税务计划。
en:vain:adjective:1,vain,adjective,徒劳的；自负的；无结果的；无用的,adj 徒劳的；自负的；无结果的；无用的,/ven/,/veɪn/,Men can be just as vain as women.,男人有时会和女人一样虚荣。
en:valid:adjective:1,valid,adjective,有效的；有根据的；合法的；正当的,adj 有效的；有根据的；合法的；正当的,/'vælɪd/,/'vælɪd/,a valid credit card,有效信用卡
en:valley:noun:1,valley,noun,山谷；流域；溪谷,n 山谷；流域；溪谷,/'væli/,/'vælɪ/,the San Fernando Valley,圣费尔南多山谷
en:valuable:adjective:1,valuable,adjective,有价值的；贵重的；可估价的,adj 有价值的；贵重的；可估价的；n 贵重物品,/ˈvæljuəbəl; ˈvæljə-/,/'væljʊəb(ə)l/,a valuable painting,一幅名贵的画
en:value:noun:1,value,noun,值；价值；价格；重要性；确切涵义,n 值；价值；价格；重要性；确切涵义；v 评价；重视；估价,/'vælju/,/'væljuː/,the nutritional value of cereal,谷类食物的营养价值
en:vanilla:noun:1,vanilla,noun,香子兰，香草,n 香子兰，香草；adj 香草味的,/və'nɪlə/,/və'nɪlə/,I added a dollop of vanilla ice cream to the pie.,我在馅饼中加了一块香草冰淇淋。
en:variety:noun:1,variety,noun,多样；种类；杂耍；变化，多样化,n 多样；种类；杂耍；变化，多样化,/və'raɪəti/,/və'raɪətɪ/,I really like the variety the store has to offer.,我很喜欢这家商店商品的丰富多样。
en:various:adjective:1,various,adjective,各种各样的；多方面的,adj 各种各样的；多方面的,/'vɛrɪəs/,/'veərɪəs/,The jacket is available in various colours.,这种夹克有好多种颜色可选。
en:vase:noun:1,vase,noun,瓶；花瓶,n 瓶；花瓶,/veɪs; veɪz/,/vɑːz/,...a vase of red roses.,…一个插着红玫瑰的花瓶。
en:vast:adjective:1,vast,adjective,广阔的；巨大的；大量的；巨额的,adj 广阔的；巨大的；大量的；巨额的；n 浩瀚；广阔无垠的空间,/væst/,/vɑːst/,The refugees come across the border in vast numbers.,大量难民涌过边境。
en:veal:noun:1,veal,noun,小牛（等于vealer）；小牛肉,n 小牛（等于vealer）；小牛肉,/vil/,/viːl/,...a veal cutlet.,…一块小牛排。
en:vegetable:noun:1,vegetable,noun,蔬菜；植物；植物人,n 蔬菜；植物；植物人；adj 蔬菜的；植物的,/ˈvɛdʒtəbəl; ˈvɛdʒətəbəl/,/'vedʒtəb(ə)l; 'vedʒɪtə-/,fresh fruit and vegetables,新鲜果蔬
en:vehicle:noun:1,vehicle,noun,[车辆] 车辆；工具；交通工具；运载工具；传播媒介；媒介物,n [车辆] 车辆；工具；交通工具；运载工具；传播媒介；媒介物,/'viːɪkl/,/ˈviːɪk(ə)l/,a description of the stolen vehicle,对被盗车辆的描述
en:version:noun:1,version,noun,版本；译文；倒转术,n 版本；译文；倒转术,/'vɝʒn/,/'vɜːʃ(ə)n/,the human version of mad cow disease,疯牛病的人类变体
en:vertical:adjective:1,vertical,adjective,垂直的，直立的；[解剖] 头顶的，顶点的,adj 垂直的，直立的；[解剖] 头顶的，顶点的；n 垂直线，垂直面,/'vɝtɪkl/,/'vɜːtɪk(ə)l/,a vertical line,垂直线
en:very:adjective:1,very,adjective,恰好是，正是；甚至；十足的；特有的,adj 恰好是，正是；甚至；十足的；特有的；adv 非常，很；完全；n (Very)人名；(英)维里,/'vɛri/,/'verɪ/,He died in this very room.,他就是在这个房间里去世的。
en:vest:noun:1,vest,noun,背心；汗衫,n 背心；汗衫；v 授予；使穿衣,/vest/,/vest/,a bulletproof vest,防弹背心
en:via:preposition:1,via,preposition,渠道，通过；经由,prep 渠道，通过；经由,"/ˈvaɪə, ˈviə/",/ˈvaɪə，ˈviːə/,We flew to Athens via Paris.,我们经由巴黎飞往雅典。
en:vice:noun:1,vice,noun,恶习；缺点；[机] 老虎钳；卖淫,n 恶习；缺点；[机] 老虎钳；卖淫；prep 代替；vt 钳住；adj 副的；代替的,/vaɪs/,/vaɪs/,Smoking is my only vice.,吸烟是我唯一的恶习。
en:victim:noun:1,victim,noun,受害人；牺牲品；牺牲者,n 受害人；牺牲品；牺牲者,/'vɪktɪm/,/'vɪktɪm/,The victim received head injuries from which she died a week later.,受害人头部受伤，一周后死亡。
en:victory:noun:1,victory,noun,胜利；成功；克服,n 胜利；成功；克服,/'vɪktəri/,/'vɪkt(ə)rɪ/,Union leaders are heading for victory in their battle over workplace rights.,工会领袖们在争取工作场所权利的斗争中正迈向胜利。
en:video:noun:1,video,noun,[电子] 视频；录像，录像机；电视,n [电子] 视频；录像，录像机；电视；adj 视频的；录像的；电视的；v 录制,/'vɪdɪo/,/'vɪdɪəʊ/,Let’s stay at home and watch a video.,我们待在家里看录像吧。
en:videophone:noun:1,videophone,noun,电视电话,n 电视电话,/'vɪdɪofon/,/'vɪdɪə(ʊ)fəʊn/,"Perhaps as soon as 2007, these assistants will hover over an astronaut's shoulder, serving as an all-in-one PDA, videophone, and air monitor.",最快到2007年，这类助理型机器人就会出现在宇航员的箭头，它能用做PDA、可视电话并监测空气。
en:view:noun:1,view,noun,观察；视野；意见；风景,n 观察；视野；意见；风景；v 观察；考虑；查看,/vju/,/vjuː/,"In my view, the country needs a change of government.",依我看，这个国家需要换个政府。
en:viewer:noun:1,viewer,noun,观察者；观看者；观众；[仪] 指示器,n 观察者；观看者；观众；[仪] 指示器,/'vjuɚ/,/'vjuːə/,The new series has gone down well with viewers.,这个新的电视系列片很受观众欢迎。
en:village:noun:1,village,noun,村庄；村民；（动物的）群落,n 村庄；村民；（动物的）群落,/'vɪlɪdʒ/,/'vɪlɪdʒ/,a little fishing village,一座小渔村
en:villager:noun:1,villager,noun,乡村居民，村民,n 乡村居民，村民,/'vɪlɪdʒɚ/,/'vɪlɪdʒə/,Soon the villagers couldn't afford to buy food for themselves.,很快村民们就买不起吃的东西了。
en:vinegar:noun:1,vinegar,noun,醋,n 醋,/'vɪnɪɡɚ/,/'vɪnɪgə/,The sugared vinegar is refined from the sugarcane and pine.,加糖的醋是从甘蔗和松木中精炼出来的.
en:violate:verb:1,violate,verb,违反；侵犯，妨碍；亵渎,v 违反；侵犯，妨碍；亵渎,/'vaɪəlet/,/'vaɪəleɪt/,34 protesters were arrested for violating criminal law.,34名抗议者因违反刑法而被逮捕。
en:violence:noun:1,violence,noun,暴力；侵犯；激烈；歪曲,n 暴力；侵犯；激烈；歪曲,/'vaɪələns/,/'vaɪəl(ə)ns/,There is too much sex and violence on TV these days.,如今电视上性爱和暴力场面太多。
en:violent:adjective:1,violent,adjective,暴力的；猛烈的,adj 暴力的；猛烈的,/'vaɪələnt/,/'vaɪəl(ə)nt/,the increase in violent crime,暴力犯罪的增多
en:violin:noun:1,violin,noun,小提琴；小提琴手,n 小提琴；小提琴手,"/,vaɪə'lɪn/",/vaɪə'lɪn; 'vaɪəlɪn/,violin concerto,小提琴协奏曲
en:violinist:noun:1,violinist,noun,小提琴演奏者，小提琴家,n 小提琴演奏者，小提琴家,"/,vaɪə'lɪnɪst/","/,vaɪə'lɪnɪst/",Rose's father was a talented violinist.,罗斯的父亲是一位天才的小提琴手。
en:virtue:noun:1,virtue,noun,美德；优点；贞操；功效,n 美德；优点；贞操；功效,/'vɝtʃʊ/,/'vɜːtjuː; -tʃuː/,Women have often been used as symbols of virtue.,女性常被用作美德的象征。
en:virus:noun:1,virus,noun,[病毒] 病毒；恶毒；毒害,n [病毒] 病毒；恶毒；毒害,/'vaɪrəs/,/'vaɪrəs/,children infected with the Aids virus,感染艾滋病病毒的儿童
en:visa:noun:1,visa,noun,签证,n 签证；v 签发签证,/'vizə/,/'viːzə/,"I was still in New York, trying to get a visa to visit Russia.",我仍在纽约，正在办理去俄罗斯的签证。
en:visit:noun:1,visit,noun,访问；参观；逗留,n 访问；参观；逗留；v 访问；参观；视察,/'vɪzɪt/,/'vɪzɪt/,We’re just here on a short visit.,我们只在这儿作短暂逗留。
en:visitor:noun:1,visitor,noun,访问者，参观者；视察者；候鸟,n 访问者，参观者；视察者；候鸟,/'vɪzɪtɚ/,/'vɪzɪtə/,Times Square attracts more than 30 million visitors annually.,时代广场每年吸引三千多万游客。
en:visual:adjective:1,visual,adjective,视觉的，视力的；栩栩如生的,adj 视觉的，视力的；栩栩如生的,/'vɪʒʊəl/,/'vɪʒjʊəl; -zj-/,Artists translate their ideas into visual images.,画家把自己的思想转换成视觉画面。
en:vital:adjective:1,vital,adjective,至关重要的；生死攸关的；有活力的,adj 至关重要的；生死攸关的；有活力的；n (Vital)人名；(法、德、意、俄、葡)维塔尔；(西)比塔尔,/'vaɪtl/,/'vaɪt(ə)l/,Rodgers and Hart’s music sounds as fresh and vital as the day it was written.,罗杰斯与哈特的音乐现在听来还有刚写成时的那份清新和活力。
en:vivid:adjective:1,vivid,adjective,生动的；鲜明的；鲜艳的,adj 生动的；鲜明的；鲜艳的,/'vɪvɪd/,/'vɪvɪd/,I’ve got vivid memories of that summer.,我对那年夏天记忆犹新。
en:vocabulary:noun:1,vocabulary,noun,词汇；词表；词汇量,n 词汇；词表；词汇量,/və'kæbjəlɛri/,/və(ʊ)'kæbjʊlərɪ/,Teachers were impressed by his vocabulary.,他的词汇量给老师们留下了深刻的印象。
en:voice:noun:1,voice,noun,声音；嗓音；发言权；愿望,n 声音；嗓音；发言权；愿望；v 表达；吐露,/vɔɪs/,/vɒɪs/,He recognized her voice instantly.,他立刻听出了她的声音。
en:volcano:noun:1,volcano,noun,火山,n 火山,/vɑl'keno/,/vɒl'keɪnəʊ/,Pompeii was destroyed when the volcano erupted in 79 AD.,庞贝城于公元79年在火山爆发中毁灭。
en:volleyball:noun:1,volleyball,noun,排球,n 排球,/'vɑlɪbɔl/,/'vɒlɪbɔːl/,I like playing beach volleyball.,我喜欢打沙滩排球。
en:voluntary:adjective:1,voluntary,adjective,自愿的；志愿的；自发的；故意的,adj 自愿的；志愿的；自发的；故意的；n 志愿者；自愿行动,/'vɑləntɛri/,/'vɒlənt(ə)rɪ/,Workers are being encouraged to take voluntary redundancy.,工人被鼓励主动离职。
en:volunteer:noun:1,volunteer,noun,志愿者；志愿兵,n 志愿者；志愿兵；adj 志愿的；v 自愿,"/,vɑlən'tɪr/","/,vɒlən'tɪə/",Most of the relief work was done by volunteers.,大部分救援工作都由志愿人员完成。
en:vote:noun:1,vote,noun,投票，选举；选票；得票数,n 投票，选举；选票；得票数；v 提议，使投票；投票决定；公认,/vot; voʊt/,/vəʊt/,A vote for us is not a wasted vote.,投我们的票是不会白投的。
en:voyage:noun:1,voyage,noun,航行；航程；旅行记,n 航行；航程；旅行记；v 航行；航海,/'vɔɪɪdʒ/,/'vɒɪɪdʒ/,The voyage from England to India used to take six months.,过去从英格兰到印度要航行六个月。
en:wag:verb:1,wag,verb,摇摆；摇动；饶舌,v 摇摆；摇动；饶舌；n 摇摆；爱说笑打趣的人,/wæɡ/,/wæg/,"‘You naughty girl!’ Mom said, wagging her finger at me.",“你这个调皮的丫头！”妈妈对我摇了摇手指说道。
en:wage:verb:1,wage,verb,进行；发动；从事,v 进行；发动；从事；n 工资；代价；报偿,/wedʒ/,/weɪdʒ/,"The government, along with the three factions that had been waging a civil war, signed a peace agreement.",政府和发动了内战的3方一起签订了1份和平协议。
en:waist:noun:1,waist,noun,腰，腰部,n 腰，腰部,/west/,/weɪst/,The skirt was too big around the waist.,那条裙子腰围太大。
en:wait:verb:1,wait,verb,等候；推迟；延缓,v 等候；推迟；延缓；n 等待；等候,/wet/,/weɪt/,Hurry up! Everyone’s waiting.,快点！大家在等着呢。
en:waiter:noun:1,waiter,noun,服务员，侍者,n 服务员，侍者,/'wetɚ/,/'weɪtə/,head waiter,饭店领班
en:waitress:noun:1,waitress,noun,女服务员；女侍者,n 女服务员；女侍者；v 做女服务生,/ˈwetrɪs/,/ˈweɪtrəs/,,
en:wake:verb:1,wake,verb,醒来；唤醒；警觉,v 醒来；唤醒；警觉；n 尾迹；守夜；守丧,/wek/,/weɪk/,"When she woke, the sun was streaming through the windows.",她醒来时，阳光泻入窗内。
en:walk:noun:1,walk,noun,步行，走；散步,n 步行，走；散步；v 散步；走过,/wɔk/,/wɔːk/,It’s a long walk. Maybe we should get the bus.,走着去很远，或许我们应该乘公共汽车。
en:walkman:noun:1,walkman,noun,随身听（商标名称）,n 随身听（商标名称）,,,"I like music, and I like this walkman, too.",我喜欢音乐，我也喜欢这个随身听。
en:wall:noun:1,wall,noun,墙壁，围墙；似墙之物,n 墙壁，围墙；似墙之物；v 用墙围住，围以墙；adj 墙壁的,/wɔl/,/wɔːl/,the Great Wall of China,中国的长城
en:wallet:noun:1,wallet,noun,钱包，皮夹,n 钱包，皮夹,/'wɑlɪt/,/'wɒlɪt/,He took a credit card out of his wallet.,他从钱包里拿出一张信用卡。
en:walnut:noun:1,walnut,noun,胡桃；胡桃木,n 胡桃；胡桃木；adj 胡桃科植物的,/'wɔlnət/,/'wɔːlnʌt/,coffee and walnut cake,咖啡核桃蛋糕
en:wander:verb:1,wander,verb,徘徊；漫步；迷路；离题,v 徘徊；漫步；迷路；离题；n (Wander)人名；(英)万德(女子教名),/'wɑndɚ/,/'wɒndə/,She wandered aimlessly about the house.,她漫无目的地在房子里走来走去。
en:want:verb:1,want,verb,需要；希望；应该；缺少,v 需要；希望；应该；缺少；n 需要；缺乏；贫困；必需品,/wɑnt/,/wɒnt/,I really want a drink.,我很想喝一杯。
en:war:noun:1,war,noun,战争，斗争；军事，战术；冲突，对抗，竞争,n 战争，斗争；军事，战术；冲突，对抗，竞争；v 打仗，作战；对抗,/wɔr/,/wɔː/,the Vietnam War,越南战争
en:ward:noun:1,ward,noun,病房；保卫；监视,n 病房；保卫；监视；v 避开；保卫；守护,/wɔrd/,/wɔːd/,the other patients in the ward,病房里的其他病人
en:warehouse:noun:1,warehouse,noun,仓库；货栈；大商店,n 仓库；货栈；大商店；v 储入仓库；以他人名义购进（股票）,/'wɛrhaʊs/,/'weəhaʊs/,data warehouse,数据仓库
en:warm:adjective:1,warm,adjective,温暖的；热情的,adj 温暖的；热情的；v 同情；激动；变温暖；n 取暖；加热,/wɔrm/,/wɔːm/,The house was lovely and warm.,那房子漂亮温暖。
en:warmth:noun:1,warmth,noun,温暖；热情；激动,n 温暖；热情；激动,/wɔrmθ/,/wɔːmθ/,"She went further into the room, drawn by the warmth of the fire.",她被火的温暖吸引着，走进了房间。
en:warning:noun:1,warning,noun,警告；预兆；预告,n 警告；预兆；预告；adj 警告的；引以为戒的；v 警告（warn的ing形式）,/'wɔrnɪŋ/,/'wɔːnɪŋ/,a warning that grey squirrels are threatening the existence of red squirrels,关于灰松鼠正威胁到红松鼠生存的警告
en:wash:noun:1,wash,noun,洗涤；洗的衣服；化妆水；冲积物,n 洗涤；洗的衣服；化妆水；冲积物；v 洗涤；洗刷；冲走；拍打,/wɑːʃ/,/wɒʃ/,Those jeans need a good wash (= a thorough wash ).,那条牛仔裤要好好洗一洗了。
en:washroom:noun:1,washroom,noun,洗手间；盥洗室；厕所,n 洗手间；盥洗室；厕所,/'wɑʃrum/,/'wɒʃruːm; -rʊm/,"The landlord pays cleaners who come daily, and there is a dingy shared washroom where residents can clean their belongings.",房东雇了清洁工每天来打扫，还有一个昏暗的公用盥洗室，供住户们洗自己的东西。
en:waste:noun:1,waste,noun,浪费；废物；荒地；损耗；地面风化物,n 浪费；废物；荒地；损耗；地面风化物；v 浪费；消耗；使荒芜；adj 废弃的；多余的；荒芜的,/west/,/weɪst/,excessive waste in state spending,政府支出方面的过度浪费
en:watch:verb:1,watch,verb,观察；注视；看守；警戒,v 观察；注视；看守；警戒；n 手表；监视；守护；值班人,/wɑtʃ/,/wɒtʃ/,Do you mind if I watch?,你介意我看着吗？
en:water:noun:1,water,noun,水；海水；雨水；海域，大片的水,n 水；海水；雨水；海域，大片的水；v 使湿；供以水；给…浇水,/ˈwɔtɚ; ˈwɑtɚ/,/'wɔːtə/,There’s water all over the bathroom floor.,浴室地面上都是水。
en:watermelon:noun:1,watermelon,noun,西瓜,n 西瓜,/'wɔtɚmɛlən/,/'wɔːtəmelən/,"Oh, what a big watermelon!",喔唷， 这么大的西瓜!
en:wave:verb:1,wave,verb,波动；起伏；挥手示意；摇动；呈波形,v 波动；起伏；挥手示意；摇动；呈波形；n 波动；波浪；高潮；挥手示意；卷曲,/wev/,/weɪv/,Enid waved at us and we waved back.,伊妮德向我们挥手，我们也向她挥手。
en:wax:noun:1,wax,noun,蜡；蜡状物,n 蜡；蜡状物；v 给…上蜡；adj 蜡制的；似蜡的,/waks/,/waks/,wax crayons,蜡笔
en:way:noun:1,way,noun,方法；道路；方向；行业；习惯,n 方法；道路；方向；行业；习惯；adv 大大地；远远地；adj 途中的,/we/,/weɪ/,There are several different ways we can tackle this problem.,我们可以用几种不同的方法处理这个问题。
en:wayside:noun:1,wayside,noun,路旁,n 路旁；adj 路旁的,/'we'saɪd/,/'weɪsaɪd/,How is it that the successful motivate themselves to keep at it when others fall by the wayside?,当其他人跌倒在路旁时，他们是如何激发自己坚持下去的？
en:we:pronoun:1,we,pronoun,我们（主格）；笔者，本人（作者或演讲人使用）；朕，寡人,pron 我们（主格）；笔者，本人（作者或演讲人使用）；朕，寡人；n (We)人名；(缅)韦,/wi/,/wiː/,"‘Did you go into the supermarket?’ ‘No, we didn’t.’",“你们进超级市场了吗？”“我们没有进去。”
en:weak:adjective:1,weak,adjective,[经] 疲软的；虚弱的；无力的；不牢固的,adj [经] 疲软的；虚弱的；无力的；不牢固的,/wik/,/wiːk/,The illness left her feeling weak.,疾病使她感到身体虚弱。
en:weakness:noun:1,weakness,noun,弱点；软弱；嗜好,n 弱点；软弱；嗜好,/'wiknəs/,/ˈwiːknəs/,The legislation has a fundamental weakness.,这项立法有一个根本性缺陷。
en:wealth:noun:1,wealth,noun,财富；大量；富有,n 财富；大量；富有,/wɛlθ/,/welθ/,The country’s wealth comes from its oil.,这个国家的财富来自石油。
en:wealthy:adjective:1,wealthy,adjective,富有的；充分的；丰裕的,adj 富有的；充分的；丰裕的；n 富人,/'wɛlθi/,/'welθɪ/,the wealthy nations of the world,世界上的富国
en:wear:noun:1,wear,noun,衣物；磨损；耐久性,n 衣物；磨损；耐久性；v 穿着；用旧；耗损；面露,/wɛr/,/weə/,Replace your trainers when they start to show signs of wear.,运动鞋开始出现磨损迹象就要更换。
en:weather:noun:1,weather,noun,天气；气象；气候；处境,n 天气；气象；气候；处境；v 经受住；使风化；侵蚀；使受风吹雨打；adj 露天的；迎风的,/'wɛðɚ/,/'weðə/,What’s the weather like today?,今天天气如何？
en:weatherman:noun:1,weatherman,noun,气象员；天气预报员,n 气象员；天气预报员,/'wɛðɚmæn/,/'weðəmæn/,"In just 50 weeks Dan tried everything from being a lobster catcher, a jazz conductor, a TV weatherman and even a Las Vegas wedding planner.",于是在50个礼拜之内，从捕龙虾、爵士乐指挥，电视天气预报，甚至拉斯维加斯的婚庆服务，他都一一尝试。
en:web:noun:1,web,noun,网；卷筒纸；蹼；织物；圈套,n 网；卷筒纸；蹼；织物；圈套；v 用网缠住；使中圈套,/wɛb/,/web/,web site,网页；网址
en:website:noun:1,website,noun,网站（全球资讯网的主机站）,n 网站（全球资讯网的主机站）,,,"For more information on weight loss and healthy eating, visit our website.",有关减肥和健康饮食的更多信息，请访问我们的网站。
en:wedding:noun:1,wedding,noun,婚礼，婚宴；结婚；结合,n 婚礼，婚宴；结婚；结合；v 与…结婚（wed的ing形式）,/'wɛdɪŋ/,/'wedɪŋ/,She’s busy planning her daughter’s wedding.,她正忙着筹备女儿的婚礼。
en:wednesday:noun:1,Wednesday,noun,星期三,n 星期三,/'wɛnzde/,/ˈwɛnzdeɪ/,"Come and have supper with us on Wednesday, if you're free.",星期三过来和我们一起吃晚饭，如果有空的话。
en:weed:verb:1,weed,verb,除草；铲除,v 除草；铲除；n 杂草，野草；菸草,/wid/,/wiːd/,Caspar was weeding the garden.,卡斯帕正在给花园除草。
en:week:noun:1,week,noun,周，星期,n 周，星期,/wik/,/wiːk/,I can’t see you this week.,我这星期不能见你。
en:weekday:noun:1,weekday,noun,平日，普通日；工作日,n 平日，普通日；工作日,/'wikde/,/'wiːkdeɪ/,"If you want to avoid the crowds, it's best to come on a weekday.",如果你想避开人流，最好在工作日来。
en:weekend:noun:1,weekend,noun,周末，周末休假；周末聚会,n 周末，周末休假；周末聚会；adj 周末的，周末用的；v 度周末,/ˈwikend/,/wiːkˈɛnd/,Are you doing anything nice this weekend?,这个周末你有什么好的安排？
en:weekly:adjective:1,weekly,adjective,每周的；周刊的；一周一次的,adj 每周的；周刊的；一周一次的；n 周刊；adv 每周一次；逐周,/'wikli/,/'wiːklɪ/,a weekly current affairs programme,一周一档的时事节目
en:weep:verb:1,weep,verb,哭泣；流泪；哀悼；滴落；渗出液体,v 哭泣；流泪；哀悼；滴落；渗出液体；n 哭泣；眼泪；滴下,/wip/,/wiːp/,James broke down and wept.,詹姆斯控制不住感情，哭了起来。
en:weigh:verb:1,weigh,verb,权衡；考虑；称…重量,v 权衡；考虑；称…重量；n 权衡；称重量,/weɪ/,/weɪ/,The young birds weigh only a few grams.,雏鸟重量只有几克。
en:weight:noun:1,weight,noun,重量，重力；负担；砝码；重要性,n 重量，重力；负担；砝码；重要性；v 加重量于，使变重,/wet/,/weɪt/,The average weight of a baby at birth is just over seven pounds.,婴儿的平均出生体重是七磅多一点。
en:welcome:adjective:1,welcome,adjective,受欢迎的,adj 受欢迎的；n 欢迎；v 欢迎；int 欢迎,/ˈwelkəm/,/ˈwɛlkəm/,I had the feeling I wasn’t really welcome.,我感觉到我其实不受欢迎。
en:welfare:noun:1,welfare,noun,福利；幸福；福利事业；安宁,n 福利；幸福；福利事业；安宁；adj 福利的；接受社会救济的,/'wɛl'fɛr/,/'welfeə/,Our only concern is the children’s welfare.,我们唯一关心的是孩子们的幸福。
en:well:adverb:1,well,adverb,很好地；充分地；满意地；适当地,adv 很好地；充分地；满意地；适当地；adj 良好的；健康的；适宜的；n 井；源泉；v 涌出,/wɛl/,/wel/,Did you sleep well?,你睡得好吗？
en:west:noun:1,west,noun,西；西方；西部,n 西；西方；西部；adj 西方的；朝西的；adv 在西方；向西方；自西方,/wɛst/,/west/,There’s a slight chance of some sunshine in the west.,西部地区见晴的可能性不大。
en:western:adjective:1,western,adjective,西方的，西部的；有西方特征的,adj 西方的，西部的；有西方特征的；n 西方人；西部片，西部小说,/'wɛstɚn/,/'west(ə)n/,the western end of the bay,海湾的西端
en:westerner:noun:1,westerner,noun,西方人，欧美人；美国西部的人,n 西方人，欧美人；美国西部的人,,,It's the first time a Westerner has been convicted for a drug-related offence in recent years in China.,这是近年来第一次有西方人在中国被判犯有与毒品有关的罪行。
en:westwards:adverb:1,westwards,adverb,向西,adv 向西；adj 向西的,/'wɛstwɚdz/,/'westwədz/,He sailed westward from Palos de la Frontera.,他从帕洛斯·德拉·弗龙特拉港出发向西航行。
en:wet:adjective:1,wet,adjective,[气象][物] 潮湿的；有雨的,adj [气象][物] 潮湿的；有雨的；n 雨天；湿气；v 弄湿,/wɛt/,/wet/,I’ve washed your shirt but it’s still wet.,我把你的衬衫洗过了，不过现在还是湿的。
en:whale:verb:1,whale,verb,猛揍；使惨败,v 猛揍；使惨败；n 鲸；巨大的东西,/wel/,/weɪl/,a whale of a,[美国口语]了不起的，非常大的，极大的；极好的，精彩的
en:what:pronoun:1,what,pronoun,什么；多么；多少,pron 什么；多么；多少；adj 什么；多么；何等；adv 到什么程度，在哪一方面；int 什么；多么,/hwʌt; hwɑt; wʌt; wɑt/,/wɒt/,What are you doing?,你在做什么？
en:whatever:adjective:1,whatever,adjective,不管什么样的,adj 不管什么样的；pron 无论什么；诸如此类；conj 无论什么,/wət'ɛvɚ/,/wɒt'evə/,or whatever,等等；诸如此类的事
en:wheat:noun:1,wheat,noun,小麦；小麦色,n 小麦；小麦色,/wit/,/wiːt/,a field of wheat,小麦地
en:wheel:noun:1,wheel,noun,车轮；方向盘；转动,n 车轮；方向盘；转动；v 转动；使变换方向；给…装轮子,/wil/,/wiːl/,Shall I take the wheel (= drive instead of someone else )?,我来开车好吗？
en:when:conjunction:1,when,conjunction,考虑到；既然；当…时；在…时；如果,conj 考虑到；既然；当…时；在…时；如果；adv 什么时候，何时；（用于时间的表达方式之后）在那时；其时；当时；pron 那时；什么时侯；n 时间，时候；日期；场合,/wɛn/,/wɛn/,When are we leaving?,我们什么时候走？
en:whenever:conjunction:1,whenever,conjunction,每当；无论何时,conj 每当；无论何时；adv 不论何时；随便什么时候,/wɛn'ɛvɚ/,/wen'evə/,They were always there by you， whenever you needed them.,无论何时你需要他们，他们总是在你身边。
en:where:adverb:1,where,adverb,在哪里,adv 在哪里；pron 哪里；conj 在…的地方；n 地点,/wɛr/,/weə/,Where are you going?,你要到哪儿去？
en:wherever:adverb:1,wherever,adverb,无论什么地方；究竟在哪里,adv 无论什么地方；究竟在哪里；conj 无论在哪里；无论什么情况下,/wɛr'ɛvɚ/,/weər'evə/,Children will play wherever they happen to be.,小孩子走到哪里玩到哪里。
en:whether:conjunction:1,whether,conjunction,是否；不论,conj 是否；不论；pron 两个中的哪一个,/'wɛðɚ/,/'weðə/,Maurice asked me whether I needed any help.,莫里斯问我是否需要帮助。
en:which:pronoun:1,which,pronoun,哪/那一个；哪/那一些,pron 哪/那一个；哪/那一些；adj 哪一个；哪一些,/wɪtʃ/,/wɪtʃ/,which one,哪一个
en:whichever:pronoun:1,whichever,pronoun,任何一个；无论哪个,pron 任何一个；无论哪个；adj 无论哪个；无论哪些,/wɪtʃ'ɛvɚ/,/wɪtʃ'evə/,,
en:while:conjunction:1,while,conjunction,虽然；然而；当……的时候,conj 虽然；然而；当……的时候；n 一会儿；一段时间；v 消磨；轻松地度过,/waɪl/,/wʌɪl/,They arrived while we were having dinner.,他们来时我们正在吃饭。
en:whisper:noun:1,whisper,noun,私语；谣传；飒飒的声音,n 私语；谣传；飒飒的声音；v 耳语；密谈；飒飒地响,/'wɪspɚ/,/'wɪspə/,"You don’t have to whisper, no one can hear us.",你不必轻声轻语，没人听得到我们说话。
en:whistle:noun:1,whistle,noun,口哨；汽笛；呼啸声,n 口哨；汽笛；呼啸声；v 吹口哨；鸣汽笛,/'wɪsl/,/'wɪs(ə)l/,The lifeguard blew his whistle.,救生员吹响哨子。
en:white:adjective:1,white,adjective,白色的；白种的；纯洁的,adj 白色的；白种的；纯洁的；n 白色；洁白；白种人,/waɪt/,/wʌɪt/,a white dress,白色连衣裙
en:who:pronoun:1,who,pronoun,谁；什么人,pron 谁；什么人,/hu/,/huː; hʊ/,Who locked the door?,谁锁的门？
en:whole:adjective:1,whole,adjective,完整的；纯粹的,adj 完整的；纯粹的；n 整体；全部,/hol/,/həʊl/,You have your whole life ahead of you!,你有一辈子要过呢！
en:whom:pronoun:1,whom,pronoun,谁（who的宾格）,pron 谁（who的宾格）,/hum/,/huːm/,From whom shall I get comfort?,我从谁那儿能得到安慰呢?
en:whose:pronoun:1,whose,pronoun,谁的（疑问代词）,pron 谁的（疑问代词）,/huz/,/huːz/,The word “dentist”denotes a doctor whose work is the care of teeth.,“牙科医生”一词意谓其工作是医治牙齿的医生。
en:why:interjection:1,why,interjection,哎呀！什么？,int 哎呀！什么？；adv 为什么,/hwaɪ/,/waɪ/,"Why, look who’s here!",哎呀，看看这是谁！
en:wide:adjective:1,wide,adjective,广泛的；宽的，广阔的；张大的；远离目标的,adj 广泛的；宽的，广阔的；张大的；远离目标的；adv 广泛地；广阔地；充分地；n 大千世界,/waɪd/,/waɪd/,a man with a wide experience of foreign affairs,外交事务经验丰富的人
en:widespread:adjective:1,widespread,adjective,普遍的，广泛的；分布广的,adj 普遍的，广泛的；分布广的,/ˈwʌɪdsprɛd/,/ˈwʌɪdsprɛd/,the widespread use of chemicals in agriculture,化学品在农业中的广泛使用
en:wife:noun:1,wife,noun,妻子，已婚妇女；夫人,n 妻子，已婚妇女；夫人,/wʌɪf/,/wʌɪf/,Have you met my wife?,你见过我的妻子吗？
en:wild:adjective:1,wild,adjective,野生的；野蛮的；狂热的；荒凉的,adj 野生的；野蛮的；狂热的；荒凉的；n 荒野；adv 疯狂地；胡乱地,/waɪld/,/waɪld/,"{""COLLOINEXA"":[""wild animals""]}",野生动物
en:wildlife:noun:1,wildlife,noun,野生动植物,n 野生动植物；adj 野生动植物的,/'waɪldlaɪf/,/'waɪl(d)laɪf/,measures to protect the area’s wildlife,保护该地区野生生物的措施
en:will:noun:1,will,noun,意志；决心；情感；遗嘱；意图；心愿,n 意志；决心；情感；遗嘱；意图；心愿；v 决心要；遗赠；用意志力使；aux 将；愿意；必须,/wɪl/,/wɪl/,Children sometimes have strong wills.,小孩子有时有很强的意志力。
en:willing:adjective:1,willing,adjective,乐意的；自愿的；心甘情愿的,adj 乐意的；自愿的；心甘情愿的；v 决心；用意志力驱使；将（财产等）遗赠某人（will的现在分词）；n (Willing)人名；(德、芬、瑞典)维林；(英)威林,/'wɪlɪŋ/,/'wɪlɪŋ/,I soon had an army of willing helpers.,我很快就拥有了一批热心的帮手。
en:willingly:adverb:1,willingly,adverb,欣然地；愿意地，乐意地,adv 欣然地；愿意地，乐意地,/'wɪlɪŋli/,/'wɪlɪŋlɪ/,,
en:willingness:noun:1,willingness,noun,乐意；心甘情愿；自动自发,n 乐意；心甘情愿；自动自发,/ˈwɪlɪŋnɪs/,/'wɪlɪŋnəs/,,
en:win:verb:1,win,verb,赢得；在…中获胜；劝诱,v 赢得；在…中获胜；劝诱；n 赢；胜利,/wɪn/,/wɪn/,Who’s winning (= who is most successful at this point in the game )?,现在谁领先？
en:wind:noun:1,wind,noun,风；呼吸；气味；卷绕,n 风；呼吸；气味；卷绕；v 缠绕；上发条；使弯曲；吹号角；绕住或缠住某人,/wɪnd; (for v.) waɪnd/,/wɪnd; (for v.) waɪnd/,The wind blew from the northeast.,风从东北方向吹来。
en:windbreaker:noun:1,windbreaker,noun,防风夹克，同windcheater,n 防风夹克，同windcheater,,,,
en:window:noun:1,window,noun,窗；窗口；窗户,n 窗；窗口；窗户,/'wɪndo/,/'wɪndəʊ/,Television provides us with a useful window on the world.,电视为我们提供了了解世界的有用渠道。
en:windy:adjective:1,windy,adjective,多风的，有风的；腹胀的；吹牛的,adj 多风的，有风的；腹胀的；吹牛的,/'wɪndi/,/'wɪndɪ/,It’s too windy for a picnic.,风太大，不适合野餐。
en:wine:noun:1,wine,noun,酒，葡萄酒；紫红色,n 酒，葡萄酒；紫红色；v 喝酒,/waɪn/,/waɪn/,a glass of wine,一杯葡萄酒
en:wing:noun:1,wing,noun,翼；翅膀；飞翔；派别；侧厅，耳房，厢房,n 翼；翅膀；飞翔；派别；侧厅，耳房，厢房；v 使飞；飞过；空运；增加…速度；装以翼,/wɪŋ/,/wɪŋ/,The bird flapped its wings furiously.,那只鸟使劲地拍打着翅膀。
en:winner:noun:1,winner,noun,胜利者,n 胜利者,/'wɪnɚ/,/'wɪnə/,Five lucky winners will each receive a signed copy of the album.,五位幸运的获胜者每人将得到一张签名专辑。
en:winter:noun:1,winter,noun,冬季；年岁；萧条期,n 冬季；年岁；萧条期；v 过冬；adj 冬天的；越冬的,/'wɪntɚ/,/'wɪntə/,Soon it will be winter.,很快要到冬天了。
en:wipe:verb:1,wipe,verb,擦；消除；涂上,v 擦；消除；涂上；n 擦拭；用力打,/waɪp/,/waɪp/,I'll just wipe the table.,我只擦擦桌子。
en:wire:noun:1,wire,noun,电线；金属丝；电报,n 电线；金属丝；电报；v 拍电报；给…装电线,/'waɪɚ/,/waɪə/,copper wire,铜丝
en:wisdom:noun:1,wisdom,noun,智慧，才智；明智；学识；至理名言,n 智慧，才智；明智；学识；至理名言,/'wɪzdəm/,/'wɪzdəm/,a man of great wisdom,一个有大智慧的男人
en:wise:adjective:1,wise,adjective,明智的；聪明的；博学的,adj 明智的；聪明的；博学的；v 使知道；教导；n (Wise)人名；(英)怀斯,/waɪz/,/waɪz/,a wise precaution,明智的预防措施
en:wish:noun:1,wish,noun,希望；祝福；心愿,n 希望；祝福；心愿；v 祝愿；渴望；向…致问候语,/wɪʃ/,/wɪʃ/,Close your eyes and make a wish.,闭上眼睛许个愿。
en:with:preposition:1,with,preposition,用；随着；支持；和…在一起,prep 用；随着；支持；和…在一起；n (With)人名；(德、芬、丹、瑞典)维特,/wɪð; wɪθ/,/wɪð/,I saw Bob in town with his girlfriend.,我看到鲍勃与他的女朋友一起在镇上。
en:withdraw:verb:1,withdraw,verb,撤退；收回；撤消；拉开,v 撤退；收回；撤消；拉开,/wɪð'drɔ/,/wɪð'drɔː/,calls for Britain to withdraw from the European Union,要求英国退出欧盟的呼声
en:within:preposition:1,within,preposition,在…之内,prep 在…之内；adv 在内部；n 里面,/wɪ'ðɪn/,/wɪð'ɪn/,We should have the test results back within 24 hours.,我们24小时之内应该可以拿到化验结果。
en:without:preposition:1,without,preposition,没有；超过；在…外面,prep 没有；超过；在…外面；adv 户外；在外面；没有或不显示某事物；n 外部；外面,/wɪðˈaʊt/,/wɪˈðaʊt/,After the storm we were without electricity for five days.,暴风雨之后我们断电了五天。
en:witness:noun:1,witness,noun,证人；目击者；证据,n 证人；目击者；证据；v 目击；证明；为…作证,/ˈwɪtnɪs/,/ˈwɪtnɪs/,Police have appealed for witnesses to come forward.,警方呼吁目击者站出来。
en:wolf:noun:1,wolf,noun,狼；色狼；残忍贪婪之人,n 狼；色狼；残忍贪婪之人；v 大吃；狼吞虎咽地吃,/wʊlf/,/wʊlf/,a pack of wolves,一群狼
en:woman:noun:1,woman,noun,妇女；女性；成年女子,n 妇女；女性；成年女子,/'wʊmən/,/'wʊmən/,I was talking to a woman I met on the flight.,我正和一个在飞机上认识的女子交谈。
en:wonder:noun:1,wonder,noun,惊奇；奇迹；惊愕,n 惊奇；奇迹；惊愕；v 怀疑；想知道；惊讶；adj 奇妙的；非凡的,/'wʌndɚ/,/'wʌndə/,It’s a wonder no one got hurt.,竟然没有人受伤，真是奇迹。
en:wonderful:adjective:1,wonderful,adjective,极好的，精彩的，绝妙的；奇妙的；美妙；胜；神妙,adj 极好的，精彩的，绝妙的；奇妙的；美妙；胜；神妙,/ˈwʌndərfl/,/'wʌndəfʊl; -f(ə)l/,It’s wonderful what doctors can do nowadays.,如今医生的本领着实令人称奇。
en:woo:verb:1,woo,verb,追求；招致；向…求爱；恳求,v 追求；招致；向…求爱；恳求,/wu/,/wuː/,john woo,吴宇森（知名华裔导演）
en:wood:noun:1,wood,noun,木材；木制品；树林,n 木材；木制品；树林；vi 收集木材；vt 植林于；给…添加木柴,/wʊd/,/wʊd/,Put some more wood on the fire.,往火上再添些木柴。
en:wooden:adjective:1,wooden,adjective,木制的；僵硬的，呆板的,adj 木制的；僵硬的，呆板的,/'wʊdn/,/'wʊd(ə)n/,a wooden bench,木制长椅
en:woollen:adjective:1,woollen,adjective,羊毛制的,adj 羊毛制的；n 毛织品,/'wʊlən/,/'wʊlən/,a woollen scarf,羊毛围巾
en:word:noun:1,word,noun,[语] 单词；话语；消息；诺言；命令,n [语] 单词；话语；消息；诺言；命令；v 用言辞表达,/wɝd/,/wɜːd/,Write an essay of about five hundred words.,写一篇约500字的文章。
en:work:noun:1,work,noun,工作；[物] 功；产品；操作；职业；行为；事业；工厂；著作；文学、音乐或艺术作品,n 工作；[物] 功；产品；操作；职业；行为；事业；工厂；著作；文学、音乐或艺术作品；v 使工作；操作；经营；使缓慢前进,/wɝk/,/wɜːk/,There isn’t a lot of work at this time of the year.,每年这个时候工作机会都不多。
en:workday:noun:1,workday,noun,工作日,n 工作日；adj 日常的，工作日的；平凡的,/'wɝkde/,/'wɜːkdeɪ/,a 10-hour workday,十小时工作日
en:worker:noun:1,worker,noun,工人；劳动者；职蚁,n 工人；劳动者；职蚁,/'wɝkɚ/,/'wɜːkə/,the workers’ revolution,工人阶级革命
en:workforce:noun:1,workforce,noun,劳动力；工人总数，职工总数,n 劳动力；工人总数，职工总数,/'wɝkfɔrs/,/'wɜːkfɔːs/,Women now represent almost 50% of the workforce.,如今女性几乎占全部劳动人口的 50%。
en:workmate:noun:1,workmate,noun,同事；工友,n 同事；工友,/'wɝkmet/,/'wɜːkmeɪt/,"More than 80% of unfaithful people have affairs with someone who’d started out as “just a friend, ” very often a workmate.",超过80%的有过偷情史的人都是从跟一些人以“仅仅是朋友”开始的，并且多数是同事。
en:workplace:noun:1,workplace,noun,工作场所；车间,n 工作场所；车间,/'wɝkples/,/'wɜːkpleɪs/,...the difficulties facing women in the workplace.,…妇女在工作场所中面临的困难。
en:works:noun:1,works,noun,作品；工厂；工程结构,n 作品；工厂；工程结构,/'wɜːks/,/'wɜːks/,irrigation works,灌溉结构物
en:world:noun:1,world,noun,世界；领域；世俗；全人类；物质生活,n 世界；领域；世俗；全人类；物质生活,/wɝld/,/wɜːld/,Tuberculosis is still common in some parts of the world .,结核病在世界上某些地区仍很常见。
en:worldwide:adjective:1,worldwide,adjective,全世界的,adj 全世界的；adv 在世界各地,/'wɝldwaɪd/,/'wɜːl(d)waɪd; wɜːl(d)'waɪd/,We have offices in over 56 countries worldwide.,我们在全世界超过56个国家设有办事处。
en:worm:noun:1,worm,noun,虫，蠕虫；蜗杆；螺纹；小人物,n 虫，蠕虫；蜗杆；螺纹；小人物；v 使蠕动；给除虫；使缓慢前进,/wɝm/,/wɜːm/,...a new computer worm that disables security software.,…一种使安全软件失灵的新型计算机蠕虫病毒。
en:worn:adjective:1,worn,adjective,疲倦的；用旧的,adj 疲倦的；用旧的；v 穿；磨损（wear的过去分词）；佩戴；n (Worn)人名；(柬)翁；(英、葡)沃恩,/wɔrn/,/wɔːn/,a worn patch on the carpet,地毯上一小块磨破的地方
en:worried:adjective:1,worried,adjective,担心的,adj 担心的,/'wɝrɪd/,/'wʌrɪd/,She gave me a worried look.,她担心地看了我一眼。
en:worry:noun:1,worry,noun,担心；烦恼；撕咬,n 担心；烦恼；撕咬；v 担心；发愁；折磨,/ˈwɜːri/,/'wʌrɪ/,He’s been a constant source of worry .,他总是让人担心。
en:worse:adjective:1,worse,adjective,更坏的；更差的；更恶劣的（bad的比较级）；（病情）更重的（ill的比较级）,adj 更坏的；更差的；更恶劣的（bad的比较级）；（病情）更重的（ill的比较级）；adv 更糟；更坏；更恶劣地；更坏地；n 更坏的事；更恶劣的事,/wɜrs/,/wəːs/,The traffic is much worse after five o’clock.,5点以后交通拥堵严重得多。
en:worst:adjective:1,worst,adjective,最差的，最坏的；最不利的；效能最低的,adj 最差的，最坏的；最不利的；效能最低的；n 最坏；最坏的时候；adv 最坏地；最不利地,/wɝst/,/wə:st/,This is the worst recession for fifty years.,这是50年来最严重的一次经济衰退。
en:worth:adjective:1,worth,adjective,值…的,adj 值…的；n 价值；财产,/wɝθ/,/wɜːθ/,You should not deprecate your own worth.,你不应该贬低你自己的价值。
en:worthless:adjective:1,worthless,adjective,无价值的；不值钱的；卑微的,adj 无价值的；不值钱的；卑微的,/ˈwərthləs/,/ˈwəːθlɪs/,The house was full of worthless junk.,这房子里堆满了没有用的东西。
en:worthwhile:adjective:1,worthwhile,adjective,值得做的，值得花时间的,adj 值得做的，值得花时间的,/'wɝθ'waɪl/,/wɜːθ'waɪl/,He wanted to do a worthwhile job.,他想做有意义的工作。
en:worthy:adjective:1,worthy,adjective,值得的；有价值的；配得上的，相称的；可尊敬的；应…的,adj 值得的；有价值的；配得上的，相称的；可尊敬的；应…的；n 杰出人物；知名人士,/wɜði/,/ˈwəːði/,Leeds United were worthy winners of the competition.,利兹联队是比赛当之无愧的获胜者。
en:would:auxiliary:1,would,auxiliary,将，将要；愿意,aux 将，将要；愿意；v will的过去式,/wʊd/,/wʊd; wəd/,"Would you shut the window, please?",请把窗户关上，好吗？
en:wound:noun:1,wound,noun,创伤，伤口,n 创伤，伤口；v 使受伤,/wund/,/wuːnd/,A nurse cleaned and bandaged the wound.,护士把伤口清洗包扎好。
en:wounded:adjective:1,wounded,adjective,受伤的,adj 受伤的；n 受伤者，伤员；v 使受伤（wound的过去分词）,/'wundɪd/,/'wuːndɪd/,a wounded soldier,受伤的士兵
en:wrestle:noun:1,wrestle,noun,摔跤；搏斗；斗争,n 摔跤；搏斗；斗争；v 摔跤；斗争；斟酌,/'rɛsl/,/'res(ə)l/,They run races; they wrestle; and sometimes they have mock fights together.,蚂蚁参加各种赛跑，摔跤，有时还在一起模拟战斗。
en:wrinkle:noun:1,wrinkle,noun,皱纹,n 皱纹；v 起皱,/'rɪŋkl/,/'rɪŋkl/,Her face was a mass of wrinkles.,她的脸上布满皱纹。
en:wrist:noun:1,wrist,noun,手腕；腕关节,n 手腕；腕关节；vt 用腕力移动,/rɪst/,/rɪst/,He broke his wrist climbing rocks for a cigarette ad.,他为了一个香烟广告攀岩折断了手腕。
en:write:verb:1,write,verb,写，写字；写作，作曲；写信,v 写，写字；写作，作曲；写信,/raɪt/,/raɪt/,"I wrote her several letters , but she didn’t reply.",我给她写了几封信，可是她没有回复。
en:writing:noun:1,writing,noun,书写；作品；著作；[法] 笔迹,n 书写；作品；著作；[法] 笔迹；v 书写（write的ing形式）,/'raɪtɪŋ/,/'raɪtɪŋ/,What does the writing on the back say?,背面的文字说什么？
en:wrong:adverb:1,wrong,adverb,错误地；邪恶地，不正当地,adv 错误地；邪恶地，不正当地；n 坏事；不公正；adj 错误的；失常的；不适当的；v 委屈；无理地对待；诽谤,/rɔŋ/,/rɒŋ/,You’ve spelt my name wrong.,你把我的名字拼错了。
en:yard:noun:1,yard,noun,院子；码（英制中丈量长度单位，1码=3英尺）；庭院；帆桁,n 院子；码（英制中丈量长度单位，1码=3英尺）；庭院；帆桁；vt 把…关进或围在畜栏里,/jɑrd/,/jɑːd/,a hundred yards away,100码外
en:yawn:noun:1,yawn,noun,哈欠；裂口,n 哈欠；裂口；v 打哈欠；裂开,/jɔn/,/jɔːn/,Rosanna stifled a huge yawn.,罗莎娜忍住了一个大哈欠。
en:year:noun:1,year,noun,年；年度；历年；年纪；一年的期间；某年级的学生,n 年；年度；历年；年纪；一年的期间；某年级的学生,/yir/,/jɪə; jɜː/,I arrived here two years ago.,我两年前来到这里。
en:yell:verb:1,yell,verb,大叫，叫喊,v 大叫，叫喊；n 喊声，叫声,/yel/,/jɛl/,‘Help me!’ she yelled hysterically.,“救救我！”她歇斯底里地大叫。
en:yellow:adjective:1,yellow,adjective,黄色的；黄皮肤的,adj 黄色的；黄皮肤的；n 黄色；黄种人；黄色颜料；v 使变黄或发黄,/'jeloʊ/,/'jeləʊ/,yellow flowers,黄花
en:yes:adverb:1,yes,adverb,"是, 是的","adv 是, 是的；n 是（表示肯定）",/jɛs/,/jes/,"‘Would you like a sandwich?’ ‘Yes, please.’",“你想来个三明治吗？”“好的，谢谢。”
en:yesterday:noun:1,yesterday,noun,昨天；往昔,n 昨天；往昔；adv 昨天,/ˈjɛstədi/,/ˈjɛstədeɪ/,yesterday’s meeting,昨天的会议
en:yet:adverb:1,yet,adverb,还；但是；已经,adv 还；但是；已经；conj 但是；然而；n (Yet)人名；(东南亚国家华语)一,/jɛt/,/jet/,"‘When’s your holiday?’ ‘Oh, not for ages yet.’",“你什么时候去休假？”“噢，不知何年何月呢。”
en:yoghurt:noun:1,yoghurt,noun,酸奶（等于yoghourt）；酸乳酪,n 酸奶（等于yoghourt）；酸乳酪,/'jogɚt/,/'jɒɡət/,a pot of strawberry yogurt,一罐草莓酸奶
en:you:pronoun:1,you,pronoun,你；你们,pron 你；你们；n (You)人名；(柬)尤；(东南亚国家华语)猷,/ju/,/juː/,"Hi, Kelly. How are you?",嗨，凯利，你好吗？
en:young:adjective:1,young,adjective,年轻的；初期的；没有经验的,adj 年轻的；初期的；没有经验的；n 年轻人；（动物的）崽，仔,/jʌŋ/,/jʌŋ/,a young child,幼儿
en:your:pronoun:1,your,pronoun,你的，你们的,pron 你的，你们的,"/jʊr, jɔr, jor,jə/",/jɔː; jʊə/,You should keep in with your colleagues.,你应当与你的同事友好相处。
en:yours:pronoun:1,yours,pronoun,你（们）的东西；你的责任[义务]；你的家属；来信，尊函,pron 你（们）的东西；你的责任[义务]；你的家属；来信，尊函；adj 你（们）的（东西）；信末署名前用语,/jʊrz/,/jɔːz; jʊəz/,"This is our room, and yours is just across the hall.",这是我们的房间，你们的在走廊那边。
en:yourself:pronoun:1,yourself,pronoun,你自己,pron 你自己,/jɔr'sɛlf/,/jɔː'self; jʊə-; jə-/,Look at yourself in the mirror.,照照镜子吧。
en:yourselves:pronoun:1,yourselves,pronoun,你们自己；你们本人（yourself的复数）,pron 你们自己；你们本人（yourself的复数）,/jʊə'sɛlvz/,/jɔː'selvz/,Believe in yourselves.,相信你们自己。
en:youth:noun:1,youth,noun,青年；青春；年轻；青少年时期,n 青年；青春；年轻；青少年时期,/jʊθ/,/juːθ/,a gang of youths,一伙少年
en:yummy:adjective:1,yummy,adjective,好吃的；美味的；愉快的,adj 好吃的；美味的；愉快的；n 美味的东西；令人喜爱的东西,/'jʌmi/,/'jʌmɪ/,This cake is really yummy.,这蛋糕真好吃。
en:zebra:noun:1,zebra,noun,[脊椎] 斑马,n [脊椎] 斑马；adj 有斑纹的,/'zɛbrə; 'zi-/,/'zebrə; 'ziːbrə/,The neck of the zebra was nipped by a lion.,狮子咬断了那头斑马的脖子。
en:zero:noun:1,zero,noun,零点，零度,n 零点，零度；num 零,/ˈzɪərəʊ/,/'zɪərəʊ/,Make x greater than or equal to zero.,设x大于或等于零。
en:zip:noun:1,zip,noun,拉链；活力，精力；尖啸声，撕裂声；一种程序压缩的档案文件格式,n 拉链；活力，精力；尖啸声，撕裂声；一种程序压缩的档案文件格式；v 拉开或拉上；以尖啸声行进,/zɪp/,/zɪp/,The zip on my skirt had broken.,我裙子上的拉链坏了。
en:zipper:noun:1,zipper,noun,拉链,n 拉链；v 拉上拉链,/ˈzɪpə/,/'zɪpə/,...the metal zipper on his jacket.,…他的夹克上的金属拉锁。
en:zone:noun:1,zone,noun,地带；地区；联防,n 地带；地区；联防；v 分成区,/zon/,/zəʊn/,San Francisco and Tokyo are both located in earthquake zones.,旧金山和东京都位于地震带。
en:zoo:noun:1,zoo,noun,动物园,n 动物园,/zu/,/zuː/,The road to the zoo turns off here.,通向动物园的路由这儿拐弯。
en:zoom:noun:1,zoom,noun,急速上升；嗡嗡声；[摄] 变焦摄影,n 急速上升；嗡嗡声；[摄] 变焦摄影；v 急速上升；摄像机移动,/zum/,/zuːm/,zoom in,v. 放大
en:cancel:verb:2,cancel,verb,取消,vt 取消,/'kænsl/,/'kænsl/,Our flight was cancelled.,我们的航班取消了。
en:prepare:verb:2,prepare,verb,准备； 配制,v 准备； 配制,/prɪ'pɛr/,/prɪ'peə/,The prosecution wanted more time to prepare their case.,原告想要有更多的时间来准备诉讼。
en:govern:verb:2,govern,verb,统治； 管理,v 统治； 管理,/'ɡʌvɚn/,/'gʌvn/,the leaders who govern the country,治理这个国家的领导人
en:surgeon:noun:2,surgeon,noun,外科医生,n 外科医生,/'sɝdʒən/,/'sɜːdʒən/,...a heart surgeon.,…一位心脏外科医生。
en:analyse:verb:1,analyse,verb,分析； 研究,vt 分析； 研究,/'æn(ə)laɪz/,/'ænəlaɪz/,She still needs to analyse the data.,她仍需要分析这些数据。
en:abrupt:adjective:2,abrupt,adjective,突然的， 意外的,adj 突然的， 意外的,/ə'brʌpt/,/ə'brʌpt/,an abrupt change of plan,计划的突然改变
en:resemble:verb:2,resemble,verb,像， 类似,vt 像， 类似,/rɪ'zɛmbl/,/rɪ'zembl/,It’s amazing how closely Brian and Steve resemble each other.,布赖恩和史蒂夫真是惊人地相像。
en:discourage:verb:2,discourage,verb,使气馁， 打消,vt 使气馁， 打消,/dɪs'kɝɪdʒ/,/dɪs'kʌrɪdʒ/,It may be difficult to do at first. Don't let this discourage you.,开始时做起来也许比较困难。不要让这个泄你的气。
en:hall:noun:2,hall,noun,大厅， 礼堂； 门厅， 过道,n 大厅， 礼堂； 门厅， 过道,/hɔl/,/hɔːl/,Each floor had ten rooms on both sides of the hall.,每一层在走廊的两边都各有十个房间。
en:pollution:noun:2,pollution,noun,污染,n 污染,/pə'luʃən/,/pə'luːʃn/,California’s tough anti-pollution laws,加利福尼亚州严厉的反污染法
en:remote:adjective:2,remote,adjective,遥远的,adj 遥远的,/rɪ'mot/,/rɪ'məut/,a remote border town,一个偏远的边境小镇
en:explanation:noun:2,explanation,noun,解释， 说明,n 解释， 说明,"/,ɛksplə'neʃən/",/ˌeksplə'neɪʃn/,She told the court she would give a full explanation of the prosecution's decision on Monday.,她告诉法庭她将在星期一就控方的决定做出详尽的解释。
en:cafeteria:noun:2,cafeteria,noun,自助餐厅,n 自助餐厅,"/,kæfə'tɪrɪə/",/ˌkæfə'tɪəriə/,the school cafeteria,学校餐厅
en:salary:noun:1,salary,noun,工资， 薪水,n 工资， 薪水,/'sæləri/,/'sæləri/,"The average salary for a teacher is $39,000 a year.","教师的平均工资是39,000美元一年。"
en:pretend:verb:2,pretend,verb,假装， 装作,v 假装， 装作,/prɪ'tɛnd/,/prɪ'tend/,Let’s pretend we’re on the moon.,我们假装自己是在月球上吧。
en:youth:noun:2,youth,noun,青春； 青年,n 青春； 青年,/jʊθ/,/juːθ/,"Despite his youth, he had travelled alone.",他虽然年纪还小，却已独自旅行过了。
en:without:preposition:2,without,preposition,没有， 不,prep 没有， 不,/wɪðˈaʊt/,/wɪ'ðaut/,After the storm we were without electricity for five days.,暴风雨之后我们断电了五天。
en:drunk:adjective:1,drunk,adjective,醉的,adj 醉的,/drʌŋk/,/drʌŋk/,You’re drunk.,你喝醉了。
en:would:modal-verb:1,would,modal verb,将，将会〔表示想做某事或认为某事会发生〕,modal verb 将，将会〔表示想做某事或认为某事会发生〕,/wʊd; wəd/,/wud/,They said they would meet us at 10.30 at the station.,他们说过会在10点30分到车站接我们。
en:pick:verb:2,pick,verb,拾起， 采集； 挑选,v 拾起， 采集； 挑选,/pɪk/,/pɪk/,Students have to pick three courses from a list of 15.,学生必须从15门课中选修3门。
en:customs:noun:2,customs,noun,海关； 关税,n 海关； 关税,/'kʌstəmz/,/'kʌstəmz/,What right does Customs have to search my car?,海关有什么权力搜查我的车？
en:calculate:verb:2,calculate,verb,计算， 核算,v 计算， 核算,/'kælkjulet/,/'kælkjuleɪt/,These instruments calculate distances precisely.,这些仪器计算距离非常精确。
en:energy:noun:2,energy,noun,精力； 能量,n 精力； 能量,/'ɛnɚdʒi/,/'enədʒi/,The water is heated using energy from the sun.,水是利用太阳能加热的。
en:audience:noun:2,audience,noun,观众， 听众,n 观众， 听众,/'ɔdɪəns/,/'ɔːdiəns/,The audience began clapping and cheering.,观众开始鼓掌欢呼。
en:solid:adjective:2,solid,adjective,结实的，固体的,adj 结实的，固体的；n 固体,/'sɑlɪd/,/'sɒlɪd/,The lake was frozen solid .,湖水冻得结结实实。
en:thus:adverb:2,thus,adverb,这样； 因而,adv 这样； 因而,/ðʌs/,/ðʌs/,Most of the evidence was destroyed in the fire. Thus it would be almost impossible to prove him guilty.,大多数证据已在大火中烧毁，因而要证明他有罪几乎是不可能的。
en:meanwhile:adverb:2,meanwhile,adverb,同时,adv 同时,/'minwaɪl/,/'miːnwaɪl/,Cook the sauce over a medium heat until it thickens. Meanwhile start boiling the water for the pasta.,用中火把调味汁煮到变稠，同时烧水准备煮意大利面。
en:sniff:verb:2,sniff,verb,用力吸； 嗅， 闻,v 用力吸； 嗅， 闻,/snɪf/,/snɪf/,He opened the milk and sniffed it.,他打开牛奶闻了闻。
en:possess:verb:2,possess,verb,占有， 拥有,vt 占有， 拥有,/pə'zɛs/,/pə'zes/,Different workers possess different skills.,不同的工人拥有不同技能。
en:require:verb:2,require,verb,需求； 要求,vt 需求； 要求,/rɪ'kwaɪr/,/rɪ'kwaɪə/,Campbell’s broken leg will probably require surgery.,坎贝尔的一条腿骨折，可能需要手术。
en:optional:adjective:2,optional,adjective,可选择的； 随意的,adj 可选择的； 随意的,/'ɑpʃənl/,/'ɒpʃənəl/,three optional courses,三门选修课
en:scratch:verb:1,scratch,verb,抓，划破；乱涂,v 抓，划破；乱涂；n 乱写； 抓痕,/skrætʃ/,/skrætʃ/,John yawned and scratched his leg.,约翰打了个呵欠，挠了挠腿。
en:analysis:noun:2,analysis,noun,分析； 解析,n 分析； 解析,/ə'næləsɪs/,/ə'næləsɪs/,She’s been in analysis for three years.,她接受精神分析治疗已经三年了。
en:click:verb:2,click,verb,点击；发出滴答声,v 点击；发出滴答声；n 滴答声,/klɪk/,/klɪk/,The door clicked shut behind me.,门在我身后咔嗒一声关上了。
en:apparent:adjective:2,apparent,adjective,明显的， 清楚的,adj 明显的， 清楚的,/ə'pærənt/,/ə'pærənt/,The difference in quality was immediately apparent .,质量的差异显而易见。
en:journalist:noun:2,journalist,noun,记者， 新闻工作者,n 记者， 新闻工作者,/ˈdʒɝ​nlɪst/,/'dʒɜːnəlɪst/,a well-known journalist and broadcaster,一位著名的新闻记者兼播音员
en:left:adverb:1,left,adverb,向左边，在左边,adv 向左边，在左边；adj 左边的；n 左， 左边,/lɛft/,/left/,Turn left just after the school.,过了那所学校马上左转。
en:dawn:noun:2,dawn,noun,黎明， 拂晓,n 黎明， 拂晓,/dɔn/,/dɔːn/,"When dawn broke (= the first light of the day appeared ) , we were still 50 miles from Calcutta.",破晓的时候，我们离加尔各答还有50英里。
en:sideways:adjective:1,sideways,adjective,斜向一边的,adj 斜向一边的,/'saɪdwez/,/'saɪdweɪz/,Alfred shot him a sideways glance.,艾尔弗雷德斜着眼看了他一下。
en:object:verb:1,object,verb,反对,v 反对；n 物体； 目标； 宾语,/'ɑbdʒɛkt/,/'ɒbdʒɪkt; -dʒekt/,"If no one objects, I would like Mrs Harrison to be present.",如果没人反对的话，我想请哈里森夫人出席。
en:harbour:noun:1,harbour,noun,港口,n 港口,/hɑrbɚ/,/'hɑːbə/,as they sailed into Portsmouth Harbour,当他们驶入朴次茅斯港的时候
en:chapter:noun:2,chapter,noun,章,n 章,/'tʃæptɚ/,/'tʃæptə/,Read Chapter 11 as your homework.,家庭作业是阅读第 11 章。
en:accessible:adjective:2,accessible,adjective,可使用的； 可进入的； 易接近的,adj 可使用的； 可进入的； 易接近的,/ək'sɛsəbl/,/ək'sesəbl/,The island is only accessible by boat.,这个岛只有坐船才能到。
en:flight:noun:2,flight,noun,飞行； 航班； 楼梯的一段,n 飞行； 航班； 楼梯的一段,/flaɪt/,/flaɪt/,He immediately booked a flight to Toulouse.,他当即就订了去图卢兹的航班。
en:hang:verb:2,hang,verb,悬挂； 装饰； 绞死,v 悬挂； 装饰； 绞死,/hæŋ/,/hæŋ/,"If he is found guilty, he will almost certainly hang.",如果被判有罪，他几乎肯定会被处以绞刑。
en:role:noun:2,role,noun,[Ｃ] 角色； 作用,n [Ｃ] 角色； 作用,/rol/,/rəul/,Until now scientists had very little clear evidence about the drug's role in preventing more serious effects of infection.,到目前为止，科学家们几乎没有该药物在防止更严重的感染后果的功能的明确证据。
en:independent:adjective:2,independent,adjective,独立的， 有主见的,adj 独立的， 有主见的,/'ɪndɪ'pɛndənt/,/ˌɪndɪ'pendənt/,There are plans to split the corporation into a number of smaller independent companies.,有计划要把这家大企业分割成一些独立的小公司。
en:carriage:noun:2,carriage,noun,四轮马车； 客车厢,n 四轮马车； 客车厢,/'kærɪdʒ/,/'kærɪdʒ/,The president-elect followed in an open carriage drawn by six beautiful grey horses.,新当选的总统紧随其后，坐着6匹灰色骏马开道的敞篷马车。
en:defence:noun:1,defence,noun,防御； 防护； 辩护,n 防御； 防护； 辩护,/di'fens/,/dɪ'fens/,"The land was flat, giving no scope for defence.",土地非常平坦，无法做防卫之用。
en:achieve:verb:2,achieve,verb,达到， 取得,vt 达到， 取得,/ə'tʃiv/,/ə'tʃiːv/,Frances achieved very good exam results.,弗朗西丝考试取得了优异成绩。
en:ahead:adverb:1,ahead,adverb,在前， 向前,adv 在前， 向前,/ə'hɛd/,/ə'hed/,He kept his gaze fixed on the car ahead.,他的目光一直盯着前面的那辆汽车。
en:anybody:pronoun:1,anybody,pronoun,任何人， 无论谁,pron 任何人， 无论谁,/'ɛnɪbɑdi/,/'enibɒdi/,She swore me not to tell anybody about my secret.,她向我发誓不把我的秘密告诉任何人。
en:roll:verb:2,roll,verb,"滚动,打滚","v 滚动,打滚；n 面包圈； 卷状物",/rol/,/rəul/,He rolled his shoulders back.,他转动双肩。
en:turn:verb:2,turn,verb,旋转；转变；转弯,v 旋转；转变；转弯；n 轮流,/tɝn/,/tɜːn/,Ricky turned and walked away.,里基转身走了。
en:elect:verb:1,elect,verb,选举,vt 选举,/ɪ'lɛkt/,/ɪ'lekt/,the country’s first democratically elected government,该国第一个民主选举产生的政府
en:example:noun:2,example,noun,例子， 范例,n 例子， 范例,/ɪg'zæmpl/,/ɪg'zɑːmpl/,"Many countries, for example Mexico and Japan, have a lot of earthquakes.",许多国家，例如墨西哥和日本，经常发生地震。
en:result:noun:2,result,noun,结果， 效果,n 结果， 效果,/rɪ'zʌlt/,/rɪ'zʌlt/,High unemployment is a direct result of the recession.,高失业率是经济衰退的直接后果。
en:same:adjective:2,same,adjective,同样的， 同一的,adj 同样的， 同一的；n 同样的事,/sem/,/seɪm/,Her perfume has always had the same effect on me.,她身上的香水给我的感觉一如既往。
en:selfish:adjective:2,selfish,adjective,自私的,adj 自私的,/'sɛlfɪʃ/,/'selfɪʃ/,How can you be so selfish?,你怎能这样自私？
en:after:preposition:1,after,preposition,在…之后， 后来,prep&conj&adv 在…之后， 后来,/'æftɚ/,/'ɑːftə/,After the war many soldiers stayed in France.,战后，许多士兵留在法国。
en:headline:noun:2,headline,noun,标题；,n 标题；,/'hɛdlaɪn/,/'hedlaɪn/,a paper carrying the front-page headline: ‘Space Aliens meet with President’,头版报道题为“天外来客会见总统”的报纸
en:connect:verb:2,connect,verb,连接， 把…联系起来,vt 连接， 把…联系起来,/kə'nɛkt/,/kə'nekt/,We’d like two rooms with connecting doors (= doors that join the rooms ) .,我们想要两个有门相通的房间。
en:hand:noun:2,hand,noun,手；指针,n 手；指针；vt 交付； 传递,/hænd/,/hænd/,Steve gripped the steering wheel tightly with both hands.,史蒂夫双手紧握方向盘。
en:merciful:adjective:2,merciful,adjective,仁慈的； 宽大的,adj 仁慈的； 宽大的,/'mɝsɪfl/,/'mɜːsɪfl/,"Merciful God, save us.",仁慈的上帝，救救我们吧。
en:rebuild:verb:2,rebuild,verb,重建,vt 重建,"/,ri'bɪld/",/ˌriː'bɪld/,The church was completely rebuilt in the last century.,这座教堂在上个世纪全面重建。
en:sharpen:verb:2,sharpen,verb,变锐利， 削尖,v 变锐利， 削尖,/'ʃɑrpən/,/'ʃɑːpən/,Anne sharpened her pencil and got out her homework.,安妮把铅笔削尖，然后拿出家庭作业来。
en:committee:noun:2,committee,noun,委员会,n 委员会,/kə'mɪti/,/kə'mɪti/,a committee meeting,委员会会议
en:address:noun:1,address,noun,地址,n 地址,/əˈdrɛs;(for n)ˈædres; ædrɛs/,/ə'dres/,What’s your new address?,你的新地址是什么？
en:union:noun:2,union,noun,联合， 联盟,n 联合， 联盟,/'junɪən/,/'juːniən/,the British Golf Union,英国高尔夫球协会
en:straight:adjective:2,straight,adjective,直的,adj&adv 直的,/stret/,/streɪt/,She was looking straight at me.,她直直地看着我。
en:wipe:verb:2,wipe,verb,擦； 扫,vt 擦； 扫,/waɪp/,/waɪp/,I'll just wipe the table.,我只擦擦桌子。
en:sale:noun:2,sale,noun,卖， 出售,n 卖， 出售,/sel/,/seɪl/,Harvey gets a $50 commission every time he makes a sale (= sells something as part of his job ) .,哈维每做成一笔生意可得到50美元的佣金。
en:component:noun:1,component,noun,成分； 零部件,n 成分； 零部件,/kəm'ponənt/,/kəm'pəunənt/,companies that make electronic components for computer products,为计算机产品生产电子零件的公司
en:suite:noun:2,suite,noun,套， 组； 套间,n 套， 组； 套间,/sut; swit/,/swiːt/,a honeymoon suite,蜜月套房
en:consultant:noun:2,consultant,noun,顾问； 会诊医师,n 顾问； 会诊医师,/kən'sʌltənt/,/kən'sʌltənt/,a management consultant,管理顾问
en:outdoors:adverb:2,outdoors,adverb,户外的，野外的,adv 户外的，野外的；n 户外,/'aʊt'dɔrz/,/ˌaut'dɔːz/,It’s warm enough to eat outdoors tonight.,今晚很暖和，可以在户外用餐。
en:throw:verb:2,throw,verb,投， 掷， 扔,v 投， 掷， 扔,/θro/,/θrəu/,He spent hours throwing a tennis ball against a wall.,他花了数小时对着一堵墙扔网球。
en:obvious:adjective:2,obvious,adjective,明显的， 显而易见的,adj 明显的， 显而易见的,/'ɑbvɪəs/,/'ɒbviəs/,The obvious way of reducing pollution is to use cars less.,减少污染显而易见的办法就是少用汽车。
en:arch:noun:2,arch,noun,拱门； 拱形,n 拱门； 拱形,/ɑrtʃ/,/ɑːtʃ/,"When she passed under the arch leading out of the park, Mira whooped with delight.",从通向公园外的拱门下走过时，米拉高兴地喊叫起来。
en:discuss:verb:2,discuss,verb,讨论， 议论,v 讨论， 议论,/dɪ'skʌs/,/dɪ'skʌs/,Littman refused to discuss the case publicly.,利特曼拒绝公开讨论此案。
en:standard:adjective:1,standard,adjective,标准的,adj 标准的；n 标准，规格,/'stændɚd/,/'stændəd/,We paid them the standard rate.,我们付给他们标准工资。
en:violent:adjective:2,violent,adjective,暴力的； 猛烈的,adj 暴力的； 猛烈的,/'vaɪələnt/,/'vaɪələnt/,the increase in violent crime,暴力犯罪的增多
en:harmony:noun:2,harmony,noun,协调， 融洽,n 协调， 融洽,/'hɑrməni/,/'hɑːməni/,I do believe it is possible for different ethnic groups to live together in harmony.,我确信不同民族的人民可以融洽相处。
en:correct:adjective:1,correct,adjective,正确的， 对的； 恰当的,adj 正确的， 对的； 恰当的；vt 改正；纠正,/kə'rɛkt/,/kə'rekt/,"If my calculations are correct, we’re about ten miles from Exeter.",如果我计算得没错的话，我们离埃克塞特大约十英里。
en:empty:adjective:2,empty,adjective,空的,adj 空的；vt 倒空,/ˈɛmptɪ/,/'empti/,an empty box,空盒子
en:wish:noun:2,wish,noun,祝愿； 想要,n&v 祝愿； 想要,/wɪʃ/,/wɪʃ/,If you wish to discuss this matter further please do not hesitate to contact me.,如果你想进一步讨论此事，请尽管和我联系。
en:institution:noun:2,institution,noun,公共机构； 协会,n 公共机构； 协会,"/,ɪnstɪ'tuʃən/",/ˌɪnstɪ'tjuːʃn/,powerful institutions such as world banks,诸如世界银行之类的强大机构
en:tie:verb:2,tie,verb,系，拴，扎,v 系，拴，扎；n 关系； 领带； 绳子， 结,/taɪ/,/taɪ/,The flat is tied to the job.,这套公寓是为这个职位配的。
en:wise:adjective:2,wise,adjective,聪明的， 明智的,adj 聪明的， 明智的,/waɪz/,/waɪz/,a wise precaution,明智的预防措施
en:ambition:noun:2,ambition,noun,雄心， 野心,n 雄心， 野心,/æm'bɪʃən/,/æm'bɪʃn/,He was young and full of ambition.,他年轻，而且雄心勃勃。
en:tin:noun:2,tin,noun,罐头,n 罐头,/tɪn/,/tɪn/,a sardine tin,沙丁鱼罐头
en:enlarge:verb:2,enlarge,verb,扩大， 放大,v 扩大， 放大,/ɪn'lɑrdʒ/,/ɪn'lɑːdʒ/,an operation to enlarge her breasts,她的丰胸手术
en:besides:adverb:2,besides,adverb,此外； 再说,adv 此外； 再说；prep 除…以外,/bɪ'saɪdz/,/bɪ'saɪdz/,"I need the money. And besides, when I agree to do something, I do it.",我需要这笔钱，而且，我一旦答应做什么事情就会做到。
en:serious:adjective:2,serious,adjective,严肃的， 严重的； 认真的,adj 严肃的， 严重的； 认真的,/'sɪrɪəs/,/'sɪəriəs/,the serious problem of unemployment,严重的失业问题
en:tip:verb:2,tip,verb,告诫，提示；给小费,vt 告诫，提示；给小费；n 顶端； 小费； 提示,/tɪp/,/tɪp/,Did you tip the waiter?,你给侍应生小费了吗？
en:export:verb:1,export,verb,出口,vi 出口；vt 输出；n 出口,/ˈekspɔːrt；ɪkˈ-/,/ˈekspɔːt；ɪkˈ-/,Italian food has been exported all over the world.,意大利食品已传遍世界。
en:conversation:noun:2,conversation,noun,谈话， 交谈,n 谈话， 交谈,"/,kɑnvɚ'seʃən/",/ˌkɒnvə'seɪʃn/,a telephone conversation,电话交谈
en:laugh:verb:1,laugh,verb,笑， 大笑,vi 笑， 大笑；n 笑，大笑，笑声；嘲笑,/læf/,/lɑːf/,Maria looked at him and laughed.,玛丽亚看着他大笑起来。
en:murder:noun:1,murder,noun,谋杀,n&v 谋杀,/'mɝdɚ/,/'mɜːdə/,"On the night the murder was committed , he was out of the country.",凶案发生当晚他不在国内。
en:fantasy:noun:2,fantasy,noun,幻想， 白日梦,n 幻想， 白日梦,/'fæntəsi/,/'fæntəsi/,I used to have fantasies about living in Paris with an artist.,我过去常幻想着在巴黎与一位艺术家同住。
en:pay:verb:2,pay,verb,付钱，给…报酬,v 付钱，给…报酬；n 工资,/pe/,/peɪ/,How would you like to pay?,你想怎么付款？
en:check:verb:2,check,verb,核对；检查；批改,v 核对；检查；批改；n 检查； 批改,/tʃɛk/,/tʃek/,Check the tiles carefully before you buy them.,购买之前要把瓷砖仔细检查一下。
en:list:noun:2,list,noun,一览表，清单,n 一览表，清单；vt 列表,/lɪst/,/lɪst/,We are making a list of the top ten men we would not want to be married to.,我们正在列一个我们最不想嫁的10种男人的名单。
en:strange:adjective:2,strange,adjective,奇怪的， 奇特的； 陌生的,adj 奇怪的， 奇特的； 陌生的,/strendʒ/,/streɪndʒ/,strange noises,奇怪的噪声
en:lack:noun:1,lack,noun,缺乏， 缺少,n&v 缺乏， 缺少,/læk/,/læk/,Too many teachers are treated with a lack of respect.,有太多老师得不到尊重。
en:toast:verb:1,toast,verb,向…敬酒；烘，烤,vt 向…敬酒；烘，烤；n 烤面包， 吐司； 祝酒， 祝酒词,/tost/,/təust/,I toasted the cheese sandwiches.,我烤了干酪三明治。
en:aside:adverb:2,aside,adverb,在旁边,adv 在旁边,/ə'saɪd/,/ə'saɪd/,He pushed his half-eaten salad aside and left.,他推开吃了一半的色拉走了。
en:circumstance:noun:2,circumstance,noun,环境； 情况,n 环境； 情况,/ˈsɝ​kəmˌstəns/,/'sɜːkəmstɑːns/,The Soviet Union had been forced by circumstances to sign a pact with Nazi Germany.,苏联为形势所迫同纳粹德国签订了一项条约。
en:success:noun:2,success,noun,成功， 成就； 成功的人,n 成功， 成就； 成功的人,/sək'sɛs/,/sək'ses/,The experiment was a big success.,实验非常成功。
en:brunch:noun:2,brunch,noun,早午饭,n 早午饭,/brʌntʃ/,/brʌntʃ/,And then I have brunch.,然后我就开始吃早午餐。
en:authority:noun:2,authority,noun,权威； 当局,n 权威； 当局,/ə'θɔrəti/,/ɔː'θɒrəti/,an agreement between the US and Colombian authorities,美国和哥伦比亚当局的一份协议
en:creature:noun:2,creature,noun,生物； 动物,n 生物； 动物,/'kritʃɚ/,/'kriːtʃə/,all the living creatures in the sea,海洋中所有的生物
en:outgoing:adjective:2,outgoing,adjective,好交际的， 外向的； 即将离职的,adj 好交际的， 外向的； 即将离职的,/'aʊt'goɪŋ/,/'autgəuɪŋ/,We’re looking for someone with an outgoing personality.,我们在找一个性格外向的人。
en:tasteless:adjective:2,tasteless,adjective,无滋味的,adj 无滋味的,/'testləs/,/'teɪstləs/,...a house crammed with tasteless furniture.,…一座塞满了毫无品位的家具的房子。
en:harm:noun:2,harm,noun,伤害， 损伤,n&vt 伤害， 损伤,/hɑrm/,/hɑːm/,The scandal did his career a lot of harm.,丑闻对他的职业生涯造成很大损害。
en:instrument:noun:2,instrument,noun,乐器； 工具， 器械,n 乐器； 工具， 器械,/'ɪnstrəmənt/,/'ɪnstrəmənt/,surgical instruments,外科(手术)器械
en:medium:adjective:2,medium,adjective,中间的，中等的,adj 中间的，中等的；n 媒介,/'midɪəm/,/'miːdiəm/,"What size shirt does he wear – small, medium or large?",他穿多大尺码的衬衫——小号、中号还是大号？
en:remove:verb:2,remove,verb,移动， 拿走； 去除,vt 移动， 拿走； 去除,/rɪ'muv/,/rɪ'muːv/,Remove the old wallpaper and fill any holes in the walls.,撕下旧墙纸，把墙上的洞都填平。
en:wisdom:noun:2,wisdom,noun,智慧,n 智慧,/'wɪzdəm/,/'wɪzdəm/,a man of great wisdom,一个有大智慧的男人
en:starvation:noun:2,starvation,noun,饥饿； 饿死,n 饥饿； 饿死,/stɑr'veʃən/,/stɑː'veɪʃn/,people dying of starvation,快饿死的人们
en:nowhere:adverb:2,nowhere,adverb,任何地方都不； 无处,adv 任何地方都不； 无处,/'no'wɛr/,/'nəuweə/,Nowhere is drug abuse more of a problem than in the US.,没有什么地方的吸毒问题比美国更严重。
en:psychology:noun:1,psychology,noun,心理学,n 心理学,/saɪ'kɑlədʒi/,/saɪ'kɒlədʒi/,the psychology of three-year-olds,三岁孩子的思想
en:wrestle:verb:1,wrestle,verb,摔跤， 格斗； 斟酌,v 摔跤， 格斗； 斟酌,/'rɛsl/,/'resl/,Police officers wrestled him to the ground .,警察把他扑倒在地。
en:treasure:noun:2,treasure,noun,金银财宝， 财富,n 金银财宝， 财富,/'trɛʒɚ/,/'treʒə/,The Book of Kells is Trinity College’s greatest treasure.,《凯尔经》是三一学院的镇院之宝。
en:multiply:verb:2,multiply,verb,相乘； 增加,v 相乘； 增加,/'mʌltɪplaɪ/,/'mʌltɪplaɪ/,The amount of information available has multiplied.,可获得的信息大大增加了。
en:live:verb:1,live,verb,生活，居住,vi 生活，居住；adj 活的； 直播的；vt 过着，经历,/laɪv；lɪv/,/lɪv/,He lives just across the street from me.,他就住在我街对面。
en:approval:noun:1,approval,noun,赞成； 认可； 批准,n 赞成； 认可； 批准,/əˈpruvl/,/ə'pruːvl/,The president has already given his approval to the plan.,总统已经批准了这个计划。
en:victory:noun:2,victory,noun,[C] 胜利,n [C] 胜利,/'vɪktəri/,/'vɪktəri/,Union leaders are heading for victory in their battle over workplace rights.,工会领袖们在争取工作场所权利的斗争中正迈向胜利。
en:mobile:adjective:2,mobile,adjective,活动的， 可移动的,adj 活动的， 可移动的,/ˈməʊbl;mobil/,/'məubaɪl/,mobile air-conditioners,移动式空调器
en:perform:verb:2,perform,verb,表演， 表现； 履行,v 表演， 表现； 履行,/pɚ'fɔrm/,/pə'fɔːm/,Chenier and the band are performing at the Silver Palace tomorrow.,车尼尔和乐队明天将在银宫演出。
en:evolution:noun:2,evolution,noun,进展， 演变， 进化,n 进展， 演变， 进化,/ˌɛvəˈluʃən; (occas.) ˌ ivəˈluʃən/,/ˌevə'luːʃn/,the theory of evolution,进化论
en:expose:verb:2,expose,verb,暴露； 揭露,vt 暴露； 揭露,/ɪk'spoz；ek-/,/ɪk'spəuz/,He lifted his T-shirt to expose a jagged scar across his chest.,他撩起T恤衫，露出横贯胸部的锯齿状伤疤。
en:concentrate:verb:2,concentrate,verb,集中， 聚集,v 集中， 聚集,/'kɑnsn'tret/,/'kɒnsntreɪt/,Now please concentrate.,现在请集中注意力。
en:cheer:noun:1,cheer,noun,欢呼， 喝彩,n&v 欢呼， 喝彩,/tʃɪr/,/tʃɪə/,A great cheer went up from the crowd.,人群中爆发出巨大的欢呼声。
en:with:preposition:2,with,preposition,与， 伴随； 有， 以,prep 与， 伴随； 有， 以,/wɪð; wɪθ/,/wɪð/,Her boots were covered with mud.,她的靴子上满是污泥。
en:there:adverb:2,there,adverb,在那里,adv 在那里；int 那！你瞧！,/ðɛr/,/ðeə/,We could go back to my cottage and have lunch there.,我们可以回到我的小屋去吃午饭。
en:permit:verb:2,permit,verb,许可，允许,v 许可，允许；n 许可证， 执照,/pɚ'mɪt/,/pə'mɪt/,Smoking is only permitted in the public lounge.,只允许在公共休息室里抽烟。
en:well:adverb:2,well,adverb,好，充分地,adv 好，充分地；adj 健康的；int 好吧；n 井,/wɛl/,/wel/,Mix the flour and butter well.,把面粉和黄油搅匀。
en:suitable:adjective:2,suitable,adjective,合适的， 适宜的,adj 合适的， 适宜的,/'sutəbl/,/'suːtəbl/,We are hoping to find a suitable school.,我们希望能找到一所合适的学校。
en:personnel:noun:2,personnel,noun,人员， 职员,n 人员， 职员,"/,pɝsə'nɛl/",/ˌpɜːsə'nel/,All personnel are to receive security badges.,所有人员都将拿到安保徽章。
en:hopeless:adjective:1,hopeless,adjective,没有希望的； 不可救药的,adj 没有希望的； 不可救药的,/ˈhoʊpləs/,/'həupləs/,"We tried to stop the flames from spreading, but we knew it was hopeless.",我们试图阻止火势蔓延，但我们知道这是不可能的。
en:freeway:noun:2,freeway,noun,高速公路,n 高速公路,/'friwe/,/'friːweɪ/,the Central Freeway,中央高速公路
en:fountain:noun:2,fountain,noun,喷泉； 源泉,n 喷泉； 源泉,/'faʊntn/,/'fauntən/,He was a fountain of information on Asian affairs.,他是亚洲事务的信息源。
en:pile:verb:1,pile,verb,堆积，积累,v 堆积，积累；n 堆,/paɪl/,/paɪl/,Ma stacked the cups and piled the plates.,妈妈把杯盘堆叠起来。
en:channel:noun:1,channel,noun,海峡； 频道； 通道,n 海峡； 频道； 通道,/'tʃænl/,/'tʃænl/,the news on Channel 4,第四频道播出的新闻
en:sunburnt:adjective:2,sunburnt,adjective,晒黑的， 晒伤的,adj 晒黑的， 晒伤的,"/'sʌn,bɝnt/",/'sʌnbɜːnt/,She woke him anxiously shaking at his sunburnt shoulders.,她焦急地摇着他被太阳晒黑的肩膀，唤醒了他。
en:focus:verb:1,focus,verb,聚焦，集中,v 聚焦，集中；n 中心， 焦点,/'fokəs/,/'fəukəs/,His eyes were focussed straight ahead.,他的双眼盯着正前方。
en:entire:adjective:2,entire,adjective,整个的， 全部的,adj 整个的， 全部的,/ɪn'taɪɚ/,/ɪn'taɪə/,It was the worst day in my entire life.,那是我一生中最糟糕的一天。
en:approach:verb:1,approach,verb,接近， 靠近,v 接近， 靠近；n 方式，方法,/ə'protʃ/,/ə'prəutʃ/,"As I approached the house, I noticed a light on upstairs.",我走近那幢房子的时候注意到楼上有灯光。
en:wrist:noun:2,wrist,noun,手腕， 腕关节,n 手腕， 腕关节,/rɪst/,/rɪst/,He broke his wrist climbing rocks for a cigarette ad.,他为了一个香烟广告攀岩折断了手腕。
en:experiment:noun:1,experiment,noun,实验,n 实验,/ɪk'sperɪmənt/,/ɪk'sperɪmənt/,The astronauts are conducting a series of experiments to learn more about how the body adapts to weightlessness.,那些宇航员正在进行一系列实验，以便更多地了解人体如何适应失重状态。
en:fierce:adjective:2,fierce,adjective,猛烈的， 激烈的,adj 猛烈的， 激烈的,/fɪrs/,/fɪəs/,fierce fighting in the city,城里的激烈战斗
en:reservation:noun:2,reservation,noun,预订； 预约,n 预订； 预约,"/,rɛzɚ'veʃən/",/ˌrezə'veɪʃn/,a dinner reservation,预订晚餐
en:e-mail:noun:1,e-mail,noun,电子邮件,n 电子邮件；vt 给…发电子邮件,"/'i,mel/",/'iːmeɪl/,You can contact us by e-mail.,你可以通过电子邮件跟我们联系。
en:hate:verb:2,hate,verb,恨，讨厌，不喜欢,vt 恨，讨厌，不喜欢；n 怨恨,/het/,/heɪt/,It’s the kind of movie you either love or hate.,这是那种你要么喜欢要么讨厌的电影。
en:block:verb:1,block,verb,阻塞， 阻挡,v 阻塞， 阻挡；n 大块；街区,/blɑk/,/blɒk/,A fallen tree is blocking the road.,一棵倒下的树把路阻断了。
en:write:verb:2,write,verb,写,v 写,/raɪt/,/raɪt/,"I wrote her several letters , but she didn’t reply.",我给她写了几封信，可是她没有回复。
en:pet:noun:2,pet,noun,宠物， 爱畜,n 宠物， 爱畜,/pɛt/,/pet/,They have two pets – a cat and a dog.,他们有两只宠物，一只猫和一只狗。
en:flow:verb:2,flow,verb,流动,v 流动；n 流， 流动,/flo/,/fləu/,Money has been flowing into the country from Western aid agencies.,资金源源不断地从西方援助机构流入该国。
en:order:noun:2,order,noun,顺序；命令,n 顺序；命令；vt 命令； 点菜； 订货,/'ɔrdɚ/,/'ɔːdə/,There seemed to be no logical order to the sections.,这几部分似乎没有逻辑顺序。
en:wage:noun:1,wage,noun,工资， 报酬,n 工资， 报酬,/wedʒ/,/weɪdʒ/,He earns a good wage.,他工资挺高。
en:period:noun:2,period,noun,时期， 时代,n 时期， 时代,/'pɪrɪəd/,/'pɪəriəd/,Tomorrow’s weather will be dry with sunny periods.,明天天气干燥，间或晴朗。
en:musical:adjective:2,musical,adjective,音乐的，爱好音乐的,adj 音乐的，爱好音乐的；n 音乐剧,/'mjuzɪkl/,/'mjuːzɪkl/,a musical version of the fairy tale ‘Cinderella’,童话故事《灰姑娘》的音乐剧版
en:corporation:noun:2,corporation,noun,团体； 公司， 企业,n 团体； 公司， 企业,"/,kɔrpə'reʃən/",/ˌkɔːpə'reɪʃn/,He works for a large American corporation.,他在一家美国大公司工作。
en:distant:adjective:2,distant,adjective,远的， 遥远的,adj 远的， 遥远的,/'dɪstənt/,/'dɪstənt/,the sound of distant gunfire,远处的炮火声
en:understand:verb:2,understand,verb,懂得， 理解,v 懂得， 理解,/'ʌndɚ'stænd/,/ˌʌndə'stænd/,She doesn’t understand English.,她不懂英语。
en:dismiss:verb:2,dismiss,verb,解雇； 解散,v 解雇； 解散,/dɪs'mɪs/,/dɪs'mɪs/,The class was dismissed early today.,今天这个班级提早放学。
en:intelligence:noun:2,intelligence,noun,智力， 聪明,n 智力， 聪明,/ɪn'tɛlɪdʒəns/,/ɪn'telɪdʒəns/,"To be good at the game, you need a reasonable level of intelligence.",要想把这种游戏玩好，需要一定的智力水平。
en:reform:verb:1,reform,verb,改革， 革新,v 改革， 革新；n 改革；改善,/rɪ'fɔrm/,/rɪ'fɔːm/,plans to radically reform the tax system,彻底改革税收制度的计划
en:ever:adverb:2,ever,adverb,曾经； 无论何时,adv 曾经； 无论何时,/'ɛvɚ/,/'evə/,Have you ever seen anything like it?,你可曾见过像这样的东西？
en:even:adverb:1,even,adverb,甚至，更加，还要,adv 甚至，更加，还要；adj 平坦的,/'ivən/,/'iːvn/,"Most companies have suffered a drop in their profits, even very large companies.",大多数公司的利润都出现下滑，甚至连很大的公司也不例外。
en:restriction:noun:2,restriction,noun,限制,n 限制,/rɪ'strɪkʃən/,/rɪ'strɪkʃn/,a 50 mph speed restriction,每小时50英里的限速
en:crazy:adjective:2,crazy,adjective,疯狂的,adj 疯狂的,/'krezi/,/'kreɪzi/,The neighbours must think we’re crazy.,邻居一定会认为我们疯了。
en:razor:noun:1,razor,noun,剃须刀,n 剃须刀,/'rezɚ/,/'reɪzə/,an electric razor,电动剃须刀
en:coach:verb:1,coach,verb,指导，训练,v 指导，训练；n 教练； 马车； 长途车,/kotʃ/,/kəutʃ/,Nigel coaches a cricket team in his spare time.,奈杰尔业余时间担任一个板球队的教练。
en:champion:noun:2,champion,noun,冠军， 优胜者,n 冠军， 优胜者,/'tʃæmpɪən/,/'tʃæmpiən/,...a former Olympic champion.,…一位前奥运冠军。
en:wait:verb:2,wait,verb,等待,v 等待；n 等待， 等候,/wet/,/weɪt/,Hurry up! Everyone’s waiting.,快点！大家在等着呢。
en:circuit:noun:2,circuit,noun,电路,n 电路,/'sɝkɪt/,/'sɜːkɪt/,We did a circuit of the old city.,我们绕着老城走了一圈。
en:pint:noun:2,pint,noun,品脱； 一品脱啤酒,n 品脱； 一品脱啤酒,/paɪnt/,/paɪnt/,He’s gone down the pub for a quick pint.,他去小酒馆匆匆喝上一品脱啤酒。
en:matter:verb:1,matter,verb,要紧， 有重大关系,vi 要紧， 有重大关系；n 事情，物质；原因,/'mætɚ/,/'mætə/,"If I have to stay late at work tonight, it won’t matter because we can go out another night.",如果今晚我必须工作到很晚的话，那也没关系，我们可以改天晚上再出去。
en:instant:adjective:2,instant,adjective,立即的；速食的,adj 立即的；速食的；n 瞬间,/'ɪnstənt/,/'ɪnstənt/,an instant success,马到成功
en:personalization:noun:1,personalization,noun,个性化,n 个性化,,/ˌpɜːsənəlaɪ'zeɪʃn/,The method is applied in personalization information recommendation and achieves better effect.,将该方法用于个性化信息检索，取得较好的效果。
en:shaver:noun:2,shaver,noun,电动剃须刀,n 电动剃须刀,/'ʃevɚ/,/'ʃeɪvə/,He uses an electric shaver.,他使用电动剃须刀。
en:top:noun:2,top,noun,顶部； 上面,n 顶部； 上面,/tɑp/,/tɒp/,a low wooden table with a glass top,玻璃桌面的矮木桌
en:native:adjective:2,native,adjective,本土的， 本国的,adj 本土的， 本国的,/'netɪv/,/'neɪtɪv/,English is not the native language for almost half of our overseas visitors.,我们有差不多一半的海外游客母语不是英语。
en:too:adverb:2,too,adverb,也； 又； 太； 很,adv 也； 又； 太； 很,/tu/,/tuː/,She doesn’t seem too upset about it.,她对此好像不是很难过。
en:have:verb:2,have,verb,帮助构成完成时态,v 帮助构成完成时态；vt 有，使，令,/həv;hæv/,/hæv/,Our guests have arrived.,我们的客人到了。
en:violence:noun:2,violence,noun,暴力； 强烈,n 暴力； 强烈,/'vaɪələns/,/'vaɪələns/,There is too much sex and violence on TV these days.,如今电视上性爱和暴力场面太多。
en:roast:verb:2,roast,verb,烤,v 烤,/rost/,/rəust/,Are you going to roast the chicken?,这鸡你是准备烤的吗？
en:energetic:adjective:2,energetic,adjective,精力旺盛的,adj 精力旺盛的,"/,ɛnɚ'dʒɛtɪk/",/ˌenə'dʒetɪk/,an energetic man,精力旺盛的男子
en:consequence:noun:2,consequence,noun,结果， 后果,n 结果， 后果,/'kɑnsəkwɛns/,/'kɒnsɪkwəns/,Her lawyer said she understood the consequences of her actions and was prepared to go to jail.,她的律师说她明白自己行为的后果并准备去坐牢。
en:quilt:noun:2,quilt,noun,加衬芯床罩,n 加衬芯床罩,/kwɪlt/,/kwɪlt/,quilt cover,被套，被罩
en:famous:adjective:2,famous,adjective,著名的， 出名的,adj 著名的， 出名的,/'feməs/,/'feɪməs/,a famous actor,著名演员
en:question:verb:1,question,verb,询问,vt 询问；n 问题,/'kwɛstʃən/,/'kwestʃən/,Two men have been arrested and questioned.,已有两名男子被捕并受到盘问。
en:vinegar:noun:2,vinegar,noun,醋,n 醋,/'vɪnɪɡɚ/,/'vɪnɪgə/,With vinegar and brown paper.,用醋和棕色纸张包扎。
en:spirit:noun:2,spirit,noun,精神， 灵魂,n 精神， 灵魂,/'spɪrɪt/,/'spɪrɪt/,"Although Laurie is dead, I can feel his spirit with me.",劳里虽然已经过世，但我还能感觉到他的灵魂和我在一起。
en:premier:noun:1,premier,noun,总理， 首相,n 总理， 首相,/prɪ'mɪr/,/'premiə/,the Irish Premier,爱尔兰总理
en:produce:verb:2,produce,verb,生产， 制造,v 生产， 制造,/prəˈdus;(for n.)ˈprɒdus; prɑdus/,/prə'djuːs/,New drugs are producing remarkable results .,新药正在产生显著的效果。
en:allergic:adjective:2,allergic,adjective,过敏的,adj 过敏的,/ə'lɝdʒɪk/,/ə'lɜːdʒɪk/,an allergic reaction to nuts,对坚果的过敏性反应
en:cheat:verb:2,cheat,verb,哄骗，欺骗，骗取,v 哄骗，欺骗，骗取；n 骗子； 诈骗,/tʃit/,/tʃiːt/,He had cheated in the test by using a calculator.,他在考试时作弊，用了计算器。
en:framework:noun:2,framework,noun,框架， 结构,n 框架， 结构,/'fremwɝk/,/'freɪmwɜːk/,We have to act within the existing legal framework.,我们必须在现行的法律框架下行事。
en:regard:verb:1,regard,verb,当做，看待,v 当做，看待；n 关心， 注意； 致意,/rɪ'ɡɑrd/,/rɪ'gɑːd/,He was regarded as the most successful president of modern times.,他被看成是近代最成功的总统。
en:anecdote:noun:2,anecdote,noun,轶事； 趣事,n 轶事； 趣事,/'ænɪkdot/,/'ænɪkdəut/,The book is full of amusing anecdotes about his life in Japan.,这本书里全是他在日本生活的趣闻轶事。
en:prohibit:verb:2,prohibit,verb,禁止， 阻止,vt 禁止， 阻止,/prə'hɪbɪt/,/prə'hɪbɪt/,Smoking is strictly prohibited inside the factory.,厂区严禁吸烟。
en:almost:adverb:2,almost,adverb,几乎， 差不多,adv 几乎， 差不多,/'ɔlmost/,/'ɔːlməust/,Have you almost finished?,你差不多完成了吗？
en:steward:noun:2,steward,noun,男乘务员,n 男乘务员,/'stuɚd/,/'stjuːəd/,They also claim that the security team elbowed aside a steward .,他们还声称保安人员将一位乘务员推搡至一边。
en:fuel:noun:1,fuel,noun,燃料,n 燃料,/'fjuəl/,/'fjuːəl/,Coal is one of the cheapest fuels.,煤是最廉价的燃料之一。
en:manner:noun:2,manner,noun,方式；举止；,n 方式；举止；,/'mænɚ/,/'mænə/,He felt some guilt over the manner of her death.,她以这种方式死去，他心里有些内疚。
en:upon:preposition:1,upon,preposition,在…上面,prep 在…上面,/ə'pɑn/,/ə'pɒn/,an honour bestowed upon the association,授予该协会的荣誉
en:foresee:verb:2,foresee,verb,预见， 预知,vt 预见， 预知,/fɔr'si/,/fɔː'siː/,I’ve put your name on the list and I don’t foresee any problems.,我把你的名字写在名单上了，估计不会有什么问题。
en:harmful:adjective:2,harmful,adjective,有害的； 致伤的,adj 有害的； 致伤的,/'hɑrmfəl/,/'hɑːmfl/,the harmful effects of smoking,吸烟的害处
en:associate:verb:2,associate,verb,结合； 结交,v 结合； 结交,/ə'soʃɪet/,/ə'səuʃieɪt/,Through science we've got the idea of associating progress with the future.,通过科学我们已有了将进步与未来联系起来的观念。
en:pray:verb:2,pray,verb,祈祷， 祈求,v 祈祷， 祈求,/pre/,/preɪ/,They went to the mosque to pray.,他们去清真寺祷告。
en:wake:verb:2,wake,verb,醒来， 叫醒,v 醒来， 叫醒,/wek/,/weɪk/,"When she woke, the sun was streaming through the windows.",她醒来时，阳光泻入窗内。
en:pin:verb:1,pin,verb,钉住，别住,vt 钉住，别住；n 别针； 胸针,/pɪn/,/pɪn/,They pinned a notice to the door.,他们把通知钉在门上。
en:academic:adjective:2,academic,adjective,学术的；院校的,adj 学术的；院校的；n 大学教师； 学者,"/,ækə'dɛmɪk/",/ˌækə'demɪk/,He possessed no academic qualifications.,他没有学历。
en:whether:conjunction:2,whether,conjunction,是否,conj 是否,/'wɛðɚ/,/'weðə/,Maurice asked me whether I needed any help.,莫里斯问我是否需要帮助。
en:function:verb:1,function,verb,起作用； 行使职责,vi 起作用； 行使职责；n 功能，作用，职责；函数,/'fʌŋkʃən/,/'fʌŋkʃn/,"On weekdays, one third of the room functions as workspace.",在工作日，这个房间的三分之一充当工作场所。
en:raise:verb:2,raise,verb,举起； 提高， 使升高； 饲养， 养育,vt 举起； 提高， 使升高； 饲养， 养育,/rez/,/reɪz/,Can you raise the lamp so I can see?,你能把灯举高点好让我看清吗？
en:spoon:noun:2,spoon,noun,勺， 匙， 调羹,n 勺， 匙， 调羹,/spun/,/spuːn/,He stirred his coffee with a spoon.,他用匙搅了搅咖啡。
en:quite:adverb:2,quite,adverb,完全， 十分,adv 完全， 十分,/kwaɪt/,/kwaɪt/,I felt quite bitter about it at the time.,当时我对此感到相当痛苦。
en:lap:noun:2,lap,noun,大腿； 一圈,n 大腿； 一圈,/læp/,/læp/,Rubens Barrichello finished a lap ahead of his team-mate.,鲁本斯·巴里切罗领先队友一圈跑完全程。
en:mineral:noun:2,mineral,noun,矿物质， 矿物,n 矿物质， 矿物,/'mɪnərəl/,/'mɪnərəl/,The area is very rich in minerals .,该地区矿产非常丰富。
en:representative:noun:1,representative,noun,代表,n 代表,/'rɛprɪ'zɛntətɪv/,/ˌreprɪ'zentətɪv/,a union representative,工会代表
en:terror:noun:2,terror,noun,恐怖； 可怕的人,n 恐怖； 可怕的人,/'tɛrɚ/,/'terə/,Death holds no terrors for (= does not frighten ) me.,死亡吓不倒我。
en:beneath:preposition:2,beneath,preposition,在…下方， 在…下面,prep 在…下方， 在…下面,/bɪˈniːθ/,/bɪ'niːθ/,"Far beneath them, the trees of the forest sighed in the breeze.",远在他们的下方，森林中的树木在微风中悲泣。
en:everyone:pronoun:2,everyone,pronoun,每人， 人人,pron 每人， 人人,/'ɛvrɪwʌn/,/'evriwʌn/,"If everyone is ready, I’ll begin.",如果大家都准备好了，我就开始。
en:lay:verb:2,lay,verb,放， 搁； 产,v 放， 搁； 产,/le/,/leɪ/,John was laying the table.,约翰正在摆放餐具。
en:swap:verb:1,swap,verb,交换,v 交换,/swɑp/,/swɒp/,Do you want to swap umbrellas?,你想交换雨伞吗？
en:hatch:verb:1,hatch,verb,孵蛋,v 孵蛋,/hætʃ/,/hætʃ/,The eggs take three days to hatch.,这些蛋要三天时间才能孵化。
en:pardon:verb:1,pardon,verb,原谅， 宽恕； 对不起,vt&n 原谅， 宽恕； 对不起,/'pɑrdn/,/'pɑːdn/,beg your pardon,对不起，请原谅
en:plenty:noun:2,plenty,noun,充足， 大量， 丰富,n 充足， 大量， 丰富,/'plɛnti/,/'plenti/,a land of plenty,一片富饶的土地
en:tick:verb:2,tick,verb,发出滴答声,v 发出滴答声；n 钟表的滴答声；记号,/tɪk/,/tɪk/,The old clock ticked noisily.,那只古老的钟大声地嘀嗒着。
en:basis:noun:2,basis,noun,[C] 基础； 根据； 原则,n [C] 基础； 根据； 原则,/'besɪs/,/'beɪsɪs/,Their claim had no basis in fact (= it was not true ) .,他们的说法没有事实根据。
en:adventure:noun:2,adventure,noun,冒险； 奇遇,n 冒险； 奇遇,/əd'vɛntʃɚ/,/əd'ventʃə/,a great adventure,一大奇遇
en:condition:noun:2,condition,noun,条件， 状况,n 条件， 状况,/kən'dɪʃən/,/kən'dɪʃn/,Conditions in the prison were atrocious.,这座监狱的条件糟透了。
en:improve:verb:2,improve,verb,改进， 更新,v 改进， 更新,/ɪm'pruv/,/ɪm'pruːv/,a course for students wishing to improve their English,为想提高英语水平的学生开设的一门课
en:ceremony:noun:2,ceremony,noun,典礼， 仪式,n 典礼， 仪式,/ˈsɛrəˌmoʊni/,/'serəməni/,a wedding ceremony,婚礼
en:bingo:noun:2,bingo,noun,宾果,n 宾果,/'bɪŋɡo/,/'bɪŋgəu/,Vera won £20 at bingo.,薇拉玩宾戈赢了20英镑。
en:try:verb:2,try,verb,尝试， 试图； 努力,v 尝试， 试图； 努力,/traɪ/,/traɪ/,Let’s have a rest and then we’ll try again.,我们休息一下，然后再试。
en:gym:noun:1,gym,noun,体育馆； 健身房,n 体育馆； 健身房,/dʒɪm/,/dʒɪm/,I go to the gym as often as I can.,我一有空就去健身房健身。
en:basic:adjective:2,basic,adjective,基本的,adj 基本的；n 要素； 基础,/'besɪk/,/'beɪsɪk/,the basic principles of chemistry,化学的基本原理
en:twist:verb:2,twist,verb,拧，扭曲,v 拧，扭曲；n 扭曲， 歪曲,/twɪst/,/twɪst/,Her hands began to twist the handles of the bag she carried.,她的双手开始拧她拎着的那个包的拎柄。
en:unite:verb:2,unite,verb,联合， 团结,v 联合， 团结,/ju'naɪt/,/ju'naɪt/,Our goal is to unite the opposition parties and defeat the President.,我们的目标是联合各反对党挫败总统。
en:bush:noun:2,bush,noun,灌木丛， 矮树丛,n 灌木丛， 矮树丛,,/buʃ/,a rose bush,玫瑰丛
en:technique:noun:2,technique,noun,技术， 技巧,n 技术， 技巧,/tɛk'nik/,/tek'niːk/,"He’s a great player, with brilliant technique.",他是个伟大的球员，球技十分精湛。
en:cause:noun:2,cause,noun,原因，起因,n 原因，起因；vt 促使， 引起,/kɔz/,/kɔːz/,It’s our job to establish the cause of the fire.,查明起火原因是我们的责任。
en:dioxide:noun:2,dioxide,noun,二氧化物,n 二氧化物,/daɪ'ɑksaɪd/,/daɪ'ɒksaɪd/,"She is your indispensable oxygen, carbon dioxide is not essential you me.",她是你不可缺少的氧气，我是你可有可无的二氧化碳。
en:wound:verb:1,wound,verb,伤，使受伤；伤害,vt 伤，使受伤；伤害；n [Ｃ] 创伤； 伤口,/wund/,/wuːnd/,Gunmen killed two people and wounded six others in an attack today.,在今天的一起袭击事件中，持枪歹徒打死两人，打伤六人。
en:catastrophe:noun:2,catastrophe,noun,灾难； 灾祸； 横祸,n 灾难； 灾祸； 横祸,/kə'tæstrəfi/,/kə'tæstrəfi/,"From all points of view, war would be a catastrophe.",从各个方面来看，战争都会是一场灾难。
en:busy:adjective:2,busy,adjective,忙碌的,adj 忙碌的,/ˈbɪzɪ/,/'bɪzi/,She’s busy now – can you phone later?,她现在正忙，你稍后打来好吗？
en:convey:verb:2,convey,verb,搬运； 传播， 传达,vt 搬运； 传播， 传达,/kən've/,/kən'veɪ/,All this information can be conveyed in a simple diagram.,所有这些信息可以通过一张简单的图表来表示。
en:extra:adjective:1,extra,adjective,额外的， 外加的,adj 额外的， 外加的,/'ɛkstrə/,/'ekstrə/,Could you get an extra loaf of bread?,你能多拿一条面包吗？
en:design:verb:2,design,verb,设计；制订；筹划,v 设计；制订；筹划；n 样式,/dɪ'zaɪn/,/dɪ'zaɪn/,The tower was designed by Gilbert Scott.,这座塔楼是吉尔伯特·斯科特设计的。
en:generous:adjective:2,generous,adjective,慷慨的， 大方的,adj 慷慨的， 大方的,/'dʒɛnərəs/,/'dʒenərəs/,a generous glass of wine,一大杯葡萄酒
en:land:verb:1,land,verb,登陆； 降落,v 登陆； 降落；n 陆地,/lænd/,/lænd/,He was sent flying into the air and landed 20 feet away.,他被抛入空中，在20英尺以外落地。
en:coincidence:noun:2,coincidence,noun,一致； 巧合,n 一致； 巧合,/ko'ɪnsɪdəns/,/kəu'ɪnsɪdəns/,‘I’m going to Appleby tomorrow.’ ‘ What a coincidence ! I’m going there too.’,“明天我要去阿普尔比。”“太巧了！我也要去那里。”
en:victim:noun:2,victim,noun,受害人， 牺牲品,n 受害人， 牺牲品,/'vɪktɪm/,/'vɪktɪm/,The victim received head injuries from which she died a week later.,受害人头部受伤，一周后死亡。
en:department:noun:2,department,noun,部门； 系,n 部门； 系,/dɪ'pɑrtmənt/,/dɪ'pɑːtmənt/,the personnel department,人事部
en:possibility:noun:2,possibility,noun,可能， 可能性,n 可能， 可能性,"/,pɑsə'bɪləti/",/ˌpɒsə'bɪləti/,There’s always a possibility that he might go back to Seattle.,他也许会回到西雅图去，这种可能性一直存在。
en:direction:noun:1,direction,noun,方向； 说明； 说明书； 指导,n 方向； 说明； 说明书； 指导,/dəˈrɛkʃən; (also) daɪˈrɛkʃən/,/də'rekʃn/,Which direction did they go in ?,他们朝哪个方向走了？
en:exhibition:noun:2,exhibition,noun,展览， 展览会； 展品,n 展览， 展览会； 展品,/ˌɛksəˈbɪʃən/,/ˌeksɪ'bɪʃn/,...an exhibition of expressionist art.,…一场印象主义艺术展览会。
en:burn:verb:2,burn,verb,燃，烧，着火；使烧焦；,v 燃，烧，着火；使烧焦；,/bɝn/,/bɜːn/,I burnt all his old letters.,我把他以前的信全烧了。
en:garlic:noun:2,garlic,noun,大蒜,n 大蒜,/'ɡɑrlɪk/,/'gɑːlɪk/,Add a crushed clove of garlic (= single section of it ).,加一瓣压碎的大蒜。
en:alcoholic:adjective:2,alcoholic,adjective,酒精的；酒精中毒的,adj 酒精的；酒精中毒的；n 饮酒过度的人,"/,ælkə'hɔlɪk/",/ˌælkə'hɒlɪk/,alcoholic drinks,酒精饮料
en:bachelor:noun:2,bachelor,noun,学士； 单身汉,n 学士； 单身汉,/'bætʃəlɚ/,/'bætʃələ/,"Gerald was 38, and a confirmed bachelor (= a man who has decided that he will never marry ) .",杰拉德38岁，抱定主意独身。
en:countryside:noun:2,countryside,noun,乡下， 农村,n 乡下， 农村,/'kʌntrɪsaɪd/,/'kʌntrisaɪd/,The house had lovely views over open countryside .,这房子望出去是开阔的乡村美景。
en:chief:adjective:1,chief,adjective,主要的，首要的,adj 主要的，首要的；n 领导,/tʃif/,/tʃiːf/,He was recently appointed chief economist at the Bank of Scotland.,他最近被任命为苏格兰银行的首席经济学家。
en:automatic:adjective:2,automatic,adjective,自动的， 机械的,adj 自动的， 机械的,/'ɔtə'mætɪk/,/ˌɔːtə'mætɪk/,an automatic weapon,自动武器
en:lamp:noun:2,lamp,noun,灯， 油灯； 光源,n 灯， 油灯； 光源,/læmp/,/læmp/,She switched on the bedside lamp.,她打开了床头灯。
en:cry:verb:2,cry,verb,喊叫； 哭,v 喊叫； 哭；n 喊；哭声,/kraɪ/,/kraɪ/,‘Stop!’ she cried.,“停下！”她喊道。
en:antarctic:adjective:1,Antarctic,adjective,南极的,adj 南极的；n 南极地区,/æntˈɑrktɪk/,/æn'tɑːktɪk/,I like to read his Antarctic adventures.,我喜欢读他的南极种种的冒险事迹。
en:conduct:verb:2,conduct,verb,引导； 管理,vt 引导； 管理,/kən'dʌkt/,/kən'dʌkt/,"Aluminium, being a metal, readily conducts heat .",铝这种金属导热性能很好。
en:bury:verb:2,bury,verb,埋， 葬,vt 埋， 葬,/'bɛri/,/'beri/,Electric cables are buried beneath the streets.,电缆埋在街道的下面。
en:obey:verb:2,obey,verb,服从， 顺从,v 服从， 顺从,/ə'be/,/ə'beɪ/,The little boy made no effort to obey.,这小男孩不肯服从。
en:stable:adjective:1,stable,adjective,稳定的,adj 稳定的,/'stebl/,/'steɪbl/,A wide base will make the structure much more stable.,宽大的底座会使结构牢固许多。
en:lamb:noun:2,lamb,noun,羔羊； 羔羊肉,n 羔羊； 羔羊肉,/læm/,/læm/,roast lamb,烤羊肉
en:fantastic:adjective:2,fantastic,adjective,极好的， 美妙的， 很棒的,adj 极好的， 美妙的， 很棒的,/fæn'tæstɪk/,/fæn'tæstɪk/,You look fantastic!,你看上去棒极了！
en:changeable:adjective:2,changeable,adjective,易变的， 变化无常的,adj 易变的， 变化无常的,/'tʃendʒəbl/,/'tʃeɪndʒəbl/,changeable weather,变化无常的天气
en:spoken:adjective:2,spoken,adjective,口语的,adj 口语的,/'spokən/,/'spəukən/,How do you think of your proficiency in written and spoken English?,你认为你的书面英语和口头英语熟练程度如何？
en:respond:verb:2,respond,verb,回答； 做出反应,v 回答； 做出反应,/rɪ'spɑnd/,/rɪ'spɒnd/,They are likely to respond positively to the president's request for aid.,他们有可能积极地回应该总统的援助请求。
en:incident:noun:2,incident,noun,事件,n 事件,/'ɪnsɪdənt/,/'ɪnsɪdənt/,Am I at risk because of some incident in my sexual past?,我过去性生活中的某件事会使我处于危险境地吗？
en:walk:verb:1,walk,verb,走路， 步行,v 走路， 步行；n 散步,/wɔk/,/wɔːk/,‘How did you get here?’ ‘We walked.’,“你们是怎么来这里的？”“我们是步行来的。”
en:lame:adjective:2,lame,adjective,跛的； 残废的,adj 跛的； 残废的,/lem/,/leɪm/,a lame dog,一条瘸腿的狗
en:marry:verb:2,marry,verb,和…结婚,v 和…结婚,/'mæri/,/'mæri/,He married Bea in 1925.,他在1925年娶了贝亚。
en:pity:noun:2,pity,noun,怜悯， 同情； 憾事,n 怜悯， 同情； 憾事,/'pɪti/,/'pɪti/,I listened to Jason’s story with pity.,我同情地听贾森讲述他的故事。
en:absorb:verb:2,absorb,verb,吸收； 吸引,vt 吸收； 吸引,/æbˈsɔrb; æbˈzɔrb; əbˈsɔrb/,/əb'zɔːb/,Plants absorb nutrients from the soil.,植物从土壤中吸收养分。
en:supply:verb:1,supply,verb,供给， 提供,v 供给， 提供；n 供给；供应品,/sə'plaɪ/,/sə'plaɪ/,Paint for the project was supplied by the city.,该项目所用油漆由市政府提供。
en:uncertain:adjective:2,uncertain,adjective,不确定的,adj 不确定的,/ʌn'sɝtn/,/ʌn'sɜːtn/,My whole future now seemed uncertain.,现在我的前途似乎是个未知数。
en:concern:noun:1,concern,noun,关系；关心,n 关系；关心；vt 涉及， 关系到,/kən'sɝn/,/kən'sɜːn/,His main concern is to be able to provide for his family.,他最为关心的事就是能够养家。
en:circulate:verb:2,circulate,verb,使流通； 使运行,vt 使流通； 使运行,/'sɝkjəlet/,/'sɜːkjəleɪt/,The document was previously circulated in New York at the United Nations.,这份文件过去曾在纽约的联合国总部传阅过。
en:liberty:noun:2,liberty,noun,自由,n 自由,/'lɪbɚti/,/'lɪbəti/,the fight for liberty and equality,争取自由和平等的斗争
en:recycle:verb:2,recycle,verb,再循环， 回收,v 再循环， 回收,"/,ri'saɪkl/",/ˌriː'saɪkl/,We take all our bottles to be recycled.,我们把我们所有的瓶子都回收利用。
en:let:verb:2,let,verb,让,vt 让,/lɛt/,/let/,I can’t come out tonight – my dad won’t let me.,今天晚上我不能出来，我爸爸不允许。
en:state:noun:2,state,noun,状态；国家；州,n 状态；国家；州；vt 宣称,/stet/,/steɪt/,She was in an extremely confused state of mind .,她思绪纷乱。
en:press:verb:2,press,verb,压，按,vt 压，按；n 压， 按； 新闻界， 出版社,/prɛs/,/pres/,Manville kept his back pressed flat against the wall.,曼维尔后背紧紧地贴在墙上。
en:welcome:noun:1,welcome,noun,欢迎,n&vt&adj 欢迎,/ˈwɛlkəm/,/'welkəm/,I must be there to welcome my guests.,我必须在那里迎接我的客人。
en:confidential:adjective:2,confidential,adjective,极受信任的； 秘密的,adj 极受信任的； 秘密的,"/,kɑnfɪ'dɛnʃl/",/ˌkɒnfɪ'denʃl/,a confidential government report,一份机密的政府报告
en:chaos:noun:2,chaos,noun,混乱,n 混乱,/'keɑs/,/'keɪɒs/,The country was plunged into economic chaos.,这个国家陷入了经济大混乱。
en:abundant:adjective:2,abundant,adjective,丰富的， 充裕的,adj 丰富的， 充裕的,/ə'bʌndənt/,/ə'bʌndənt/,an abundant supply of fresh water,充足的淡水供应
en:want:verb:2,want,verb,想要， 需要,v 想要， 需要,/wɔ:nt; wɔnt/,/wɒnt/,I really want a drink.,我很想喝一杯。
en:pace:noun:2,pace,noun,步子， 步速； 节奏,n 步子， 步速； 节奏,/pes/,/peɪs/,"He quickened his pace , longing to be home.",他加快步伐，盼望着早点回到家中。
en:ballet:noun:2,ballet,noun,芭蕾舞， 芭蕾舞剧,n 芭蕾舞， 芭蕾舞剧,/bæ'le/,/'bæleɪ/,We’re going to the ballet tomorrow evening.,我们明天晚上要去看芭蕾舞演出。
en:opposite:adjective:2,opposite,adjective,相反的， 对面的,adj 相反的， 对面的；n 相反，对面；对立面，对立物,/ˈɑpəzɪt; ˈɑpəsɪt/,/'ɒpəzɪt/,"I thought the medicine would make him sleep, but it had the opposite effect.",我以为这药会让他睡觉，但是它却起了反作用。
en:forecast:noun:1,forecast,noun,预知,n 预知；vt 预告， 预测,/'fɔrkæst/,/'fɔːkɑːst/,The weather forecast is good for tomorrow.,天气预报说明天是晴天。
en:recognize:verb:1,recognize,verb,认出； 承认,vt 认出； 承认,/ˈrɛkəɡˌnaɪz/,/'rekəgnaɪz/,I didn’t recognize you in your uniform.,你穿上制服我认不出你了。
en:warehouse:noun:2,warehouse,noun,仓库； 大商店,n 仓库； 大商店,/'wɛrhaʊs/,/'weəhaus/,Each warehouse reports back to the retailer which portion (if any) of the customer order it was able to fulfil.,每个仓库把它能完成客户定单的哪个部分（如果有）的报告返回给零售商。
en:pack:verb:1,pack,verb,包装， 整理,v 包装， 整理；n 包，背包；一群,/pæk/,/pæk/,I forgot to pack my razor.,我忘记把剃须刀放入行李包了。
en:each:adjective:2,each,adjective,每人， 每个， 每件,adj&pron 每人， 每个， 每件,/itʃ/,/iːtʃ/,Nobel for each and every one of us.,一个我们每一个人的诺贝尔和平奖。
en:abnormal:adjective:2,abnormal,adjective,反常的； 变态的,adj 反常的； 变态的,/æbˈnɔːrml/,/æb'nɔːml/,abnormal behaviour,反常行为
en:difference:noun:2,difference,noun,不同,n 不同,/'dɪfrəns/,/'dɪfrəns/,an adventure holiday with a difference,非同一般的历险度假
en:must:modal-verb:1,must,modal verb,必须,modal verb 必须；n 必须做的事；必不可少的东西,/mʌst/,/mʌst/,All passengers must wear seat belts.,所有乘客都必须系安全带。
en:circle:verb:1,circle,verb,围起来， 环绕,v 围起来， 环绕；n 圆圈,/'sɝkl/,/'sɜːkl/,This is the road that circles the city.,这就是那条环城路。
en:resign:verb:2,resign,verb,辞去， 辞职,v 辞去， 辞职,/rɪ'zaɪn/,/rɪ'zaɪn/,A hospital administrator has resigned over claims he lied to get the job.,一位医院主管因为有人声称他的职位是骗来的而辞职了。
en:drier:noun:2,drier,noun,烘干机， 吹风机,n 烘干机， 吹风机,/'draɪɚ/,/'draɪə/,"If you buy a drier, look for one with a sensor which switches off when clothes are dry.",你若要买烘干机，找一台带感应器的，可以在衣服干的时候自动断电。
en:bathe:verb:2,bathe,verb,洗澡， 沐浴， 浸洗,v 洗澡， 沐浴， 浸洗,/beð/,/beɪð/,"I bathed, washed my hair, and got dressed.",我洗了澡，洗了头，然后穿上衣服。
en:polite:adjective:2,polite,adjective,有礼貌的， 有教养的,adj 有礼貌的， 有教养的,/pə'laɪt/,/pə'laɪt/,She’s always very polite.,她总是很有礼貌。
en:cut:verb:1,cut,verb,切，剪，削，割；删节,v 切，剪，削，割；删节；n 伤口,/kʌt/,/kʌt/,They’re introducing CCTV cameras in an attempt to cut street crime in the area.,为了减少该地区的街头犯罪，他们安装了闭路电视摄像机。
en:entertainment:noun:2,entertainment,noun,娱乐； 娱乐表演,n 娱乐； 娱乐表演,/ˌɛntɚ'tenmənt/,/ˌentə'teɪnmənt/,The town provides a wide choice of entertainment.,该镇提供各式各样的娱乐活动。
en:probably:adverb:1,probably,adverb,很可能， 大概,adv 很可能， 大概,/'prɑbəbli/,/'prɒbəbli/,The White House probably won't make this plan public until July.,白宫可能要到7月份才会公布这项计划。
en:document:noun:2,document,noun,文件， 文献,n 文件， 文献,/dɑkjəmənt/,/'dɒkjumənt/,She produces legal documents for a downtown Seattle law firm.,她为西雅图市区的一家法律事务所撰写法律文件。
en:aluminum:noun:1,aluminum,noun,铝,n 铝,/ə'lʊmɪnəm/,/ˌæljə'mɪniəm/,We take all our aluminum cans for recycling.,我们将所有的铝罐回收再利用。
en:ward:verb:1,ward,verb,保卫，看护,vt 保卫，看护；n 病房， 收容所,/wɔrd/,/wɔːd/,the other patients in the ward,病房里的其他病人
en:starve:verb:2,starve,verb,饿死， 挨饿,v 饿死， 挨饿,/stɑrv/,/stɑːv/,Thousands of people will starve if food doesn’t reach the city.,如果食品不能运到那座城市，成千上万的人就要饿死。
en:prize:noun:2,prize,noun,奖赏， 奖品， 奖金,n 奖赏， 奖品， 奖金,/praɪz/,/praɪz/,"In this month’s competition you could win a prize worth £3,000.","在本月的竞赛中您可以赢得价值3,000英镑的奖品。"
en:accident:noun:2,accident,noun,事故， 意外事件,n 事故， 意外事件,/'æksədənt/,/'æksɪdənt/,"Over 70,000 people are seriously injured every year in road accidents.",每年在道路事故中受重伤的有七万多人。
en:clay:noun:2,clay,noun,黏土； 泥土,n 黏土； 泥土,/kle/,/kleɪ/,...the heavy clay soils of Georgia.,…佐治亚州厚重的黏土的土壤。
en:moment:noun:2,moment,noun,[C] 片刻， 瞬间， 刹那,n [C] 片刻， 瞬间， 刹那,/'momənt/,/'məumənt/,He was here a moment ago .,他刚刚还在这里。
en:anyway:adverb:2,anyway,adverb,不管怎样,adv 不管怎样,/'ɛnɪ'we/,/'eniweɪ/,"I don't know why I settled on Miami, but anyway I did.",我不知道为什么我落户到了迈阿密，但不管怎样我做了。
en:promote:verb:2,promote,verb,促进； 提升； 推销,vt 促进； 提升； 推销,/prə'mot/,/prə'məut/,You don't have to sacrifice environmental protection to promote economic growth.,你们没有必要牺牲环保来促进经济增长。
en:routine:noun:2,routine,noun,常规， 日常事务,n 常规， 日常事务,/rʊ'tin/,/ruː'tiːn/,John’s departure had upset their daily routine .,约翰的离去打乱了他们的日常生活。
en:found:verb:2,found,verb,成立， 建立,vt 成立， 建立,/faʊnd/,/faund/,"Founded in 1935 in Ohio, Alcoholics Anonymous is now a world-wide organization.",嗜酒者互诫协会1935年创立于俄亥俄州，现在是一个世界性的组织。
en:tear:verb:1,tear,verb,扯破， 撕开,v 扯破， 撕开；n 眼泪,/(for v.) ˈter; (for n.) ˈtir/,/(for v.) ˈtɛː; (for n.) ˈtɪə/,Have you sewn up the tear in my coat?,你把我大衣上那个撕破的口子缝起来了吗？
en:excuse:noun:2,excuse,noun,借口， 理由,n 借口， 理由；vt 原谅， 宽恕,/ɪkˈskjus; ɪkˈskjuz/,/ɪkˈskju:s; ɪkˈskju:z/,I’m tired of listening to his excuses.,我听厌了他的种种理由。
en:attack:verb:1,attack,verb,攻击， 袭击,v&n 攻击， 袭击,/ə'tæk/,/ə'tæk/,a bomb attack,炸弹袭击
en:spoonful:noun:2,spoonful,noun,一匙,n 一匙,/'spʊn'fʊl/,/'spuːnful/,He took a spoonful of the stew and ate it.,他舀起一匙炖菜吃了下去。
en:humour:noun:2,humour,noun,幽默， 幽默感,n 幽默， 幽默感,/'hju:mə/,/'hjuːmə/,his humour and charm,他的幽默感和魅力
en:divorce:noun:1,divorce,noun,离婚,n 离婚；vt 使离婚,/dɪ'vɔrs/,/dɪ'vɔːs/,Why doesn’t she get a divorce ?,她为什么不离婚呢？
en:currency:noun:2,currency,noun,货币,n 货币,/ˈkɜrənsi/,/'kʌrənsi/,The bank can supply you with foreign currency .,这家银行能为你提供外币。
en:distribute:verb:2,distribute,verb,分布； 分配,v 分布； 分配,/dɪ'strɪbjut/,/dɪ'strɪbjuːt/,a man distributing leaflets to passers-by,一个向路人派发传单的男子
en:worried:adjective:2,worried,adjective,担心的； 烦恼的,adj 担心的； 烦恼的,/'wɝrɪd/,/'wʌrid/,She gave me a worried look.,她担心地看了我一眼。
en:attach:verb:2,attach,verb,系上， 贴上,vt 系上， 贴上,/ə'tætʃ/,/ə'tætʃ/,We attach labels to things before we file them away.,我们在把东西归档前先给它们贴上标签。
en:canal:noun:2,canal,noun,运河； 水道,n 运河； 水道,/kə'næl/,/kə'næl/,We walked along by the side of the canal.,我们沿着运河边往前走。
en:shout:verb:2,shout,verb,呼喊， 呼叫,v 呼喊， 呼叫；n [C]喊，高声呼喊,/ʃaʊt/,/ʃaut/,There’s no need to shout! I can hear you!,用不着大声喊叫！我听得见！
en:escape:verb:2,escape,verb,逃跑， 逃脱； 避开,v&n 逃跑， 逃脱； 避开,/ɪˈskep/,/ɪ'skeɪp/,He broke down the locked door and escaped.,他砸开上锁的门，逃走了。
en:flashlight:noun:2,flashlight,noun,手电筒； 闪光信号,n 手电筒； 闪光信号,/'flæʃlaɪt/,/'flæʃlaɪt/,,
en:ankle:noun:2,ankle,noun,脚踝,n 脚踝,/'æŋkl/,/'æŋkl/,slender ankles,纤细的脚踝
en:situation:noun:2,situation,noun,形势， 情况,n 形势， 情况,/ˌsɪtʃʊˈeʃən/,/ˌsɪtʃu'eɪʃn/,I explained the situation to everyone.,我向大家介绍了一下情况。
en:think:verb:2,think,verb,想， 思索； 认为,v 想， 思索； 认为,/θɪŋk/,/θɪŋk/,I thought I heard something.,我觉得我听到了什么声音。
en:receive:verb:2,receive,verb,收到， 得到,v 收到， 得到,/rɪ'siv/,/rɪ'siːv/,All the children will receive a small gift.,每个孩子都会收到一份小礼物。
en:thirst:noun:2,thirst,noun,渴， 口渴,n 渴， 口渴,/θɝst/,/θɜːst/,Ice water is the only thing that really quenches my thirst (= gets rid of it ) .,只有冰水才能让我真正解渴。
en:participate:verb:2,participate,verb,参加， 参与,vi 参加， 参与,/pɑr'tɪsə'pet/,/pɑː'tɪsɪpeɪt/,Some members refused to participate.,有些会员拒绝参加。
en:surplus:noun:2,surplus,noun,剩余， 过剩,n 剩余， 过剩,/'sɝpləs/,/'sɜːpləs/,Any surplus can be trimmed away.,多出来的部分可以修剪掉。
en:refresh:verb:2,refresh,verb,精神振作； 更新,v 精神振作； 更新,/ri'frɛʃ/,/rɪ'freʃ/,A shower will refresh you.,洗个淋浴你就凉快了。
en:librarian:noun:2,librarian,noun,图书管理员， 图书馆馆长,n 图书管理员， 图书馆馆长,/laɪ'brɛrɪən/,/laɪ'breəriən/,The new librarian is a friend of mine.,这位新来的图书管理员是我的朋友。
en:theft:noun:2,theft,noun,盗窃案,n 盗窃案,/θɛft/,/θeft/,Car theft is on the increase.,汽车盗窃案在上升。
en:religion:noun:2,religion,noun,宗教,n 宗教,/rɪ'lɪdʒən/,/rɪ'lɪdʒən/,The U.S. Constitution promises freedom of religion.,美国宪法保证宗教信仰自由。
en:diagram:noun:2,diagram,noun,图表， 图样,n 图表， 图样,/'daɪəɡræm/,/'daɪəgræm/,This diagram will illustrate what I mean.,这个图表可说明我的意思。
en:claw:noun:2,claw,noun,爪,n 爪,/klɔ/,/klɔː/,The cat dug his claws into my leg.,猫的爪子抓进了我的腿中。
en:prayer:noun:2,prayer,noun,祈祷,n 祈祷,/prɛr/,/preə/,Our thoughts and prayers are with you at this difficult time.,在这艰难时期我们时刻思念你，为你祈祷。
en:speech:noun:2,speech,noun,演讲,n 演讲,/spitʃ/,/spiːtʃ/,He has to make a lot of after-dinner speeches .,他经常要发表席后演说。
en:watch:verb:2,watch,verb,观察， 观看,v 观察， 观看；n 手表,/wɑtʃ/,/wɒtʃ/,Do you mind if I watch?,你介意我看着吗？
en:clap:verb:2,clap,verb,拍手， 鼓掌,v 拍手， 鼓掌,/klæp/,/klæp/,"One man began to clap, and others joined in.",一个人鼓起了掌，其他人也跟着鼓掌。
en:quit:verb:2,quit,verb,离开； 停止,v 离开； 停止,/kwɪt/,/kwɪt/,He quit his job after an argument with a colleague.,他和一个同事争吵后就辞职了。
en:polish:verb:1,polish,verb,擦亮， 磨光； 润色,v 擦亮， 磨光； 润色,/'pɑlɪʃ/,/'pɒlɪʃ/,I spent all afternoon polishing the silver.,我整个下午都在擦拭银器。
en:chart:noun:2,chart,noun,图表； 航海图,n 图表； 航海图,/tʃɑrt/,/tʃɑːt/,a chart showing last year’s sales,显示去年销售情况的一份图表
en:insurance:noun:2,insurance,noun,保险,n 保险,/ɪn'ʃʊrəns/,/ɪn'ʃuərəns/,Your father took out insurance to cover the mortgage.,你父亲购买了抵押借款保险。
en:medical:adjective:2,medical,adjective,医学的， 医疗的,adj 医学的， 医疗的,/'mɛdɪkl/,/'medɪkl/,medical research,医学研究
en:principle:noun:2,principle,noun,原则； 原理,n 原则； 原理,/'prɪnsəpl/,/'prɪnsəpl/,Schools try to teach children a set of principles.,学校设法教给孩子们一套道德准则。
en:till:conjunction:1,till,conjunction,直到， 直到…为止,conj&prep 直到， 直到…为止,/tɪl/,/tɪl/,I didn’t have a boyfriend till I was 17.,我直到17岁才有男朋友。
en:attend:verb:2,attend,verb,出席， 参加； 专心， 考虑； 看护， 照料,v 出席， 参加； 专心， 考虑； 看护， 照料,/ə'tɛnd/,/ə'tend/,Only 12 people attended the meeting.,只有12个人出席了会议。
en:goods:noun:2,goods,noun,商品， 货物,n 商品， 货物,/ɡʊdz/,/gudz/,the large market for consumer goods,庞大的消费品市场
en:lie:verb:2,lie,verb,躺，卧，平放；位于,vi 躺，卧，平放；位于；n 谎言；vt 说谎,,/laɪ/,The town lies in a small wooded valley.,该城镇坐落于一个林木茂盛的山谷中。
en:secure:adjective:2,secure,adjective,安全的， 可靠的； 放心的， 无虑的,adj 安全的， 可靠的； 放心的， 无虑的,/sə'kjʊr/,/sɪ'kjuə/,There are no secure jobs these days.,如今已经没有铁饭碗了。
en:smell:noun:1,smell,noun,气味,n 气味；v 闻出，闻到，嗅到,/smɛl/,/smel/,What’s that horrible smell?,是什么味道，这么难闻？
en:used-to:verb:1,used to,verb,过去常常,v 过去常常,,,He used to go to our school.,他曾在我们学校就读。
en:unable:adjective:2,unable,adjective,不能的， 不能胜任的,adj 不能的， 不能胜任的,/ʌn'ebl/,/ʌn'eɪbl/,The military may feel unable to hand over power to a civilian president next year.,军方可能觉得无法在明年把政权移交给一位民选总统。
en:glare:verb:1,glare,verb,瞪眼，怒目而视；闪耀,v 瞪眼，怒目而视；闪耀；n 强光,/ɡlɛr/,/gleə/,The old woman glared at him.,那个老妇人怒视着他。
en:disappointed:adjective:1,disappointed,adjective,失望的,adj 失望的,/'dɪsə'pɔɪntɪd/,/ˌdɪsə'pɔɪntɪd/,Dad seemed more disappointed than angry.,与其说爸爸生气，倒不如说他失望。
en:irrigation:noun:2,irrigation,noun,灌溉,n 灌溉,/ˌɪrɪˈɡeʃn/,/ˌɪrɪ'geɪʃn/,Small blockages or collapses of the canal would choke the intricate irrigation networks.,运河的小堵塞或倒塌都会阻塞整个负责的灌溉网络。
en:late:adverb:1,late,adverb,晚， 迟,adv 晚， 迟；adj 晚的，迟的,/let/,/leɪt/,The stores are open later on Thursdays.,商店星期四开门较晚。
en:continue:verb:2,continue,verb,延伸； 继续,v 延伸； 继续,/kən'tɪnju/,/kən'tɪnjuː/,He will be continuing his education in the US.,他将在美国继续求学。
en:shoot:verb:2,shoot,verb,射击，射中；摄影,vt 射击，射中；摄影；n 嫩枝， 苗， 芽,/ʃut/,/ʃuːt/,Police shot one suspect when he pulled a gun on them.,警方在一名嫌疑人拔枪指着他们时击毙了他。
en:realize:verb:2,realize,verb,认识到； 实现,vt 认识到； 实现,/ˈriəˌlaɪz/,/'riːəlaɪz/,It took us a while to realize the extent of the tragedy.,我们过了一段时间才意识到这场悲剧有多严重。
en:budget:noun:2,budget,noun,预算,n 预算,/'bʌdʒɪt/,/'bʌdʒɪt/,We had a really tight budget .,我们的预算很紧。
en:actual:adjective:2,actual,adjective,实际的， 现实的,adj 实际的， 现实的,/'æktʃuəl/,/'æktʃuəl/,I’m not joking. Those were his actual words.,我没开玩笑，那都是他的原话。
en:tension:noun:2,tension,noun,紧张， 不安； 拉紧， 绷紧； 压力， 张力,n 紧张， 不安； 拉紧， 绷紧； 压力， 张力,/'tɛnʃən/,/'tenʃn/,"The tension was becoming unbearable, and I wanted to scream.",这种紧张变得难以忍受，我真想大声尖叫。
en:chest:noun:2,chest,noun,箱子； 胸部,n 箱子； 胸部,/tʃɛst/,/tʃest/,Her heart was pounding in her chest.,她的心在胸口怦怦直跳。
en:eastern:adjective:2,eastern,adjective,东方的， 东部的,adj 东方的， 东部的,/'istɚn/,/'iːstən/,the eastern shore of the island,岛的东岸
en:marathon:noun:2,marathon,noun,马拉松,n 马拉松,"/'mærə,θɑn/",/'mærəθən/,the Boston Marathon,波士顿马拉松赛
en:last:determiner:1,last,determiner,最近的，最近一段时间的，最近一次的,determiner 最近的，最近一段时间的，最近一次的；adv 最近，上次；v (使)持续；n 鞋楦,/læst/,/lɑːst/,I hadn’t seen him since the last meeting.,自从上次会面后，我再没有见到他。
en:adapt:verb:2,adapt,verb,适应； 改编,v 适应； 改编,/ə'dæpt/,/ə'dæpt/,The ability to adapt is a definite asset in this job.,适应能力是做这份工作的绝对有利条件。
en:wash:verb:1,wash,verb,洗涤，冲刷,v 洗涤，冲刷；n 洗； 洗的衣服,/wɔʃ/,/wɒʃ/,This shirt needs washing.,这件衬衫该洗洗了。
en:weight:noun:2,weight,noun,重量,n 重量,/wet/,/weɪt/,The average weight of a baby at birth is just over seven pounds.,婴儿的平均出生体重是七磅多一点。
en:doubt:noun:2,doubt,noun,怀疑， 疑惑,n&v 怀疑， 疑惑,/daʊt/,/daut/,There was still one little nagging doubt at the back of his mind.,他的心头仍有一丝挥之不去的疑虑。
en:cheerful:adjective:2,cheerful,adjective,兴高采烈的， 快活的,adj 兴高采烈的， 快活的,/'tʃɪrfl/,/'tʃɪəfl/,She’s feeling more cheerful today.,今天她高兴些了。
en:uncomfortable:adjective:2,uncomfortable,adjective,不舒服的， 不安的,adj 不舒服的， 不安的,/ʌn'kʌmftəbl/,/ʌn'kʌmftəbl/,This sofa is so uncomfortable.,这张沙发太不舒服了。
en:develop:verb:2,develop,verb,发展； 发育； 开发； 冲洗,v 发展； 发育； 开发； 冲洗,/dɪ'vɛləp/,/dɪ'veləp/,Knowledge in the field of genetics has been developing very rapidly.,遗传学领域的知识发展非常迅速。
en:misunderstand:verb:2,misunderstand,verb,误会， 不理解,vt 误会， 不理解,"/,mɪsʌndɚ'stænd/",/ˌmɪsʌndə'stænd/,"Rachel, you must have misunderstood her! Ellie would never say something like that.",雷切尔，你一定是误会她了！埃莉绝不会说那样的话。
en:warn:verb:1,warn,verb,警告； 预告,vt 警告； 预告,/wɔrn/,/wɔːn/,"‘Be careful, the rocks are slippery,’ Alex warned.",“小心，岩石很滑。”亚历克斯提醒说。
en:measure:verb:1,measure,verb,测量；权衡,v 测量；权衡；n 方法， 措施,/'mɛʒɚ/,/'meʒə/,The rainfall was measured over a three-month period.,对三个月内的降雨量进行了测量。
en:guilty:adjective:2,guilty,adjective,有罪的， 犯法的； 内疚的,adj 有罪的， 犯法的； 内疚的,/'ɡɪlti/,/'gɪlti/,She looked self-conscious and guilty.,她看上去很不自然，很内疚的样子。
en:crossroads:noun:2,crossroads,noun,十字路口,n 十字路口,/'krɔsrodz/,/'krɒsrəudz/,The car was approaching the crossroads.,汽车正驶近交叉路口。
en:district:noun:2,district,noun,区， 地区,n 区， 地区,/'dɪstrɪkt/,/'dɪstrɪkt/,a postal district,邮政区
en:receipt:noun:2,receipt,noun,收据； 收到， 接收,n 收据； 收到， 接收,/rɪ'sit/,/rɪ'siːt/,Keep your receipt in case you want to bring it back.,保留收据以备退货之需。
en:assume:verb:2,assume,verb,假定， 设想； 承担,vt 假定， 设想； 承担,/ə'sum/,/ə'sjuːm/,I think we can safely assume (= it is almost certain ) that interest rates will go up again soon.,我想我们几乎可以肯定，利率很快会再次上调。
en:swim:verb:2,swim,verb,游泳； 游,vi 游泳； 游,/swɪm/,/swɪm/,Let’s go swimming this afternoon.,今天下午我们游泳去吧。
en:full:adverb:1,full,adverb,完整地， 十分地,adv 完整地， 十分地；adj 满的，充满的，完全的,/fʊl/,/ful/,The train was completely full.,火车坐得满满的。
en:basement:noun:2,basement,noun,地下室,n 地下室,/'besmənt/,/'beɪsmənt/,They bought an old schoolhouse to live in and built a workshop in the basement.,他们买了座旧校舍居住，还在地下室建了个作坊。
en:pepper:noun:2,pepper,noun,胡椒粉,n 胡椒粉,/'pɛpɚ/,/'pepə/,salt and pepper,盐和胡椒粉
en:chant:verb:1,chant,verb,唱；歌颂,v 唱；歌颂；n 圣歌， 赞美诗,/tʃænt/,/tʃɑːnt/,protesters chanting anti-government slogans,反复呼喊反政府口号的抗议者
en:capsule:noun:2,capsule,noun,胶囊； 太空舱,n 胶囊； 太空舱,/ˈkæpsl;/,/'kæpsjuːl/,a space capsule orbiting the Earth,沿地球轨道飞行的太空舱
en:away:adverb:2,away,adverb,离开， 远离,adv 离开， 远离,/əˈwe/,/ə'weɪ/,Go away!,走开！
en:memory:noun:2,memory,noun,回忆， 记忆,n 回忆， 记忆,/'mɛməri/,/'meməri/,He has lots of happy memories of his stay in Japan.,他对在日本逗留的那段时光有许多美好的回忆。
en:concept:noun:2,concept,noun,概念， 观念,n 概念， 观念,/'kɑnsɛpt/,/'kɒnsept/,a new concept in business travel,商务旅行的新理念
en:motivation:noun:2,motivation,noun,动机,n 动机,"/,motə'veʃən/",/ˌməutɪ'veɪʃn/,"Jack is an intelligent pupil, but he lacks motivation.",杰克是一个很聪明的学生，但学习不够主动。
en:impossible:adjective:2,impossible,adjective,不可能的， 办不到的,adj 不可能的， 办不到的,/ɪm'pɑsəbl/,/ɪm'pɒsəbl/,‘I want to speak to Mr Franks.’ ‘I’m afraid that’s impossible.’,“我想和弗兰克斯先生谈谈。”“恐怕不行。”
en:effort:noun:2,effort,noun,努力， 艰难的尝试,n 努力， 艰难的尝试,/'ɛfɚt/,/'efət/,please make an effort to be polite.,请尽量礼貌些。
en:wave:verb:2,wave,verb,挥手；摇动,v 挥手；摇动；n 波， 波浪,/wev/,/weɪv/,Enid waved at us and we waved back.,伊妮德向我们挥手，我们也向她挥手。
en:disaster:noun:2,disaster,noun,灾难， 祸患,n 灾难， 祸患,/dɪ'zæstɚ/,/dɪ'zɑːstə/,One hundred and twenty people died in China’s worst air disaster .,有120人在中国这起最惨烈的空难事故中丧生。
en:anything:pronoun:2,anything,pronoun,某事 ； 任何事,pron 某事 ； 任何事,/'ɛnɪ'θɪŋ/,/'eniθɪŋ/,You can buy anything you want.,你想要什么都可以买。
en:agriculture:noun:2,agriculture,noun,农业， 农学,n 农业， 农学,/'æɡrɪkʌltʃɚ/,/'ægrɪkʌltʃə/,More than 75% of the land is used for agriculture.,75%以上的土地用于农耕。
en:grocer:noun:2,grocer,noun,零售商人； 食品店,n 零售商人； 食品店,/ɡrosɚ/,/'grəusə/,The grocer sells wine and spirits.,这位食品商出售葡萄酒和烈性酒。
en:ecology:noun:2,ecology,noun,生态学,n 生态学,/ɪ'kɑlədʒi/,/i'kɒlədʒi/,the natural ecology of the Earth,地球的自然生态
en:stare:verb:2,stare,verb,盯着看， 凝视,v 盯着看， 凝视,/stɛr/,/steə/,She sat there staring into space (= looking for a long time at nothing ) .,她坐在那里，出神地凝视前方。
en:painful:adjective:2,painful,adjective,痛苦的； 疼痛的,adj 痛苦的； 疼痛的,/'penfl/,/'peɪnfl/,stiff painful joints,僵硬疼痛的关节
en:steady:adjective:2,steady,adjective,稳固的； 平稳的,adj 稳固的； 平稳的,/'stɛdi/,/'stedi/,Paul is making steady progress.,保罗逐渐在进步。
en:vote:verb:1,vote,verb,选举， 投票,v 选举， 投票,/vot; voʊt/,/vəut/,In 1918 British women got the right to vote.,1918年，英国妇女获得了选举权。
en:early:adverb:1,early,adverb,早， 在早期,adv 早， 在早期；adj 早的，早期的,/'ɝli/,/'ɜːli/,The restaurant opened earlier this month.,这家餐馆本月早些时候开业了。
en:harvest:noun:2,harvest,noun,收割； 收获,n&v 收割； 收获,/'hɑrvɪst/,/'hɑːvɪst/,The company is now reaping the harvest of careful planning.,公司现在尝到了精心规划带来的甜头。
en:pain:noun:2,pain,noun,疼痛；,n 疼痛；,/pen/,/peɪn/,The pain is getting worse.,疼得越来越厉害了。
en:disease:noun:2,disease,noun,病， 疾病,n 病， 疾病,/dɪ'ziz/,/dɪ'ziːz/,His father died of heart disease.,他父亲死于心脏病。
en:start:noun:1,start,noun,开始， 着手； 出发,n&v 开始， 着手； 出发,/stɑrt/,/stɑːt/,There’s so much to do. I don’t know where to start.,有那么多的事情要做，我都不知道从哪里开始。
en:purchase:noun:2,purchase,noun,购买,n&vt 购买,/'pɝtʃəs/,/'pɜːtʃəs/,You can purchase insurance online.,你可以在网上买保险。
en:yet:adverb:2,yet,adverb,到目前为止； 还； 仍然,adv 到目前为止； 还； 仍然,/jɛt/,/jet/,We’ve had no luck as yet.,到目前为止，我们还没什么运气。
en:engineer:noun:2,engineer,noun,工程师； 技师,n 工程师； 技师,"/,ɛndʒɪ'nɪr/",/ˌendʒɪ'nɪə/,"He trained as a civil engineer (= one who designs and builds roads, bridges etc ).",他接受过土木工程师培训。
en:pair:noun:2,pair,noun,一双， 一对,n 一双， 一对,/pɛr/,/peə/,"earrings, £5 a pair",耳环，5英镑一副
en:manage:verb:2,manage,verb,应付过去,vi 应付过去；vt 管理；达成,/'mænɪdʒ/,/'mænɪdʒ/,I don’t know how she manages with seven children.,我不知道七个孩子她是怎么应付的。
en:equal:adjective:2,equal,adjective,平等的，相等的,adj 平等的，相等的；vt 等于， 比得上,/'ikwəl/,/'iːkwəl/,Our constitution states that all men are equal.,我们的宪法规定人人平等。
en:alike:adverb:1,alike,adverb,类似于， 以同样的方式,adv 类似于， 以同样的方式；adj 相同的，相似的,/ə'laɪk/,/ə'laɪk/,I learned a lot from teachers and students alike.,我从老师和学生身上都获益良多。
en:gravity:noun:2,gravity,noun,地心引力， 重力,n 地心引力， 重力,/ˈɡrævətɪ/,/'grævəti/,the force of gravity,重力
en:typical:adjective:2,typical,adjective,典型的； 象征性的,adj 典型的； 象征性的,/'tɪpɪkl/,/'tɪpɪkl/,typical British weather,典型的英国天气
en:bravery:noun:2,bravery,noun,勇敢， 勇气,n 勇敢， 勇气,/'brevəri/,/'breɪvəri/,an act of great bravery,非常勇敢的行为
en:finance:noun:2,finance,noun,财政， 金融,n 财政， 金融,/'faɪnæns/,/'faɪnæns/,leasing and other forms of business finance,租赁及其他商业金融形式
en:parking:noun:2,parking,noun,停车,n 停车,/'pɑrkɪŋ/,/'pɑːkɪŋ/,No Parking (= used on signs ),禁止停车
en:shadow:noun:2,shadow,noun,[C] 影子， 阴影,n [C] 影子， 阴影,/'ʃædo/,/'ʃædəu/,the long dark shadow of an old oak tree,一棵老橡树长长的影子
en:hydrogen:noun:2,hydrogen,noun,氢,n 氢,/'haɪdrədʒən/,/'haɪdrədʒən/,"At the South Pole, in a region of continuous darkness, humans could access water to produce hydrogen and oxygen.",月球南极是一个持续黑暗的区域，在这里，人类能够接触到水，以生产氢和氧。
en:put:verb:2,put,verb,放， 摆,vt 放， 摆,/pʊt/,/put/,He put the coffee on the table.,他把咖啡放在桌上。
en:climb:verb:2,climb,verb,爬， 攀登,v 爬， 攀登,/klaɪm/,/klaɪm/,Harry climbed the stairs.,哈里爬上楼梯。
en:offence:noun:2,offence,noun,犯罪； 过错； 冒犯； 攻击,n 犯罪； 过错； 冒犯； 攻击,/ə'fɛns/,/ə'fens/,Don’t be upset by what he said; he meant no offence (= did not intend to offend anyone ).,不要为他的话而生气，他并没有冒犯谁的意思。
en:carbon:noun:2,carbon,noun,碳,n 碳,/'kɑrbən/,/'kɑːbən/,They degrade into carbon and oxygen.,他们能被降解成碳和氧。
en:circus:noun:2,circus,noun,马戏团,n 马戏团,/'sɝkəs/,/'sɜːkəs/,My real ambition was to work in a circus.,我真正的理想是去马戏团工作。
en:controversial:adjective:2,controversial,adjective,争论的， 争议的,adj 争论的， 争议的,"/,kɑntrə'vɝʃl/",/ˌkɒntrə'vɜːʃl/,the controversial issue of welfare reform,福利改革这一有争议的话题
en:dinosaur:noun:2,dinosaur,noun,恐龙,n 恐龙,/ˈdaɪnəˌsɔr/,/'daɪnəsɔː/,My dinosaur and I go to school.,我的恐龙和我去上学。
en:enter:verb:2,enter,verb,进入,v 进入,/'ɛntɚ/,/'entə/,Both the boys entered the army.,两个男孩都参了军。
en:attain:verb:2,attain,verb,获得； 达到,vt 获得； 达到,/ə'ten/,/ə'teɪn/,More women are attaining positions of power.,越来越多的女性获得要职。
en:trap:verb:2,trap,verb,使陷入困境,vt 使陷入困境；n 陷阱， 圈套,/træp/,/træp/,Twenty miners were trapped underground.,20名矿工被困在地下。
en:lonely:adjective:2,lonely,adjective,孤独的， 寂寞的,adj 孤独的， 寂寞的,/'lonli/,/'ləunli/,a lonely old man,一个孤单的老人
en:tram:noun:2,tram,noun,有轨电车,n 有轨电车,/træm/,/træm/,You can get to the beach easily from the centre of town by tram.,你可以很容易地在市中心坐有轨电车到达海滩。
en:pale:adjective:1,pale,adjective,苍白的， 灰白的,adj 苍白的， 灰白的,/pel/,/peɪl/,He looked very pale and drawn.,他看上去非常苍白憔悴。
en:struggle:noun:1,struggle,noun,努力， 斗争， 挣扎,n&v 努力， 斗争， 挣扎,/'strʌɡl/,/'strʌgl/,The team has been struggling all season.,整个赛季球队都打得很艰难。
en:gallery:noun:2,gallery,noun,画廊， 美术品陈列室,n 画廊， 美术品陈列室,/'gæləri/,/'gæləri/,an exhibition of African art at the Hayward Gallery,海沃德美术馆的非洲艺术展览
en:pest:noun:2,pest,noun,害虫,n 害虫,/pɛst/,/pest/,a chemical used in pest control,用于防治虫害的一种化学品
en:warmth:noun:2,warmth,noun,温暖， 暖和； 热烈， 热情， 热心,n 温暖， 暖和； 热烈， 热情， 热心,/wɔrmθ/,/wɔːmθ/,"She went further into the room, drawn by the warmth of the fire.",她被火的温暖吸引着，走进了房间。
en:lesson:noun:2,lesson,noun,课； 功课； 教训,n 课； 功课； 教训,/'lɛsn/,/'lesn/,piano lessons,钢琴课
en:destroy:verb:2,destroy,verb,破坏， 毁坏,v 破坏， 毁坏,/dɪ'strɔɪ/,/dɪ'strɔɪ/,companies that are polluting and destroying the environment,污染和破坏环境的公司
en:supreme:adjective:2,supreme,adjective,极度的； 极大的， 最高的,adj 极度的； 极大的， 最高的,/suˈprim/,/suː'priːm/,the Supreme Allied Commander in Europe,欧洲盟军最高指挥官
en:ambulance:noun:2,ambulance,noun,救护车,n 救护车,/'æmbjələns/,/'æmbjələns/,the ambulance service,救护车服务
en:junior:adjective:2,junior,adjective,初级的； 年少的,adj 初级的； 年少的,/'dʒunɪɚ/,/'dʒuːniə/,a junior doctor,初级医生
en:coast:noun:1,coast,noun,海岸， 海滨,n 海岸， 海滨,/kost/,/kəust/,We drove along the Pacific coast to Seattle.,我们沿着太平洋海岸驾车前往西雅图。
en:shuttle:noun:2,shuttle,noun,车辆、 飞机等,n 车辆、 飞机等,/'ʃʌtl/,/'ʃʌtl/,There is a free 24-hour shuttle between the airport terminals.,在机场的各航空站之间有24小时的免费穿梭巴士。
en:provide:verb:2,provide,verb,提供,v 提供,/prə'vaɪd/,/prə'vaɪd/,Tea and biscuits will be provided.,有茶水和饼干供应。
en:allocate:verb:2,allocate,verb,分配； 配给； 拨出,vt 分配； 配给； 拨出,/'æləket/,/'æləkeɪt/,Tickets are limited and will be allocated to those who apply first.,票数有限，将分配给那些先申请的人。
en:light:verb:1,light,verb,点，变亮,vi 点，变亮；adj 明亮的； 轻的； 浅色的；n 光，灯，灯光,/laɪt/,/laɪt/,He stopped to light a cigarette.,他停下来点了一支烟。
en:valuable:adjective:2,valuable,adjective,值钱的， 贵重的,adj 值钱的， 贵重的,/ˈvæljuəbəl; ˈvæljə-/,/'væljuəbl/,a valuable painting,一幅名贵的画
en:primary:adjective:2,primary,adjective,初级的； 首要的,adj 初级的； 首要的,/'praɪmɛri/,/'praɪməri/,Our primary concern is to provide the refugees with food and health care.,我们的头等大事是向难民提供食品和医疗。
en:stubborn:adjective:2,stubborn,adjective,顽固的， 固执的； 难应付的,adj 顽固的， 固执的； 难应付的,/'stʌbɚn/,/'stʌbən/,Why are you so stubborn?,你怎么这么固执？
en:enterprise:noun:2,enterprise,noun,企业， 事业,n 企业， 事业,/'ɛntɚ'praɪz/,/'entəpraɪz/,commercial enterprises such as banks and food manufacturers,银行和食品制造厂等商业企业
en:paperwork:noun:2,paperwork,noun,文书工作,n 文书工作,/'pepɚ'wɝk/,/'peɪpəwɜːk/,Police work involves so much paperwork these days.,如今当警察也要做这么多文书工作。
en:solar:adjective:2,solar,adjective,太阳的,adj 太阳的,/'solɚ/,/'səulə/,a solar eclipse,日食
en:consume:verb:2,consume,verb,消耗； 消费,vt 消耗； 消费,/kənˈsum/,/kən'sjuːm/,Only 27% of the paper we consume is recycled.,我们消耗的纸张只有 27% 得到回收利用。
en:triangle:adjective:1,triangle,adjective,三角形的,adj 三角形的；n 三角形,/'traɪæŋɡl/,/'traɪæŋgl/,"Yes, it is like a triangle.",是的，它象一个三角形。
en:competence:noun:2,competence,noun,能力,n 能力,/'kɑmpɪtəns/,/'kɒmpɪtəns/,Typing is considered by most employers to be a basic competence.,大多数雇主认为打字是一项基本技能。
en:helmet:noun:2,helmet,noun,头盔,n 头盔,/'hɛlmɪt/,/'helmɪt/,The bullet glanced off his helmet.,那颗子弹掠过他的头盔。
en:theme:noun:2,theme,noun,主题,n 主题,/θim/,/θiːm/,The book’s theme is the conflict between love and duty.,本书的主题是爱与责任之间的冲突。
en:consult:verb:2,consult,verb,请教， 商议； 查询,v 请教， 商议； 查询,/kən'sʌlt/,/kən'sʌlt/,"If symptoms persist, consult a doctor without delay.",如果症状持续的话，马上咨询医生。
en:merely:adverb:2,merely,adverb,仅仅， 只不过,adv 仅仅， 只不过,/'mɪrli/,/'mɪəli/,He’s merely a boy – you can’t expect him to understand.,他只是个孩子——你不要指望他能理解。
en:wealth:noun:2,wealth,noun,财富,n 财富,/wɛlθ/,/welθ/,The country’s wealth comes from its oil.,这个国家的财富来自石油。
en:editor:noun:2,editor,noun,编辑,n 编辑,/'ɛdɪtɚ/,/'edɪtə/,the editor of a book of essays on modern poetry,现代诗歌论文集的编者
en:means:noun:2,means,noun,方法， 手段,n 方法， 手段,/minz/,/miːnz/,The only means of communication was sign language.,唯一的交流方法是手语。
en:chain:noun:2,chain,noun,链， 链条,n 链， 链条,/tʃen/,/tʃeɪn/,She had a gold chain around her neck.,她脖子上戴了条金项链。
en:desire:noun:2,desire,noun,渴望， 期望,n&v 渴望， 期望,/dɪ'zaɪɚ/,/dɪ'zaɪə/,The hotel has everything you could possibly desire .,这家酒店里你想要的东西应有尽有。
en:survive:verb:2,survive,verb,幸存，生还,vi 幸存，生还；vt 比…活得长,/sɚ'vaɪv/,/sə'vaɪv/,Only 12 of the 140 passengers survived.,140 名乘客中只有 12 人生还。
en:initial:adjective:2,initial,adjective,开始的， 最初的,adj 开始的， 最初的,/ɪ'nɪʃəl/,/ɪ'nɪʃl/,"an initial investment of £5,000","5,000英镑的初始投资"
en:muddy:adjective:2,muddy,adjective,泥泞的，多泥的,adj 泥泞的，多泥的,/'mʌdi/,/'mʌdi/,Take your boots off outside if they’re muddy.,要是靴子上都是泥，你就脱在门外吧。
en:consistent:adjective:2,consistent,adjective,一致的， 连贯的,adj 一致的， 连贯的,/kən'sɪstənt/,/kən'sɪstənt/,She’s the team’s most consistent player.,她是该队中表现最为稳定的选手。
en:sword:noun:2,sword,noun,剑， 刀,n 剑， 刀,/sɔːrd/,/sɔːd/,The treaty hung like a sword of Damocles over French politics.,这个条约好像一把达摩克利斯之剑悬在法国政坛之上。
en:fingernail:noun:2,fingernail,noun,手指甲,n 手指甲,/'fɪŋɡɚnel/,/'fɪŋgəneɪl/,Guess how long is the longest fingernail in the world?,请大家猜猜看世界上最长的手指甲到底有多长呢。
en:permanent:adjective:2,permanent,adjective,永久的， 持久的,adj 永久的， 持久的,/'pɝmənənt/,/'pɜːmənənt/,He gave up a permanent job in order to freelance.,他放弃了固定工作，为的是当一名自由职业者。
en:chat:verb:2,chat,verb,聊天， 闲谈,vi 聊天， 闲谈；n 聊天，闲谈,/tʃæt/,/tʃæt/,John and I sat up until the early hours chatting.,我和约翰聊到凌晨才睡。
en:fetch:verb:2,fetch,verb,去取来， 去请来,v 去取来， 去请来,/fɛtʃ/,/fetʃ/,Quick! Go and fetch a doctor.,快！去请医生来。
en:fellow:noun:2,fellow,noun,同伴， 伙伴,n 同伴， 伙伴,/'fɛlo/,/'feləu/,He stood out in terms of competence from all his fellows.,他在能力方面比他所有同事都突出。
en:choice:noun:2,choice,noun,选择， 抉择,n 选择， 抉择,/tʃɔɪs/,/tʃɔɪs/,He has to make some important choices.,他得作出一些重要的抉择。
en:travel:noun:1,travel,noun,旅行,n&vi 旅行,/'trævl/,/'trævl/,They travelled 200 miles on the first day.,他们第一天行进了200英里。
en:civilization:noun:2,civilization,noun,文明， 文化,n 文明， 文化,"/,sɪvələ'zeʃən/",/ˌsɪvəlaɪ'zeɪʃn/,modern American civilization,现代美国文明
en:before:adverb:1,before,adverb,以前,adv 以前；conj 在…之前；prep 在…以前，在…前面,/bɪ'fɔr/,/bɪ'fɔː/,Haven’t I met you before somewhere?,我以前在哪儿见过你吗？
en:fiction:noun:2,fiction,noun,小说； 虚构， 杜撰,n 小说； 虚构， 杜撰,/'fɪkʃən/,/'fɪkʃn/,romantic fiction,爱情小说
en:friendly:adjective:2,friendly,adjective,友好的,adj 友好的,/ˈfrɛndlɪ/,/'frendli/,a friendly smile,亲切的微笑
en:possession:noun:2,possession,noun,所有， 拥有； 财产， 所有物,n 所有， 拥有； 财产， 所有物,/pə'zɛʃən/,/pə'zeʃn/,That information is not in our possession.,那则信息不归我们所有。
en:tell:verb:2,tell,verb,告诉， 吩咐； 辨别， 知道,v 告诉， 吩咐； 辨别， 知道,,/tel/,I’ll tell you all about it when I get back.,我回来再告诉你这一切。
en:replace:verb:2,replace,verb,取代， 代替； 把…放回原处,vt 取代， 代替； 把…放回原处,/rɪ'ples/,/rɪ'pleɪs/,I’m replacing Sue on the team.,我将接替队里的休。
en:appointment:noun:2,appointment,noun,约会,n 约会,/ə'pɔɪntmənt/,/ə'pɔɪntmənt/,All consultations are by appointment only .,就诊必须预约。
en:stomach:noun:2,stomach,noun,[C] 胃， 胃部,n [C] 胃， 胃部,/'stʌmək/,/'stʌmək/,I was so hungry my stomach hurt.,我饿得胃都痛了。
en:experience:verb:1,experience,verb,经历，体验,vt 经历，体验；n 经验； 经历,/ɪk'spɪrɪəns/,/ɪk'spɪəriəns/,Children need to experience things for themselves in order to learn from them.,儿童需要亲身经历事情以便从中学习。
en:listen:verb:2,listen,verb,听， 仔细听， 留神听,vi 听， 仔细听， 留神听,/'lɪsn/,/'lɪsn/,Listen! There’s a strange noise in the engine.,听！引擎发出奇怪的声音。
en:hit:noun:1,hit,noun,打， 撞； 击中,n&v 打， 撞； 击中,/hɪt/,/hɪt/,He raised the hammer and hit the bell.,他举起钟锤敲钟。
en:major:adjective:2,major,adjective,主要的；成年的,adj 主要的；成年的；n 主修专业,/'medʒɚ/,/'meɪdʒə/,There are two major political parties in the US.,美国有两大政党。
en:interrupt:verb:2,interrupt,verb,打扰， 打断,v 打扰， 打断,/'ɪntə'rʌpt/,/ˌɪntə'rʌpt/,Will you stop interrupting me!,别打断我的话！
en:beat:verb:2,beat,verb,打赢；跳动；敲打,v 打赢；跳动；敲打；n 节拍,/bit/,/biːt/,photographs of rioters beating a policeman,暴徒殴打一名警察的照片
en:worldwide:adjective:2,worldwide,adjective,遍及全球的， 世界各地的,adj 遍及全球的， 世界各地的,/'wɝldwaɪd/,/'wɜːldwaɪd/,We have offices in over 56 countries worldwide.,我们在全世界超过56个国家设有办事处。
en:bear:verb:2,bear,verb,承担；忍受,v 承担；忍受；n 熊,/bɛr/,/beə/,She was afraid she wouldn’t be able to bear the pain.,她恐怕自己忍受不了这种痛苦。
en:affair:noun:2,affair,noun,事， 事情,n 事， 事情,/ə'fɛr/,/ə'feə/,Are you interested in world affairs?,你对世界大事感兴趣吗？
en:consider:verb:2,consider,verb,考虑； 认为,vt 考虑； 认为,/kən'sɪdɚ/,/kən'sɪdə/,We will have to consider your offer carefully .,我们得仔细考虑你的提议。
en:housework:noun:2,housework,noun,家务劳动,n 家务劳动,/'haʊs'wɝk/,/'hauswɜːk/,Men are doing more housework nowadays.,现今男人正在承担越来越多的家务。
en:potential:adjective:1,potential,adjective,潜在的，可能的,adj 潜在的，可能的；n 潜力,/pə'tɛnʃl/,/pə'tenʃl/,The company has identified 60 potential customers.,该公司已确定了60位潜在的客户。
en:accustomed:adjective:2,accustomed,adjective,通常的， 习惯的,adj 通常的， 习惯的,/ə'kʌstəmd/,/ə'kʌstəmd/,The pans were in their accustomed places.,那些锅在老地方。
en:group:noun:2,group,noun,组， 群,n 组， 群,/ɡrup/,/gruːp/,A group of us are going to London.,我们有一群人要去伦敦。
en:jewelry:noun:2,jewelry,noun,〈总称〉 珠宝， 首饰,n 〈总称〉 珠宝， 首饰,/'dʒʊəlri/,/'dʒuːəlri/,costume jewelry,（用作服饰的）人造珠宝
en:obtain:verb:2,obtain,verb,获得， 得到,vt 获得， 得到,/əb'ten/,/əb'teɪn/,Evans was trying to obtain a false passport and other documents.,埃文斯当时正试图获取假护照和其他文件。
en:lounge:noun:2,lounge,noun,休息厅， 休息室,n 休息厅， 休息室,/laʊndʒ/,/laundʒ/,the television lounge,电视放映室
en:rugby:noun:2,rugby,noun,英式橄榄球,n 英式橄榄球,/'rʌɡbi/,/'rʌgbi/,I ghosted his weekly rugby column for the Telegraph.,我为他代写《电讯报》每周的橄榄球专栏。
en:resist:verb:2,resist,verb,抵抗； 挡开,vt 抵抗； 挡开,/rɪ'zɪst/,/rɪ'zɪst/,He was charged with trying to resist arrest .,他被指控企图拒捕。
en:format:noun:2,format,noun,版式， 格式,n 版式， 格式,/'fɔrmæt/,/'fɔːmæt/,a large-format book for the partially-sighted,一本给弱视者阅读的大开本的书
en:sacrifice:noun:2,sacrifice,noun,牺牲， 奉献,n&v 牺牲， 奉献,/'sækrɪfaɪs/,/'sækrɪfaɪs/,The minister stressed the need for economic sacrifice.,部长强调了在经济上作出牺牲的必要性。
en:particular:adjective:2,particular,adjective,特殊的；个别的,adj 特殊的；个别的,/pɚ'tɪkjəlɚ/,/pə'tɪkjələ/,"In this particular case, no one else was involved.",这件事没有其他人牵涉其中。
en:illegal:adjective:2,illegal,adjective,违法的， 不合规定的,adj 违法的， 不合规定的,/ɪ'ligl/,/ɪ'liːgl/,illegal drugs,违禁药品
en:pause:noun:2,pause,noun,暂停， 停止,n&vi 暂停， 停止,/pɔz/,/pɔːz/,There was a pause while Alice changed the tape.,艾丽斯换磁带的时候出现了短暂的停顿。
en:congratulate:verb:2,congratulate,verb,祝贺， 恭贺,vt 祝贺， 恭贺,/kən'ɡrætʃulet/,/kən'grætʃuleɪt/,He never even stopped to congratulate me.,他甚至没有过来向我祝贺。
en:careless:adjective:2,careless,adjective,粗心的； 漫不经心的,adj 粗心的； 漫不经心的,/'kɛrləs/,/'keələs/,It was careless of him to leave the door unlocked.,他忘了锁门，真是粗心大意。
en:square:adjective:2,square,adjective,平方的； 方形的,adj 平方的； 方形的；n 广场；正方形,/skwɛr/,/skweə/,a large square room,一个正方形的大房间
en:rainbow:noun:2,rainbow,noun,彩虹； 幻想,n 彩虹； 幻想,/'renbo/,/'reɪnbəu/,...silk and satin in every shade of the rainbow.,…如彩虹般五颜六色的丝绸与锦缎。
en:twice:adverb:2,twice,adverb,两次； 两倍,adv 两次； 两倍,/twaɪs/,/twaɪs/,He was questioned by police twice yesterday.,他昨天被警察审问了两次。
en:ample:adjective:2,ample,adjective,充足的， 丰富的,adj 充足的， 丰富的,/'æmpl/,/'æmpl/,an ample bosom,丰满的胸部
en:altitude:noun:2,altitude,noun,高度； 高处,n 高度； 高处,/'æltɪtud/,/'æltɪtjuːd/,"The aircraft had reached its cruising altitude of about 39,000 feet.",那架飞机已经达到了大约三万九千英尺的巡航高度。
en:request:noun:2,request,noun,要求， 请求,n&vt 要求， 请求,/rɪ'kwɛst/,/rɪ'kwest/,"To request more information, please call our toll free number.",欲知详情，请拨打我们的免费电话。
en:classify:verb:2,classify,verb,分类,vt 分类,/'klæsɪfaɪ/,/'klæsɪfaɪ/,We’d classify Drabble’s novels under ‘Romance’.,我们把德拉布尔的小说归类为“言情小说”。
en:part:verb:1,part,verb,分离， 分别,v 分离， 分别；n 部分；角色,/pɑrt/,/pɑːt/,"When he parted the curtains, the sunlight flooded into the room.",他拉开窗帘，阳光洒进屋内。
en:percent:noun:2,percent,noun,百分之…,n 百分之…,/pɚ'sɛnt/,/pə'sent/,I agree with you one hundred percent.,我百分之百地同意你的意见。
en:point:verb:1,point,verb,指，指向,v 指，指向；n 点； 要点， 观点； 分数,/pɔɪnt/,/pɔɪnt/,‘Look!’ she said and pointed.,“看呀！”她用手指着说道。
en:paddle:verb:1,paddle,verb,划桨； 戏水,v 划桨； 戏水；n 桨状物；蹼,/'pædl/,/'pædl/,The dog was paddling furiously after the ducks.,那条狗在水里拼命划水追赶鸭子。
en:general:adjective:2,general,adjective,大体的， 总的； 一般的； 普遍的,adj 大体的， 总的； 一般的； 普遍的,/'dʒɛnrəl/,/'dʒenrəl/,a general introduction to computing,计算机应用概论
en:tend:verb:2,tend,verb,趋向， 往往是,vi 趋向， 往往是；vt 照管，护理,/tɛnd/,/tend/,A problem for manufacturers is that lighter cars tend to be noisy.,制造商遇到的一个问题是重量较轻的汽车往往噪音大。
en:frighten:verb:2,frighten,verb,使惊恐， 吓唬,vt 使惊恐， 吓唬,/'fraɪtn/,/'fraɪtn/,Don’t stand so near the edge! You’re frightening me.,别站得那么靠边！你要把我吓坏了。
en:relief:noun:2,relief,noun,缓解； 轻松,n 缓解； 轻松,/rɪ'lif/,/rɪ'liːf/,I felt a huge surge of relief and happiness.,我如释重负，大感欣慰。
en:boycott:noun:1,boycott,noun,联合抵制,n&vt 联合抵制,/'bɔɪkɑt/,/'bɔɪkɒt/,We boycott all products tested on animals.,我们抵制所有拿动物做试验的产品。
en:dimension:noun:2,dimension,noun,尺寸， 尺度,n 尺寸， 尺度,"/dəˈmɛnʃən, daɪ-/",/daɪ'menʃn/,a rectangle with the dimensions 5cm × 2cm,长五厘米、宽两厘米的长方形
en:park:noun:2,park,noun,公园；停车场,n 公园；停车场；vt 停放,/pɑrk/,/pɑːk/,Let’s go for a walk in the park.,我们去公园散步吧。
en:unbelievable:adjective:1,unbelievable,adjective,难以置信的,adj 难以置信的,"/,ʌnbɪ'livəbl/",/ˌʌnbɪ'liːvəbl/,The opportunities are unbelievable.,机会好得令人难以相信。
en:process:verb:2,process,verb,加工，处理,vt 加工，处理；n 程序； 方法,/proˈsɛs;(for n.)prɑsɛs/,/'prəuses/,Goats’ cheese may be processed in many ways.,山羊奶干酪可以有多种加工方法。
en:deserve:verb:2,deserve,verb,应受， 值得,vt 应受， 值得,/dɪ'zɝv/,/dɪ'zɜːv/,What have I done to deserve this?,我做了什么事，要得到这样的报应？
en:subscribe:verb:2,subscribe,verb,捐赠； 订阅,v 捐赠； 订阅,/səb'skraɪb/,/səb'skraɪb/,My main reason for subscribing to New Scientist is to keep abreast of advances in science.,我订阅《新科学家》的主要原因是要跟上科学的进步。
en:clear:adjective:2,clear,adjective,清晰的； 明亮的； 清楚的,adj 清晰的； 明亮的； 清楚的,/klɪr/,/klɪə/,clear instructions,明确的指示
en:chef:noun:2,chef,noun,厨师,n 厨师,/ʃɛf/,/ʃef/,a master chef,手艺高超的厨师长
en:alternative:adjective:2,alternative,adjective,选择性的， 二者择一的,adj 选择性的， 二者择一的,/ɔl'tɝnətɪv/,/ɔːl'tɜːnətɪv/,An alternative route is along the Via Unione.,另一条路线是沿着联合路走。
en:zoom:verb:1,zoom,verb,突然扩大， 使猛增,v 突然扩大， 使猛增,/zum/,/zuːm/,zoom in,v. 放大
en:colleague:noun:2,colleague,noun,同事,n 同事,/'kɑliɡ/,/'kɒliːg/,a colleague of mine from the bank,我在银行的一位同事
en:diamond:noun:2,diamond,noun,钻石， 金刚石； 菱形,n 钻石， 金刚石； 菱形,/'daɪəmənd/,/'daɪəmənd/,a diamond engagement ring,订婚钻戒
en:someone:pronoun:2,someone,pronoun,某人； 重要人物,pron 某人； 重要人物,/'sʌmwʌn/,/'sʌmwʌn/,What would you do if someone tried to rob you in the street?,要是有人在街上抢劫你，你会怎么办？
en:build:verb:2,build,verb,建造,v 建造；n 构造,/bɪld/,/bɪld/,The purpose is to build new houses for local people.,目的是要为当地居民建造新的住宅。
en:mean:verb:1,mean,verb,意味着， 意思是,v 意味着， 意思是,/min/,/miːn/,What does ‘patronizing’ mean?,patronizing是什么意思？
en:approve:verb:2,approve,verb,赞成； 满意,vi 赞成； 满意；vt 批准，通过,/ə'prʊv/,/ə'pruːv/,"You've never approved of Henry, have you?",你从未赞赏过亨利，是吧？
en:neither:determiner:1,neither,determiner,两者都不（的），两者中无一（的）,determiner 两者都不（的），两者中无一（的）；adv 也不,/ˈniðɚ/,/'naɪðə/,"‘Would you like tea or coffee?’‘Neither, thanks.’",“你要喝茶还是喝咖啡？”“都不要，谢谢。”
en:earn:verb:2,earn,verb,挣得， 赚得,vt 挣得， 赚得,/ɝn/,/ɜːn/,"He earns nearly £20,000 a year.","他每年挣近20,000英镑。"
en:glad:adjective:2,glad,adjective,高兴的， 乐意的,adj 高兴的， 乐意的,/ɡlæd/,/glæd/,We’re so glad you came.,你来了我们真高兴。
en:chew:verb:1,chew,verb,咀嚼,v 咀嚼,/tʃʊ/,/tʃuː/,This meat’s so tough I can hardly chew it!,这肉太老了，我几乎嚼不动！
en:pedestrian:noun:1,pedestrian,noun,步行者， 行人,n 步行者， 行人,/pə'dɛstrɪən/,/pə'destriən/,"Ingrid was a walker, even in Los Angeles, where a pedestrian is a rare sight.",英格丽德是个步行者，即使在行人少见的洛杉矶也是如此。
en:hurry:verb:1,hurry,verb,赶快；急忙,v 赶快；急忙；n 匆忙， 仓促,/'hɝrɪ/,/'hʌri/,"If we hurry, we’ll get there in time.",要是赶紧的话，我们能及时到那里。
en:account:verb:1,account,verb,总计有； 认为,v 总计有； 认为；n 账目；描述,/ə'kaʊnt/,/ə'kaunt/,Chomsky’s account of how children learn their first language,乔姆斯基关于儿童如何学习第一语言的描述
en:tolerate:verb:2,tolerate,verb,忍受， 容忍,vt 忍受， 容忍,/'tɑləret/,/'tɒləreɪt/,We simply will not tolerate vigilante groups on our streets.,我们决不容许有自行惩办犯罪的组织出现在我们的街头。
en:radioactive:adjective:2,radioactive,adjective,放射性的,adj 放射性的,/'redɪo'æktɪv/,/ˌreɪdiəu'æktɪv/,the problem of how to dispose of radioactive waste,如何处理放射性废物的问题
en:underline:verb:2,underline,verb,在…下面划线； 强调,vt 在…下面划线； 强调,/'ʌndəlaɪn/,/ˌʌndə'laɪn/,This tragic incident underlines the need for immediate action.,这一悲剧事件突显了立即采取行动的必要性。
en:innocent:adjective:2,innocent,adjective,清白的， 无罪的； 纯真的,adj 清白的， 无罪的； 纯真的,/'ɪnəsnt/,/'ɪnəsnt/,Nobody would believe that I was innocent.,没人肯相信我是清白的。
en:chopsticks:noun:2,chopsticks,noun,筷子,n 筷子,"/'tʃɑp,stɪks/",/'tʃɒpstɪks/,"Yes, I like using chopsticks.",是的，我喜欢用筷子。
en:alphabet:noun:2,alphabet,noun,字母表,n 字母表,/'ælfə'bɛt/,/'ælfəbet/,The modern Russian alphabet has 31 letters.,现代俄语字母表有31个字母。
en:ambiguous:adjective:2,ambiguous,adjective,暧昧的； 不明确的,adj 暧昧的； 不明确的,/æm'bɪɡjuəs/,/æm'bɪgjuəs/,The language in the Minister’s statement is highly ambiguous.,部长的声明措辞很含糊。
en:advance:verb:1,advance,verb,推进， 前进,v&n 推进， 前进,/əd'væns/,/əd'vɑːns/,Their aircraft were in advance of those used by the US.,他们的飞机比美国人用的要先进。
en:trip:noun:1,trip,noun,[C] 旅行， 旅程,n [C] 旅行， 旅程,/trɪp/,/trɪp/,Two lucky employees won a round-the-world trip.,两名幸运的雇员赢得一次环游世界的机会。
en:botanical:adjective:2,botanical,adjective,植物学的， 植物的,adj 植物学的， 植物的,/bə'tænɪkl/,/bə'tænɪkl/,The area is of great botanical interest.,该地区很有植物学研究价值。
en:appreciate:verb:2,appreciate,verb,欣赏； 感激,vt 欣赏； 感激,/ə'priʃɪet/,/ə'priːʃieɪt/,"Thanks ever so much for your help, I really appreciate it.",多谢你的帮助，我真的很感激。
en:record:verb:2,record,verb,录制， 记录,v 录制， 记录；n 记录； 唱片,/(for v.) rɪˈkɔrd; (for n.) ˈrekərd;ˈrɛkɚd/,/(for v.)rɪˈkɔːd; (for n.) ˈrekɔːd/,Her husband made her record every penny she spent.,她丈夫要她把花的每分钱都记下来。
en:diverse:adjective:2,diverse,adjective,不同的， 多种多样的,adj 不同的， 多种多样的,/daɪ'vɝs/,/daɪ'vɜːs/,subjects as diverse as pop music and archaeology,像流行音乐和考古学这样各不相同的学科
en:cube:noun:2,cube,noun,立方体， 立方,n 立方体， 立方,/kjʊb/,/kjuːb/,a sugar cube,一块方糖
en:strict:adjective:2,strict,adjective,严格的， 严密的,adj 严格的， 严密的,/strɪkt/,/strɪkt/,a strict teacher,严格的老师
en:jump:verb:1,jump,verb,跳跃； 惊起； 猛扑,v 跳跃； 惊起； 猛扑；n [C]跳跃,/dʒʌmp/,/dʒʌmp/,The cats jumped down and came to meet us.,这些猫跳下来，过来迎接我们。
en:knowledge:noun:2,knowledge,noun,知识， 学问,n 知识， 学问,/'nɑlɪdʒ/,/'nɒlɪdʒ/,He did not have much knowledge of American history.,他对美国历史所知不多。
en:happen:verb:2,happen,verb,发生， 碰巧,v 发生， 碰巧,/'hæpən/,/'hæpən/,When did the accident happen?,事故什么时候发生的？
en:pass:verb:1,pass,verb,传递； 经过,v 传递； 经过,/pæs/,/pɑːs/,The crowd parted to let the truck pass.,人群分开让卡车通过。
en:past:adjective:1,past,adjective,过去的，最近的,adj 过去的，最近的；prep 经过； 晚于；n 过去，往事,/pæst/,/pɑːst/,"Judging by her past performance, Jane should do very well.",从以往的表现来看，简应该会干得很好。
en:festival:noun:2,festival,noun,节日,n 节日,/ˈfɛstəvl/,/'festɪvl/,Christmas is one of the main festivals in the Christian Calendar.,圣诞节是基督教历的重大节日之一。
en:shock:verb:1,shock,verb,使震惊,vt 使震惊；n 震动， 冲击,/ʃɑk/,/ʃɒk/,The hatred in her voice shocked him.,她语气中的仇恨让他震惊。
en:delighted:adjective:2,delighted,adjective,高兴的， 快乐的,adj 高兴的， 快乐的,/dɪ'laɪtɪd/,/dɪ'laɪtɪd/,Her screams of delighted laughter filled the air.,她喜悦的尖叫声在空中荡漾。
en:pancake:noun:2,pancake,noun,薄煎饼,n 薄煎饼,/'pænkek/,/'pænkeɪk/,,
en:active:adjective:2,active,adjective,积极的， 主动的,adj 积极的， 主动的,/'æktɪv/,/'æktɪv/,games for active youngsters,活跃好动的年轻人玩的游戏
en:bill:noun:2,bill,noun,钞票； 账单； 法案， 议案,n 钞票； 账单； 法案， 议案,/bɪl/,/bɪl/,Have you paid the phone bill?,电话费你付了吗？
en:whichever:pronoun:2,whichever,pronoun,不论哪个,pron 不论哪个,/wɪtʃ'ɛvɚ/,/wɪtʃ'evə/,Letting taxes rise abruptly would hurt not only the recovery but also whichever party the electorate ended up blaming.,突然的增税不但会妨害经济复苏，而且无论哪个政党这样做都会受到选民指责。
en:court:noun:2,court,noun,法庭， 法院； 球场,n 法庭， 法院； 球场,/kɔrt/,/kɔːt/,It could not be proved in a court of law.,这无法在法庭上证实。
en:whose:pronoun:2,whose,pronoun,谁的,pron&conj 谁的,/huz/,/huːz/,,
en:bucket:noun:2,bucket,noun,桶； 铲斗,n 桶； 铲斗,/'bʌkɪt/,/'bʌkɪt/,We drew water in a bucket from the well outside the door.,我们用水桶从门外的井里提水。
en:senior:adjective:2,senior,adjective,年长的，资深的；高年级的,adj 年长的，资深的；高年级的；n 上级， 长辈； 高年级学生,/'sinɪɚ/,/'siːniə/,the senior Democrat on the House committee,众议院委员会中的资深民主党人
en:flexible:adjective:2,flexible,adjective,柔软的， 灵活的,adj 柔软的， 灵活的,/'flɛksəbl/,/'fleksəbl/,We can be flexible about your starting date.,你具体从哪天开始，我们可以灵活一点。
en:relative:adjective:2,relative,adjective,相对的； 比较的,adj 相对的； 比较的；n 亲属，亲戚,/'rɛlətɪv/,/'relətɪv/,The relative merits of both approaches have to be considered.,两种方法的相对优点都得考虑在内。
en:attitude:noun:2,attitude,noun,态度； 看法,n 态度； 看法,/'ætɪtʊd/,/'ætɪtjuːd/,"As soon as they found out I was a doctor, their whole attitude changed.",他们一听说我是医生，态度就完全改变了。
en:organ:noun:2,organ,noun,器官,n 器官,/'ɔrɡən/,/'ɔːgən/,"the liver, heart, and other internal organs",肝脏、心脏及其他内脏器官
en:average:adjective:1,average,adjective,平均的；普通的,adj 平均的；普通的；n 平均数,/'ævərɪdʒ/,/'ævərɪdʒ/,The age of the candidates ranged from 29 to 49 with an average age of 37.,候选人的年龄29岁至49岁不等，平均37岁。
en:compare:verb:1,compare,verb,比较， 对照,vt 比较， 对照,/kəm'pɛr/,/kəm'peə/,The report compares the different types of home computer available.,这份报告比较了市场上不同类型的家用计算机。
en:sceptical:adjective:2,sceptical,adjective,怀疑的， 怀疑论的,adj 怀疑的， 怀疑论的,/'skeptikəl/,/'skeptɪkl/,"‘You can trust me,’ he said. Jane looked sceptical.",“你可以相信我。”他说。而简看上去一脸怀疑。
en:unwilling:adjective:2,unwilling,adjective,不愿意， 勉强的,adj 不愿意， 勉强的,/ʌn'wɪlɪŋ/,/ʌn'wɪlɪŋ/,an unwilling helper,勉强来帮忙的人
en:thriller:noun:2,thriller,noun,使人激动的人； 惊险、 恐怖、 刺激的小说、 戏剧或电影,n 使人激动的人； 惊险、 恐怖、 刺激的小说、 戏剧或电影,/'θrɪlɚ/,/'θrɪlə/,...a tense psychological thriller.,…一部紧张刺激的心理惊悚小说。
en:transparent:adjective:2,transparent,adjective,显然的； 透明的,adj 显然的； 透明的,/træns'pærənt/,/træns'pærənt/,a transparent plastic container,透明的塑料容器
en:characteristic:adjective:2,characteristic,adjective,特有的， 独特的， 典型的,adj 特有的， 独特的， 典型的,"/,kærəktə'rɪstɪk/",/ˌkærəktə'rɪstɪk/,the highly characteristic (= very typical ) flint walls of the local houses,当地房子非常有特色的燧石墙
en:how:adverb:2,how,adverb,怎样， 如何； 多少； 多么,adv 怎样， 如何； 多少； 多么,/haʊ/,/hau/,How do you spell your name?,你的名字怎么拼写？
en:grasp:verb:1,grasp,verb,抓住， 紧握； 领会,vt 抓住， 紧握； 领会,/ɡræsp/,/grɑːsp/,I grasped his arm firmly and led him away.,我紧紧抓住他的胳膊把他带走。
en:buddhism:noun:2,Buddhism,noun,佛教,n 佛教,/'bʊdɪzəm/,/'budɪzəm/,We can develop Buddhism as a string to weave all the beings in a single wreath.,我们可以将佛教发展成为一条将所有生物编织在同一个花环上的绳子。
en:receptionist:noun:2,receptionist,noun,接待员,n 接待员,/rɪ'sɛpʃənɪst/,/rɪ'sepʃənɪst/,So why are so many people hoping to be its receptionist?,那么，为何会有如此多的人想去当它的接待员呢？ ？
en:composition:noun:2,composition,noun,作文； 作曲,n 作文； 作曲,"/,kɑmpə'zɪʃən/",/ˌkɒmpə'zɪʃn/,I had to write a composition about the Royal visit.,我得写一篇关于皇室出访的作文。
en:unlike:preposition:1,unlike,preposition,不像， 和…不同,prep 不像， 和…不同,/'ʌn'laɪk/,/ˌʌn'laɪk/,Tammy was unlike any other woman I have ever known.,塔米和我认识的其他女人都不一样。
en:hearing:noun:2,hearing,noun,听力,n 听力,/'hɪrɪŋ/,/'hɪərɪŋ/,a child with a hearing disability,有听力障碍的儿童
en:term:noun:2,term,noun,学期； 术语； 条款； 项,n 学期； 术语； 条款； 项,/tɝm/,/tɜːm/,Teachers often feel overworked in term time (= during the term ) .,教师在学期内经常觉得工作担子过重。
en:volcano:noun:2,volcano,noun,火山,n 火山,/vɑl'keno/,/vɒl'keɪnəu/,Pompeii was destroyed when the volcano erupted in 79 AD.,庞贝城于公元79年在火山爆发中毁灭。
en:wedding:noun:2,wedding,noun,婚礼， 结婚,n 婚礼， 结婚,/'wɛdɪŋ/,/'wedɪŋ/,She’s busy planning her daughter’s wedding.,她正忙着筹备女儿的婚礼。
en:acquisition:noun:2,acquisition,noun,获得； 获得物,n 获得； 获得物,"/,ækwɪ'zɪʃən/",/ˌækwɪ'zɪʃn/,the acquisition of language,语言的习得
en:rigid:adjective:2,rigid,adjective,刚硬的， 刚性的； 严格的,adj 刚硬的， 刚性的； 严格的,/'rɪdʒɪd/,/'rɪdʒɪd/,rigid and authoritarian methods of education,死板、专断的教育方法
en:deadline:noun:2,deadline,noun,最后期限， 截止日期,n 最后期限， 截止日期,/ˈdedlaɪn/,/'dedlaɪn/,I’m always working under pressure to meet deadlines (= finish something on time ) .,我总是在赶工期的压力下工作。
en:spare:adjective:1,spare,adjective,空闲的；多余的，剩余的,adj 空闲的；多余的，剩余的；vt 提供； 匀出， 分出,/spɛr/,/speə/,Have you got any spare boxes?,你有没有多余的盒子？
en:mine:pronoun:1,mine,pronoun,我的,pron 我的；v 开采，挖掘；n 矿藏,/maɪn/,/maɪn/,"It was Glen’s idea, not mine.",这是格伦的主意，不是我的。
en:mind:verb:1,mind,verb,介意,v 介意；n 思想,/maɪnd/,/maɪnd/,"I don’t mind the heat, in fact I quite like it.",我不介意这么热，事实上我还挺喜欢的。
en:grateful:adjective:2,grateful,adjective,感激的， 感谢的,adj 感激的， 感谢的,/'ɡretfl/,/'greɪtfl/,Our grateful thanks go to all who participated.,我们衷心感谢所有参与者。
en:business:noun:2,business,noun,商业， 生意； 职业， 事业,n 商业， 生意； 职业， 事业,/ˈbɪznɪs/,/'bɪznəs/,Students on the course learn about all aspects of business.,这门课程的学生要学习商业活动的各个方面。
en:bungalow:noun:2,bungalow,noun,平房,n 平房,/ˈbʌŋɡəˌlo/,/'bʌŋgələu/,Can I rent a bungalow ?,能租一个平房吗？
en:staff:noun:2,staff,noun,全体职员,n 全体职员,/stæf/,/stɑːf/,The entire staff has done an outstanding job this year.,今年全体员工工作都非常出色。
en:possible:adjective:2,possible,adjective,可能的,adj 可能的,/'pɑsəbl/,/'pɒsəbl/,Is it possible toget tickets for the game?,有没有可能弄到比赛的门票？
en:partly:adverb:2,partly,adverb,部分地， 在一定程度上,adv 部分地， 在一定程度上,/'pɑrtli/,/'pɑːtli/,The poor weather was partly responsible for the crash.,天气不好是造成坠机事故的部分原因。
en:breathless:adjective:2,breathless,adjective,喘不过气来的,adj 喘不过气来的,/'brɛθləs/,/'breθləs/,The long climb left Jan feeling breathless.,攀爬了那么长时间，简感到喘不过气来。
en:meet:verb:2,meet,verb,遇见，会面；满足,v 遇见，会面；满足；n 集会,/mit/,/miːt/,Meet me at 8.00.,八点钟来见我。
en:answer:verb:2,answer,verb,回答， 应答； 接电话,v 回答， 应答； 接电话；n 答案,/'ænsɚ/,/'ɑːnsə/,She thought for a moment before answering.,她想了一会儿才回答。
en:borrow:verb:2,borrow,verb,借用； 借,v 借用； 借,/'bɑro/,/'bɒrəu/,Can I borrow your pen for a minute?,我可以借你的笔用一下吗？
en:maximum:noun:2,maximum,noun,最大量 ， 最大限度,n&adj 最大量 ， 最大限度,/ˈmæksəməm/,/'mæksɪməm/,The car has a maximum speed of 120 mph.,这辆汽车的最高时速为120英里。
en:under:adverb:1,under,adverb,在下,adv 在下；prep 在…下面， 向…下面,/'ʌndɚ/,/'ʌndə/,He took a deep breath before he went under.,他在钻下水前深深地吸了口气。
en:desert:verb:2,desert,verb,舍弃， 遗弃,v 舍弃， 遗弃；n 沙漠,/(for v.) dɪˈzɝ​t; (for n.) 'dɛzɚt/,/(for v.) dɪ'zɜːt; (for n.) 'dezət/,Helen was deserted by her husband.,海伦被丈夫遗弃了。
en:represent:verb:2,represent,verb,代表； 表现,vt 代表； 表现,"/,rɛprɪ'zɛnt/",/ˌreprɪ'zent/,Mr Kobayashi was chosen to represent the company at the conference.,小林先生被选中代表公司出席会议。
en:compete:verb:2,compete,verb,比赛， 竞赛,vi 比赛， 竞赛,/kəm'pit/,/kəm'piːt/,The banks have long competed with American Express's charge cards and various shop cards.,这些银行长期以来一直与美国运通公司的记账卡和各种商店卡竞争。
en:die:verb:2,die,verb,死亡； 消失； 熄灭,v 死亡； 消失； 熄灭,/daɪ/,/daɪ/,He died in 1985 at the age of 76.,他1985年去世，终年76岁。
en:radium:noun:2,radium,noun,镭,n 镭,/'redɪəm/,/'reɪdiəm/,The scientists who discovered radium did not know that it would kill them.,那些发现了镭元素的科学家，并不知道这种元素会让他们丧命。
en:fragrant:adjective:2,fragrant,adjective,香的， 芬芳的,adj 香的， 芬芳的,/'fregrənt/,/'freɪgrənt/,fragrant flowers,芳香的花朵
en:dig:verb:2,dig,verb,挖 ， 掘,v 挖 ， 掘,/dɪɡ/,/dɪg/,freshly dug carrots,刚挖出来的胡萝卜
en:accountant:noun:2,accountant,noun,会计， 会计师,n 会计， 会计师,/ə'kaʊntənt/,/ə'kauntənt/,I send all my income tax query to my accountant.,我把所有有关所得税的疑问送交会计师。
en:stocking:noun:2,stocking,noun,长筒袜,n 长筒袜,/'stɑkɪŋ/,/'stɒkɪŋ/,Santa Claus fills each stocking with presents on Christmas Eve.,在平安夜，圣诞老人用礼物装满每个长袜子。 。
en:sometimes:adverb:2,sometimes,adverb,有时,adv 有时,/'sʌmtaɪmz/,/'sʌmtaɪmz/,I sometimes have to work late.,我有时得工作到很晚。
en:emergency:noun:2,emergency,noun,紧急情况或状态,n 紧急情况或状态,/ɪ'mɝdʒənsi/,/i'mɜːdʒənsi/,Lifeguards are trained to deal with emergencies.,救生员接受过应对紧急情况的训练。
en:promise:verb:1,promise,verb,答应，允诺；预示,v 答应，允诺；预示；n 答应， 允诺； 希望， 前景,/'prɑmɪs/,/'prɒmɪs/,Last night the headmaster promised a full investigation.,校长昨晚允诺进行全面调查。
en:dip:verb:2,dip,verb,浸， 蘸,v 浸， 蘸,/dɪp/,/dɪp/,Dip each apple in the syrup until thickly coated.,把每个苹果在糖浆里蘸一下，直到被厚厚地裹上糖浆。
en:hold:verb:2,hold,verb,拿， 握住； 举行,v 拿， 握住； 举行,/hold/,/həuld/,Hold the knife at an angle.,斜握着刀。
en:habit:noun:2,habit,noun,习惯， 习性,n 习惯， 习性,/'hæbɪt/,/'hæbɪt/,Regular exercise is a good habit.,经常锻炼是个好习惯。
en:passport:noun:2,passport,noun,护照,n 护照,/'pæspɔrt/,/'pɑːspɔːt/,I have an Irish passport.,我持爱尔兰护照。
en:absurd:adjective:2,absurd,adjective,不合理的； 荒谬的,adj 不合理的； 荒谬的,/əbˈsɝ​d/,/əb'sɜːd/,It seems an absurd idea.,这似乎是个荒唐的想法。
en:burglar:noun:2,burglar,noun,盗贼， 窃贼,n 盗贼， 窃贼,/'bɝɡlɚ/,/'bɜːglə/,Burglars broke into their home.,窃贼闯进了他们家。
en:considerate:adjective:2,considerate,adjective,体贴的， 考虑周到的； 替人着想的,adj 体贴的， 考虑周到的； 替人着想的,/kənˈsɪdərɪt/,/kən'sɪdərət/,He was always kind and considerate.,他总是很善良，为别人着想。
en:rubber:noun:2,rubber,noun,橡皮； 橡胶； 合成橡胶,n 橡皮； 橡胶； 合成橡胶,/'rʌbɚ/,/'rʌbə/,a rubber ball,橡皮球
en:legal:adjective:2,legal,adjective,法律的， 法定的,adj 法律的， 法定的,/'ligl/,/'liːgl/,What the company has done is perfectly legal.,公司所做的这一切完全合法。
en:underwear:noun:2,underwear,noun,内衣,n 内衣,/'ʌndɚwɛr/,/'ʌndəweə/,You just need to take a change of underwear.,你只需带一套换洗的内衣。
en:talk:verb:2,talk,verb,谈话，议论,v 谈话，议论；n 谈话， 会谈； 演讲,/tɔk/,/tɔːk/,I could hear Sarah and Andy talking in the next room.,我听到萨拉和安迪在隔壁讲话。
en:reply:noun:1,reply,noun,回答， 答复,n&vi 回答， 答复,/rɪ'plai/,/rɪ'plaɪ/,"I asked Clive where he was going, but he didn’t reply.",我问克莱夫到哪儿去，但他没有回答。
en:train:verb:1,train,verb,培训，训练,v 培训，训练；n 火车,/tren/,/treɪn/,a highly trained workforce,训练有素的劳动力
en:parcel:noun:2,parcel,noun,包裹,n 包裹,/'pɑrsl/,/'pɑːsl/,The parcel was delivered last week.,那个邮包上周送到了。
en:test:noun:2,test,noun,测试， 考查， 试验,n&vt 测试， 考查， 试验,/tɛst/,/test/,Did you get a good mark in the test?,你这次测验成绩好吗？
en:journey:noun:2,journey,noun,旅行， 路程,n 旅行， 路程,/ˈdʒɝ​nɪ/,/'dʒɜːni/,the friends they made on the journey,他们在旅途中交下的朋友
en:count:verb:2,count,verb,数； 计算； 有价值,v 数； 计算； 有价值,/kaʊnt/,/kaunt/,I was amazed at the number of plants - I counted 147.,我对植物的数量之多感到惊讶，我数了有147棵。
en:graph:noun:2,graph,noun,图表， 曲线图,n 图表， 曲线图,/ɡræf/,/græf/,Martin showed me a graph of their recent sales.,马丁给我看了他们最近销售情况的图表。
en:upwards:adverb:1,upwards,adverb,向上， 往上,adv 向上， 往上,,/'ʌpwəd(z)/,"Pointing upwards, he indicated a large nest high in the tree.",他朝上指指，示意树上高处有个大鸟窝。
en:feast:noun:1,feast,noun,盛宴； 节日； 令人愉悦的事情,n 盛宴； 节日； 令人愉悦的事情,/fist/,/fiːst/,a wedding feast,婚筵
en:contradictory:adjective:2,contradictory,adjective,相互矛盾的；不一致的,adj 相互矛盾的；不一致的,"/,kɑntrə'dɪktəri/",/ˌkɒntrə'dɪktəri/,Customs officials have made a series of contradictory statements about the equipment.,海关官员们对于这种设备做出了一系列相互矛盾的陈述。
en:take:verb:2,take,verb,拿走； 接受， 接纳,v 拿走； 接受， 接纳,/tek/,/teɪk/,Will you take the job?,你接受这份工作吗？
en:accompany:verb:2,accompany,verb,陪伴， 伴随； 伴奏,vt 陪伴， 伴随； 伴奏,/ə'kʌmpəni/,/ə'kʌmpəni/,Children under 14 must be accompanied by an adult.,14岁以下儿童必须有成人陪同。
en:petrol:noun:2,petrol,noun,汽油,n 汽油,/'pɛtrəl/,/'petrəl/,unleaded petrol,无铅汽油
en:beneficial:adjective:2,beneficial,adjective,有益的， 受益的,adj 有益的， 受益的,"/,bɛnɪ'fɪʃl/",/ˌbenɪ'fɪʃl/,a drug that has a beneficial effect on the immune system,有益于免疫系统的一种药物
en:blame:noun:1,blame,noun,责备， 责怪,n&vt 责备， 责怪,/blem/,/bleɪm/,Don’t blame me – it’s not my fault.,别来怪我——又不是我的错。
en:final:adjective:2,final,adjective,最后的,adj 最后的；n 决赛； 期末考试,/'faɪnl/,/'faɪnl/,The final episode will be shown tonight.,最后一集将于今晚播出。
en:some:pronoun:1,some,pronoun,若干， 一些,pron 若干， 一些；adj 一些，若干；有些；某一,/sʌm;səm/,/sʌm/,I’ve just made a pot of coffee. Would you like some?,我刚煮了一壶咖啡，你想喝点吗？
en:squeeze:verb:2,squeeze,verb,压榨， 挤,v 压榨， 挤；n 紧握，捏,/skwiz/,/skwiːz/,She smiled as he squeezed her hand.,他捏了捏她的手，她笑了。
en:blank:adjective:2,blank,adjective,空的；茫然的,adj 空的；茫然的；n 空格， 空白， 空白处,/blæŋk/,/blæŋk/,Leave the last page blank .,最后一页留空。
en:rather:adverb:2,rather,adverb,相当， 宁可,adv 相当， 宁可,/'ræðɚ/,/'rɑːðə/,I grew up in rather unusual circumstances.,我在相当不寻常的环境中长大。
en:importance:noun:2,importance,noun,重要性,n 重要性,/ɪm'pɔrtns/,/ɪm'pɔːtns/,He was full of his own importance (= he behaved in an annoying way which showed that he thought he was very important ).,他自以为很了不起。
en:session:noun:2,session,noun,会议； 开庭,n 会议； 开庭,/'sɛʃən/,/'seʃn/,Board members met in closed session (= with nobody else present ) .,委员会成员举行了闭门会议。
en:back:adverb:1,back,adverb,回；向后,adv 回；向后；adj 后面的；n 背后， 后部； 背,/bæk/,/bæk/,I’ll be back in a minute.,我马上回来。
en:worthy:adjective:2,worthy,adjective,值得的； 相称的,adj 值得的； 相称的,/wɜði/,/'wɜːði/,Leeds United were worthy winners of the competition.,利兹联队是比赛当之无愧的获胜者。
en:endless:adjective:2,endless,adjective,无止境的； 没完没了的,adj 无止境的； 没完没了的,/ˈɛndlɪs/,/'endləs/,an endless stream of visitors,川流不息的游客
en:training:noun:2,training,noun,培训,n 培训,/'trenɪŋ/,/'treɪnɪŋ/,Police drivers have to undergo intensive training .,警察驾驶员都得接受强化训练。
en:expectation:noun:2,expectation,noun,预料； 期望,n 预料； 期望,"/,ɛkspɛk'teʃən/",/ˌekspek'teɪʃn/,"Having raised expectations (= made people more hopeful ), he went on to help only a few people.",他唤起了大家的希望，但接着只是帮助了几个人。
en:mist:noun:2,mist,noun,雾,n 雾,/mɪst/,/mɪst/,We could just see the outline of the house through the mist.,薄雾中我们只能看到房子的轮廓。
en:miss:verb:1,miss,verb,错过； 想念,v 错过； 想念,/mɪs/,/mɪs/,I’m absolutely starving – I missed lunch.,我饿坏了——我没吃上午饭。
en:pound:noun:2,pound,noun,磅； 英镑,n 磅； 英镑,/paʊnd/,/paund/,Moira weighs about 130 pounds .,莫伊拉的体重约为130磅。
en:load:noun:2,load,noun,担子， 货物,n 担子， 货物,/lod/,/ləud/,We got a load of complaints about the loud music.,很多人向我们投诉音乐太响。
en:bite:verb:2,bite,verb,咬，叮,v 咬，叮；n 咬； 一口,/baɪt/,/baɪt/,The dog bit him and made his hand bleed.,那只狗把他的手咬出血了。
en:ferry:noun:2,ferry,noun,渡船,n 渡船,/'fɛri/,/'feri/,They had recrossed the River Gambia by ferry.,他们乘船又一次渡过了冈比亚河。
en:disgusting:adjective:2,disgusting,adjective,令人讨厌的,adj 令人讨厌的,/dɪs'ɡʌstɪŋ/,/dɪs'gʌstɪŋ/,Rubbish was piled everywhere – it was disgusting.,垃圾堆得到处都是，很恶心。
en:ignore:verb:2,ignore,verb,不理睬； 忽视,vt 不理睬； 忽视,/ɪɡ'nɔr/,/ɪg'nɔː/,You can’t ignore the fact that many criminals never go to prison.,你不能无视很多罪犯从未获刑的事实。
en:loaf:noun:2,loaf,noun,一条,n 一条,/lof/,/ləuf/,a loaf of bread,一条面包
en:reception:noun:2,reception,noun,接待,n 接待,/rɪ'sɛpʃən/,/rɪ'sepʃn/,She was unsure of her reception after everything that had happened.,发生了这些事后，她对自己是否还受欢迎没把握。
en:applaud:verb:2,applaud,verb,鼓掌， 喝彩,v 鼓掌， 喝彩,/ə'plɔd/,/ə'plɔːd/,The audience applauded loudly.,观众掌声雷动。
en:just:adverb:2,just,adverb,刚才，恰好；只是，仅,adv 刚才，恰好；只是，仅；adj 公正的,/dʒʌst/,/dʒʌst/,A good strong cup of coffee is just what I need right now.,我现在正需要喝一杯浓浓的咖啡。
en:outward:adverb:1,outward,adverb,向外，在外,adv 向外，在外；adj 向外的， 外出的,/'aʊtwɚd/,/'autwəd(z)/,The top door opened outward.,最上面的门向外开着。
en:notice:verb:1,notice,verb,注意到,v 注意到；n 通告，注意,/'notɪs/,/'nəutɪs/,He noticed a woman in a black dress sitting across from him.,他看到有位黑衣女子坐在他的对面。
en:yummy:adjective:2,yummy,adjective,美味的,adj 美味的,/'jʌmi/,/'jʌmi/,"Yes, thanks. It's yummy!",是的，谢谢。它是美味的！
en:holy:adjective:2,holy,adjective,神圣的,adj 神圣的,/'holi/,/'həuli/,the holy city of Varanasi,圣城瓦拉纳西
en:relax:verb:2,relax,verb,放松， 轻松,v 放松， 轻松,/rɪ'læks/,/rɪ'læks/,I just want to sit down and relax.,我只想坐下来休息一下。
en:relay:noun:1,relay,noun,接力；,n 接力；,/rɪ'le/,/rɪ'leɪ/,the 100 metres relay,一百米接力赛
en:custom:noun:2,custom,noun,习惯， 习俗,n 习惯， 习俗,/'kʌstəm/,/'kʌstəm/,"He awoke early, as was his custom.",他很早醒来，这是他的习惯。
en:length:noun:2,length,noun,长， 长度,n 长， 长度,/lɛŋθ/,/leŋθ/,We measured the length and width of the living room.,我们量了客厅的长和宽。
en:permission:noun:2,permission,noun,允许， 许可， 同意,n 允许， 许可， 同意,/pɚ'mɪʃən/,/pə'mɪʃn/,He asked permission to leave the room.,他请求离开房间的许可。
en:grand:adjective:2,grand,adjective,宏伟的， 盛大的,adj 宏伟的， 盛大的,/ɡrænd/,/grænd/,a grand country house,豪华的乡间大宅
en:schedule:noun:1,schedule,noun,时刻表,n 时刻表；vt 安排， 排定,/ˈskedʒʊl; skɛdʒʊl/,/'ʃedjuːl/,Then make a schedule or chart of your time .,然后作出一个时间表或图表，你的时间。
en:eastwards:adverb:2,eastwards,adverb,向东,adv 向东,/'istwɚdz/,/'iːstwəd(z)/,The ship continued sailing eastwards.,船继续向东行驶。
en:print:verb:1,print,verb,印刷,v 印刷,/prɪnt/,/prɪnt/,Over five million copies of the paper are printed every day.,这份报纸每日印量超过五百万。
en:rewind:verb:1,rewind,verb,重绕； 回转,v 重绕； 回转,"/,ri'waɪnd/",/ˌriː'waɪnd/,Would you please rewind the thread onto the reel?,请你把这些线重新绕在线轴儿上好吗?。
en:although:conjunction:2,although,conjunction,虽然， 尽管,conj 虽然， 尽管,/ɔl'ðo/,/ɔːl'ðəu/,"Although in poor health, she continued to carry out her duties.",尽管身体不好，她仍继续执行任务。
en:material:noun:1,material,noun,材料， 原料； 物质,n 材料， 原料； 物质,/mə'tɪrɪəl/,/mə'tɪəriəl/,materials like wood or stone,木材或石头之类的材料
en:approximately:adverb:2,approximately,adverb,近似地， 大约,adv 近似地， 大约,/ə'prɑksɪmətli/,/ə'prɒksɪmətli/,approximately equal,约等于，近似等于
en:encouragement:noun:2,encouragement,noun,鼓励， 支持， 促进； 起激励作用的事物,n 鼓励， 支持， 促进； 起激励作用的事物,/ɪn'kɝɪdʒmənt/,/ɪn'kʌrɪdʒmənt/,"With encouragement, Sally is starting to play with the other children.",萨莉受到了鼓励，开始和其他孩子玩起来。
en:universe:noun:2,universe,noun,宇宙,n 宇宙,/'junɪvɝs/,/'juːnɪvɜːs/,Einstein's equations showed the universe to be expanding.,爱因斯坦的方程式表明宇宙正在扩大。
en:biochemistry:noun:2,biochemistry,noun,生物化学,n 生物化学,/'baɪo'kɛmɪstri/,/ˌbaɪəu'kemɪstri/,...the effects of air pollutants on the biochemistry of plants or animals.,…大气污染物对植物或动物生化过程的影响。
en:iron:verb:1,iron,verb,熨烫,v 熨烫；n 铁；熨斗,/'aɪɚn/,/'aɪən/,Have you ironed my shirt?,我的衬衫你熨过了吗？
en:idiom:noun:2,idiom,noun,习语， 成语,n 习语， 成语,/'ɪdɪəm/,/'ɪdiəm/,the new musical idiom,新的音乐风格
en:blanket:noun:2,blanket,noun,毛毯， 毯子,n 毛毯， 毯子,/'blæŋkɪt/,/'blæŋkɪt/,I like that nice blanket.,我喜欢那条漂亮的毯子。
en:hug:verb:2,hug,verb,紧抱，拥抱,v 紧抱，拥抱；n 拥抱,/hʌɡ/,/hʌg/,We stood there crying and hugging each other.,我们站在那里哭着互相拥抱。
en:explain:verb:2,explain,verb,解释， 说明,vt 解释， 说明,/ɪk'splen/,/ɪk'spleɪn/,He carefully explained the procedure.,他仔细解释了程序。
en:envy:noun:2,envy,noun,嫉妒， 羡慕,n&v 嫉妒， 羡慕,/'ɛnvi/,/'envi/,"I really envy you and Ian, you seem so happy together.",我真是羡慕你和伊恩，你俩在一起看起来多幸福。
en:discount:noun:2,discount,noun,折扣,n 折扣,/dɪs'kaʊnt/,/'dɪskaunt/,They are often available at a discount.,它们经常可以以折扣价买到。
en:construct:verb:2,construct,verb,构筑； 建造,vt 构筑； 建造,/kən'strʌkt/,/kən'strʌkt/,There are plans to construct a new road bridge across the river.,有计划要建造一条新的跨河公路桥。
en:hope:noun:2,hope,noun,希望,n&v 希望,/hop/,/həup/,I do hope everything goes well.,我真心希望一切顺利。
en:attempt:verb:1,attempt,verb,试图， 尝试,vt&n 试图， 尝试,/ə'tɛmpt/,/ə'tempt/,Weather conditions prevented them from attempting the jump.,天气状况使他们无法尝试跳伞。
en:soon:adverb:2,soon,adverb,不久， 很快， 一会儿,adv 不久， 很快， 一会儿,/sun/,/suːn/,It will be dark soon.,天很快就要黑了。
en:division:noun:2,division,noun,除， 除法； 分开， 分割； 分界线,n 除， 除法； 分开， 分割； 分界线,/də'vɪʒən/,/dɪ'vɪʒn/,the traditional division of labour (= the way that particular tasks are shared ) between husband and wife,夫妻之间传统的分工
en:tablet:noun:2,tablet,noun,药片,n 药片,/ˈtæblɪt/,/'tæblət/,She took a couple of headache tablets .,她吃了几片头痛药。
en:hook:noun:2,hook,noun,钩子,n 钩子；vt 钩住， 用钩子挂,/hʊk/,/huk/,Tom hung his coat on the hook behind the door.,汤姆把外套挂在门后的衣钩上。
en:balance:verb:1,balance,verb,使平衡； 权衡,v 使平衡； 权衡；n 平衡,/'bæləns/,/'bæləns/,Job losses in manufacturing were balanced by job increases in the service sector.,制造业职位减少了，而服务行业就业机会却增加了，正好相抵。
en:bend:verb:2,bend,verb,弯曲； 弯腰， 屈身,v 弯曲； 弯腰， 屈身,/bɛnd/,/bend/,Lee bent and kissed her.,李俯下身来亲她。
en:action:noun:2,action,noun,行动,n 行动,/'ækʃən/,/'ækʃn/,The government must take action (= do something ) now to stop the rise in violent crime.,政府现在必须采取行动遏止暴力犯罪的上升。
en:lock:noun:1,lock,noun,锁,n 锁；vt 锁， 锁上,/lɑk/,/lɒk/,"I’m sorry, there isn’t a lock on the bathroom door.",对不起，浴室门上没有锁。
en:stadium:noun:2,stadium,noun,体育场,n 体育场,/'stedɪəm/,/'steɪdiəm/,the new Olympic Stadium,新的奥林匹克体育场
en:fear:noun:2,fear,noun,害怕， 恐惧， 担忧,n&v 害怕， 恐惧， 担忧,/fɪr/,/fɪə/,She finally ran away for fear that he would kill her.,她最后逃走了，唯恐他会杀她。
en:appreciation:noun:2,appreciation,noun,欣赏； 评论； 感激,n 欣赏； 评论； 感激,"/ə,priʃɪ'eʃən/",/əˌpriːʃi'eɪʃn/,He was presented with a watch in appreciation of his long service.,他获赠一块手表，作为对其长期服务的感谢。
en:electrical:adjective:2,electrical,adjective,与电有关的， 电气的,adj 与电有关的， 电气的,/ɪ'lɛktrɪkl/,/ɪ'lektrɪkl/,The fire was caused by an electrical fault.,大火是电力故障引起的。
en:statue:noun:2,statue,noun,雕像,n 雕像,/'stætʃu/,/'stætʃuː/,Churchill’s statue stands outside the parliament building.,丘吉尔的塑像矗立在议会大厦外。
en:sense:noun:2,sense,noun,感觉， 意识,n 感觉， 意识,/sɛns/,/sens/,"Cats have a very acute sense of hearing (= very good, so that they can hear even the smallest sound ) .",猫的听觉非常敏锐。
en:cream:noun:2,cream,noun,奶油； 乳脂,n 奶油； 乳脂,/krim/,/kriːm/,fresh cream,鲜奶油
en:sensitive:adjective:2,sensitive,adjective,敏感的； 灵敏的； 易被惹恼的,adj 敏感的； 灵敏的； 易被惹恼的,/'sɛnsətɪv/,/'sensətɪv/,a very sensitive child,一个很敏感的小孩
en:being:noun:2,being,noun,生物， 人； 存在,n 生物， 人； 存在,/'biɪŋ/,/'biːɪŋ/,a law that first came into being in 1912,于1912年制定的一条法律
en:vacant:adjective:2,vacant,adjective,空的， 空白的,adj 空的， 空白的,/'vekənt/,/'veɪkənt/,Only a few apartments were still vacant.,只有几套公寓仍然空着。
en:afford:verb:2,afford,verb,买得起； 有时间做； 承担得起； 提供,vt 买得起； 有时间做； 承担得起； 提供,/ə'fɔrd/,/ə'fɔːd/,The room affords a beautiful view over the city.,这房间可以俯瞰城市美景。
en:birthplace:noun:2,birthplace,noun,出生地， 故乡,n 出生地， 故乡,/'bɝθ'ples/,/'bɜːθpleɪs/,Stratford-upon-Avon was Shakespeare’s birthplace.,埃文河畔的斯特拉特福是莎士比亚的出生地。
en:dustbin:noun:2,dustbin,noun,垃圾箱,n 垃圾箱,/'dʌstbɪn/,/'dʌstbɪn/,A bomb planted in a dustbin exploded early today.,一枚安置在一个垃圾桶内的炸弹今天清早爆炸了。
en:impression:noun:2,impression,noun,印象， 感觉,n 印象， 感觉,/ɪm'prɛʃən/,/ɪm'preʃn/,When we looked around the school we got a very good impression.,我们参观了学校，对它的印象很好。
en:interval:noun:2,interval,noun,间歇， 间隔； 幕间休息,n 间歇， 间隔； 幕间休息,/'ɪntɚvl/,/'ɪntəvl/,"He left the room, returning after a short interval with a message.",他离开房间，过了一会儿就带回来一条消息。
en:evaluate:verb:2,evaluate,verb,评价； 估计,vt 评价； 估计,/ɪ'væljʊ'et/,/ɪ'væljueɪt/,You should be able to evaluate your own work.,你应该能够评估自己的工作。
en:status:noun:2,status,noun,身份， 地位,n 身份， 地位,/ˈstetəs/,/'steɪtəs/,These documents have no legal status in Britain.,这些文件在英国并无法律效力。
en:upset:adjective:1,upset,adjective,心烦的，苦恼的,adj 心烦的，苦恼的；vt 使苦恼,/ʌp'sɛt/,/ʌp'set/,"You’re not still upset with me, are you?",你不是还在生我的气吧？
en:dot:noun:2,dot,noun,点， 圆点,n 点， 圆点,/dɑt/,/dɒt/,a pattern of dots,圆点图案
en:deliver:verb:2,deliver,verb,投递 ； 交付， 给,vt 投递 ； 交付， 给,/dɪ'lɪvɚ/,/dɪ'lɪvə/,He delivered a strong warning about the dangers facing the government.,他就政府所面临的危险发出了强烈警告。
en:tailor:verb:2,tailor,verb,定做,v 定做；n 裁缝,/'telɚ/,/'teɪlə/,,
en:stamp:noun:2,stamp,noun,[C] 邮票,n [C] 邮票,/stæmp/,/stæmp/,a 29-cent stamp,一枚 29 美分的邮票
en:skip:verb:2,skip,verb,跳过； 跳读,vi 跳过； 跳读,/skɪp/,/skɪp/,I decided to skip the first chapter.,我决定跳过第一章。
en:phenomenon:noun:2,phenomenon,noun,现象,n 现象,/fə'nɑmɪnən/,/fə'nɒmɪnən/,Homelessness is not a new phenomenon .,无家可归已不是什么新现象。
en:mention:verb:2,mention,verb,提到，说起,vt 提到，说起；n 提及,/'mɛnʃən/,/'menʃn/,Was my name mentioned at all?,我的名字被提到过吗？
en:mad:adjective:2,mad,adjective,发疯的； 生气的,adj 发疯的； 生气的,/mæd/,/mæd/,You make me so mad !,你真把我气坏了！
en:barbecue:noun:2,barbecue,noun,烤肉野餐,n 烤肉野餐,/'bɑrbɪkju/,/'bɑːbɪkjuː/,We had a barbecue on the beach.,我们在海滩上烧烤。
en:file:noun:2,file,noun,文件， 档案,n 文件， 档案,/faɪl/,/faɪl/,We will keep your details on file (= store them for later use ) .,我们将把你的详细资料存档。
en:laundry:noun:2,laundry,noun,洗衣店； 要洗的衣服,n 洗衣店； 要洗的衣服,/'lɔndri/,/'lɔːndri/,She did the laundry (= washed the clothes etc ) and hung it out to dry.,她洗了衣服，然后挂出去晾干。
en:member:noun:2,member,noun,成员， 会员,n 成员， 会员,/'mɛmbɚ/,/'membə/,The majority of union members voted in favour of a strike.,大多数工会成员投票赞成罢工。
en:brewery:noun:2,brewery,noun,啤酒厂， 酿酒厂,n 啤酒厂， 酿酒厂,/'bruəri/,/'bruːəri/,"The brewery will remain open to the public throughout its ten-year transformation, so the architects wanted to test how a construction site can be used for public activities.",啤酒厂在它转型的十年内都将持续对公众开放，所以建筑师希望测试一个施工基地怎样才能用于公共活动。
en:accumulate:verb:2,accumulate,verb,堆积， 积累,vt 堆积， 积累,/ə'kjumjəlet/,/ə'kjuːmjəleɪt/,It is unjust that a privileged few should continue to accumulate wealth.,少数特权阶级继续积聚财富，这是不公平的。
en:crime:noun:2,crime,noun,罪， 罪行,n 罪， 罪行,/kraɪm/,/kraɪm/,He insisted that he had not committed any crime.,他坚持说自己没有犯任何罪行。
en:stand:verb:2,stand,verb,站立,vi 站立；vt 承担，忍受；n 站； 台,/stænd/,/stænd/,It looks like we’ll have to stand – there are no seats left.,看来我们只能站着——没有座位了。
en:surround:verb:2,surround,verb,围绕， 包围,vt 围绕， 包围,/sə'raʊnd/,/sə'raund/,He glared at the people who surrounded the tent.,他怒视着围住帐篷的那些人。
en:together:adverb:2,together,adverb,一起， 共同,adv 一起， 共同,/tə'ɡɛðɚ/,/tə'geðə/,We’ve very much enjoyed working together .,我们在一起工作非常开心。
en:pavement:noun:1,pavement,noun,人行道,n 人行道,/'pevmənt/,/'peɪvmənt/,A small group of journalists waited on the pavement outside her house.,有一小群记者守候在她家外面的人行道上。
en:cigarette:noun:2,cigarette,noun,香烟,n 香烟,"/ˌsɪɡəˈrɛt, ˈsɪɡəˌrɛt/",/ˌsɪgə'ret/,a packet of cigarettes,一包香烟
en:may:modal-verb:1,may,modal verb,可能，也许,modal verb 可能，也许；n 山楂花,/me/,/meɪ/,"I may be late, so don’t wait for me.",我可能会迟到，所以别等我。
en:could:modal-verb:1,could,modal verb,能，会，可以〔can 的过去式〕,modal verb 能，会，可以〔can 的过去式〕,/kəd; kʊd/,/kud/,"By the time she was eight, she could read Greek and Latin.",她八岁时就会读希腊文和拉丁文了。
en:forward:adverb:1,forward,adverb,向前， 前进,adv 向前， 前进；adj 早的；前进的,/'fɔrwɚd/,/'fɔːwəd/,"He leaned forward , his elbows resting on the table.",他身体前倾，胳膊肘撑在桌子上。
en:bent:noun:2,bent,noun,爱好，嗜好,n 爱好，嗜好；adj 弯曲的；决心的,/bɛnt/,/bent/,a bent nail,弯曲的钉子
en:strike:verb:2,strike,verb,罢工；侵袭；敲；,vt 罢工；侵袭；敲；,/straɪk/,/straɪk/,"In many countries, the police are forbidden to strike.",在很多国家，警察是禁止罢工的。
en:health:noun:2,health,noun,健康， 卫生,n 健康， 卫生,/hɛlθ/,/helθ/,I’m worried about my husband’s health.,我担心我丈夫的健康状况。
en:positive:adjective:1,positive,adjective,积极的； 肯定的,adj 积极的； 肯定的,/'pɑzətɪv/,/'pɒzətɪv/,the power of positive thinking,正向思考的力量
en:favourite:adjective:2,favourite,adjective,特别喜爱的,adj 特别喜爱的；n 特别喜爱的人,/'fevərɪt/,/'feɪvərɪt/,a child’s favourite toy,孩子最喜欢的玩具
en:bless:verb:2,bless,verb,保佑， 降福,vt 保佑， 降福,/blɛs/,/bles/,He’s always willing to help. Bless him!,他一向乐于助人，愿上帝保佑他！
en:menu:noun:2,menu,noun,菜单,n 菜单,/'mɛnju/,/'menjuː/,"Could we have the menu, please?",请把菜单给我们，好吗？
en:pacific:adjective:2,Pacific,adjective,太平洋的,adj 太平洋的,,/pə'sɪfɪk/,...the tiny Pacific island of Pohnpei.,...波纳佩的太平洋小岛。
en:able:adjective:2,able,adjective,有能力的； 有才干的， 有本事的,adj 有能力的； 有才干的， 有本事的,/'ebl/,/'eɪbl/,one of my more able students,我班上能力比较强的学生之一
en:mend:verb:2,mend,verb,修理， 修补,v 修理， 修补,/mɛnd/,/mend/,My father used to mend our shoes.,我父亲过去常为我们修补鞋子。
en:return:verb:2,return,verb,归还，返回,v 归还，返回；n 返回， 来回,/rɪ'tɝn/,/rɪ'tɜːn/,It was forty five minutes before she returned.,过了45分钟她才回来。
en:mail:noun:2,mail,noun,邮政，邮递,n 邮政，邮递；vt 〈美〉 邮寄,/mel/,/meɪl/,You shouldn’t read other people’s mail.,你不应该看别人的信件。
en:conscience:noun:2,conscience,noun,道德心， 良心,n 道德心， 良心,/ˈkɑːnʃəns/,/'kɒnʃəns/,"Well, at least I can face them all with a clear conscience (= the knowledge that you have done nothing wrong ) .",好吧，至少我可以问心无愧地面对他们所有人。
en:subject:noun:2,subject,noun,题目， 主题； 学科； 主语； 主体,n 题目， 主题； 学科； 主语； 主体,/ˈsʌbdʒɪkt;(for adj.)ˈsʌbdʒɪkt;(for v.)səbˈdʒɛkt/,/'sʌbdʒɪkt/,Paul has strong opinions on most subjects.,保罗在大多数问题上观点激烈。
en:use:noun:2,use,noun,利用； 应用,n 利用； 应用,/juz/,/juːz/,an exit for use in emergencies,紧急出口
en:bonus:noun:2,bonus,noun,奖金， 红利,n 奖金， 红利,/'bonəs/,/'bəunəs/,Long-term savers qualify for a cash bonus.,长期储户可获现金红利。
en:feel:verb:2,feel,verb,摸索，寻找,vi 摸索，寻找；v 觉得； 摸起来；vt 感觉；触摸；认为,/fil/,/fiːl/,She felt his forehead. Perhaps he had a temperature.,她摸了摸他的额头，他可能发烧了。
en:main:adjective:1,main,adjective,主要的,adj 主要的,,/meɪn/,The main reason for living in Spain is the weather.,居住在西班牙的主要原因是天气。
en:thrill:noun:2,thrill,noun,激动，兴奋；刺激,n 激动，兴奋；刺激；vt 使激动； 使胆战心惊,/θrɪl/,/θrɪl/,Winning first place must have been quite a thrill.,赢得第一名肯定让人非常激动。
en:serve:verb:1,serve,verb,服务， 招待； 服役,vt 服务， 招待； 服役,/sɝv/,/sɜːv/,There was only one girl serving customers .,只有一个女孩在接待顾客。
en:cassette:noun:2,cassette,noun,[C]卡式盒； 暗盒,n [C]卡式盒； 暗盒,/kə'sɛt/,/kə'set/,cassette tape,盒式录音带，盒式磁带
en:smile:noun:1,smile,noun,微笑,n&v 微笑,/smaɪl/,/smaɪl/,her smiling face,她的笑脸
en:fine:adjective:2,fine,adjective,好的；晴朗的；健康的,adj 好的；晴朗的；健康的；vt 处…以罚金,/faɪn/,/faɪn/,"‘How are you?’ ‘Fine, thanks, how are you?’",“你好吗？”“很好，谢谢，你呢？”
en:find:verb:2,find,verb,找到， 发现； 感到,vt 找到， 发现； 感到,/faɪnd/,/faɪnd/,I can’t find the car keys.,我找不到汽车钥匙。
en:host:noun:2,host,noun,主人；节目主持人,n 主人；节目主持人；vt 招待； 主持,/host/,/həust/,Our host greeted us at the door.,主人在门口迎接我们。
en:accelerate:verb:2,accelerate,verb,加速， 促进,vt 加速， 促进,/əkˈsɛləˌret/,/ək'seləreɪt/,measures to accelerate the rate of economic growth,加快经济增长速度的措施
en:grain:noun:2,grain,noun,谷物， 谷类,n 谷物， 谷类,/ɡren/,/greɪn/,big sacks of grain,大袋大袋的粮食
en:international:adjective:1,international,adjective,国际的,adj 国际的,"/,ɪntɚ'næʃnəl/",/ˌɪntə'næʃnəl/,the response of the international community,国际社会的反响
en:maid:noun:2,maid,noun,女仆； 少女,n 女仆； 少女,/med/,/meɪd/,a kitchen maid,厨房女佣人
en:credit:noun:2,credit,noun,信用； 信赖； 贷方,n 信用； 信赖； 贷方,/'krɛdɪt/,/'kredɪt/,The store agreed to let him have credit.,商店同意他赊购。
en:oxygen:noun:2,oxygen,noun,氧； 氧气,n 氧； 氧气,/'ɑksɪdʒən/,/'ɒksɪdʒən/,The human brain needs to be without oxygen for only four minutes before permanent damage occurs.,人脑缺氧只需4分钟就会造成永久性损伤。
en:regardless:adverb:1,regardless,adverb,不管， 不顾； 不加理会,adv 不管， 不顾； 不加理会,/rɪ'ɡɑrdləs/,/rɪ'gɑːdləs/,Despite her recent surgery she has been carrying on regardless.,尽管她最近动了手术，她却一直在不顾一切地继续工作。
en:terrible:adjective:2,terrible,adjective,可怕的； 糟糕的,adj 可怕的； 糟糕的,/'tɛrəbl/,/'terəbl/,The hotel was absolutely terrible.,这家宾馆糟糕透了。
en:combine:verb:2,combine,verb,联合， 结合,v 联合， 结合,/kəm'baɪn/,/kəm'baɪn/,Diets are most effective when combined with exercise.,节食和锻炼相结合是最有效的。
en:upward:adverb:1,upward,adverb,向上， 往上,adv 向上， 往上,/'ʌpwɚd/,/'ʌpwəd(z)/,They climbed upward along the steep cliffs surrounding the village.,他们沿着环绕村庄的陡峭悬崖向上爬。
en:waste:verb:1,waste,verb,浪费,vt 浪费；n 废弃物； 粪便,/west/,/weɪst/,Leaving the heating on all the time wastes electricity.,让暖气整天开着是浪费电力。
en:citizen:noun:2,citizen,noun,公民， 市民,n 公民， 市民,/'sɪtɪzn/,/'sɪtɪzn/,We need our schools to teach students to be good citizens.,我们需要学校把学生培养为好公民。
en:occur:verb:2,occur,verb,发生， 出现,vi 发生， 出现,/ə'kɝ/,/ə'kɜː/,A third of accidental deaths occur in the home.,有三分之一的意外死亡发生在家里。
en:comedy:noun:2,comedy,noun,喜剧,n 喜剧,/'kɑmədi/,/'kɒmədi/,a career in stand-up comedy,单口喜剧表演职业
en:pleasant:adjective:2,pleasant,adjective,令人愉快的， 舒适的,adj 令人愉快的， 舒适的,/'plɛznt/,/'pleznt/,It had been a pleasant evening.,那是个愉快的夜晚。
en:difficult:adjective:2,difficult,adjective,难的； 艰难的； 不易相处的,adj 难的； 艰难的； 不易相处的,/ˈdɪfəkəlt/,/'dɪfɪkəlt/,a difficult question,难解的问题
en:pressure:noun:2,pressure,noun,压； 压力； 压强,n 压； 压力； 压强,/'prɛʃɚ/,/'preʃə/,They are putting pressure on people to vote yes.,他们正在向民众施加压力，要求他们投赞成票。
en:sort:verb:1,sort,verb,分类，拣选,v 分类，拣选；n 种类， 类别,/sɔrt/,/sɔːt/,The eggs are sorted according to size.,这些鸡蛋是按大小分类的。
en:fill:verb:2,fill,verb,填空； 装满； 充满,v 填空； 装满； 充满,/fɪl/,/fɪl/,"He poured her a drink, then filled his own glass.",他给她倒了一杯，然后将自己的杯子斟满。
en:dentist:noun:2,dentist,noun,牙科医生,n 牙科医生,/'dɛntɪst/,/'dentɪst/,Visit your dentist twice a year for a checkup.,每年看两次牙医做检查。
en:numb:adjective:1,numb,adjective,麻木的,adj 麻木的,/nʌm/,/nʌm/,My fingers were so numb I could hardly write.,我的手指麻木得几乎没法写字。
en:feed:verb:2,feed,verb,喂 ， 饲 ； 吃,v 喂 ， 饲 ； 吃,/fid/,/fiːd/,Have you fed the cat?,你喂猫了吗？
en:forget:verb:2,forget,verb,忘记， 忘掉,v 忘记， 忘掉,/fɚ'ɡɛt/,/fə'get/,"I’m sorry, I’ve forgotten your name.",对不起，我忘记你的名字了。
en:professor:noun:1,professor,noun,教授,n 教授,/prə'fɛsɚ/,/prə'fesə/,Professor Barclay,巴克利教授
en:convenient:adjective:2,convenient,adjective,便利的， 方便的,adj 便利的， 方便的,/kənˈvinjənt/,/kən'viːniənt/,Mail-order catalogs are a convenient way to shop.,使用邮购目录是一种方便的购物方式。
en:specialist:noun:2,specialist,noun,专家， 专科医生； 专家； 专业人员,n 专家， 专科医生； 专家； 专业人员,/'spɛʃəlɪst/,/'speʃəlɪst/,a heart specialist,心脏专科医生
en:compass:verb:1,compass,verb,包围,v 包围；n 指南针,/'kʌmpəs/,/'kʌmpəs/,a map and compass,地图和指南针
en:background:noun:2,background,noun,背景,n 背景,/'bækɡraʊnd/,/'bækgraund/,Students with a background in chemistry will probably find the course easier.,学过化学的学生可能会觉得这门课程容易些。
en:true:adjective:2,true,adjective,真正的， 确实的； 正确的,adj 真正的， 确实的； 正确的,/tru/,/truː/,"No, honestly, it’s a true story .",不，真的，这是一个真实的故事。
en:adolescent:adjective:2,adolescent,adjective,青春期的,adj 青春期的；n [C]青少年,"/,ædə'lɛsnt/",/ˌædə'lesnt/,It is important that an adolescent boy should have an adult in whom he can confide.,一个青春期男孩应该有一个他能倾吐心声的成年人，这是很重要的。
en:valley:noun:2,valley,noun,山谷， 溪谷,n 山谷， 溪谷,/'væli/,/'væli/,the San Fernando Valley,圣费尔南多山谷
en:position:noun:2,position,noun,位置； 职位,n 位置； 职位,/pə'zɪʃən/,/pə'zɪʃn/,Our hotel was in a superb central position near St Mark’s Square.,我们的酒店处于极佳的中心位置，在圣马克广场附近。
en:present:adjective:1,present,adjective,当前的；出席的,adj 当前的；出席的；n 礼物， 赠品；vt 赠送； 介绍,/prɪˈzɛnt;(for n.)ˈprɛznt/,/prɪˈzent;(for n.)ˈpreznt/,the present situation of the millions of people who are suffering poverty and disease,遭受贫困和疾病折磨的数百万人民的现状
en:laughter:noun:2,laughter,noun,笑， 笑声,n 笑， 笑声,/'læftɚ/,/'lɑːftə/,Foster joined in the laughter.,福斯特也跟着笑了起来。
en:since:preposition:1,since,preposition,自从…以来，自从…之后,prep 自从…以来，自从…之后,/sɪns/,/sɪns/,We’ve been waiting here since two o’clock.,我们从两点钟开始就在这里等了。
en:patent:noun:1,patent,noun,专利权,n 专利权,/'pætnt/,/'peɪtnt/,He wants to take out a patent on his new type of dustbin.,他想为他的新型垃圾桶取得专利。
en:belong:verb:2,belong,verb,属， 附属,vi 属， 附属,/bɪ'lɔŋ/,/bɪ'lɒŋ/,The house had belonged to her family for three or four generations.,这座房子属于她家已有三四代了。
en:soul:noun:2,soul,noun,灵魂， 心灵,n 灵魂， 心灵,/sol/,/səul/,the immortality of the soul,灵魂的不灭
en:dangerous:adjective:2,dangerous,adjective,危险的,adj 危险的,/'dendʒərəs/,/'deɪndʒərəs/,laws about dangerous dogs,有关危险犬类的法律
en:certificate:noun:1,certificate,noun,证明， 证明书,n 证明， 证明书,"/sɚˈtɪfɪkɪt; (for v.,) sɚˈtɪfɪˌket/",/sə'tɪfɪkət/,a degree certificate,学位证书
en:mess:verb:1,mess,verb,弄乱,v 弄乱；n 凌乱,/mɛs/,/mes/,He scratched his head and messed his hair even more.,他挠挠头，把头发弄得更乱了。
en:sour:adjective:2,sour,adjective,酸的,adj 酸的,/'saʊɚ/,/'sauə/,Rachel sampled the wine. It was sour.,雷切尔尝了尝葡萄酒，是酸的。
en:delete:verb:2,delete,verb,删除,vt 删除,/dɪ'lit/,/dɪ'liːt/,His name was deleted from the list.,他的名字从名单上删掉了。
en:stain:noun:1,stain,noun,污点， 瑕疵,n 污点， 瑕疵,/sten/,/steɪn/,Remove stains by soaking in a mild solution of bleach.,用温和的漂白溶液浸泡以去除污渍。
en:breath:noun:2,breath,noun,气息， 呼吸,n 气息， 呼吸,/brɛθ/,/breθ/,"Slow down, I need to catch my breath.",慢一点，我要喘口气。
en:transform:verb:2,transform,verb,转变， 转换,v 转变， 转换,/træns'fɔrm/,/træns'fɔːm/,Increased population has transformed the landscape.,人口的增加使景观发生了变化。
en:advise:verb:2,advise,verb,忠告， 劝告， 建议,vt 忠告， 劝告， 建议,/əd'vaɪz/,/əd'vaɪz/,She needed someone to advise her.,她需要有个人给她出主意。
en:repeat:verb:2,repeat,verb,重说， 重做； 重复,vt 重说， 重做； 重复,/rɪ'pit/,/rɪ'piːt/,Can you repeat your question?,你能重复一遍你的问题吗？
en:physical:adjective:2,physical,adjective,身体的； 物理的； 客观存在的,adj 身体的； 物理的； 客观存在的,/'fɪzɪkl/,/'fɪzɪkl/,She was in constant physical pain.,她一直感到身上疼痛。
en:make:verb:2,make,verb,制造， 做； 使成为,vt 制造， 做； 使成为,/mek/,/meɪk/,I’m going to show you how to make a box for your tools.,我来教你怎么做一个箱子存放工具。
en:microwave:noun:2,microwave,noun,微波,n 微波,/'maɪkrə'wev/,/'maɪkrəweɪv/,I’ll heat it up in the microwave.,我来把它用微波炉热一热。
en:rooster:noun:2,rooster,noun,公鸡,n 公鸡,/'rustɚ/,/'ruːstə/,"On this day, the centipede out of play, did not expect close to cock it quietly, suddenly discovered the centipede rooster, rapid escape, but was too late.",公鸡干着急。这一天，蜈蚣出来玩耍，没想到公鸡悄悄地接近了它，蜈蚣突然发现了公鸡，快速逃跑，可是已经来不及了。
en:brochure:noun:2,brochure,noun,小册子,n 小册子,/bro'ʃʊr/,/'brəuʃə/,a holiday brochure,度假手册
en:master:verb:2,master,verb,精通，掌握,vt 精通，掌握；n 主人； 硕士,/'mæstɚ/,/'mɑːstə/,the skills needed to master a new language,掌握一门新语言所需的技能
en:extraordinary:adjective:2,extraordinary,adjective,非常的； 非凡的,adj 非常的； 非凡的,/ɪkˈstrɔrdənerɪ; ɪkˈstrɔrdnˌɛrɪ/,/ɪk'strɔːdnri/,It took an extraordinary amount of work.,这费了相当多的功夫。
en:witness:verb:1,witness,verb,目击，作证,v 目击，作证；n 证人， 目击者,/ˈwɪtnɪs/,/'wɪtnəs/,Several residents claim to have witnessed the attack.,几位居民称目击了袭击事件。
en:conventional:adjective:2,conventional,adjective,惯例的， 传统的； 常规的,adj 惯例的， 传统的； 常规的,/kən'vɛnʃənl/,/kən'venʃənl/,Internet connections through conventional phone lines are fairly slow.,通过传统的电话线来连接因特网速度很慢。
en:regulation:noun:2,regulation,noun,规则， 规章,n 规则， 规章,/ˌrɛɡjəˈleʃən/,/ˌregju'leɪʃn/,There seem to be so many rules and regulations these days.,如今好像条条框框很多。
en:due:adjective:2,due,adjective,预期的； 约定的,adj 预期的； 约定的,/du/,/djuː/,Any money due you will be sent by cheque through the post.,应该支付给你的款项将会以支票邮寄给你。
en:ripen:verb:2,ripen,verb,成熟,v 成熟,/'raɪpən/,/'raɪpən/,The apples were ripening on the trees.,树上的苹果都熟了。
en:puzzle:verb:2,puzzle,verb,迷惑， 困扰,v 迷惑， 困扰；n 难题；谜,/'pʌzl/,/'pʌzl/,a question that continues to puzzle scientists,一直困扰科学家的问题
en:evident:adjective:2,evident,adjective,明显的， 显然的,adj 明显的， 显然的,/'ɛvɪdənt/,/'evɪdənt/,Bob ate his lunch with evident enjoyment.,显然鲍勃吃午饭吃得津津有味。
en:accommodation:noun:2,accommodation,noun,住处；工作场所,n 住处；工作场所,"/ə,kɑmə'deʃən/",/əˌkɒmə'deɪʃn/,The price for the holiday includes flights and accommodation.,度假的价格包括机票和住宿。
en:authentic:adjective:2,authentic,adjective,真的， 可信的,adj 真的， 可信的,/ɔ'θɛntɪk/,/ɔː'θentɪk/,an authentic work by Picasso,毕加索的真迹
en:socket:noun:2,socket,noun,插座， 插孔； 孔， 穴,n 插座， 插孔； 孔， 穴,/'sɑkɪt/,/'sɒkɪt/,a headphone socket,耳机插口
en:biscuit:noun:2,biscuit,noun,饼干,n 饼干,/'bɪskɪt/,/'bɪskɪt/,a packet of chocolate biscuits,一包巧克力饼干
en:fence:noun:2,fence,noun,栅栏， 篱笆,n 栅栏， 篱笆,/fɛns/,/fens/,Villagers say the fence would restrict public access to the hills.,村民们说栅栏将限制公众进入山区。
en:breast:noun:2,breast,noun,胸部； 胸怀,n 胸部； 胸怀,/brɛst/,/brest/,Dick cradled her photograph against his breast.,迪克把她的照片轻轻拥在胸前。
en:mercy:noun:2,mercy,noun,怜悯,n 怜悯,/'mɝsi/,/'mɜːsi/,at the mercy of,受…支配
en:annoy:verb:2,annoy,verb,使烦恼， 使生气； 骚扰,vt 使烦恼， 使生气； 骚扰,/ə'nɔɪ/,/ə'nɔɪ/,What annoyed him most was that he had received no apology.,最令他生气的是没人向他道歉。
en:inform:verb:2,inform,verb,通知， 告诉,v 通知， 告诉,/ɪn'fɔrm/,/ɪn'fɔːm/,They decided to inform the police.,他们决定通知警察。
en:depend:verb:2,depend,verb,依靠， 指望； 取决于,vi 依靠， 指望； 取决于,/dɪ'pɛnd/,/dɪ'pend/,He depended on his writing for his income.,他靠写作谋生。
en:commit:verb:2,commit,verb,犯 ， 干,v 犯 ， 干,/kə'mɪt/,/kə'mɪt/,Women commit fewer crimes than men.,女性犯罪比男性少。
en:about:adverb:1,about,adverb,大约；到处，周围,adv 大约；到处，周围；prep 关于； 在附近， 在周围,/ə'baʊt/,/ə'baut/,I live about 10 miles away.,我住的地方离这里十英里左右。
en:scream:verb:2,scream,verb,尖叫，尖声喊叫,v 尖叫，尖声喊叫；n 尖叫,/skrim/,/skriːm/,"After the first few shots, people started screaming.",几声枪响过后，人们开始尖叫起来。
en:sorrow:noun:2,sorrow,noun,悲伤， 悲痛,n 悲伤， 悲痛,/sɑro/,/'sɒrəu/,the family’s joys and sorrows,这家人的喜与悲
en:cure:noun:1,cure,noun,治疗， 医好,n&v 治疗， 医好,/kjʊr/,/kjuə/,The new treatment effected a miraculous cure.,这种新疗法产生了奇迹般的疗效。
en:danger:noun:2,danger,noun,危险,n 危险,/'dendʒɚ/,/'deɪndʒə/,Danger! No boats beyond this point.,危险！船只不可越过此处。
en:crash:verb:1,crash,verb,碰撞； 坠毁,v&n 碰撞； 坠毁,/kræʃ/,/kræʃ/,The jet crashed after take-off.,这架喷气式飞机起飞后就坠毁了。
en:cover:noun:1,cover,noun,盖子；罩；封面,n 盖子；罩；封面；vt 覆盖； 掩盖； 包括； 报道,/'kʌvɚ/,/'kʌvə/,His photo’s on the cover of ‘Newsweek’ again.,他的照片又登上《新闻周刊》的封面了。
en:firm:adjective:2,firm,adjective,坚固的； 坚定的,adj 坚固的； 坚定的；n 公司，企业,/fɝm/,/fɜːm/,The sofa cushions are fairly firm.,沙发的坐垫很硬。
en:character:noun:2,character,noun,字符； 性格,n 字符； 性格,/'kærɪktɚ/,/'kærəktə/,He has a cheerful but quiet character.,他的性格乐观文静。
en:reflect:verb:2,reflect,verb,反射， 反映,vt 反射， 反映,/rɪ'flɛkt/,/rɪ'flekt/,The drop in consumer spending reflects concern about the economy.,消费支出的下降反映出人们对经济的担忧。
en:contribution:noun:2,contribution,noun,贡献； 捐款,n 贡献； 捐款,"/,kɑntrɪ'bjuʃən/",/ˌkɒntrɪ'bjuːʃn/,a campaign contribution,竞选捐款
en:above:adverb:1,above,adverb,在上面,adv 在上面；adj 上面的，上述的；上文的；prep 在…上面，在…上方；多于，大于,/ə'bʌv/,/ə'bʌv/,Our office is above the hairdresser’s.,我们的办公室在理发店上面。
en:fire:noun:2,fire,noun,火，火灾,n 火，火灾；vt 点火； 射击； 解雇,/'faɪr/,/'faɪə/,The warehouse was completely destroyed by fire.,仓库全给烧毁了。
en:stick:verb:2,stick,verb,黏住；坚持,v 黏住；坚持；n 木棒， 木棍,/stɪk/,/stɪk/,So you should stick to it.,所以你要坚持训练哟。
en:orbit:noun:2,orbit,noun,运行轨道,n 运行轨道,/'ɔrbɪt/,/'ɔːbɪt/,Mars and Earth have orbits which change with time.,火星和地球的轨道随着时间而发生改变。
en:band:noun:2,band,noun,乐队； 带子； 镶边,n 乐队； 带子； 镶边,/bænd/,/bænd/,The band was playing old Beatles songs.,乐队正在演奏披头士的老歌。
en:height:noun:2,height,noun,高， 高度,n 高， 高度,/haɪt/,/haɪt/,Sam’s about the same height as his sister now.,萨姆现在身高和他姐姐差不多了。
en:spray:verb:1,spray,verb,喷洒,v 喷洒；n 水雾，喷雾,/spreɪ/,/spreɪ/,A sprayer hooked to a tractor can spray five gallons onto ten acres.,挂在拖拉机上的喷雾器用五加仑液量能喷洒十英亩地。
en:distinguish:verb:2,distinguish,verb,区分， 辨别,v 区分， 辨别,/dɪ'stɪŋɡwɪʃ/,/dɪ'stɪŋgwɪʃ/,Could he distinguish right from wrong?,他能辨别是非吗？
en:outer:adjective:2,outer,adjective,外部的,adj 外部的,/'aʊtɚ/,/'autə/,Remove the tough outer leaves before cooking.,烹煮之前先把外面的老叶子去掉。
en:invent:verb:2,invent,verb,发明， 创造,vt 发明， 创造,/ɪn'vɛnt/,/ɪn'vent/,Alexander Graham Bell invented the telephone in 1876.,亚历山大 · 格雷厄姆 · 贝尔于1876年发明了电话。
en:fluent:adjective:2,fluent,adjective,流利的， 流畅的,adj 流利的， 流畅的,/'fluənt/,/'fluːənt/,He spoke in fluent Italian.,他用流利的意大利语讲话。
en:wonderful:adjective:2,wonderful,adjective,极好的,adj 极好的,/ˈwʌndɚfəl/,/'wʌndəfl/,"The cold, misty air felt wonderful on his face.",那凉凉的雾气使他脸上感觉好极了。
en:shortcoming:noun:2,shortcoming,noun,[C] 缺点， 短处,n [C] 缺点， 短处,/'ʃɔrtkʌmɪŋ/,/'ʃɔːtkʌmɪŋ/,Peter was painfully aware of his own shortcomings.,彼得痛苦地认识到了自己的短处。
en:haircut:noun:2,haircut,noun,理发,n 理发,/'hɛrkʌt/,/'heəkʌt/,Do you like my new haircut?,你喜欢我的新发型吗？
en:howl:verb:2,howl,verb,嚎叫， 嚎哭,v 嚎叫， 嚎哭,/haʊl/,/haul/,The dogs howled all night.,那些狗整夜嘷叫。
en:something:pronoun:2,something,pronoun,某事； 某物,pron 某事； 某物,/'sʌmθɪŋ/,/'sʌmθɪŋ/,There’s something in my eye.,我眼睛里有什么东西。
en:benefit:noun:2,benefit,noun,利益，好处,n 利益，好处；vt 使受益,/'bɛnɪfɪt/,/'benɪfɪt/,I never had the benefit of a university education.,我从未受过大学教育。
en:flood:verb:2,flood,verb,淹没， 泛滥,v 淹没， 泛滥；n 洪水,/flʌd/,/flʌd/,Towns and cities all over the country have been flooded.,全国各地的城镇都被淹没了。
en:quality:noun:2,quality,noun,质量； 品质,n 质量； 品质,/'kwɑləti/,/'kwɒləti/,Much of the land was of poor quality.,很多地的土质很差。
en:intention:noun:2,intention,noun,计划， 意图， 目的,n 计划， 意图， 目的,/ɪn'tɛnʃən/,/ɪn'tenʃn/,They went into town with the intention of visiting the library.,他们进了城，打算参观图书馆。
en:booth:noun:2,booth,noun,岗； 亭或小隔间,n 岗； 亭或小隔间,/bʊθ/,/buːð/,a voting booth,投票间
en:rude:adjective:2,rude,adjective,无礼的， 粗鲁的， 粗暴的,adj 无礼的， 粗鲁的， 粗暴的,/rud/,/ruːd/,a rude remark,粗鲁的话
en:enthusiastic:adjective:2,enthusiastic,adjective,热心的， 热情的,adj 热心的， 热情的,"/ɪn,θuzɪ'æstɪk/",/ɪnˌθjuːzi'æstɪk/,an enthusiastic supporter of reform,改革的热心支持者
en:symptom:noun:1,symptom,noun,症状,n 症状,/'sɪmptəm/,/'sɪmptəm/,One of the most common symptoms of schizophrenia is hearing imaginary voices.,精神分裂症最常见的症状之一是幻听。
en:funeral:noun:2,funeral,noun,葬礼,n 葬礼,/'fjunərəl/,/'fjuːnərəl/,The funeral will be held at St. Martin’s Church.,葬礼将在圣马丁教堂举行。
en:unique:adjective:2,unique,adjective,唯一的， 独特的,adj 唯一的， 独特的,/jʊ'nik/,/ju'niːk/,a unique opportunity to study these rare creatures,研究这些珍稀动物的难得机会
en:except:preposition:1,except,preposition,除…之外,prep 除…之外,/ɪk'sɛpt/,/ɪk'sept/,They were all there except me.,除了我以外他们都在那里。
en:ministry:noun:2,ministry,noun,部门,n 部门,/'mɪnɪstri/,/'mɪnɪstri/,...the Ministry of Justice.,…司法部。
en:religious:adjective:2,religious,adjective,宗教的； 虔诚的,adj 宗教的； 虔诚的,/rɪ'lɪdʒəs/,/rɪ'lɪdʒəs/,I don’t share her religious beliefs .,她的宗教信仰和我的不同。
en:shelter:noun:2,shelter,noun,掩蔽； 隐蔽处,n 掩蔽； 隐蔽处,/'ʃɛltɚ/,/'ʃeltə/,The men took shelter in a bombed-out farmhouse.,那些男人躲在一间被炸毁的农舍里。
en:fact:noun:2,fact,noun,事实， 现实,n 事实， 现实,/fækt/,/fækt/,Our decision to build the museum in Hartlepool was influenced by the fact that there were no national museums in the North East.,我们之所以决定在哈特尔浦建造博物馆，是因为东北地区没有国家级的博物馆。
en:examine:verb:2,examine,verb,检查， 诊察,v 检查， 诊察,/ɪg'zæmɪn/,/ɪg'zæmɪn/,A team of divers was sent down to examine the wreck.,一组潜水员被送到水下检查沉船。
en:scan:verb:2,scan,verb,细看； 浏览； 扫描,v 细看； 浏览； 扫描,/skæn/,/skæn/,She scanned through the paper.,她浏览了一下报纸。
en:fundamental:adjective:2,fundamental,adjective,基础的， 基本的,adj 基础的， 基本的,"/,fʌndə'mɛntl/",/ˌfʌndə'mentl/,We have to tackle the fundamental cause of the problem.,我们必须解决问题的根本原因。
en:association:noun:2,association,noun,联合； 联盟； 结交， 交往； 协会,n 联合； 联盟； 结交， 交往； 协会,"/ə,soʃɪ'eʃən/",/əˌsəuʃi'eɪʃn/,the Association of Master Builders,建筑师协会
en:believe:verb:2,believe,verb,相信； 认为,vt 相信； 认为,/bɪ'liv/,/bɪ'liːv/,You shouldn’t believe everything you read.,你不应尽信书上看来的东西。
en:remember:verb:2,remember,verb,记得； 纪念,v 记得； 纪念,/rɪ'mɛmbɚ/,/rɪ'membə/,Do you remember Rosa Davies?,你记得罗莎·戴维斯吗？
en:outline:noun:2,outline,noun,大纲，轮廓；要点，概要,n 大纲，轮廓；要点，概要；vt 描绘轮廓； 略述,/'aʊtlaɪn/,/'autlaɪn/,a research proposal outline,研究计划梗概
en:fade:verb:2,fade,verb,褪色； 使消退； 枯萎,v 褪色； 使消退； 枯萎,/fed/,/feɪd/,All colour fades – especially under the impact of direct sunlight.,所有颜色都会褪色–尤其是在直射阳光的影响下。
en:unless:conjunction:2,unless,conjunction,如果不， 除非,conj 如果不， 除非,/ən'lɛs/,/ən'les/,"Unless some extra money is found, the theatre will close.",要是不能找到更多资金，剧院将要关闭。
en:glance:verb:1,glance,verb,扫视， 匆匆一看,v&n 扫视， 匆匆一看,/ɡlæns/,/glɑːns/,Trevor and I exchanged a glance.,特雷弗和我相互瞥了一眼。
en:free:adjective:2,free,adjective,自由的， 空闲的； 免费的,adj 自由的， 空闲的； 免费的,/fri/,/friː/,Admission is free for children under 9.,九岁以下儿童免费入场。
en:equality:noun:2,equality,noun,平等， 同等， 均等,n 平等， 同等， 均等,/ɪ'kwɑləti/,/i'kwɒləti/,...equality of the sexes.,…性别平等。
en:mix:verb:2,mix,verb,混合， 搅拌,v 混合， 搅拌,/mɪks/,/mɪks/,Oil and water don’t mix.,油和水不相融。
en:ought:auxiliary:2,ought,auxiliary,应该，应当；大概,aux 应该，应当；大概；vi 应该，应当；大概,/ɔt/,/'ɔːt/,All of us ought to go.,我们大家都应该去。
en:dictation:noun:2,dictation,noun,听写,n 听写,/dɪk'teʃən/,/dɪk'teɪʃn/,I hate doing French dictations .,我讨厌做法语听写。
en:crayon:noun:2,crayon,noun,蜡笔； 蜡笔画,n 蜡笔； 蜡笔画,/kreən/,/'kreɪən/,,
en:honour:verb:1,honour,verb,尊敬，给予荣誉,vt 尊敬，给予荣誉；n 荣誉， 光荣,/'ɔnə/,/'ɒnə/,"In a marriage, you need to honour one another.",婚姻中双方应该互相尊重。
en:bother:verb:1,bother,verb,烦扰， 打扰,vt 烦扰， 打扰,/'bɑðɚ/,/'bɒðə/,"Danny, don’t bother Ellen while she’s reading.",丹尼，埃伦看书的时候不要去打扰她 。
en:expression:noun:2,expression,noun,表情； 表达法， 表达方式,n 表情； 表达法， 表达方式,/ɪk'sprɛʃən/,/ɪk'spreʃn/,Student leaders are demanding greater freedom of expression (= the right to say what you think without being punished ).,学生领袖要求得到更多的言论自由。
en:middle:adjective:2,middle,adjective,中部的， 中间的， 中级的,adj 中部的， 中间的， 中级的；n 中间，当中,/'mɪdl/,/'mɪdl/,driving in the middle lane of the motorway,在高速公路的中间车道上行驶
en:childhood:noun:2,childhood,noun,幼年时代， 童年,n 幼年时代， 童年,/'tʃaɪldhʊd/,/'tʃaɪldhud/,I had a very happy childhood.,我的童年很快乐。
en:though:conjunction:1,though,conjunction,虽然， 可是， 尽管,conj&adv 虽然， 可是， 尽管,/ðo/,/ðəu/,"Two heart attacks in a year. It hasn’t stopped him smoking, though.",一年里心脏病发作了两次，可是那也没让他把烟戒掉。
en:thorough:adjective:2,thorough,adjective,彻底的,adj 彻底的,/ˈθʌrəʊ; θʌro/,/'θʌrə/,The doctor gave him a thorough check-up.,医生给他做了一次全面的体检。
en:appeal:noun:1,appeal,noun,呼吁， 请求,n&v 呼吁， 请求,/ə'pil/,/ə'piːl/,The girl’s family have made a public appeal for help to try and catch her killer.,那名遇害女孩的家人吁请公众协助捉拿凶手。
en:everyday:adjective:2,everyday,adjective,日常的,adj 日常的,/'ɛvrɪde/,/'evrideɪ/,the problems of everyday life,日常生活中的问题
en:stay:verb:2,stay,verb,保持，停止，阻止,v 保持，停止，阻止；n 逗留,/ste/,/steɪ/,Rollings will stay as chairman this year.,罗林斯今年将继续担任主席一职。
en:appear:verb:2,appear,verb,出现； 看来， 似乎,vi 出现； 看来， 似乎,/ə'pɪr/,/ə'pɪə/,Police have found what appear to be human remains.,警方发现了疑似人体遗骸的东西。
en:face:noun:2,face,noun,脸；面容；表情；面子；正面,n 脸；面容；表情；面子；正面；vt 面向； 面对， 朝； 正视； 面临,/fes/,/feɪs/,She had a beautiful face.,她面容秀美。
en:abandon:verb:1,abandon,verb,放弃,vt 放弃,/ə'bændən/,/ə'bændən/,How could she abandon her own child?,她怎么能抛弃自己的孩子呢？
en:congratulation:noun:2,congratulation,noun,祝贺，恭贺,n 祝贺，恭贺,"/kən,ɡrætʃu'leʃən/",/kənˌgrætʃu'leɪʃn/,letters of congratulation,祝贺信
en:inspire:verb:2,inspire,verb,鼓舞， 激励； 启示,v 鼓舞， 激励； 启示,/ɪn'spaɪɚ/,/ɪn'spaɪə/,We need someone who can inspire the team.,我们需要一个能鼓舞团队士气的人。
en:afraid:adjective:2,afraid,adjective,害怕的， 恐惧的,adj 害怕的， 恐惧的,/ə'fred/,/ə'freɪd/,There’s no need to be afraid.,没有必要害怕。
en:progress:verb:1,progress,verb,进展； 进行,vi 进展； 进行；n 进步， 上进,/'prɑɡrɛs/,/'prəʊgres/,I asked the nurse how my son was progressing.,我询问护士我儿子身体恢复得如何。
en:geometry:noun:2,geometry,noun,几何学,n 几何学,/dʒɪ'ɑmətri/,/dʒi'ɒmətri/,...the very ordered way in which mathematics and geometry describe nature.,…数学和几何学描述自然的条理性。
en:invite:verb:2,invite,verb,邀请； 招待,vt 邀请； 招待,/ɪn'vaɪt/,/ɪn'vaɪt/,I’m afraid I wasn’t invited.,恐怕我没有受到邀请。
en:open:adjective:2,open,adjective,公开的；开着的,adj 公开的；开着的；v 打开； 公开,/'opən/,/'əupən/,He threw the door open and ran down the stairs.,他猛地打开门，往楼下跑去。
en:devote:verb:2,devote,verb,奉献； 致力； 专心,vt 奉献； 致力； 专心,/dɪ'vot/,/dɪ'vəut/,He decided to devote the rest of his life to scientific investigation.,他决定把余生奉献给科学研究。
en:agent:noun:2,agent,noun,代理商,n 代理商,/'edʒənt/,/'eɪdʒənt/,Our agent in Rio deals with all our Brazilian business.,我们在里约热内卢的业务代表处理我们在巴西的全部业务。
en:treat:verb:2,treat,verb,对待， 看待； 治疗,vt 对待， 看待； 治疗,/trit/,/triːt/,It was difficult to treat patients because of a shortage of medicine.,由于缺少药物，很难给病人治病。
en:abortion:noun:2,abortion,noun,流产； 堕胎,n 流产； 堕胎,/ə'bɔrʃən/,/ə'bɔːʃn/,She decided to have an abortion .,她决定做人工流产。
en:bishop:noun:2,bishop,noun,主教,n 主教,/'bɪʃəp/,/'bɪʃəp/,the Bishop of Durham,达勒姆郡的主教
en:suffering:noun:2,suffering,noun,痛苦，苦难,n 痛苦，苦难,/'sʌfərɪŋ/,/'sʌfərɪŋ/,the suffering of the refugees after the war,战后难民所遭受的苦难
en:afterward:adverb:2,afterward,adverb,后来,adv 后来,/ˈæftərwərd/,/'ɑːftəwɜːd(z)/,"Shortly afterward, police arrested four suspects.",之后不久，警方逮捕了４名嫌疑犯。
en:reputation:noun:2,reputation,noun,名誉， 名声,n 名誉， 名声,"/,rɛpju'teʃən/",/ˌrepju'teɪʃn/,Alice Munro has a reputation for being a very depressing writer.,艾丽斯•门罗有文风抑郁的名声。
en:project:noun:1,project,noun,项目， 工程,n 项目， 工程,/prəˈdʒɛkt; prɑdʒɛkt/,/'prɒdʒekt/,The project aims to provide an analysis of children’s emotions.,该计划旨在对儿童情绪作出分析。
en:inside:adverb:1,inside,adverb,在里面， 在内部,adv 在里面， 在内部；prep 在…里面，在…之内,/'ɪn'saɪd/,/ˌɪn'saɪd/,The jewels were locked away inside the safe.,珠宝锁入了保险箱。
en:independence:noun:2,independence,noun,独立,n 独立,"/,ɪndɪ'pɛndəns/",/ˌɪndɪ'pendəns/,The country has made great advances since independence.,该国自独立以来发展迅速。
en:presentation:noun:2,presentation,noun,演示， 演出； 呈现， 展示,n 演示， 演出； 呈现， 展示,"/,prizɛn'teʃən/",/ˌprezn'teɪʃn/,We will begin a series of presentations to help the public fully understand our system.,我们将进行一系列的说明，帮助公众充分了解我们的制度。
en:whenever:conjunction:2,whenever,conjunction,无论何时,conj 无论何时,/wɛn'ɛvɚ/,/wen'evə/,"They were always there by you, whenever you needed them.",无论何时你需要他们，他们总是在你身边。
en:dynasty:noun:2,dynasty,noun,朝代， 王朝,n 朝代， 王朝,/'daɪnəsti/,/'dɪnəsti/,The Habsburg dynasty ruled in Austria from 1278 to 1918.,哈布斯堡王朝在1278至1918年间统治奥地利。
en:bark:verb:1,bark,verb,〔狗〕吠叫,v 〔狗〕吠叫；n 狗叫声，吠声,/bɑrk/,/bɑːk/,I barked my shin against the step.,我在台阶上蹭破了胫部。
en:greedy:adjective:2,greedy,adjective,贪婪的,adj 贪婪的,/'gridi/,/'griːdi/,a greedy and selfish society,一个贪婪自私的社会
en:awkward:adjective:2,awkward,adjective,笨拙的； 难使用的,adj 笨拙的； 难使用的,/'ɔkwɚd/,/'ɔːkwəd/,I hoped he would stop asking awkward questions .,我希望他不要再问令人难堪的问题。
en:bare:adjective:2,bare,adjective,赤裸的,adj 赤裸的；vt 使赤裸；露出,/bɛr/,/beə/,a ragged child with bare feet,一个衣衫褴褛、光着脚的小孩
en:ruin:verb:1,ruin,verb,毁坏；毁灭,v 毁坏；毁灭,/'ruɪn/,/'ruːɪn/,This illness has ruined my life.,这个病毁掉了我的生活。
en:mutton:noun:2,mutton,noun,羊肉,n 羊肉,/'mʌtn/,/'mʌtn/,...a leg of mutton.,…一条羊腿。
en:celebrate:verb:2,celebrate,verb,庆祝,v 庆祝,/sɛləˌbret/,/'selɪbreɪt/,It’s Dad’s birthday and we’re going out for a meal to celebrate.,今天是爸爸的生日，我们打算出去吃饭庆祝一下。
en:admirable:adjective:2,admirable,adjective,令人钦佩的； 极好的,adj 令人钦佩的； 极好的,/'ædmərəbl/,/'ædmərəbl/,an admirable achievement,令人钦佩的成就
en:please:verb:2,please,verb,使人高兴， 令人满意,v 使人高兴， 令人满意；int 请,/pliz/,/pliːz/,a business that wants to please its customers,希望让顾客满意的一家公司
en:look:verb:2,look,verb,看， 瞧； 看起来； 注意,vi 看， 瞧； 看起来； 注意；n [C]看，瞧,/lʊk/,/luk/,We sneaked out while Jessie’s mom wasn’t looking.,我们趁杰茜的妈妈没有看到，偷偷地溜了出去。
en:offshore:adjective:2,offshore,adjective,近海的， 向海的,adj&adv 近海的， 向海的,"/,ɔf'ʃɔr/",/ˌɒf'ʃɔː/,offshore oil fields,近海油田
en:fortnight:noun:2,fortnight,noun,两星期,n 两星期,/'fɔrtnaɪt/,/'fɔːtnaɪt/,a fortnight’s holiday,十四天的假期
en:scar:noun:1,scar,noun,伤疤,n 伤疤,/skɑr/,/skɑː/,"He had a long, curved scar on his right cheek.",他的右脸上有一道弯弯的长疤。
en:mountainous:adjective:2,mountainous,adjective,多山的,adj 多山的,/'maʊntənəs/,/'mauntənəs/,the mountainous coast of Wales,威尔士多山的海岸
en:inspect:verb:2,inspect,verb,检查； 审视,vt 检查； 审视,/ɪn'spɛkt/,/ɪn'spekt/,I got out of the car to inspect the damage.,我下车查看损坏情况。
en:campaign:verb:2,campaign,verb,参加活动； 作战,vi 参加活动； 作战；n 战役；竞选活动,/kæm'pen/,/kæm'peɪn/,Jones ran a good campaign.,琼斯的活动搞得很成功。
en:vital:adjective:2,vital,adjective,重大的， 生死攸关的,adj 重大的， 生死攸关的,/'vaɪtl/,/'vaɪtl/,The port is vital to supply relief to millions of drought victims.,这个港口至关重要，给数百万旱灾民提供救济物资。
en:conflict:noun:2,conflict,noun,斗争， 冲突,n 斗争， 冲突,/'kɑnflɪkt/,/'kɒnflɪkt/,the threat of industrial conflict in the coalfields,煤田发生劳资纠纷的风险
en:allow:verb:2,allow,verb,允许， 准许,vt 允许， 准许,/ə'laʊ/,/ə'lau/,We don’t allow diving in the pool.,泳池内禁止跳水。
en:rough:adjective:2,rough,adjective,粗糙的； 粗略的,adj 粗糙的； 粗略的,/rʌf/,/rʌf/,Her hands were rough from hard work.,她的双手因为干重活而变得很粗糙。
en:knock:noun:1,knock,noun,敲； 打； 击,n&v 敲； 打； 击,/nɑk/,/nɒk/,I knocked and knocked but nobody answered.,我把门敲了又敲，但无人回应。
en:mass:noun:2,mass,noun,众多，大量；,n 众多，大量；,/mæs/,/mæs/,The war is strongly supported by the mass of the population.,这场战争得到了大多数人的有力支持。
en:rule:noun:1,rule,noun,规则，规定；统治,n 规则，规定；统治；vt 统治； 支配,/rul/,/ruːl/,There are no hard and fast rules (= clear and definite rules ) about what to wear to classes.,对于上课着装并没有硬性规定。
en:proper:adjective:2,proper,adjective,恰当的， 合适的,adj 恰当的， 合适的,/'prɑpɚ/,/'prɒpə/,Everything was in its proper place (= where it should be ) .,每样东西都放在恰当的位置。
en:update:verb:1,update,verb,现代化； 更新,vt&n 现代化； 更新,"/,ʌp'det/",/ˌʌp'deɪt/,plans to update manufacturing procedures,更新生产流程的计划
en:amateur:adjective:1,amateur,adjective,业余爱好的,adj 业余爱好的；n 业余爱好者,/ˈæmətər/,/'æmətə/,...professional athletes and amateur runners.,…专业运动员和业余赛跑运动员。
en:poisonous:adjective:2,poisonous,adjective,有毒的； 有害的； 致命的,adj 有毒的； 有害的； 致命的,/'pɔɪzənəs/,/'pɔɪzənəs/,Some mushrooms are extremely poisonous.,一些蘑菇有剧毒。
en:condemn:verb:2,condemn,verb,谴责， 声讨,vt 谴责， 声讨,/kən'dɛm/,/kən'dem/,Politicians were quick to condemn the bombing.,政治家们立即对爆炸事件进行了谴责。
en:assistance:noun:2,assistance,noun,援助， 帮助,n 援助， 帮助,/ə'sɪstəns/,/ə'sɪstəns/,We offer financial assistance to students.,我们向学生提供经济援助。
en:bitter:adjective:2,bitter,adjective,有苦味的； 痛苦的； 严酷的,adj 有苦味的； 痛苦的； 严酷的,/'bɪtɚ/,/'bɪtə/,Enjoy the beer’s bitter taste as you slowly drink it.,慢慢地喝这啤酒，细细品尝它的苦味。
en:speed:verb:2,speed,verb,加速,v 加速；n 速度,/spid/,/spiːd/,An ambulance sped her to the hospital.,一辆救护车把她快速送往医院。
en:gesture:noun:2,gesture,noun,姿势； 手势,n 姿势； 手势,/'dʒɛstʃɚ/,/'dʒestʃə/,Luke made an obscene gesture with his finger.,卢克用手指做了一个下流的手势。
en:admit:verb:2,admit,verb,承认； 准许,v 承认； 准许,/əd'mɪt/,/əd'mɪt/,"‘Okay, so maybe I was a little bit scared,’ Jenny admitted.",“行了，也许我是有点害怕。”珍妮承认道。
en:common:adjective:2,common,adjective,普通的； 公共的； 共有的,adj 普通的； 公共的； 共有的,/'kɑmən/,/'kɒmən/,Heart disease is one of the commonest causes of death.,心脏病是最常见的死因之一。
en:interest:noun:2,interest,noun,兴趣，趣味；利息,n 兴趣，趣味；利息；vt 使产生兴趣,/'ɪntrəst/,/'ɪntrəst/,"I watched the first few episodes, but soon lost interest.",我看了前几集，但很快就失去了兴趣。
en:wonder:verb:1,wonder,verb,想知道；对…感到惊讶,v 想知道；对…感到惊讶；n 奇迹,/'wʌndɚ/,/'wʌndə/,"What are they going to do now, I wonder ?",我想知道，他们现在打算怎么办呢？
en:sleepy:adjective:2,sleepy,adjective,想睡的， 困倦的， 瞌睡的,adj 想睡的， 困倦的， 瞌睡的,/'slipi/,/'sliːpi/,The warmth from the fire made her feel sleepy.,暖洋洋的炉火使她昏昏欲睡。
en:sneeze:noun:1,sneeze,noun,打喷嚏,n&vi 打喷嚏,/sniz/,/sniːz/,She started coughing and sneezing.,她开始咳嗽、打喷嚏。
en:bath:noun:2,bath,noun,[C] 洗澡； 浴室； 澡盆,n [C] 洗澡； 浴室； 澡盆,,/bɑːθ/,"After a week of camping, I really needed a bath.",我露营了一个星期，实在得洗个澡了。
en:every:adjective:2,every,adjective,每一， 每个的； 每…,adj 每一， 每个的； 每…,/'ɛvri/,/'evri/,His every utterance will be scrutinized.,他说的每句话都会被细查。
en:mask:verb:1,mask,verb,戴面具； 掩饰,v 戴面具； 掩饰；n 口罩，面罩；遮盖物,/mæsk/,/mɑːsk/,"Dina lit a cigarette, trying to mask her agitation.",黛娜点燃了一支烟，试图掩饰她的不安。
en:thermos:noun:2,thermos,noun,热水瓶,n 热水瓶,/'θɝməs/,/'θɜːməs/,How about a thermos to keep the tea warm?,热水瓶怎么样？可以给茶保温。
en:summary:noun:1,summary,noun,[C] 摘要， 概要,n [C] 摘要， 概要,/'sʌməri/,/'sʌməri/,A brief summary is given on a separate sheet.,摘要另写一页。
en:apply:verb:2,apply,verb,申请； 应用,v 申请； 应用,/ə'plaɪ/,/ə'plaɪ/,We need to apply for planning permission to build a garage.,我们建车库需要申请规划许可。
en:overlook:verb:2,overlook,verb,俯瞰； 远眺,vt 俯瞰； 远眺,"/,ovɚ'lʊk/",/ˌəuvə'luk/,Our room overlooks the ocean.,我们的房间可以俯视大海。
en:politician:noun:2,politician,noun,政治家,n 政治家,"/,pɑlə'tɪʃən/",/ˌpɒlə'tɪʃn/,politicians who are trying to get the minority vote,努力争取少数族群选票的政治家
en:taxpayer:noun:1,taxpayer,noun,纳税人,n 纳税人,"/'tæks,peiə/",/'tækspeɪə/,The proposal could cost the taxpayer (= all ordinary people who pay tax ) another £18m a year.,"这个提议也许又要让纳税人一年多花1,800万英镑。"
en:indeed:adverb:2,indeed,adverb,确实， 实在,adv 确实， 实在,/ɪn'did/,/ɪn'diːd/,The blood tests prove that Vince is indeed the father.,验血证明文斯确实是父亲。
en:seagull:noun:2,seagull,noun,海鸥,n 海鸥,/'siɡʌl/,/'siːgʌl/,The sound of seagull carry her back to childhood holidays by the sea.,她听到海鸥的叫声就回忆起童年时在海边度假的情景。
en:artificial:adjective:2,artificial,adjective,人造的； 非天然的,adj 人造的； 非天然的,"/,ɑrtɪ'fɪʃl/",/ˌɑːtɪ'fɪʃl/,artificial flowers,假花
en:disagree:verb:2,disagree,verb,意见不一致， 持不同意见,vi 意见不一致， 持不同意见,"/,dɪsə'ɡri/",/ˌdɪsə'griː/,The statements of several witnesses disagree.,几名证人的证词不一致。
en:comment:verb:1,comment,verb,评论； 注释,v 评论； 注释；n 评论,/'kɑmɛnt/,/'kɒment/,"So far, Mr. Cook has not commented on these reports.",到目前为止，库克先生还未对这些报告进行过评论。
en:step:verb:1,step,verb,走；跨步,v 走；跨步；n 脚步； 台阶,/stɛp/,/step/,Mr. Ives? Please step this way (= walk in the direction I am showing you ) .,是艾夫斯先生吗？请这边走。
en:forever:adverb:2,forever,adverb,永远地， 永恒地,adv 永远地， 永恒地,/fɚ'ɛvɚ/,/fər'evə/,I wanted that moment to last forever .,我希望那一刻成为永远。
en:mark:verb:1,mark,verb,做记号， 标记,v 做记号， 标记；n 标记；分数,,/mɑːk/,I’ve marked the pages you need to look at.,我把你需要看的几页做了记号。
en:base:noun:2,base,noun,根据地；底部,n 根据地；底部；vt 以…为基础， 基于…,/bes/,/beɪs/,India has a good scientific research base.,印度有良好的科研基础。
en:employ:verb:2,employ,verb,雇用,vt 雇用,/ɪm'plɔɪ/,/ɪm'plɔɪ/,"The factory employs over 2,000 people.","这家工厂雇用了2,000多名员工。"
en:trend:noun:2,trend,noun,倾向， 趋势； 时尚,n 倾向， 趋势； 时尚,/trɛnd/,/trend/,The current trend is towards more part-time employment.,当前的趋势是雇用更多的兼职人员。
en:achievement:noun:2,achievement,noun,[U] 完成， 达到； [C] 成就， 成绩,n [U] 完成， 达到； [C] 成就， 成绩,/ə'tʃivmənt/,/ə'tʃiːvmənt/,His great achievement is to make all the players into a united team.,他的伟大成就在于把所有选手组织成一支团结的队伍。
en:whole:adjective:2,whole,adjective,完整的， 所有的,adj 完整的， 所有的,/hol/,/həul/,You have your whole life ahead of you!,你有一辈子要过呢！
en:fair:adjective:2,fair,adjective,公平的；晴朗的；白皙的,adj 公平的；晴朗的；白皙的；n 集市， 展览会,/fɛr/,/feə/,Why does Eric get to go and I don’t? It’s not fair!,为什么埃里克能去我不能？这不公平！
en:during:preposition:2,during,preposition,在…期间， 在…过程中,prep 在…期间， 在…过程中,/'dʊrɪŋ/,/'djuərɪŋ/,During the summer she worked as a lifeguard.,夏天她当过救生员。
en:balcony:noun:2,balcony,noun,阳台； 包厢,n 阳台； 包厢,/'bælkənɪ/,/'bælkəni/,Has your flat got a balcony?,你的公寓有阳台吗？
en:revolution:noun:2,revolution,noun,革命， 变革,n 革命， 变革,/'rɛvə'lʊʃən/,/ˌrevə'luːʃn/,the French Revolution of 1789,1789年法国大革命
en:mop:verb:2,mop,verb,用拖把拖地,v 用拖把拖地；n 拖把,/mɑp/,/mɒp/,She carried on mopping the floor.,她继续用拖把拖地。
en:consist:verb:2,consist,verb,由…组成,vi 由…组成,/kən'sɪst/,/kən'sɪst/,My diet consisted almost exclusively of chocolate-covered cookies and glasses of milk.,我的饮食几乎只包含裹上巧克力的曲奇饼和一杯杯牛奶。
en:preparation:noun:2,preparation,noun,准备， 预备； 准备工作， 准备措施,n 准备， 预备； 准备工作， 准备措施,"/,prɛpə'reʃən/",/ˌprepə'reɪʃn/,This dish is good for dinner parties because much of the preparation can be done ahead of time.,这道菜适合宴会，因为很多准备工作可以事先做好。
en:relation:noun:2,relation,noun,关系； 亲属,n 关系； 亲属,/rɪ'leʃən/,/rɪ'leɪʃn/,The price the meat is sold for bears no relation to (= is not connected to ) the price the farmer receives.,肉的售价和农民拿到的价格无关。
en:reliable:adjective:2,reliable,adjective,可靠的,adj 可靠的,/rɪ'laɪəbl/,/rɪ'laɪəbl/,a birth control method that is cheap and reliable,既便宜又可靠的避孕方法
en:loss:noun:2,loss,noun,丧失； 损耗,n 丧失； 损耗,/lɔs/,/lɒs/,"The company is closing down two of its factories, leading to 430 job losses .",公司要关闭其中的两家工厂，这将造成430人失业。
en:relate:verb:2,relate,verb,有关； 涉及,v 有关； 涉及,/rɪ'let/,/rɪ'leɪt/,I don’t understand how the two ideas relate.,我不明白这两个观点有什么联系。
en:typhoon:noun:2,typhoon,noun,台风,n 台风,/taɪ'fʊn/,/taɪ'fuːn/,They have received notice of a typhoon approaching.,他们已收到台风即将来临的预报。
en:decoration:noun:2,decoration,noun,装饰， 修饰； 勋章,n 装饰， 修饰； 勋章,"/,dɛkə'reʃən/",/ˌdekə'reɪʃn/,Christmas decorations,圣诞节装饰物
en:eggplant:noun:2,eggplant,noun,茄子,n 茄子,/'ɛɡplænt/,/'egplɑːnt/,I have eggplant and tomatoes.,我吃茄子和西红柿。
en:zip:verb:1,zip,verb,拉开拉链，拉上拉链,v 拉开拉链，拉上拉链；n 拉链,/zɪp/,/zɪp/,"‘I’ll see you tomorrow,’ said John, zipping his jacket.",“明天见。”约翰边说边拉上外套的拉链。
en:profession:noun:2,profession,noun,职业； 专业,n 职业； 专业,/prə'fɛʃən/,/prə'feʃn/,people who work in the professions,从事专业性工作的人
en:still:adverb:2,still,adverb,仍然， 还,adv 仍然， 还；adj 静止的，平静的,/stɪl/,/stɪl/,I still haven’t finished painting the spare room.,我还没粉刷完那间空房间。
en:worn:adjective:2,worn,adjective,破烂的， 损坏的,adj 破烂的， 损坏的,/wɔrn/,/wɔːn/,a worn patch on the carpet,地毯上一小块磨破的地方
en:arise:verb:2,arise,verb,起来， 升起； 出现,vi 起来， 升起； 出现,/ə'raɪz/,/ə'raɪz/,A crisis has arisen in the Foreign Office.,外交部出现了危机。
en:dizzy:adjective:2,dizzy,adjective,头晕目眩的,adj 头晕目眩的,/'dɪzi/,/'dɪzi/,The heat and the champagne made him feel dizzy .,高温和香槟酒使他感到眩晕。
en:work:verb:1,work,verb,工作； 运作； 奏效,v 工作； 运作； 奏效；n 工作；著作,/wɝk/,/wɜːk/,Sally isn’t working tomorrow.,萨莉明天不上班。
en:lose:verb:2,lose,verb,失去， 丢失,vt 失去， 丢失,/luz/,/luːz/,I’ve lost my appetite.,我已经没有了胃口。
en:agree:verb:2,agree,verb,同意； 应允,v 同意； 应允,/ə'ɡri/,/ə'griː/,Teenagers and their parents rarely agree.,十几岁的孩子跟父母意见很少一致。
en:fail:verb:2,fail,verb,失败； 不及格； 衰退,v 失败； 不及格； 衰退,/fel/,/feɪl/,It looks likely that the peace talks will fail.,看来和平谈判可能会失败。
en:toward:preposition:2,toward,preposition,向， 朝， 对于,prep 向， 朝， 对于,/tɔrd; təˈwɔrd/,/tə'wɔːd(z)/,go toward,朝...方向走去
en:enjoyable:adjective:2,enjoyable,adjective,愉快的； 有趣的,adj 愉快的； 有趣的,/ɪn'dʒɔɪəbl/,/ɪn'dʒɔɪəbl/,Games can make learning more enjoyable.,游戏可以寓教于乐。
en:anyone:pronoun:2,anyone,pronoun,任何人， 无论谁,pron 任何人， 无论谁,/'ɛnɪ'wʌn/,/'eniwʌn/,Anyone could win tonight.,今晚任何人都可能赢。
en:convince:verb:2,convince,verb,使确信， 使信服,vt 使确信， 使信服,/kən'vɪns/,/kən'vɪns/,"Her arguments didn’t convince everyone, but changes were made.",她的论点不能说服每个人，但还是引起了一些变化。
en:pride:verb:1,pride,verb,自豪， 自夸,v 自豪， 自夸；n 自豪，骄傲,/praɪd/,/praɪd/,a restaurant that prides itself on speed of service,以服务速度为骄傲的餐馆
en:emperor:noun:2,emperor,noun,皇帝,n 皇帝,/'ɛmpərɚ/,/'empərə/,"I am napoleon, I am emperor… burned it!",我就是拿破仑，我就是皇帝…烧掉它！
en:word:noun:2,word,noun,单词； 言语； 消息， 音讯,n 单词； 言语； 消息， 音讯,/wɝd/,/wɜːd/,Write an essay of about five hundred words.,写一篇约500字的文章。
en:theory:noun:2,theory,noun,理论,n 理论,/'θiəri/,/'θɪəri/,Freudian theory has had a great influence on psychology.,弗洛伊德理论对心理学产生过巨大影响。
en:broadcast:verb:2,broadcast,verb,广播,v 广播；n 广播节目,/'brɔdkæst/,/'brɔːdkɑːst/,The interview was broadcast live across Europe.,这次采访向整个欧洲进行了现场直播。
en:love:noun:2,love,noun,爱；热爱；爱情；爱好,n 爱；热爱；爱情；爱好；vt 爱， 热爱； 很喜欢,/lʌv/,/lʌv/,What these kids need is love and support.,这些孩子需要的是关心和支持。
en:extension:noun:2,extension,noun,伸展， 延伸,n 伸展， 延伸,/ɪk'stɛnʃən/,/ɪk'stenʃn/,Donald’s been given an extension to finish his thesis.,唐纳德获准延期完成他的论文。
en:signature:noun:2,signature,noun,签名,n 签名,/'sɪgnətʃɚ/,/'sɪgnətʃə/,Her signature is totally illegible (= cannot be read ) .,她的签字完全无法辨认。
en:steep:adjective:2,steep,adjective,险峻的， 陡峭的,adj 险峻的， 陡峭的,/stip/,/stiːp/,The road became rocky and steep.,路变得崎岖陡峭起来。
en:seize:verb:2,seize,verb,抓住,v 抓住,/siz/,/siːz/,Suddenly he seized my hand.,他突然抓住我的手。
en:literary:adjective:2,literary,adjective,文学的,adj 文学的,/lɪtərɛri/,/'lɪtərəri/,a literary prize,文学奖
en:architect:noun:2,architect,noun,建筑师； 设计师,n 建筑师； 设计师,/'ɑrkɪtɛkt/,/'ɑːkɪtekt/,James Madison was the principal architect of the constitution.,詹姆斯·麦迪逊是该宪法的主设计师。
en:forehead:noun:2,forehead,noun,前额,n 前额,/'fɔr'hɛd/,/'fɔːhed/,...the lines on her forehead.,…她前额上的皱纹。
en:enjoy:verb:2,enjoy,verb,欣赏， 享受…之乐趣； 喜欢,v 欣赏， 享受…之乐趣； 喜欢,/ɪn'dʒɔɪ/,/ɪn'dʒɔɪ/,Sandra enjoys her job in the city.,桑德拉很喜欢她在城里的这份工作。
en:privilege:noun:2,privilege,noun,特权， 特别待遇,n 特权， 特别待遇,/ˈprɪvəlɪdʒ/,/'prɪvəlɪdʒ/,He had no special privileges and was treated just like every other prisoner.,他不享受特权，待遇和任何其他犯人一样。
en:fireworks:noun:1,fireworks,noun,烟火,n 烟火,"/'faɪr,wɝks/",/'faɪəwɜːks/,What else ___ you ___(do)? –I ____(watch)the fireworks and dragon dances in.,你还做了什么？-我在街上观看了烟花和舞龙。
en:substitute:verb:1,substitute,verb,替换,vt 替换,/'sʌbstɪtut/,/'sʌbstɪtjuːt/,Michael Owen had to be substituted after 20 minutes on the field.,迈克尔·欧文上场 20 分钟后，不得不被换下。
en:foreign:adjective:2,foreign,adjective,外国的,adj 外国的,/'fɔrən/,/'fɒrən/,foreign students,外国学生
en:across:preposition:2,across,preposition,横过， 穿过,prep 横过， 穿过,/ə'krɔs/,/ə'krɒs/,across the board,全面地；包括一切地；以三等分的钱数赌同一匹马赢得前三名
en:uniform:noun:1,uniform,noun,制服,n 制服,/junəˌfɔrm/,/'juːnɪfɔːm/,The police wear dark blue uniforms.,警察穿深蓝色制服。
en:fall:verb:2,fall,verb,落，降落；跌倒,v 落，降落；跌倒；n 秋季,/fɔl/,/fɔːl/,The tree was about to fall.,那棵树快要倒下了。
en:identity:noun:2,identity,noun,身份； 一致,n 身份； 一致,/aɪ'dɛntəti/,/aɪ'dentəti/,The identity of the killer is still unknown.,凶手的身份仍未查明。
en:violate:verb:2,violate,verb,违反， 干扰,vt 违反， 干扰,/'vaɪəlet/,/'vaɪəleɪt/,34 protesters were arrested for violating criminal law.,34名抗议者因违反刑法而被逮捕。
en:federal:adjective:2,federal,adjective,中央的 ， 联邦的,adj 中央的 ， 联邦的,/'fɛdərəl/,/'fedərəl/,Switzerland is a federal republic.,瑞士是一个联邦共和国。
en:event:noun:2,event,noun,事件， 大事； 竞赛,n 事件， 大事； 竞赛,/ɪ'vɛnt/,/ɪ'vent/,one of the most important events in the history of mankind,人类历史上最重大的事件之一
en:academy:noun:2,academy,noun,学院,n 学院,/ə'kædəmi/,/ə'kædəmi/,the American Academy of Arts and Letters,美国艺术和文学学会
en:wherever:conjunction:1,wherever,conjunction,无论何处； 任何地方,conj 无论何处； 任何地方,/wɛr'ɛvɚ/,/weər'evə/,He would keep in touch with us wherever he was .,他无论在什么地方，总是与我们保持联系。
en:reward:noun:2,reward,noun,奖赏； 报答； 报酬； 回报,n 奖赏； 报答； 报酬； 回报,/rɪ'wɔrd/,/rɪ'wɔːd/,The school has a system of rewards and punishments to encourage good behaviour.,学校有奖惩制度以鼓励良好行为。
en:include:verb:2,include,verb,包含， 包括,vt 包含， 包括,/ɪn'klud/,/ɪn'kluːd/,Does the price include postage?,这个价格包含邮费吗？
en:alongside:adverb:2,alongside,adverb,在旁边； 沿着,adv&prep 在旁边； 沿着,/ə'lɔŋ'saɪd/,/əˌlɒŋ'saɪd/,A car drew up alongside .,一辆车在旁边停了下来。
en:swallow:verb:2,swallow,verb,吞下；咽下,vt 吞下；咽下；n 燕子,/'swɑlo/,/'swɒləu/,He swallowed the last of his coffee and asked for the bill.,他喝完最后一口咖啡，要求结账。
en:agency:noun:2,agency,noun,代理处， 经销处,n 代理处， 经销处,/'edʒənsi/,/'eɪdʒənsi/,a UN agency responsible for helping refugees,负责为难民提供帮助的联合国机构
en:abstract:adjective:1,abstract,adjective,抽象的,adj 抽象的；n 抽象；概要,/'æbstrækt/,/'æbstrækt/,"By the age of seven, children are capable of thinking in abstract terms .",儿童到了七岁就具有抽象思维的能力。
en:agenda:noun:2,agenda,noun,议程,n 议程,/ə'dʒɛndə/,/ə'dʒendə/,The Republicans have stuck to their conservative agenda.,共和党人坚持自己的保守议题。
en:opinion:noun:2,opinion,noun,看法， 见解,n 看法， 见解,/ə'pɪnjən/,/ə'pɪnjən/,When choosing an insurance policy it’s best to get an independent opinion.,选择保险时，最好听听专家的独立意见。
en:altogether:adverb:2,altogether,adverb,总共,adv 总共,"/,ɔltə'ɡɛðɚ/",/ˌɔːltə'geðə/,There were five people altogether.,总共有五个人。
en:appearance:noun:2,appearance,noun,出现， 露面； 容貌,n 出现， 露面； 容貌,/ə'pɪrəns/,/ə'pɪərəns/,It was his first public appearance since the election.,这是选举后他首次公开露面。
en:culture:noun:2,culture,noun,文化,n 文化,/'kʌltʃɚ/,/'kʌltʃə/,We speak Danish at home so that the boys don’t lose touch with their language and culture.,我们在家说丹麦语，这样男孩子们就不会脱离他们的语言和文化。
en:devotion:noun:2,devotion,noun,奉献， 奉献精神,n 奉献， 奉献精神,/dɪ'voʃən/,/dɪ'vəuʃn/,...devotion to the cause of the people and to socialism.,…对于人民的事业和社会主义的献身。
en:prefer:verb:2,prefer,verb,宁愿 ； 更喜欢,vt 宁愿 ； 更喜欢,/prɪ'fɝ/,/prɪ'fɜː/,This type of owl prefers a desert habitat.,这种猫头鹰更喜欢沙漠的生活环境。
en:perfect:adjective:2,perfect,adjective,完美的， 极好的,adj 完美的， 极好的,/ˈpɝfɪkt; (for v.) pɝˈfɛkt/,/'pɜːfɪkt/,His English was perfect.,他的英语很地道。
en:butcher:verb:2,butcher,verb,屠宰，残杀,vt 屠宰，残杀；n 肉店； 屠夫,/ˈbʊtʃər/,/'butʃə/,"Pigs were butchered, hams were hung to dry from the ceiling.",猪被宰杀了，火腿吊在屋顶下风干。
en:float:verb:2,float,verb,漂浮， 浮动,v 漂浮， 浮动,/flot/,/fləut/,I looked up at the clouds floating in the sky.,我仰望着天上的浮云。
en:pole:noun:2,pole,noun,杆， 电线杆； 极,n 杆， 电线杆； 极,/pol/,/pəul/,a telephone pole,电话线杆
en:minority:noun:2,minority,noun,少数； 少数民族,n 少数； 少数民族,/maɪ'nɔrəti/,/maɪ'nɒrəti/,Gaelic is still spoken in Ireland by a tiny minority.,爱尔兰仍有极少数人在说盖尔语。
en:tight:adjective:2,tight,adjective,紧的,adj&adv 紧的,/taɪt/,/taɪt/,tight jeans,紧身牛仔裤
en:space:noun:2,space,noun,空白处； 空地； 空间； 太空,n 空白处； 空地； 空间； 太空,/spes/,/speɪs/,How much space is there on each disk?,每张磁盘有多大容量？
en:reference:noun:2,reference,noun,涉及； 参考； 证明书,n 涉及； 参考； 证明书,/'rɛfrəns/,/'refrəns/,a comprehensive list of references,详尽的参考书目清单
en:arrange:verb:2,arrange,verb,安排， 布置,vt 安排， 布置,/ə'rendʒ/,/ə'reɪndʒ/,Contact your local branch to arrange an appointment.,请联络当地分部安排预约。
en:from:preposition:1,from,preposition,从； 从…起； 距； 来自,prep 从； 从…起； 距； 来自,/frʌm/,/frɒm/,How do you get from here to Colchester?,从这里到科尔切斯特怎么走？
en:alley:noun:2,alley,noun,小巷； 弄堂； 胡同,n 小巷； 弄堂； 胡同,/'æli/,/'æli/,The alley led to the railway bridge.,这条小巷通往铁路桥。
en:discover:verb:2,discover,verb,发现， 找到,vt 发现， 找到,/dɪ'skʌvɚ/,/dɪ'skʌvə/,The body was discovered in a field.,尸体是在一块田地里找到的。
en:bench:noun:2,bench,noun,长凳； 工作台,n 长凳； 工作台,/bɛntʃ/,/bentʃ/,We sat on a park bench.,我们坐在公园的长椅上。
en:commitment:noun:2,commitment,noun,承诺， 许诺； 保证； 献身； 投入,n 承诺， 许诺； 保证； 献身； 投入,/kə'mɪtmənt/,/kə'mɪtmənt/,Are you ready to make a long-term commitment ?,你是否准备好作出长久的承诺？
en:excite:verb:2,excite,verb,刺激； 使兴奋， 使激动,vt 刺激； 使兴奋， 使激动,/ɪk'saɪt/,/ɪk'saɪt/,"His playing is technically brilliant, but it doesn’t excite me.",他的演奏技巧娴熟，但并不让我激动。
en:rhyme:verb:1,rhyme,verb,押韵； 作诗,v 押韵； 作诗；n 韵，押韵,/raɪm/,/raɪm/,The song has rhyming couplets (= pairs of lines that end in words that rhyme ) .,这首歌有同韵的对句。
en:spade:noun:2,spade,noun,铲子； 纸牌中的黑桃,n 铲子； 纸牌中的黑桃,/sped/,/speɪd/,the queen of spades,黑桃王后
en:revision:noun:2,revision,noun,复习， 温习； 修订,n 复习， 温习； 修订,/rɪ'vɪʒən/,/rɪ'vɪʒn/,I know I haven’t done enough revision for tomorrow’s exam.,我知道我对明天的考试准备不足。
en:qualification:noun:2,qualification,noun,资格， 条件； 资格证书,n 资格， 条件； 资格证书,"/,kwɑlɪfɪ'keʃən/",/ˌkwɒlɪfɪ'keɪʃn/,He left school without any qualifications.,他离校时没有拿到任何文凭。
en:collision:noun:2,collision,noun,碰撞； 冲突,n 碰撞； 冲突,/kə'lɪʒən/,/kə'lɪʒn/,Two people were killed in a head-on collision (= between two vehicles that are moving directly towards each other ) on highway 218.,218号公路上有两辆汽车迎面相撞，两人死亡。
en:bridegroom:noun:2,bridegroom,noun,新郎,n 新郎,/'braɪdɡrum/,/'braɪdgruːm/,Her bridegroom is a handsome young man.,她的新郎是一个英俊的年轻人。
en:repair:verb:2,repair,verb,修理，修补；纠正；恢复,vt 修理，修补；纠正；恢复；n 修理， 修补,/rɪ'pɛr/,/rɪ'peə/,"Dad was up the ladder, repairing the roof.",爸爸在梯子上修补屋顶。
en:advice:noun:2,advice,noun,忠告， 劝告， 建议,n 忠告， 劝告， 建议,/ədˈvaɪs/,/əd'vaɪs/,You should have followed my advice.,你真该听我的建议。
en:frequent:adjective:2,frequent,adjective,经常的， 频繁的,adj 经常的， 频繁的,/'frikwənt/,/'friːkwənt/,Trains rushed past at frequent intervals .,火车频频驶过。
en:insure:verb:2,insure,verb,确保； 给…保险,v 确保； 给…保险,/ɪn'ʃʊr/,/ɪn'ʃuə/,Have you insured the contents of your home?,你给家庭财产投保了吗？
en:elder:adjective:1,elder,adjective,年长的,adj 年长的；n 长者， 前辈,/'ɛldɚ/,/'eldə/,Sarah is the elder of the two.,两人当中萨拉年纪较长。
en:error:noun:2,error,noun,错误,n 错误,/'ɛrɚ/,/'erə/,an error message,出错信息
en:windy:adjective:2,windy,adjective,多风的,adj 多风的,/'wɪndi/,/'wɪndi/,It’s too windy for a picnic.,风太大，不适合野餐。
en:oceania:noun:2,Oceania,noun,大洋洲,n 大洋洲,"/,oʃɪ'ænɪə/",/ˌəuʃi'ɑːniə/,"Oceania is a separate landmass, but it is separated from Asia by very shallow water.",大洋洲是一块单独的陆地，但它与亚洲之间只隔着很浅的海域。
en:public:adjective:2,public,adjective,公共的，公众的，国家的,adj 公共的，公众的，国家的；n 公众,/'pʌblɪk/,/'pʌblɪk/,We have to show that publishing this story is in the public interest (= helpful or useful to ordinary people ) .,我们必须证明刊登这篇报道有利于公众。
en:spend:verb:2,spend,verb,度过； 花费,vt 度过； 花费,/spɛnd/,/spend/,I can’t afford to spend any more money this week.,这星期我没有能力花更多的钱了。
en:barbershop:noun:2,barbershop,noun,理发店,n 理发店,/'bɑrbɚ'ʃɑp/,/'bɑːbəʃɒp/,a barbershop quartet,男声四重唱
en:track:noun:2,track,noun,小道； 足迹； 轨道,n 小道； 足迹； 轨道,/træk/,/træk/,"To run a mile, you have to run four circuits of the track.",跑一英里要绕跑道四圈。
en:value:noun:2,value,noun,价值，益处,n 价值，益处；vt 估价， 评价,/'vælju/,/'væljuː/,the nutritional value of cereal,谷类食物的营养价值
en:foggy:adjective:2,foggy,adjective,有雾的， 多雾的,adj 有雾的， 多雾的,/ˈfɔːɡi;ˈfɑːɡi/,/'fɒgi/,a foggy day in November,11月的一个雾天
en:quantity:noun:2,quantity,noun,数量,n 数量,/'kwɑntəti/,/'kwɒntəti/,Your work has improved in quantity and quality this term.,这学期你的作业在完成数量和质量上都有提高。
en:fortune:noun:2,fortune,noun,财产； 运气,n 财产； 运气,/'fɔrtʃən/,/'fɔːtʃuːn/,I had the good fortune to work with a brilliant head of department.,我有幸与一位出色的部门主管共事。
en:advantage:noun:2,advantage,noun,优点， 好处,n 优点， 好处,/əd'væntɪdʒ/,/əd'vɑːntɪdʒ/,Younger workers tend to be at an advantage (= have an advantage ) when applying for jobs.,年轻点的工人申请工作时往往处于优势地位。
en:instead:adverb:2,instead,adverb,代替， 顶替,adv 代替， 顶替,/ɪn'stɛd/,/ɪn'sted/,You probably picked up my keys instead of yours.,你可能没拿你的钥匙而错拿了我的。
en:rush:verb:1,rush,verb,冲， 奔跑,vi 冲， 奔跑,/rʌʃ/,/rʌʃ/,A small girl rushed past her.,一个小女孩从她身边匆匆经过。
en:command:noun:1,command,noun,命令,n&v 命令,/kə'mænd/,/kə'mɑːnd/,Shoot when I give the command .,我一下命令就开枪。
en:expensive:adjective:2,expensive,adjective,昂贵的， 高消费的,adj 昂贵的， 高消费的,/ɪk'spɛnsɪv/,/ɪk'spensɪv/,the most expensive restaurant in town,城里最贵的餐馆
en:cloudy:adjective:2,cloudy,adjective,多云的， 阴天的,adj 多云的， 阴天的,/'klaʊdi/,/'klaudi/,a cloudy night with some light rain,伴有些许小雨的多云的夜晚
en:compulsory:adjective:2,compulsory,adjective,必修的； 义务的,adj 必修的； 义务的,/kəmˈpʌlsərɪ/,/kəm'pʌlsəri/,the threat of compulsory redundancies,强制性裁员的威胁
en:trade:noun:2,trade,noun,贸易,n 贸易；vt 买卖,/tred/,/treɪd/,international trade agreements,国际贸易协定
en:dessert:noun:2,dessert,noun,甜点， 甜食,n 甜点， 甜食,/dɪ'zɝt/,/dɪ'zɜːt/,She had homemade ice cream for dessert.,她吃了些自制冰淇淋当餐后甜点。
en:round:adverb:1,round,adverb,转过来,adv 转过来；adj 圆的， 球形的；prep 环绕一周，围着,/raʊnd/,/raund/,When he turned round I recognised him immediately.,他转过身来，我立即认出了他。
en:ambassador:noun:2,ambassador,noun,大使,n 大使,/æm'bæsədɚ/,/æm'bæsədə/,...the German ambassador to Poland.,…德国驻波兰大使。
en:non-stop:adjective:1,non-stop,adjective,不停的， 不断的,adj&adv 不停的， 不断的,/'nɔn'stɔp/,/ˌnɒn'stɒp/,Many U.S. cities now have nonstop flights to Aspen.,很多美国城市现在都有飞往亚斯本的直飞航班。
en:temple:noun:2,temple,noun,庙宇， 寺院,n 庙宇， 寺院,/'tɛmpl/,/'templ/,We visited the ruins of the temple.,我们参观了那个庙宇的遗迹。
en:growth:noun:2,growth,noun,生长； 增长,n 生长； 增长,/ɡroθ/,/grəuθ/,measures to stimulate economic growth,刺激经济增长的措施
en:vague:adjective:2,vague,adjective,含糊的， 不清楚的,adj 含糊的， 不清楚的,/veɡ/,/veɪg/,The governor gave only a vague outline of his tax plan.,州长只是含糊地大致说了一下他的税务计划。
en:communist:adjective:1,communist,adjective,共产党的， 共产主义的,adj 共产党的， 共产主义的；n 共产主义者,/kɑmjʊnɪst/,/'kɒmjənɪst/,a communist country,共产主义国家
en:fare:noun:1,fare,noun,费用， 票,n 费用， 票,/fɛr/,/feə/,He could barely afford the fare.,他几乎付不起车费。
en:temporary:adjective:2,temporary,adjective,暂时的， 临时 的,adj 暂时的， 临时 的,/ˈtempəreri/,/'temprəri/,temporary pain relief,疼痛的暂时缓解
en:desperate:adjective:2,desperate,adjective,令人绝望的； 不顾一切的,adj 令人绝望的； 不顾一切的,/'dɛspərət/,/'despərət/,I had no money left and was desperate.,我身无分文，已经走投无路了。
en:unrest:noun:2,unrest,noun,不安； 骚动,n 不安； 骚动,/ʌn'rɛst/,/ʌn'rest/,There is growing unrest throughout the country.,全国各地日益动荡不安。
en:kangaroo:noun:2,kangaroo,noun,大袋鼠,n 大袋鼠,"/,kæŋɡə'ru/",/ˌkæŋgə'ruː/,What that kangaroo did to this courtyard .,那袋鼠在这院子做了什么。
en:accuracy:noun:2,accuracy,noun,准确性,n 准确性,/'ækjərəsi/,/'ækjərəsi/,He passes the ball with unerring accuracy.,他传球准确无误。
en:awful:adjective:2,awful,adjective,糟糕的， 可怕的,adj 糟糕的， 可怕的,/'ɔfl/,/'ɔːfl/,The weather was awful.,天气很糟糕。
en:handy:adjective:2,handy,adjective,便利的； 手边的； 附近的,adj 便利的； 手边的； 附近的,/'hændi/,/'hændi/,I always keep my gun handy just in case.,我总是随身带着枪以防万一。
en:urge:verb:2,urge,verb,催促， 力劝,vt 催促， 力劝,/ɝdʒ/,/ɜːdʒ/,The charity urged quick action.,慈善机构敦促迅速采取行动。
en:via:preposition:2,via,preposition,经， 经过， 经由,prep 经， 经过， 经由,"/ˈvaɪə, ˈviə/",/'vaɪə/,We flew to Athens via Paris.,我们经由巴黎飞往雅典。
en:score:verb:1,score,verb,得分,v 得分；n [Ｃ]得分，分数；二十；许多，很多,/skɔ/,/skɔː/,Great cheers went up when he scored in the final minute of the game.,当他在比赛的最后一分钟得分时，人群爆发出了雷鸣般的欢呼。
en:poor:adjective:2,poor,adjective,贫穷的， 可怜的； 差的,adj 贫穷的， 可怜的； 差的,/pʊər; pʊr/,/pɔː/,The soil in this area is very poor.,这一地区土壤很贫瘠。
en:graduate:verb:2,graduate,verb,毕业,v 毕业；n 毕业生； 研究生,/ˈɡrædʒuˌet/,/ˈɡradʒʊeɪt/,"When the boys graduated from high school, Ann moved to a small town in Vermont.",男孩们中学毕业后安迁到了佛蒙特州的一座小镇。
en:visual:adjective:2,visual,adjective,视力的， 视觉的,adj 视力的， 视觉的,/'vɪʒʊəl/,/'vɪʒuəl/,Artists translate their ideas into visual images.,画家把自己的思想转换成视觉画面。
en:absent:adjective:2,absent,adjective,缺席的， 不在的,adj 缺席的， 不在的,/ˈæbsnt;(for v.)əbˈsɛnt/,/'æbsənt/,"The dull, absent look on her face implied boredom.",她脸上呆滞、茫然的神情说明她觉得无聊了。
en:rag:noun:2,rag,noun,破布， 抹布,n 破布， 抹布,/ræɡ/,/ræg/,He wiped his boots dry with an old rag.,他用一块旧布把他的靴子擦干。
en:because:conjunction:2,because,conjunction,因为,conj 因为,/bɪ'kɔz/,/bɪ'kɒz/,We didn’t enjoy the day because the weather was so awful.,那天我们很不尽兴，因为天气实在太糟。
en:near:adverb:1,near,adverb,附近， 邻近,adv 附近， 邻近；adj 近的；prep 在…附近，靠近,/nɪr/,/nɪə/,They live near London.,他们住在伦敦附近。
en:educate:verb:2,educate,verb,教育， 培养,v 教育， 培养,/'ɛdʒuket/,/'edʒukeɪt/,The Ormerod School educates handicapped children.,奥默罗德学校的教育对象为残疾儿童。
en:ashamed:adjective:2,ashamed,adjective,惭愧的， 害臊的， 羞耻的,adj 惭愧的， 害臊的， 羞耻的,/ə'ʃemd/,/ə'ʃeɪmd/,Everyone cries sometimes – it’s nothing to be ashamed of.,每个人都会有哭的时候——没什么好难为情的。
en:appendix:noun:2,appendix,noun,附录， 附属品； 阑尾,n 附录， 附属品； 阑尾,/ə'pɛndɪks/,/ə'pendɪks/,Christine had to go into hospital to have her appendix out (= have it removed ) .,克里丝蒂娜不得不去医院切除阑尾。
en:instruct:verb:2,instruct,verb,指示； 教导； 通知,v 指示； 教导； 通知,/ɪn'strʌkt/,/ɪn'strʌkt/,"Eva went straight to the hotel, as instructed (= as she had been told ).",伊娃按照指示径直去了宾馆。
en:excellent:adjective:2,excellent,adjective,极好的， 优秀的,adj 极好的， 优秀的,/'ɛksələnt/,/'eksələnt/,an excellent suggestion,极好的建议
en:fairly:adverb:2,fairly,adverb,相当； 还算； 公正地,adv 相当； 还算； 公正地,/'fɛrli/,/'feəli/,The house had a fairly large garden.,那幢房子有个不小的花园。
en:handwriting:noun:2,handwriting,noun,书法,n 书法,/'hænd'raɪtɪŋ/,/'hændraɪtɪŋ/,The address was in Anna's handwriting.,这个地址是安娜的笔迹。
en:raw:adjective:2,raw,adjective,生的； 未加工的,adj 生的； 未加工的,/rɔ/,/rɔː/,raw meat,生肉
en:merchant:adjective:1,merchant,adjective,商业的， 商人的,adj 商业的， 商人的；n 商人，生意人,/'mɝtʃənt/,/'mɜːtʃənt/,There's been a big reduction in the size of the merchant fleet in recent years.,近年来商船队的数量大为缩减。
en:retell:verb:2,retell,verb,重讲， 重复， 复述,vt 重讲， 重复， 复述,"/,ri'tɛl/",/ˌriː'tel/,Lucilla often asks her sisters to retell the story.,陆希拉经常叫她的姐姐们重讲那个故事。
en:ray:noun:1,ray,noun,光辉， 光线,n 光辉， 光线,/re/,/reɪ/,The room darkened as a cloud hid the sun’s rays.,一朵云挡住了阳光，房间暗了下来。
en:version:noun:2,version,noun,译文； 版本,n 译文； 版本,/'vɝʒn/,/'vɜːʃn/,the human version of mad cow disease,疯牛病的人类变体
en:exam:noun:2,exam,noun,考试， 测试； 检查,n 考试， 测试； 检查,/ɪg'zæm/,/ɪg'zæm/,"At the end of each level, there’s an exam.",在每一级别结束时都有一次考试。
en:stop:verb:2,stop,verb,停止；阻止,vt 停止；阻止；n 停； 站,/stɑp/,/stɒp/,The government tried to stop publication of the book.,政府企图阻止这本书出版。
en:nationality:noun:2,nationality,noun,国籍； 民族,n 国籍； 民族,"/,næʃə'næləti/",/ˌnæʃə'næləti/,people of the same nationality,同国籍的人
en:guess:verb:2,guess,verb,猜， 猜测； 认为,v 猜， 猜测； 认为,/ɡɛs/,/ges/,"I’d say he’s around 50, but I’m only guessing.",我想他50岁左右，不过也只是猜测。
en:adolescence:noun:2,adolescence,noun,青春期,n 青春期,"/,ædə'lɛsns/",/ˌædə'lesns/,Some young people suddenly become self-conscious and tongue-tied in early adolescence.,一些年青人在青春期早期突然变得害羞结舌。
en:aboard:preposition:1,aboard,preposition,在船上， 上船,prep&adv 在船上， 上船,/ə'bɔrd/,/ə'bɔːd/,They finally went aboard the plane.,他们终于登上了飞机。
en:institute:verb:2,institute,verb,建立， 设立,v 建立， 设立；n 协会；学院,/'ɪnstɪtut/,/'ɪnstɪtjuːt/,research institutes,研究所
en:poster:noun:2,poster,noun,海报， 广告,n 海报， 广告,/'postɚ/,/'pəustə/,A team of volunteers were putting up posters .,一队志愿者正在张贴海报。
en:shortly:adverb:2,shortly,adverb,不久,adv 不久,/'ʃɔrtli/,/'ʃɔːtli/,Ms Jones will be back shortly.,琼斯女士很快就会回来。
en:appropriate:adjective:2,appropriate,adjective,适当的,adj 适当的,/əˈproprɪət;(for v.) əˈproprɪet/,/ə'prəupriət/,The timing of the announcement was particularly appropriate .,通告发布的时机很合适。
en:criterion:noun:2,criterion,noun,标准， 规则,n 标准， 规则,/kraɪˈtɪriən/,/kraɪ'tɪəriən/,the criteria we use to select candidates,我们挑选候选人的标准
en:least:noun:1,least,noun,最少， 最少量,n 最少， 最少量,/list/,/liːst/,At least he didn’t lie to me.,至少他没跟我撒谎。
en:immediately:adverb:2,immediately,adverb,立即,adv 立即,/ɪ'midɪətli/,/ɪ'miːdiətli/,Mix in the remaining ingredients and serve immediately.,拌入余下的食材，立即上桌。
en:symphony:noun:2,symphony,noun,交响乐,n 交响乐,/'sɪmfəni/,/'sɪmfəni/,Bruckner’s Fifth Symphony,布鲁克纳的《第五交响曲》
en:optimistic:adjective:2,optimistic,adjective,乐观的,adj 乐观的,"/,ɑptɪ'mɪstɪk/",/ˌɒptɪ'mɪstɪk/,Andrew took a more optimistic view.,安德鲁抱有更为乐观的想法。
en:sleep:noun:1,sleep,noun,睡觉,n&vi 睡觉,/slip/,/sliːp/,I usually sleep on my back.,我一般仰卧着睡觉。
en:vocabulary:noun:2,vocabulary,noun,词汇， 词汇表,n 词汇， 词汇表,/və'kæbjəlɛri/,/və'kæbjələri/,Teachers were impressed by his vocabulary.,他的词汇量给老师们留下了深刻的印象。
en:refuse:verb:1,refuse,verb,拒绝， 不愿,v 拒绝， 不愿,/ri'fjʊz/,/rɪ'fjuːz/,"She asked him to leave, but he refused.",她叫他走，但他不肯。
en:aspect:noun:2,aspect,noun,方面； 外表,n 方面； 外表,/'æspɛkt/,/'æspekt/,The storm outside gave the room a sinister aspect.,外面的暴风雨使房间里变得阴森可怕。
en:aggressive:adjective:2,aggressive,adjective,侵略的； 咄咄逼人的,adj 侵略的； 咄咄逼人的,/ə'ɡrɛsɪv/,/ə'gresɪv/,an aggressive form of breast cancer,一种侵袭性乳腺癌
en:close:adverb:1,close,adverb,近， 靠近,adv 近， 靠近；adj 近的；亲密的；v 关， 关闭,/kloz/,/kləʊs/,an attempt to close the gap between the rich and poor,缩小贫富差距的努力
en:sweep:verb:2,sweep,verb,扫除， 打扫,vt 扫除， 打扫,/swip/,/swiːp/,Bert swept the path in front of the house.,伯特清扫了屋前的小路。
en:website:noun:2,website,noun,网站,n 网站,,/'websaɪt/,"For more information on weight loss and healthy eating, visit our website.",有关减肥和健康饮食的更多信息，请访问我们的网站。
en:learn:verb:2,learn,verb,学，学习；得知，获悉,vi 学，学习；得知，获悉；vt 学， 学习， 学会， 得知,/lɝn/,/lɜːn/,What’s the best way to learn a language?,学习语言的最佳方法是什么？
en:swing:verb:1,swing,verb,挥舞，摆动,v 挥舞，摆动；n 秋千,/swɪŋ/,/swɪŋ/,Let your arms swing as you walk.,边走边摆动双臂。
en:ridiculous:adjective:2,ridiculous,adjective,荒谬的， 可笑的,adj 荒谬的， 可笑的,/rɪ'dɪkjələs/,/rɪ'dɪkjələs/,That’s a ridiculous idea!,那主意很荒唐！
en:severe:adjective:2,severe,adjective,严重的,adj 严重的,/səˈvɪr/,/sɪ'vɪə/,His injuries were quite severe.,他的伤势很严重。
en:spin:verb:2,spin,verb,纺纱；旋转,vt 纺纱；旋转；n 旋转,/spɪn/,/spɪn/,The plane’s propellers were spinning.,飞机的螺旋桨在快速旋转。
en:grocery:noun:1,grocery,noun,杂货； 食品； 食品杂货店,n 杂货； 食品； 食品杂货店,/'ɡrosəri/,/'grəusəri/,They run a small grocery store.,他们经营一家小食品杂货店。
en:communism:noun:2,communism,noun,共产主义,n 共产主义,/'kɑmjʊ'nɪzəm/,/'kɒmjunɪzəm/,...the ultimate triumph of communism in the world.,…共产主义在全世界的最终胜利。
en:spit:verb:2,spit,verb,吐唾沫； 吐痰,v 吐唾沫； 吐痰,/spɪt/,/spɪt/,Nick rolled down his window and spat.,尼克摇下窗子，啐了口唾沫。
en:anniversary:noun:2,anniversary,noun,周年纪念,n 周年纪念,"/,ænɪ'vɝsəri/",/ˌænɪ'vɜːsəri/,Jack and Kim celebrated their twentieth wedding anniversary in January.,1月，杰克和金庆祝了他们的结婚20周年纪念日。
en:register:verb:2,register,verb,登记， 注册,v 登记， 注册；n 记录，登记簿,/'rɛdʒɪstɚ/,/'redʒɪstə/,The tanker is registered in Rotterdam.,这艘油轮是在鹿特丹登记的。
en:couple:noun:2,couple,noun,夫妇； 对， 双,n 夫妇； 对， 双,/'kʌpl/,/'kʌpl/,a newly married couple,一对新婚夫妇
en:communicate:verb:2,communicate,verb,交际； 传达 ； 通信,v 交际； 传达 ； 通信,/kə'mjunɪket/,/kə'mjuːnɪkeɪt/,We communicated mostly by e-mail.,我们主要是用电子邮件沟通。
en:eager:adjective:2,eager,adjective,渴望的， 热切的,adj 渴望的， 热切的,/'igɚ/,/'iːgə/,He’s a bright kid and eager to learn.,他是个聪明的孩子，热爱学习。
en:evidence:noun:2,evidence,noun,证据,n 证据,/'ɛvɪdəns/,/'evɪdəns/,Murrow’s evidence was enough to convict Hayes of murder.,默罗的证词足以证明海斯犯了谋杀罪。
en:republic:noun:2,republic,noun,共和国,n 共和国,/rɪ'pʌblɪk/,/rɪ'pʌblɪk/,the former Federal Republic of Germany,前德意志联邦共和国
en:official:adjective:1,official,adjective,官方的， 政府的； 公务的,adj 官方的， 政府的； 公务的；n 官员；高级职员,/əˈfɪʃəl; oʊˈfɪʃəl/,/ə'fɪʃl/,an official investigation into the causes of the explosion,对此次爆炸事件原因的官方调查
en:acid:adjective:1,acid,adjective,酸的,adj 酸的,/'æsɪd/,/'æsɪd/,a juicy apple with a slightly acid flavour,一个多汁、略带酸味的苹果
en:assessment:noun:2,assessment,noun,估价； 评价,n 估价； 评价,/ə'sɛsmənt/,/ə'sesmənt/,a reading assessment test,阅读评估测试
en:post:noun:2,post,noun,岗位，职位；邮政，邮寄，邮件,n 岗位，职位；邮政，邮寄，邮件；vt 投寄； 邮寄； 发布,/post/,/pəust/,I applied for the post and was asked to attend an interview.,我申请了那个职位，被要求参加面试。
en:agricultural:adjective:2,agricultural,adjective,农业的,adj 农业的,"/,ægrɪ'kʌltʃərəl/",/ˌægrɪ'kʌltʃərəl/,Farmers struggling for survival strip the forests for agricultural land.,为生存而挣扎的农民们把森林伐光来作农业用地。
en:leave:verb:2,leave,verb,离开； 留下； 遗忘,v 离开； 留下； 遗忘,/liv/,/liːv/,My baby gets upset when I leave the room.,我一离开房间宝宝就会不安。
en:duck:verb:1,duck,verb,躲避； 浸入水中,v 躲避； 浸入水中；n 鸭子,/dʌk/,/dʌk/,"If she hadn’t ducked, the ball would have hit her.",如果她没有弯腰躲闪的话，那个球就可能击中她了。
en:cottage:noun:2,cottage,noun,小屋； 村舍； 小别墅,n 小屋； 村舍； 小别墅,/'kɑtɪdʒ/,/'kɒtɪdʒ/,a country cottage,乡间小屋
en:tiresome:adjective:2,tiresome,adjective,令人厌烦的， 讨厌的,adj 令人厌烦的， 讨厌的,/'taɪɚsəm/,/'taɪəsəm/,the whole tiresome business of filling out the forms,填写表格这套烦人事
en:finish:verb:2,finish,verb,结束， 做完,v 结束， 做完,/'fɪnɪʃ/,/'fɪnɪʃ/,You can’t go anywhere until you’ve finished your homework.,没完成家庭作业前你哪儿也不能去。
en:discrimination:noun:2,discrimination,noun,歧视,n 歧视,"/dɪ,skrɪmɪ'neʃən/",/dɪˌskrɪmɪ'neɪʃn/,laws to prevent discrimination,防止歧视的法律
en:female:adjective:2,female,adjective,女性的，雌性的,adj 女性的，雌性的；n 女性， 女人,/'fimel/,/'fiːm3ɪl/,female voters,女性选民
en:melon:noun:2,melon,noun,甜瓜,n 甜瓜,/'mɛlən/,/'melən/,...some juicy slices of melon.,…几片多汁的甜瓜。
en:swift:adjective:1,swift,adjective,快的， 迅速的,adj 快的， 迅速的,/swɪft/,/swɪft/,My letter received a swift reply.,我的信很快就得到了回复。
en:add:verb:2,add,verb,添加， 增加,v 添加， 增加,/æd/,/æd/,"If the mixture seems dry, add water.",如果混合物看上去干，加点水。
en:minister:noun:2,minister,noun,部长； 牧师,n 部长； 牧师,/'mɪnɪstɚ/,/'mɪnɪstə/,a senior Cabinet minister,资深的内阁部长
en:need:verb:1,need,verb,必须,v 必须；vt 需要modal；n 需要， 需求,/nid/,/niːd/,He needs to see a doctor straightaway.,他有必要马上去看医生。
en:cruel:adjective:2,cruel,adjective,残忍的， 残酷的； 无情的,adj 残忍的， 残酷的； 无情的,/kruəl/,/'kruːəl/,The prisoner was a hard cruel man.,这个囚犯残酷无情。
en:erupt:verb:2,erupt,verb,喷发， 爆发,v 喷发， 爆发,/ɪ'rʌpt/,/ɪ'rʌpt/,Violence erupted after police shot a student during the demonstration.,警察向示威人群中的一名学生开枪，暴乱随之发生。
en:shade:noun:2,shade,noun,阴凉处， 树荫处,n 阴凉处， 树荫处,/ʃed/,/ʃeɪd/,a plant that needs a lot of shade,喜阴植物
en:often:adverb:2,often,adverb,经常地,adv 经常地,/ˈɔ:fn; ɔfən/,/'ɒftən/,She often works at the weekend.,她周末经常要上班。
en:gather:verb:2,gather,verb,聚集； 采集,v 聚集； 采集,/'ɡæðɚ/,/'gæðə/,A crowd gathered to watch the fight.,一群人聚拢来围观打架。
en:insist:verb:2,insist,verb,坚持， 坚决认为,v 坚持， 坚决认为,/ɪn'sɪst/,/ɪn'sɪst/,Stay for supper – I insist!,留下来吃晚餐——一定的！
en:article:noun:2,article,noun,文章； 东西； 冠词,n 文章； 东西； 冠词,/'ɑrtɪkl/,/'ɑːtɪkl/,The paper’s leading article (= the main article ) described the government as weak.,该报社论称政府软弱。
en:respect:noun:2,respect,noun,尊敬，尊重；方面,n 尊敬，尊重；方面；vt 尊敬， 尊重,/rɪ'spɛkt/,/rɪ'spekt/,The boys showed a complete lack of respect for authority.,这些男孩子根本无视权威。
en:ache:verb:2,ache,verb,疼痛,vi 疼痛；n 痛， 疼痛,/ek/,/eɪk/,His feet were aching from standing so long.,他站了那么久，双脚隐隐作痛。
en:loose:adjective:2,loose,adjective,松散的； 宽松的,adj 松散的； 宽松的,/lus/,/luːs/,a loose floorboard,松动的地板
en:therefore:adverb:2,therefore,adverb,因此， 所以,adv 因此， 所以,/'ðɛrfɔr/,/'ðeəfɔː/,Their car was bigger and therefore more comfortable.,他们的车大些，所以更舒适些。
en:exchange:noun:2,exchange,noun,交换； 交流； 兑换,n&v 交换； 交流； 兑换,/ɪks'tʃendʒ/,/ɪks'tʃeɪndʒ/,Four of my cassettes for your Madonna CD is a fair exchange.,我用四盒磁带换你的麦当娜激光唱片很公平。
en:adjustment:noun:2,adjustment,noun,调整， 调节； 校正,n 调整， 调节； 校正,/ə'dʒʌstmənt/,/ə'dʒʌstmənt/,a period of adjustment,一段调整期
en:hesitate:verb:1,hesitate,verb,犹豫， 踌躇,v 犹豫， 踌躇,/ˈhɛzətet/,/'hezɪteɪt/,Some parents hesitate to take these steps because they suspect that their child is exaggerating.,一些家长迟迟不肯采取这些措施，因为他们怀疑自己的孩子在夸大其词。
en:hardly:adverb:2,hardly,adverb,几乎不,adv 几乎不,/'hɑrdli/,/'hɑːdli/,"My parents divorced when I was six, and I hardly knew my father.",我六岁时父母离婚，我对父亲几乎一无所知。
en:bored:adjective:2,bored,adjective,无聊的， 厌烦的,adj 无聊的， 厌烦的,/bɔrd/,/bɔːd/,He was easily bored.,他很容易感到厌烦。
en:trust:verb:1,trust,verb,相信， 信任， 信赖,vt&n 相信， 信任， 信赖,/trʌst/,/trʌst/,At first there was a lack of trust between them.,起初，他们之间缺乏信任。
en:income:noun:2,income,noun,收入， 所得,n 收入， 所得,/'ɪnkʌm/,/'ɪnkʌm/,low-income families,低收入家庭
en:private:adjective:2,private,adjective,私人的； 私营的； 秘密的,adj 私人的； 私营的； 秘密的,/ˈpraɪvɪt/,/'praɪvət/,Morris has a private jet.,莫里斯拥有一架私人喷气式飞机。
en:technical:adjective:2,technical,adjective,技术的， 工艺的,adj 技术的， 工艺的,/'tɛknɪkl/,/'teknɪkl/,Our staff will be available to give you technical support .,有我们的员工向你提供技术支持。
en:companion:noun:2,companion,noun,同伴， 同事,n 同伴， 同事,/kəm'pænɪən/,/kəm'pæniən/,For ten years he had been her constant companion .,十年来他一直陪伴她左右。
en:choose:verb:2,choose,verb,选择； 决定,vt 选择； 决定,/tʃuz/,/tʃuːz/,It took us ages to choose a new carpet.,我们挑选新地毯花了很长时间。
en:directory:noun:2,directory,noun,姓名地址录； 公司名录,n 姓名地址录； 公司名录,/dəˈrɛktəri; (also) daɪˈrɛktəri/,/də'rektəri/,I couldn’t find your number in the telephone directory.,我在电话簿上找不到你的电话号码。
en:peaceful:adjective:2,peaceful,adjective,和平的， 安宁的,adj 和平的， 安宁的,/'pisfəl/,/'piːsfl/,We had a peaceful afternoon without the children.,孩子们不在，我们度过了一个宁静的下午。
en:prevent:verb:2,prevent,verb,防止， 阻止,v 防止， 阻止,/pri'vɛnt/,/prɪ'vent/,The rules are intended to prevent accidents.,这些规定旨在预防事故。
en:behave:verb:2,behave,verb,表现； 行为得体,v 表现； 行为得体,/bɪ'hev/,/bɪ'heɪv/,She behaved in a very responsible way .,她表现得很有责任心。
en:accomplish:verb:2,accomplish,verb,完成， 达到,vt 完成， 达到,/ə'kɑmplɪʃ/,/ə'kʌmplɪʃ/,We have accomplished all we set out to do.,所有计划要做的事情，我们都已完成。
en:disturbing:adjective:2,disturbing,adjective,令人不安的； 引起烦恼的,adj 令人不安的； 引起烦恼的,/dɪ'stɝbɪŋ/,/dɪ'stɜːbɪŋ/,a disturbing increase in the crime rate,令人不安的犯罪率增幅
en:engine:noun:2,engine,noun,发动机， 引擎,n 发动机， 引擎,/'ɛndʒɪn/,/'endʒɪn/,Is the engine running smoothly?,发动机运转平稳吗？
en:photographer:noun:2,photographer,noun,摄影师,n 摄影师,/fə'tɑgrəfɚ/,/fə'tɒgrəfə/,a fashion photographer,时装摄影师
en:end:verb:1,end,verb,结束，终止,v 结束，终止；n 终点； 结束,/ɛnd/,/end/,I think we’ll end there for today.,我看我们今天就到这儿吧。
en:mistake:verb:1,mistake,verb,弄错,v 弄错；n 错误,/mɪ'stek/,/mɪ'steɪk/,She mistook my meaning entirely.,她完全误解了我的意思。
en:pour:verb:1,pour,verb,倾泻， 不断流出,v 倾泻， 不断流出,/pɔr/,/pɔː/,He got up and poured himself another drink.,他站起身来，给自己又倒了一杯。
en:message:noun:2,message,noun,消息， 留言； 要旨,n 消息， 留言； 要旨,/'mɛsɪdʒ/,/'mesɪdʒ/,I got a message you were trying to reach me.,我得到了一条留言，说你在设法联系我。
en:praise:noun:2,praise,noun,赞扬， 表扬,n&vt 赞扬， 表扬,/prez/,/preɪz/,Jane was praised by her teacher.,简受到了老师的表扬。
en:significance:noun:2,significance,noun,意义， 重要性,n 意义， 重要性,/sɪɡ'nɪfɪkəns/,/sɪg'nɪfɪkəns/,Ideas about the social significance of religion have changed over time.,有关宗教的社会意义的观念已随时间的流逝发生了改变。
en:special:adjective:1,special,adjective,特别的； 专门的,adj 特别的； 专门的,/ˈspɛʃəl/,/'speʃl/,a special place in the classroom for reading,教室里的阅读专区
en:scissors:noun:2,scissors,noun,剪刀,n 剪刀,/'sɪzɚz/,/'sɪzəz/,a pair of scissors,一把剪刀
en:environment:noun:2,environment,noun,环境,n 环境,/ɪn'vaɪrənmənt/,/ɪn'vaɪrənmənt/,Some of these chemicals are very damaging to the environment.,这些化学品中有些对环境非常有害。
en:truth:noun:2,truth,noun,事实； 真理,n 事实； 真理,/trʊθ/,/truːθ/,How do we know you’re telling us the truth?,我们怎么知道你告诉我们的是真话？
en:clone:noun:2,clone,noun,克隆， 无性繁殖,n&v 克隆， 无性繁殖,/klon/,/kləun/,...the world's first human clone.,…世界上第一个克隆人。
en:betray:verb:2,betray,verb,出卖， 背叛,vt 出卖， 背叛,/bɪ'tre/,/bɪ'treɪ/,He felt that she had betrayed him.,他感觉她背叛了自己。
en:pronounce:verb:2,pronounce,verb,发音,v 发音,/prə'naʊns/,/prə'nauns/,How do you pronounce your name?,你的名字怎么念？
en:family:noun:2,family,noun,家； 家人,n 家； 家人,/ˈfæməlɪ/,/'fæməli/,Do you know the family next door?,你认识隔壁那家人吗？
en:swear:verb:2,swear,verb,发誓， 诅咒,v 发誓， 诅咒,/swɛr/,/sweə/,Don’t swear in front of the children.,不要在孩子们面前说粗话。
en:gift:noun:2,gift,noun,赠品； 礼物； 天赋， 才能,n 赠品； 礼物； 天赋， 才能,/ɡɪft/,/gɪft/,The earrings were a gift from my aunt.,这副耳环是我姑姑送给我的礼物。
en:atmosphere:noun:2,atmosphere,noun,气氛； 大气,n 气氛； 大气,/'ætməsfɪr/,/'ætməsfɪə/,The hotel had a lovely relaxed atmosphere .,那家宾馆的气氛轻松愉快。
en:decorate:verb:2,decorate,verb,装饰， 修饰,v 装饰， 修饰,/'dɛkəret/,/'dekəreɪt/,The bathroom is decorated in green and yellow.,浴室里是用绿色和黄色装潢的。
en:education:noun:2,education,noun,教育， 培养,n 教育， 培养,"/,ɛdʒu'keʃən/",/ˌedʒu'keɪʃn/,She also hopes her children will get a good education.,她也希望她的孩子可以受到良好的教育。
en:occupation:noun:2,occupation,noun,职业， 工作； 占领， 占据,n 职业， 工作； 占领， 占据,"/,ɑkju'peʃən/",/ˌɒkju'peɪʃn/,"Please state your name, address and occupation.",请写明你的姓名、地址和职业。
en:tendency:noun:2,tendency,noun,[C] 倾向， 趋势,n [C] 倾向， 趋势,/'tɛndənsi/,/'tendənsi/,children with aggressive or anti-social tendencies,具有攻击性倾向或反社会倾向的儿童
en:slim:adjective:2,slim,adjective,苗条的， 纤细的,adj 苗条的， 纤细的,/slɪm/,/slɪm/,a slim young woman,身材苗条的年轻女子
en:arithmetic:noun:2,arithmetic,noun,算术,n 算术,/ə'rɪθmətɪk/,/ə'rɪθmətɪk/,"...teaching the basics of reading, writing and arithmetic.",…教授读、写、算的基本知识。
en:caption:noun:2,caption,noun,标题； 字幕,n 标题； 字幕,/'kæpʃən/,/'kæpʃn/,"The local paper featured me standing on a stepladder with a caption, ""Wendy climbs the ladder to success.""",当地的报纸刊登了一幅我站在活梯上的特写，下面写着：“温迪登上了成功之梯。”
en:rid:verb:2,rid,verb,使…摆脱,vt 使…摆脱,/rɪd/,/rɪd/,The proposals are an attempt to rid the country of political corruption.,这些提议是使该国摆脱政治腐败的一种尝试。
en:moral:adjective:2,moral,adjective,道德的，精神的,adj 道德的，精神的；n 道德； 寓意,/'mɔrəl/,/'mɒrəl/,It is easy to have an opinion on a moral issue like the death penalty for murder.,对于判谋杀犯死刑这种涉及伦理道德的问题，有个观点并非难事。
en:number:noun:2,number,noun,数字， 号码； 数量,n 数字， 号码； 数量,/'nʌmbɚ/,/'nʌmbə/,They wrote various numbers on a large sheet of paper.,他们在一张大纸上写下了很多不同的数字。
en:explode:verb:2,explode,verb,爆炸； 爆发,v 爆炸； 爆发,/ɪk'splod/,/ɪk'spləud/,The device was thrown at an army patrol but failed to explode.,炸弹投向了陆军巡逻队，但没有爆炸。
en:greengrocer:noun:2,greengrocer,noun,蔬菜水果商,n 蔬菜水果商,/'ɡrinɡrosɚ/,/'griːngrəusə/,Elsa is telephoning the greengrocer. The plumber is putting a new seat on the toilet bowl.,埃尔莎在给蔬菜水果商打电话，管子工在马桶上装了一个新座垫。
en:punish:verb:2,punish,verb,惩罚， 处罚,vt 惩罚， 处罚,/'pʌnɪʃ/,/'pʌnɪʃ/,Smacking is not an acceptable way of punishing a child.,要惩罚孩子，不应该用打的方式。
en:casual:adjective:2,casual,adjective,偶然的， 不经意的； 非正式的； 临时的,adj 偶然的， 不经意的； 非正式的； 临时的,/'kæʒʊəl/,/'kæʒuəl/,Jean felt more comfortable in casual clothes .,琼穿上便服感到更舒服。
en:decline:verb:1,decline,verb,下降； 衰败； 倾斜； 谢绝,v 下降； 衰败； 倾斜； 谢绝,/dɪ'klaɪn/,/dɪ'klaɪn/,"Offered the position of chairman, Smith declined, preferring to keep his current job.",对担任主席的邀约，史密斯拒绝了，他宁愿留在现在的职位上。
en:narrow:adjective:2,narrow,adjective,狭窄的,adj 狭窄的,/'næro/,/'nærəu/,The stairs were very narrow.,楼梯非常狭窄。
en:judge:verb:2,judge,verb,判断，评价,v 判断，评价；n 裁判， 法官,/dʒʌdʒ/,/dʒʌdʒ/,You should never judge a person by their looks.,决不要以貌取人。
en:similar:adjective:2,similar,adjective,相似的， 像,adj 相似的， 像,/'sɪməlɚ/,/'sɪmələ/,We have similar tastes in music.,我们对音乐的品位相近。
en:contradict:verb:2,contradict,verb,同…矛盾， 同…抵触,v 同…矛盾， 同…抵触,/'kɑntrə'dɪkt/,/ˌkɒntrə'dɪkt/,The witness statements contradict each other and the facts remain unclear.,目击者的说法互相矛盾，真相依然未明。
en:catholic:adjective:2,Catholic,adjective,天主教的,adj 天主教的,/kæθəlɪk/,/'kæθlɪk/,...the Catholic Church.,…天主教会。
en:shape:noun:2,shape,noun,形状，外形,n 形状，外形；vt 使成形； 制造， 塑造,/ʃep/,/ʃeɪp/,What shape is the table?,那张桌子是什么形状的？
en:nothing:pronoun:1,nothing,pronoun,没有东西， 没有什么； 无关紧要的东西,pron 没有东西， 没有什么； 无关紧要的东西,/'nʌθɪŋ/,/'nʌθɪŋ/,Nothing ever happens in this town.,这镇上从来都不会发生什么特别的事。
en:headmistress:noun:2,headmistress,noun,女校长,n 女校长,/ˌhɛdˈmistrəs/,/ˌhed'mɪstrəs/,She is the deputy headmistress of the school.,她是那所学校的代理校长。
en:anyhow:adverb:2,anyhow,adverb,不管怎样,adv 不管怎样,/'ɛnɪ'haʊ/,/'enihau/,,
en:whistle:verb:1,whistle,verb,鸣笛， 吹口哨,v 鸣笛， 吹口哨；n 口哨声；汽笛声,/'wɪsl/,/'wɪsl/,Adam whistled happily on his way to work.,亚当在上班路上愉快地吹着口哨。
en:handle:verb:1,handle,verb,处理,vt 处理；n 柄， 把手,/'hændl/,/'hændl/,I handled most of the paperwork.,大部分文书工作是我做的。
en:chain-stores:noun:1,chain stores,noun,连锁店,n 连锁店,,,"Competing with the chain stores of the mall, there is now a collection of stalls selling African and Asian food.",现在有许多商店与商场里的连锁商店竞争卖亚非特产。
en:crossing:noun:2,crossing,noun,十字路口； 人行横道,n 十字路口； 人行横道,/'krɔsɪŋ/,/'krɒsɪŋ/,You must give way to any pedestrians on the crossing.,必须让人行横道上的行人先行。
en:tough:adjective:2,tough,adjective,结实的； 棘手的,adj 结实的； 棘手的,/tʌf/,/tʌf/,It was a tough race.,比赛打得很艰难。
en:exit:noun:2,exit,noun,出口,n 出口,/'ɛɡzɪt/,/'eksɪt/,We made for the nearest exit.,我们走向最近的出口。
en:system:noun:2,system,noun,体系， 系统,n 体系， 系统,/'sɪstəm/,/'sɪstəm/,an alarm system,警报系统
en:giraffe:noun:2,giraffe,noun,长颈鹿,n 长颈鹿,/dʒəˈræf; dʒəˈræf/,/dʒə'rɑːf/,I/ you/ we/ they like giraffe.,我/你/我们/他们喜欢长颈鹿。
en:spot:noun:2,spot,noun,斑点，污点；场所，地点,n 斑点，污点；场所，地点；vt 沾上污渍， 弄脏； 认出， 发现,/spɑt/,/spɒt/,a nice quiet spot on the beach,海滩上一个安静的好地方
en:aid:verb:1,aid,verb,帮助,v 帮助；n 援助，救护；辅助器具,/ed/,/eɪd/,an index to aid the reader,方便读者的索引
en:other:pronoun:1,other,pronoun,其他的， 另外的,pron&adj 其他的， 另外的,/'ʌðɚ/,/'ʌðə/,They were just like any other young couple.,他们那时就和其他任何年轻夫妇一样。
en:aim:verb:2,aim,verb,计划； 瞄准； 针对,v 计划； 瞄准； 针对；n 目的,/em/,/eɪm/,Denver aimed his gun but did not shoot.,丹佛举枪瞄准，但是没有射击。
en:against:preposition:2,against,preposition,对着； 反对,prep 对着； 反对,/əˈɡɛnst;əˈɡenst/,/ə'genst/,Every council member voted against the proposal.,每位市政会委员都对该提案投了反对票。
en:confident:adjective:2,confident,adjective,自信的； 确信的,adj 自信的； 确信的,/'kɑnfɪdənt/,/'kɒnfɪdənt/,"Despite her disability, Philippa is very confident.",菲莉帕虽然有残疾，却很自信。
en:cell:noun:2,cell,noun,细胞； 蜂房； 电池,n 细胞； 蜂房； 电池,/sɛl/,/sel/,cancer cells,癌细胞
en:swell:verb:2,swell,verb,肿胀， 增大,v 肿胀， 增大,/swɛl/,/swel/,Her ankle was already starting to swell.,她的脚踝已经开始肿起来了。
en:courage:noun:2,courage,noun,勇气， 胆略,n 勇气， 胆略,/'kɝrɪdʒ/,/'kʌrɪdʒ/,Sue showed great courage throughout her illness.,休在生病期间表现出了极大的勇气。
en:local:adjective:1,local,adjective,当地的， 地方的,adj 当地的， 地方的,/ˈloʊkl/,/'ləukl/,local hospital,当地医院
en:remind:verb:2,remind,verb,提醒， 使记起,vt 提醒， 使记起,/rɪ'maɪnd/,/rɪ'maɪnd/,"Yes, I’ll be there. Thanks for reminding me.",是的，我会去那里的。 谢谢提醒。
en:crew:noun:2,crew,noun,全体人员,n 全体人员,/krʊ/,/kruː/,"The plane crashed, killing two of the crew and four passengers.",飞机坠毁，造成两名机组人员和四名乘客死亡。
en:valid:adjective:2,valid,adjective,有效的,adj 有效的,/'vælɪd/,/'vælɪd/,a valid credit card,有效信用卡
en:defeat:verb:2,defeat,verb,击败； 战胜,vt 击败； 战胜,/dɪ'fit/,/dɪ'fiːt/,They hoped to defeat the enemy at sea.,他们希望在海上击败敌人。
en:spear:noun:2,spear,noun,矛,n 矛,/spɪr/,/spɪə/,"After the rehearsal, the weary mechanic repaired the gears with shears and spear.",排练完后，疲倦的机修工用剪刀和矛修理了齿轮装置。
en:encourage:verb:2,encourage,verb,鼓励， 激励,vt 鼓励， 激励,/ɪn'kɝrɪdʒ/,/ɪn'kʌrɪdʒ/,I want to thank everyone who has encouraged and supported me.,我要感谢每一位鼓励和支持过我的人。
en:electronic:adjective:2,electronic,adjective,电子的,adj 电子的,/ɪˌlɛkˈtrɑnɪk/,/ɪˌlek'trɒnɪk/,electronic games,电子游戏
en:vacation:noun:2,vacation,noun,假期， 休假,n 假期， 休假,/veˈkeʃən/,/veɪ'keɪʃn/,We’re planning a vacation in Europe.,我们正计划去欧洲度假。
en:speak:verb:2,speak,verb,说， 讲； 谈话； 发言,v 说， 讲； 谈话； 发言,/spik/,/spiːk/,I was so shocked I couldn’t speak.,我震惊得说不出话来。
en:share:verb:2,share,verb,分享，共同使用,v 分享，共同使用；n 一份； 股份,/ʃɛr/,/ʃeə/,We don’t have enough books so you’ll have to share.,我们书不够，所以你们得合着用。
en:bureaucratic:adjective:2,bureaucratic,adjective,官僚政治的,adj 官僚政治的,"/,bjʊrə'krætɪk/",/ˌbjuərə'krætɪk/,Bureaucratic delays are inevitable.,官僚主义所致的延误是不可避免的。
en:sacred:adjective:2,sacred,adjective,宗教的； 庄严的， 神圣的,adj 宗教的； 庄严的， 神圣的,/'sekrɪd/,/'seɪkrɪd/,a sacred vow,神圣的誓言
en:elegant:adjective:2,elegant,adjective,文雅的， 雅致的,adj 文雅的， 雅致的,/'ɛləgənt/,/'elɪgənt/,"a tall, elegant young woman",身材高挑、举止优雅的年轻女子
en:outcome:noun:2,outcome,noun,结果， 成果,n 结果， 成果,/'aʊt'kʌm/,/'autkʌm/,People who had heard the evidence at the trial were surprised at the outcome.,在审判过程中听过证词的人都对此结果感到吃惊。
en:curriculum:noun:2,curriculum,noun,课程,n 课程,/kə'rɪkjələm/,/kə'rɪkjələm/,Languages are an essential part of the school curriculum.,语言是学校课程中必不可少的部分。
en:satisfaction:noun:2,satisfaction,noun,满意,n 满意,"/,sætɪs'fækʃən/",/ˌsætɪs'fækʃn/,She got great satisfaction from helping people to learn.,她在帮助人们学习的过程中得到很大的满足。
en:sharp:adjective:2,sharp,adjective,尖锐的； 敏锐的； 整点的,adj 尖锐的； 敏锐的； 整点的,/ʃɑrp/,/ʃɑːp/,Make sure you use a good sharp knife.,你一定要用锋利的好刀。
en:powerful:adjective:2,powerful,adjective,强有力的， 强大的； 有影响力的,adj 强有力的， 强大的； 有影响力的,/'paʊɚfl/,/'pauəfl/,He was one of the most powerful men in Bohemia.,他是波希米亚最有权势的人物之一。
en:slip:verb:2,slip,verb,溜；滑动,v 溜；滑动；n 片， 纸片； 滑倒,/slɪp/,/slɪp/,Ben slipped quietly out of the room.,本悄悄地溜出了房间。
en:future:noun:2,future,noun,将来,n 将来,/ˈfjutʃɚ/,/'fjuːtʃə/,Does this school have a future?,这所学校有前途吗？
en:anchor:verb:1,anchor,verb,抛锚；停泊,v 抛锚；停泊；n 锚,/'æŋkɚ/,/'æŋkə/,Three tankers were anchored in the harbor.,三艘油轮停泊在港口。
en:acquaintance:noun:2,acquaintance,noun,相识， 熟人,n 相识， 熟人,/ə'kwentəns/,/ə'kweɪntəns/,She was a casual acquaintance of my family in Vienna.,她是我们家在维也纳的一个交情不深的朋友。
en:novelist:noun:2,novelist,noun,小说家,n 小说家,/'nɑvlɪst/,/'nɒvəlɪst/,The key to success as a romantic novelist is absolute belief in your story.,一个浪漫派小说家成功的关键在于对自己故事的绝对信念。
en:royal:adjective:2,royal,adjective,王室的， 皇家的； 第一流的,adj 王室的， 皇家的； 第一流的,/'rɔɪəl/,/'rɔɪəl/,the royal palace,王宫
en:shake:verb:2,shake,verb,使摇动； 震动,vt 使摇动； 震动,/ʃek/,/ʃeɪk/,She shook him to wake him up.,她摇摇他，想把他叫醒。
en:eyesight:noun:2,eyesight,noun,视力， 视觉,n 视力， 视觉,/'aɪsaɪt/,/'aɪsaɪt/,He had a problem with his eyesight.,他的视力有问题。
en:semicircle:noun:2,semicircle,noun,半圆,n 半圆,/'sɛmɪsɝkl/,/'semisɜːkl/,They sit cross-legged in a semicircle and share stories.,他们盘着腿围成半圆坐在一起讲故事。
en:screen:noun:2,screen,noun,幕， 荧光屏,n 幕， 荧光屏,/skrin/,/skriːn/,a computer with an 18-inch colour screen,带18英寸彩色屏幕的电脑
en:autonomous:adjective:2,autonomous,adjective,自治的,adj 自治的,/ɔ'tɑnəməs/,/ɔː'tɒnəməs/,They proudly declared themselves part of a new autonomous province.,他们自豪地宣布自己是新自治省的一部分。
en:referee:noun:2,referee,noun,仲裁人， 调解人； 裁判员,n 仲裁人， 调解人； 裁判员,"/,rɛfə'ri/",/ˌrefə'riː/,His headmaster agreed to act as his referee.,他的校长同意做他的推荐人。
en:trial:noun:2,trial,noun,审判； 试验,n 审判； 试验,/'traɪəl/,/'traɪəl/,The trial is due to start next week.,审理定于下周开始。
en:correspond:verb:2,correspond,verb,通信； 一致； 相当； 协调,vi 通信； 一致； 相当； 协调,"/,kɔrə'spɑnd/",/ˌkɒrə'spɒnd/,The two halves of the document did not correspond.,这份文件的前后两部分不相符。
en:undertake:verb:2,undertake,verb,承担； 保证,vt 承担； 保证,"/,ʌndɚ'tek/",/ˌʌndə'teɪk/,She undertook the task of monitoring the elections.,她承担了监督选举的任务。
en:insect:noun:2,insect,noun,昆虫,n 昆虫,/'ɪnsɛkt/,/'ɪnsekt/,an insect bite,昆虫的叮咬
en:buffet:noun:2,buffet,noun,自助餐,n 自助餐,/bəˈfe; bʌfɪt/,/'bufeɪ/,a cold buffet,冷餐会
en:entrance:noun:2,entrance,noun,入口； 入场； 入学许可,n 入口； 入场； 入学许可,/(for v.)ɪnˈtræns; (for n.) ˈɛntrəns/,/'entrəns/,the initial interview for entrance to the Civil Service,报考公务员的面试初试
en:pregnant:adjective:2,pregnant,adjective,怀孕的,adj 怀孕的,/'prɛɡnənt/,/'pregnənt/,care for pregnant women,孕妇保健
en:all:adjective:2,all,adjective,全部,adj&pron&adv 全部,/ɔl/,/ɔːl/,"You shouldn’t be sitting here by yourself, all alone.",你不应该一个人孤零零地坐在这儿。
en:always:adverb:2,always,adverb,总是； 一直； 永远,adv 总是； 一直； 永远,/'ɔlwez/,/'ɔːlweɪz/,Always lock your bicycle to something secure.,每次都要把自行车锁在牢固的物体上。
en:border:noun:1,border,noun,边缘； 边境， 国界,n 边缘； 边境， 国界,/'bɔrdɚ/,/'bɔːdə/,writing paper with a black border,饰有黑边的信纸
en:below:adverb:2,below,adverb,在下面,adv 在下面；prep 在…下面,/bɪ'lo/,/bɪ'ləu/,an animal that lives below ground,生活在地下的动物
en:already:adverb:2,already,adverb,已经,adv 已经,/ɔl'rɛdi/,/ɔːl'redi/,The design of the new house is similar to those that have already been built.,新房的设计与那些已建好的房子相似。
en:touch:verb:2,touch,verb,触摸，接触,v 触摸，接触；n 接触；联系；vt 感动,/tʌtʃ/,/tʌtʃ/,She reached out to touch his arm.,她伸手去碰他的胳膊。
en:shall:modal-verb:1,shall,modal verb,〔某事〕必定，一定〔发生〕,modal verb 〔某事〕必定，一定〔发生〕,/ʃəl/,/ʃæl/,The truth shall make you free.,真理必令你们得自由。
en:admission:noun:2,admission,noun,准许进入； 承认,n 准许进入； 承认,/əd'mɪʃən/,/əd'mɪʃn/,"Reese, by his own admission , lacks the necessary experience.",里斯自己也承认缺乏必要的经验。
en:real:adjective:2,real,adjective,真实的， 确实的,adj 真实的， 确实的,/'riəl/,/rɪəl/,There is a real danger that the disease might spread.,这种疾病确实有蔓延的危险。
en:expense:noun:2,expense,noun,费用， 支出,n 费用， 支出,/ɪk'spɛns/,/ɪk'spens/,"He borrowed £150,000 and used the money for legal expenses.",他借了15万英镑用于支付律师费。
en:unit:noun:2,unit,noun,单元； 单位,n 单元； 单位,/'junɪt/,/'juːnɪt/,a Russian army unit,俄罗斯陆军分队
en:yell:verb:2,yell,verb,大叫， 呼喊,vt 大叫， 呼喊,/jɛl/,/jel/,‘Help me!’ she yelled hysterically.,“救救我！”她歇斯底里地大叫。
en:contemporary:adjective:1,contemporary,adjective,当代的； 同时代的,adj 当代的； 同时代的,/kən'tɛmpərɛri/,/kən'temprəri/,She writes a lot of contemporary music for people like Whitney Houston.,她为惠特尼·休斯敦等人创作大量当代音乐作品。
en:collect:verb:2,collect,verb,收集， 搜集,v 收集， 搜集,/kə'lɛkt/,/kə'lekt/,"After 25 years of collecting recipes, she has compiled them into a cookbook.",她搜集了25年食谱，把它们编成一本烹饪书。
en:dusty:adjective:2,dusty,adjective,尘土般的； 尘土多的,adj 尘土般的； 尘土多的,/'dʌsti/,/'dʌsti/,They started strolling down the dusty road in the moonlight.,他们开始在月光下满是尘土的道路上漫步。
en:amusement:noun:2,amusement,noun,娱乐， 消遣,n 娱乐， 消遣,/ə'mjuzmənt/,/ə'mjuːzmənt/,What do you do for amusement in this town?,你们镇上有什么消遣？
en:boundary:noun:2,boundary,noun,边界， 分界线,n 边界， 分界线,/'baʊndri/,/'baundri/,National boundaries are becoming increasingly meaningless in the global economy.,在全球经济中，国界已经变得越来越没有意义。
en:shame:noun:2,shame,noun,遗憾的事； 羞愧,n 遗憾的事； 羞愧,/ʃem/,/ʃeɪm/,She felt a deep sense of shame.,她深感羞耻。
en:rob:verb:2,rob,verb,抢夺， 抢劫,v 抢夺， 抢劫,/rɑb/,/rɒb/,They killed four policemen while robbing a bank.,他们抢劫一家银行的时候杀了4名警察。
en:outing:noun:2,outing,noun,远足； 郊游,n 远足； 郊游,/'aʊtɪŋ/,/'autɪŋ/,"One evening, she made a rare outing to the local night club.",一天晚上，她难得地去了一趟当地的夜总会。
en:trick:noun:2,trick,noun,[C] 诡计， 把戏,n [C] 诡计， 把戏,/trɪk/,/trɪk/,Pretending he doesn’t remember is an old trick of his.,假装不记得是他的老花招了。
en:favour:noun:2,favour,noun,恩惠； 好感； 帮助,n 恩惠； 好感； 帮助,/ˈfevɚ/,/'feɪvə/,I've come to ask you to do me a favour.,我是来请你帮我一个忙的。
en:around:adverb:2,around,adverb,在周围；在附近；大约；掉头,adv 在周围；在附近；大约；掉头；prep 在…周围； 绕着,/ə'raʊnd/,/ə'raund/,The whole family was sitting around the dinner table.,全家人围坐在饭桌旁。
en:pollute:verb:2,pollute,verb,污染,vt 污染,/pə'lut/,/pə'luːt/,beaches polluted by raw sewage,受未经处理的污水污染的海滩
en:disappoint:verb:2,disappoint,verb,失望,v 失望,/'dɪsə'pɔɪnt/,/ˌdɪsə'pɔɪnt/,I hated to disappoint her.,我不愿意让她失望。
en:rot:verb:1,rot,verb,腐烂， 腐败,v 腐烂， 腐败,/rɑt/,/rɒt/,Candy will rot your teeth.,吃糖会腐蚀牙齿。
en:construction:noun:2,construction,noun,建造， 建设； 建筑物,n 建造， 建设； 建筑物,/kən'strʌkʃən/,/kən'strʌkʃn/,a road construction project,道路修建计划
en:predict:verb:2,predict,verb,预言； 预报,v 预言； 预报,/prɪ'dɪkt/,/prɪ'dɪkt/,Sales were five percent lower than predicted.,销售额比预期低5%。
en:row:verb:1,row,verb,划船,v 划船；n 排，行,/ro/,/rəu/,Jenny used to row at college (= as a sport ) .,珍妮以前在大学里经常参加划船运动。
en:universal:adjective:2,universal,adjective,普遍的， 全体的,adj 普遍的， 全体的,/'jʊnə'vɝsl/,/ˌjuːnɪ'vɜːsl/,free universal healthcare,免费的全民保健制度
en:abroad:adverb:2,abroad,adverb,到国外； 在国外,adv 到国外； 在国外,/ə'brɔd/,/ə'brɔːd/,I’ve never lived abroad before.,我以前从未在国外生活过。
en:frontier:noun:2,frontier,noun,国境， 边界； 前线,n 国境， 边界； 前线,/frʌn'tɪr/,/'frʌntɪə/,a novel about a family’s struggle on the American frontier,描写一家人在美国边远地区奋斗的小说
en:subjective:adjective:2,subjective,adjective,主观的,adj 主观的,/səb'dʒɛktɪv/,/səb'dʒektɪv/,"As a critic, he is far too subjective.",作为评论家，他过于主观。
en:deliberately:adverb:2,deliberately,adverb,故意地,adv 故意地,/dɪ'lɪbərətli/,/dɪ'lɪbərətli/,He deliberately upset her.,他故意惹她不开心。
en:seaweed:noun:2,seaweed,noun,海草， 海藻,n 海草， 海藻,/'si'wid/,/'siːwiːd/,...seaweed washed up on a beach.,…被冲上海滩的海草。
en:drawer:noun:2,drawer,noun,抽屉,n 抽屉,/drɔr/,/drɔː/,She took a file from her desk drawer .,她从书桌的抽屉里拿出了一个文件夹。
en:transport:noun:2,transport,noun,运输； 传送器,n 运输； 传送器；vt 运输， 传送,/'trænspɔrt/,/træn'spɔːt; trɑːn-/,commuters who travel on public transport,乘坐公共交通车辆上下班的人
en:specific:adjective:1,specific,adjective,特殊的； 明确的,adj 特殊的； 明确的,/spɪ'sɪfɪk/,/spə'sɪfɪk/,games suitable for specific age groups,适合特定年龄组的游戏
en:any:pronoun:1,any,pronoun,任何一个； 任何一些,pron 任何一个； 任何一些；adj 任何的；一些,/'ɛni/,/'eni/,,
en:application:noun:2,application,noun,申请； 申请书,n 申请； 申请书,/ˌæpləˈkeʃən/,/ˌæplɪ'keɪʃn/,We receive hundreds of job applications each year.,我们每年收到数百封求职信。
en:freezing:adjective:2,freezing,adjective,冻结的； 极冷的,adj 冻结的； 极冷的,/'frizɪŋ/,/'friːzɪŋ/,It’s freezing in this house. Can’t I turn on the heating?,房子里冷极了，我不可以开暖气吗？
en:punctuation:noun:2,punctuation,noun,标点符号,n 标点符号,/'pʌŋktʃʊ'eʃən/,/ˌpʌŋktʃu'eɪʃn/,He was known for his poor grammar and punctuation.,他以很差的语法和标点符号使用而出名。
en:acre:noun:2,acre,noun,英亩； 田地,n 英亩； 田地,/'ekɚ/,/'eɪkə/,They own 200 acres of farmland.,他们拥有200英亩农田。
en:whisper:noun:2,whisper,noun,低语， 私语,n&v 低语， 私语,/'wɪspɚ/,/'wɪspə/,"You don’t have to whisper, no one can hear us.",你不必轻声轻语，没人听得到我们说话。
en:appetite:noun:2,appetite,noun,食欲， 胃口,n 食欲， 胃口,/'æpəˌtaɪt/,/'æpɪtaɪt/,Her husband always had a huge appetite.,她丈夫向来胃口极大。
en:until:preposition:1,until,preposition,直到…为止， 在…以前,prep&conj 直到…为止， 在…以前,/ən'tɪl/,/ən'tɪl/,The ticket is valid until March.,这张票的有效期一直到 3 月份。
en:dull:adjective:2,dull,adjective,单调无味的； 阴暗的； 迟钝的,adj 单调无味的； 阴暗的； 迟钝的,/dʌl/,/dʌl/,Outside the weather was hazy and dull.,外面薄雾朦胧，天色灰暗。
en:clumsy:adjective:2,clumsy,adjective,笨拙的,adj 笨拙的,/'klʌmzi/,/'klʌmzi/,A clumsy waiter spilled wine all over her new skirt.,一名笨手笨脚的服务员把葡萄酒洒得她新裙子上到处都是。
en:reason:verb:1,reason,verb,说服， 劝说,v 说服， 劝说；n 理由，原因,/ˈrizən/,/'riːzn/,She has reason to feel guilty.,她有理由感到内疚。
en:thought:noun:2,thought,noun,思考， 思想； 念头,n 思考， 思想； 念头,/θɔt/,/θɔːt/,It’s an interesting thought.,这想法很有趣。
en:accurate:adjective:1,accurate,adjective,正确的， 准确的,adj 正确的， 准确的,/'ækjərət/,/'ækjərət/,The brochure tries to give a fair and accurate description of each hotel.,该手册尽量公正、准确地介绍每一家酒店。
en:ring:verb:2,ring,verb,响；打电话,v 响；打电话；n 电话铃声； 环形物,/rɪŋ/,/rɪŋ/,He left Washington with the president’s praises ringing in his ears.,他离开了华盛顿，总统的赞扬还在他耳际回响。
en:taste:noun:2,taste,noun,喜爱，爱好，口味,n 喜爱，爱好，口味；v 有…的味道,/test/,/teɪst/,That gave me a taste for reading.,那使我有了读书的喜好。
en:anywhere:adverb:2,anywhere,adverb,任何地方,adv 任何地方,/'ɛnɪwɛr/,/'eniweə/,Sit anywhere you like.,你随便坐吧。
en:bargain:verb:1,bargain,verb,讨价还价,v 讨价还价；n 便宜货，廉价货,/ˈbɑrɡɪn/,/'bɑːgən/,"They prefer to bargain with individual clients, for cash.",他们更愿意同个人客户洽谈，做现金交易。
en:identification:noun:2,identification,noun,辨认， 鉴定； 身份证明,n 辨认， 鉴定； 身份证明,/aɪˌdentɪfɪ'keʃn/,/aɪˌd3ntɪfɪ'keɪʃn/,Do you have any identification?,你有什么身份证明文件吗？
en:jam:verb:1,jam,verb,阻塞,v 阻塞；n 果酱； 阻塞,/dʒæm/,/dʒæm/,He jammed his foot on the accelerator and the car sped off.,他使劲踩下油门，汽车飞驰而去。
en:annual:adjective:2,annual,adjective,一年一次的， 每年的,adj 一年一次的， 每年的,/'ænjuəl/,/'ænjuəl/,The school trip has become an annual event.,学校组织的旅行成了一年一度的活动。
en:gentle:adjective:2,gentle,adjective,温柔的， 柔和的,adj 温柔的， 柔和的,/'dʒɛntl/,/'dʒentl/,"Arthur was a very gentle, caring person.",阿瑟是一个非常温柔体贴的人。
en:cheers:interjection:1,cheers,interjection,干杯,int 干杯,/tʃɪrz/,/tʃɪəz/,cheer up,使高兴；高兴起来；使振奋
en:boil:verb:2,boil,verb,沸腾， 烧开； 煮,v 沸腾， 烧开； 煮,/bɔɪl/,/bɔɪl/,Put the spaghetti into plenty of boiling salted water.,把意大利面放入大量煮沸的盐水中。
en:sneaker:noun:2,sneaker,noun,胶底运动鞋,n 胶底运动鞋,/'snikɚ/,/'sniːkə/,a pair of white sneakers,一双白色的运动鞋
en:lightning:noun:1,lightning,noun,闪电,n 闪电,/'laɪtnɪŋ/,/'laɪtnɪŋ/,Two farmworkers were struck by lightning (= hit by lightning ).,两个农民遭闪电击中。
en:remain:verb:2,remain,verb,余下，留下,vi 余下，留下；v 保持， 仍是,/rɪ'men/,/rɪ'meɪn/,The refugees were allowed to remain in the UK.,难民获准留在英国。
en:shabby:adjective:2,shabby,adjective,破旧的， 衣衫褴褛的； 不公正的， 不讲理的； 低劣的,adj 破旧的， 衣衫褴褛的； 不公正的， 不讲理的； 低劣的,/ˈʃæbi/,/'ʃæbi/,Hugh’s jacket was old and shabby.,休的夹克衫又旧又破。
en:amaze:verb:2,amaze,verb,惊奇， 惊叹， 震惊,vt 惊奇， 惊叹， 震惊,/ə'mez/,/ə'meɪz/,Dave amazed his friends by suddenly getting married.,戴夫突然结婚，令朋友们非常吃惊。
en:demand:noun:1,demand,noun,要求， 需要,n&v 要求， 需要,/dɪ'mænd/,/dɪ'mɑːnd/,Production is still increasing faster than demand.,生产仍比需求增长快。
en:envelope:noun:2,envelope,noun,信封,n 信封,,/'envələup/,envelopes and stamps,信封和邮票
en:slow:adjective:2,slow,adjective,缓慢的,adj 缓慢的；v 放慢速度， 减缓,/sloʊ/,/sləu/,The car was travelling at a very slow speed.,汽车正以非常慢的速度行驶。
en:turkey:noun:2,turkey,noun,火鸡,n 火鸡,/'tɝki/,/'tɜːki/,roast turkey,烤火鸡
en:grade:noun:2,grade,noun,等级； 学年； 成绩， 分数,n 等级； 学年； 成绩， 分数,/ɡred/,/greɪd/,The best grades of tea are expensive.,最上等的茶叶价格很贵。
en:deposit:noun:2,deposit,noun,存 ； 堆积,n&v 存 ； 堆积,/dɪ'pɑzɪt/,/dɪ'pɒzɪt/,...underground deposits of gold and diamonds.,…黄金和钻石的地下矿床。
en:tasty:adjective:2,tasty,adjective,味道好的,adj 味道好的,/'testi/,/'teɪsti/,a simple but tasty meal,简单而可口的饭菜
en:telescope:noun:1,telescope,noun,望远镜,n 望远镜,/'tɛləˌskop/,/'telɪskəup/,What is the range of this telescope?,这架望远镜的有效距离多大?。
en:flash:verb:2,flash,verb,闪光， 闪现,v 闪光， 闪现；n 闪，闪光，转瞬间,/flæʃ/,/flæʃ/,Lightning flashed overhead.,头顶上电光闪闪。
en:skillful:adjective:2,skillful,adjective,熟练的； 技艺精湛的； 灵巧的,adj 熟练的； 技艺精湛的； 灵巧的,/'skɪlfəl/,/'skɪlfl/,be skillful in,精于
en:continent:noun:2,continent,noun,大陆， 大洲,n 大陆， 大洲,/'kɑntɪnənt/,/'kɒntɪnənt/,the continents of Asia and Africa,亚洲及非洲大陆
en:accuse:verb:2,accuse,verb,控告， 谴责,vt 控告， 谴责,/ə'kjuz/,/ə'kjuːz/,The professor stands accused of (= has been accused of ) stealing his student’s ideas and publishing them.,那位教授被指控剽窃学生的观点拿去发表。
en:maybe:adverb:2,maybe,adverb,可能， 大概， 也许,adv 可能， 大概， 也许,/'mebi/,/'meɪbi/,Maybe it’s all just a big misunderstanding.,也许这只是一个很大的误会。
en:another:pronoun:1,another,pronoun,另一个,pron 另一个；adj 另一；别的,/ə'nʌðɚ/,/ə'nʌðə/,We have another hypothesis as well.,我们提出了另一种假说。
en:guarantee:verb:1,guarantee,verb,保证， 担保,vt&n 保证， 担保,"/,ɡærən'ti/",/ˌgærən'tiː/,The bank will only lend me money if my parents guarantee the loan.,只有我父母作担保，银行才会给我贷款。
en:algebra:noun:2,algebra,noun,代数学,n 代数学,/'ældʒɪbrə/,/'ældʒɪbrə/,"On the basis of minimax algebra theory, this paper provides an algebra method of solving countable stages decision problems in the dynamic programming.",本文根据极大极小代数理论，给出了一种用以求解动态规划中有限多阶段决策问题的代数算法。
en:recommend:verb:2,recommend,verb,推荐,v 推荐,/'rɛkə'mɛnd/,/ˌrekə'mend/,I recommend the butter chicken - it’s delicious.,我推荐黄油焗鸡，非常好吃。
en:acquire:verb:2,acquire,verb,获得； 学到,vt 获得； 学到,/ə'kwaɪr/,/ə'kwaɪə/,Manning hoped to acquire valuable works of art as cheaply as possible.,曼宁希望以尽可能低的价格买到有价值的艺术品。
en:worth:adjective:2,worth,adjective,值得的； 价值…,adj 值得的； 价值…,/wɝθ/,/wɜːθ/,You should not deprecate your own worth.,你不应该贬低你自己的价值。
en:helicopter:noun:2,helicopter,noun,直升机,n 直升机,/'hɛlɪkɑptɚ/,/'helɪkɒptə/,You can helicopter to the island.,你可以乘坐直升机去那个岛。
en:ripe:adjective:2,ripe,adjective,成熟的， 熟的,adj 成熟的， 熟的,/raɪp/,/raɪp/,Those tomatoes aren’t ripe yet.,那些番茄还没熟。
en:where:adverb:2,where,adverb,那儿； 何处,adv&conj 那儿； 何处,/hweə(r); hwɛr/,/weə/,"Where others might have been satisfied, Dawson had higher ambitions.",别人或许这样就满足了，可道森却有更大的雄心。
en:disabled:adjective:2,disabled,adjective,残疾的,adj 残疾的,/dɪs'ebld/,/dɪs'eɪbld/,a support group for parents of disabled children,帮助残障儿童父母的援助团
en:watermelon:noun:2,watermelon,noun,西瓜,n 西瓜,/'wɔtɚmɛlən/,/'wɔːtəmelən/,How do you eat watermelon?,你可以怎么吃西瓜呢？
en:arm:verb:1,arm,verb,以…装备， 武装起来,v 以…装备， 武装起来；n 手臂；支架,/ɑrm/,/ɑːm/,Dave has a broken arm .,戴夫手臂断了。
en:popular:adjective:2,popular,adjective,流行的， 受欢迎的； 大众的,adj 流行的， 受欢迎的； 大众的,/'pɑpjəlɚ/,/'pɒpjələ/,Hilary was popular at school.,希拉里在学校里很受欢迎。
en:broken:adjective:2,broken,adjective,弄坏了的， 破碎的,adj 弄坏了的， 破碎的,/'brokən/,/'brəukən/,Mind the broken glass.,当心碎玻璃。
en:outwards:adverb:1,outwards,adverb,向外，在外,adv 向外，在外；adj 向外的， 外出的,/'aʊtwɚdz/,/'autwəd(z)/,The door opens outwards.,这门是朝外开的。
en:vice:preposition:1,vice,preposition,副， 次； 代替,prep 副， 次； 代替；n 恶习；缺陷,/vaɪs/,/vaɪs/,Smoking is my only vice.,吸烟是我唯一的恶习。
en:poison:noun:1,poison,noun,毒药,n 毒药,/'pɔɪzn/,/'pɔɪzn/,Belladonna and red arsenic are deadly poisons .,颠茄和雄黄都是致命的毒物。
en:silly:adjective:2,silly,adjective,傻的，愚蠢的,adj 傻的，愚蠢的,/'sɪli/,/'sɪli/,Stop asking silly questions.,别再问傻问题了。
en:liberation:noun:2,liberation,noun,解放,n 解放,"/,lɪbə'reʃən/",/ˌlɪbə'reɪʃn/,war of liberation,解放战争
en:fortunate:adjective:2,fortunate,adjective,幸运的， 侥幸的,adj 幸运的， 侥幸的,/'fɔrtʃənət/,/'fɔːtʃənət/,"By a fortunate coincidence, a passer-by heard her cries for help.",所幸正巧有个过路人听到了她的呼救。
en:wrinkle:noun:2,wrinkle,noun,皱纹,n 皱纹,/'rɪŋkl/,/'rɪŋkl/,Her face was a mass of wrinkles.,她的脸上布满皱纹。
en:tour:noun:1,tour,noun,[C] 参观， 观光， 旅行,n [C] 参观， 观光， 旅行,/tʊr/,/tuə/,We met on a coach tour in Italy.,我们是在意大利乘长途客车旅游时相识的。
en:persuade:verb:2,persuade,verb,说服， 劝说； 使相信,v 说服， 劝说； 使相信,/pɚ'swed/,/pə'sweɪd/,He was fairly easily persuaded .,他很轻易就被说服了。
en:call:noun:1,call,noun,叫；电话,n 叫；电话；vt 称呼； 呼唤； 叫； 给…打电话,/kɔl/,/kɔːl/,It’s cheaper to make calls after 6 pm.,下午6点以后打电话便宜些。
en:consensus:noun:2,consensus,noun,一致意见,n 一致意见,/kən'sɛnsəs/,/kən'sensəs/,The EU Council of Finance Ministers failed to reach a consensus on the pace of integration.,欧盟财政部长会议未能就一体化的进度达成共识。
en:such:adverb:1,such,adverb,那么，如此,adv 那么，如此；pron 人， 事物；adj 这样的，那样的,/sʌtʃ/,/sʌtʃ/,I have the confidence because I have such ability!,我有信心，因为我有这样的能力！
en:calm:adjective:2,calm,adjective,镇静的，沉着的,adj 镇静的，沉着的；v 镇静， 沉着,/kɑm/,/kɑːm/,Glen was calm and composed at the funeral.,格伦在葬礼上表现得平静而镇定。
en:boring:adjective:2,boring,adjective,令人厌烦的,adj 令人厌烦的,/'bɔrɪŋ/,/'bɔːrɪŋ/,Her husband is about the most boring person I’ve ever met.,她丈夫可以说是我见过的最无聊的人。
en:classic:adjective:2,classic,adjective,经典的， 一流的,adj 经典的， 一流的,/'klæsɪk/,/'klæsɪk/,The Coca-Cola bottle is one of the classic designs of the last century.,可口可乐瓶是上个世纪的经典设计之一。
en:kick:verb:2,kick,verb,踢,v&n 踢,/kɪk/,/kɪk/,He kicked the door hard.,他用力踢门。
en:absolute:adjective:2,absolute,adjective,完全的， 绝对的,adj 完全的， 绝对的,/'æbsəlut/,/'æbsəluːt/,I have absolute confidence in her.,我对她充满信心。
en:ask:verb:2,ask,verb,询问； 要求,v 询问； 要求,/æsk/,/ɑːsk/,‘What’s your name?’ she asked.,“你叫什么名字？”她问道 。
en:canteen:noun:2,canteen,noun,餐厅； 食堂,n 餐厅； 食堂,/kænˈtiːn/,/kæn'tiːn/,Rennie had eaten his supper in the canteen.,伦尼已在食堂吃过晚饭。
en:describe:verb:2,describe,verb,描写， 叙述,vt 描写， 叙述,/dɪ'skraɪb/,/dɪ'skraɪb/,The police asked her to describe the man.,警察叫她描述一下那名男子。
en:suck:verb:2,suck,verb,吸， 吮,v 吸， 吮,/sʌk/,/sʌk/,"Don’t suck your thumb, dear.",不要吮大拇指，宝贝。
en:dilemma:noun:2,dilemma,noun,进退两难的局面,n 进退两难的局面,"/dəˈlɛmə, daɪ-/",/daɪ'lemə/,a moral dilemma,道德上进退两难的窘境
en:wealthy:adjective:2,wealthy,adjective,富有的,adj 富有的,/'wɛlθi/,/'welθi/,the wealthy nations of the world,世界上的富国
en:strength:noun:2,strength,noun,力量， 力气,n 力量， 力气,/strɛŋθ/,/streŋθ/,I’m trying to build up my strength .,我在努力增强体力。
en:dusk:noun:2,dusk,noun,黄昏,n 黄昏,/dʌsk/,/dʌsk/,The street lights go on at dusk.,街灯在黄昏时亮起来。
en:administration:noun:2,administration,noun,管理； 行政部门,n 管理； 行政部门,"/əd,mɪnɪ'streʃən/",/ədˌmɪnɪ'streɪʃn/,We’re looking for someone with experience in administration.,我们正在寻找一个有管理经验的人。
en:run:verb:2,run,verb,跑， 奔跑； 褪色； 经营， 管理,vi 跑， 奔跑； 褪色； 经营， 管理,/rʌn/,/rʌn/,"For a while, she ran a restaurant in Boston.",有一段时间她在波士顿开餐馆。
en:challenging:adjective:2,challenging,adjective,具有挑战性的,adj 具有挑战性的,/'tʃælɪndʒɪŋ/,/'tʃælɪndʒɪŋ/,Teaching young children is a challenging and rewarding job.,幼儿教育是一项具有挑战性和有意义的工作。
en:research:noun:2,research,noun,研究， 调查,n 研究， 调查,/'risɝtʃ/,/rɪ'sɜːtʃ; 'riːsɜːtʃ/,Gould was helped in his researches by local naturalists.,古尔德在研究过程中得到了当地博物学家的帮助。
en:debate:noun:1,debate,noun,讨论， 辩论,n&v 讨论， 辩论,/dɪ'bet/,/dɪ'beɪt/,the gun-control debate in the US,美国有关控制枪支的争论
en:view:noun:2,view,noun,看法； 景色,n 看法； 景色,/vju/,/vjuː/,"In my view, the country needs a change of government.",依我看，这个国家需要换个政府。
en:either:determiner:1,either,determiner,〔两者中的〕任何一个,determiner 〔两者中的〕任何一个；adv 也(不),/'iðɚ/,/'aɪðə/,There’s tea or coffee – you can have either.,有茶和咖啡，你可任选一种。
en:furniture:noun:1,furniture,noun,〈总称〉 家具,n 〈总称〉 家具,/'fɝnɪtʃɚ/,/'fɜːnɪtʃə/,I helped him choose the furniture for his house.,我帮他挑选房子里用的家具。
en:jet:verb:1,jet,verb,喷射,v 喷射；n 喷气式飞机； 喷射,/dʒɛt/,/dʒet/,The president will be jetting off to Germany today.,总统今天要乘喷气式飞机去德国。
en:donate:verb:1,donate,verb,捐赠， 赠送,v 捐赠， 赠送,/'donet/,/dəu'neɪt/,people who volunteer to donate blood,自愿献血者
en:helpful:adjective:2,helpful,adjective,有帮助的， 有益的,adj 有帮助的， 有益的,/'hɛlpfl/,/'helpfl/,Thank you for your advice; it’s been very helpful.,谢谢你的建议，它非常有用。
en:dust:noun:2,dust,noun,灰尘， 尘土,n 灰尘， 尘土,/dʌst/,/dʌst/,All the furniture was covered in dust .,所有的家具都蒙上了灰尘。
en:worry:verb:1,worry,verb,担忧， 烦恼,v&n 担忧， 烦恼,/ˈwʌrɪ/,/'wʌri/,The heat didn’t seem to worry him.,酷热似乎并没有让他烦恼。
en:cater:verb:2,cater,verb,投合； 备办食物,v 投合； 备办食物,/'ketɚ/,/'keɪtə/,We cater to an exclusive clientele.,我们满足一个特殊客户群的需求。
en:imagine:verb:2,imagine,verb,想象， 设想,v 想象， 设想,/ɪ'mædʒɪn/,/ɪ'mædʒɪn/,"‘A very complicated subject, I imagine,’ said Edwin.",“一个非常复杂的问题，我猜想。”埃德温说。
en:attractive:adjective:2,attractive,adjective,迷人的， 有吸引力的,adj 迷人的， 有吸引力的,/ə'træktɪv/,/ə'træktɪv/,an attractive young woman,妩媚动人的年轻女子
en:superb:adjective:2,superb,adjective,庄重的， 华丽的， 极好的,adj 庄重的， 华丽的， 极好的,/suːˈpɜːrb/,/suː'pɜːb/,The food was superb.,食物好吃极了。
en:might:modal-verb:1,might,modal verb,可以〔用于礼貌地提出建议〕,modal verb 可以〔用于礼貌地提出建议〕；n 力量；威力；权力,/maɪt/,/maɪt/,"If you need more information, you might try the Internet.",如果你需要更多的信息，可以试试因特网。
en:bleed:verb:2,bleed,verb,出血， 流血,v 出血， 流血,/blid/,/bliːd/,Your nose is bleeding.,你的鼻子流血了。
en:catalogue:noun:2,catalogue,noun,目录,n 目录,/'kætəlɔɡ/,/'kætəlɒg/,a mail order catalog,邮购商品目录
en:whatever:conjunction:1,whatever,conjunction,无论什么,conj&pron 无论什么,/wət'ɛvɚ/,/wɒt'evə/,"This means that whatever you develop with these two libraries does not have to be open source, but can be proprietary.",这意味着，无论您使用这两个库开发什么软件，该软件不必是开放源码的，可以是专有的。
en:decrease:verb:1,decrease,verb,减小， 减少,v 减小， 减少,/dɪ'kris/,/dɪ'kriːs/,The number of people who have the disease has decreased significantly in recent years.,近年来，这种病的患者人数明显下降。
en:camp:noun:1,camp,noun,野营， 宿营,n&vi 野营， 宿营,/kæmp/,/kæmp/,Let’s go back to camp – it’s getting dark.,我们回营地吧，天快黑了。
en:difficulty:noun:2,difficulty,noun,困难， 费力； 异议,n 困难， 费力； 异议,/'dɪfɪkəlti/,/'dɪfɪkəlti/,"If you have any difficulties, give me a call.",如果你遇到困难，就给我打电话。
en:volunteer:verb:1,volunteer,verb,自愿,v 自愿；n 志愿者,"/,vɑlən'tɪr/",/ˌvɒlən'tɪə/,I volunteered my services as a driver.,我主动提出来当司机。
en:everywhere:adverb:2,everywhere,adverb,到处,adv 到处,/'ɛvrɪwɛr/,/'evriweə/,I’ve looked everywhere but I can’t find the map.,我到处都找过了，但就是找不到地图。
en:clothing:noun:2,clothing,noun,〈总称〉 衣服,n 〈总称〉 衣服,/'kloðɪŋ/,/'kləuðɪŋ/,basic necessities such as food and clothing,食物和衣服这类基本的生活必需品
en:aloud:adverb:2,aloud,adverb,大声地； 出声地,adv 大声地； 出声地,/ə'laʊd/,/ə'laud/,"When we were children, our father read aloud to us.",当我们是孩子时，我们的父亲大声地朗读给我们听。
en:thunderstorm:noun:2,thunderstorm,noun,雷暴， 雷雨交加,n 雷暴， 雷雨交加,/'θʌndɚstɔrm/,/'θʌndəstɔːm/,There is a severe thunderstorm warning for some parts of the Southeast.,东南部的地区会有严重的雷暴雨警告。
en:mourn:verb:2,mourn,verb,哀痛； 哀悼,v 哀痛； 哀悼,/mɔrn/,/mɔːn/,Hundreds of people gathered to mourn the slain president.,成百上千人聚集在一起悼念遇刺的总统。
en:next:adverb:2,next,adverb,随后，然后，下一步,adv 随后，然后，下一步；adj 最近的；紧挨着的，隔壁的；下一次；n 下一个人,/nɛkst/,/nekst/,"With John here, you never know what will happen next.",有约翰在这里，你永远都不会知道接下来会发生什么事。
en:blind:adjective:2,blind,adjective,瞎的， 盲的,adj 瞎的， 盲的,/blaɪnd/,/blaɪnd/,"Her mother groped for the back of the chair, her eyes blind with tears.",她妈妈摸索着椅背，她的眼睛被眼泪遮住了视线。
en:nod:verb:1,nod,verb,点头,v&n 点头,/nɑd/,/nɒd/,"I asked her if she was ready to go, and she nodded.",我问她是否已准备好出发，她点了点头。
en:string:noun:2,string,noun,细绳， 线， 带,n 细绳， 线， 带,/strɪŋ/,/strɪŋ/,Her key hung on a string around her neck.,她的钥匙穿了根绳子挂在脖子上。
en:import:noun:2,import,noun,进口， 输入,n 进口， 输入,/'ɪmpɔt/,/ɪm'pɔːt; 'ɪm-/,a ban on beef imports,禁止进口牛肉
en:distance:noun:2,distance,noun,距离,n 距离,/'dɪstəns/,/'dɪstəns/,Measure the distance between the two points.,量出两点之间的距离。
en:occupy:verb:1,occupy,verb,占领， 占据,vt 占领， 占据,/'ɑkjupaɪ/,/'ɒkjupaɪ/,He occupies the house without paying any rent.,他住在这幢房子里，没有付一分钱房租。
en:submit:verb:2,submit,verb,提交， 递交,vt 提交， 递交,/səb'mɪt/,/səb'mɪt/,They submitted their reports to the chancellor yesterday.,他们昨天向财政大臣提交了他们的报告。
en:boom:verb:2,boom,verb,发出隆隆声； 兴隆， 使繁荣,v 发出隆隆声； 兴隆， 使繁荣；n 繁荣；隆隆声,/buːm/,/buːm/,"Business was booming , and money wasn’t a problem.",生意非常兴隆，钱已不是问题。
en:abolish:verb:2,abolish,verb,废止； 废除,vt 废止； 废除,/ə'bɑlɪʃ/,/ə'bɒlɪʃ/,Slavery was abolished in the US in the 19th century.,美国于19世纪废除了奴隶制。
en:absence:noun:2,absence,noun,不在， 缺席； 没有,n 不在， 缺席； 没有,/'æbsns/,/'æbsəns/,"In the absence of any evidence, the police had to let Myers go.",警察没有证据，只好把迈尔斯放了。
en:nearly:adverb:2,nearly,adverb,将近； 几乎,adv 将近； 几乎,/'nɪrli/,/'nɪəli/,It took nearly two hours to get here.,到这里花了将近两小时。
en:attract:verb:2,attract,verb,吸引； 引起,v 吸引； 引起,/ə'trækt/,/ə'trækt/,I’m not usually attracted to blondes.,我一般不喜欢金发女子。
en:show:verb:2,show,verb,给…看，出示，,v 给…看，出示，,/ʃo/,/ʃəu/,"The man grinned, showing bad teeth.",那男人咧着嘴笑，露出一口坏牙。
en:edition:noun:2,edition,noun,版， 版本,n 版， 版本,/ɪ'dɪʃən/,/ɪ'dɪʃn/,a paperback edition,平装本
en:cautious:adjective:2,cautious,adjective,小心的， 谨慎的,adj 小心的， 谨慎的,/'kɔʃəs/,/'kɔːʃəs/,a cautious driver,一位谨慎的司机
en:disappear:verb:2,disappear,verb,消失,vi 消失,/'dɪsə'pɪr/,/ˌdɪsə'pɪə/,At this point the path seemed to disappear altogether (= disappear completely ) .,小路到这里好像完全消失了。
en:perfume:noun:2,perfume,noun,香味； 香水,n 香味； 香水,/pɚ'fjum/,/'pɜːfjuːm/,She was wearing the perfume that he’d bought her.,她擦了他买给她的香水。
en:shot:noun:2,shot,noun,射击， 开枪， 开炮， 射击声； 子弹； 拍摄,n 射击， 开枪， 开炮， 射击声； 子弹； 拍摄,/ʃɑt/,/ʃɒt/,He pulled out his rifle and fired three shots.,他拽出步枪开了三枪。
en:conclusion:noun:2,conclusion,noun,[C] 结论； 结束,n [C] 结论； 结束,/kən'kluʒn/,/kən'kluːʒn/,These are the report’s main conclusions.,这些就是这篇报告的主要结论。
en:nor:conjunction:2,nor,conjunction,也不,conj 也不,/nɔr/,/nɔː/,He can neither read nor write (= he cannot read or write ).,他既不会读也不会写。
en:central:adjective:2,central,adjective,中心的， 中央的； 主要的,adj 中心的， 中央的； 主要的,/'sɛntrəl/,/'sentrəl/,He lives in central London.,他住在伦敦市中心。
en:defend:verb:2,defend,verb,保护， 防御,vt 保护， 防御,/dɪ'fɛnd/,/dɪ'fend/,a struggle to defend our homeland,保卫我们祖国的斗争
en:arrive:verb:2,arrive,verb,到达， 达到,vi 到达， 达到,/ə'raɪv/,/ə'raɪv/,Give me a call to let me know you’ve arrived safely.,打个电话给我，告诉我你已平安到达。
en:memorial:adjective:1,memorial,adjective,纪念的,adj 纪念的；n 纪念碑，纪念物,/məˈmɔrɪəl/,/mə'mɔːriəl/,A memorial service is being held for her at St. Paul's Church.,一场为她举行的纪念仪式正在圣保罗教堂举行。
en:wag:verb:2,wag,verb,摇动， 摆动,v 摇动， 摆动,/wæɡ/,/wæg/,"‘You naughty girl!’ Mom said, wagging her finger at me.",“你这个调皮的丫头！”妈妈对我摇了摇手指说道。
en:race:verb:1,race,verb,赛跑， 比赛,v 赛跑， 比赛；n 种族；比赛,/res/,/reɪs/,"In the 10 years I raced in Europe, 30 drivers were killed.",我在欧洲参赛的10年间，有30名车手身亡。
en:introduce:verb:2,introduce,verb,介绍； 引进,vt 介绍； 引进,/ˌɪntrə'dus/,/ˌɪntrə'djuːs/,"Have you two been introduced? Tom, this is Greg.",有人给你们俩互相介绍了吗？汤姆，这位是格雷格。
en:greet:verb:2,greet,verb,问候， 向…致敬,vt 问候， 向…致敬,/ɡrit/,/griːt/,She liked to be home to greet Steve when he came in from school.,当史蒂夫从学校回来时，她喜欢在家迎接他。
en:sculpture:noun:2,sculpture,noun,雕塑 ， 雕像,n 雕塑 ， 雕像,/'skʌlptʃɚ/,/'skʌlptʃə/,...stone sculptures of figures and animals.,…人物及动物石雕。
en:bond:verb:1,bond,verb,黏合； 结合,v 黏合； 结合；n 联结；联结物,/bɑnd/,/bɒnd/,It takes less than ten minutes for the two surfaces to bond.,用不了十分钟两个表面就会黏合起来。
en:way:noun:2,way,noun,道路； 方法； 作风,n 道路； 方法； 作风,/we/,/weɪ/,There are several different ways we can tackle this problem.,我们可以用几种不同的方法处理这个问题。
en:target:noun:2,target,noun,目标， 对象； 靶子,n 目标， 对象； 靶子,/'tɑrɡɪt/,/'tɑːgɪt/,There is no target date for completion of the new project.,这个新的项目何时完工没有预定日期。
en:wax:noun:2,wax,noun,蜡， 蜡状物,n 蜡， 蜡状物,/waks/,/wæks/,wax crayons,蜡笔
en:grey:adjective:2,grey,adjective,灰色的； 灰白的,adj 灰色的； 灰白的,/ɡre/,/greɪ/,an old lady with grey hair,头发灰白的老太太
en:what:pronoun:2,what,pronoun,什么,pron&adj&conj 什么,/hwɒt; hwɑt/,/wɒt/,What are you doing?,你在做什么？
en:urban:adjective:2,urban,adjective,城市的， 市内的,adj 城市的， 市内的,/'ɝbən/,/'ɜːbən/,unemployment in urban areas,城市地区的失业状况
en:guidance:noun:2,guidance,noun,引导， 指导,n 引导， 指导,/'gaɪdns/,/'gaɪdns/,a missile with a sophisticated electronic guidance system,有精密电子制导系统的导弹
en:refer:verb:2,refer,verb,谈到， 提到,v 谈到， 提到,/rɪ'fɝ/,/rɪ'fɜː/,"In his speech, he referred to a recent trip to Canada.",在他的讲话中，他提到了最近的加拿大之行。
en:nervous:adjective:2,nervous,adjective,紧张不安的， 神经质的,adj 紧张不安的， 神经质的,/'nɝvəs/,/'nɜːvəs/,I wish you’d stop looking at me like that. You’re making me nervous.,我希望你不要再那样看着我了，你让我紧张。
en:duty:noun:2,duty,noun,责任； 义务； 税,n 责任； 义务； 税,/'dʊti/,/'djuːti/,I promise I will do my duty .,我保证会尽到我的责任。
en:risk:noun:2,risk,noun,冒险，风险,n 冒险，风险；vt 冒…的危险,/rɪsk/,/rɪsk/,"It was a risk, sending a letter to my house.",将信寄到我家是冒险。
en:flame:noun:2,flame,noun,火焰， 光辉,n 火焰， 光辉,/flem/,/fleɪm/,Flames poured out of the windows of the building.,火焰从大楼窗口冒出来。
en:rise:noun:1,rise,noun,上升， 上涨,n 上升， 上涨,/raɪz/,/raɪz/,She watched the steady rise and fall of his chest.,她看着他的胸膛均匀地一起一伏。
en:play:verb:2,play,verb,玩；打；播放,v 玩；打；播放；n 玩耍； 戏剧,/ple/,/pleɪ/,Kids were playing and chasing each other.,孩子们在互相追逐嬉闹。
en:delicate:adjective:2,delicate,adjective,精巧的， 精致的,adj 精巧的， 精致的,/ˈdɛlɪkɪt/,/'delɪkət/,a plate with a delicate pattern of leaves,有精致树叶图案的碟子
en:fancy:adjective:1,fancy,adjective,奇特的；空想的,adj 奇特的；空想的；n 空想，假想；vt 想象， 空想,/'fænsi/,/'fænsi/,Harry took me to a fancy restaurant for our anniversary.,哈里带我去了一家豪华餐厅，庆祝我们的结婚纪念日。
en:bounce:verb:1,bounce,verb,使反弹； 跳跃,v 使反弹； 跳跃,/baʊns/,/bauns/,My father would burst into the kitchen bouncing a tennis ball.,我父亲会拍打着网球闯进厨房。
en:tissue:noun:2,tissue,noun,薄的纱织品； 薄纸； 组织,n 薄的纱织品； 薄纸； 组织,/'tɪʃu/,/'tɪʃuː/,As we age we lose muscle tissue.,随着年纪的增大，我们会失去一些肌肉组织。
en:decide:verb:2,decide,verb,决定， 下决心,v 决定， 下决心,/dɪ'saɪd/,/dɪ'saɪd/,Has anything been decided yet?,已经作出什么决定了吗？
en:rent:verb:1,rent,verb,租用； 出租,v 租用； 出租；n 租金,/rɛnt/,/rent/,Most students rent rooms in their second year.,大多数学生到二年级时租房居住。
en:when:adverb:1,when,adverb,在那时,adv 在那时；conj 什么时候；当…的时候,/hwen; hwɛn/,/wen/,Leonard was nine when his father died.,父亲去世时伦纳德九岁。
en:nearby:adverb:1,nearby,adverb,在附近,adv 在附近；adj 附近的,"/,nɪr'baɪ/",/ˌnɪə'baɪ/,He might easily have been seen by someone who lived nearby.,他可能很容易被住在附近的人看到。
en:carpenter:noun:2,carpenter,noun,木匠,n 木匠,/ˈkɑːrpəntər/,/'kɑːpəntə/,Think of yourself as the carpenter. Think about your house.,把你当做一个木匠，好好想想你的房子。
en:modest:adjective:2,modest,adjective,谦虚的， 谦逊的,adj 谦虚的， 谦逊的,/'mɑdɪst/,/'mɒdɪst/,You’re too modest! You’ve been a huge help to us.,你太谦虚了！你帮了我们大忙呢。
en:cast:verb:2,cast,verb,扔，抛,vt 扔，抛；n 演员表,/kæst/,/kɑːst/,Sparks leapt as he cast more wood on the fire.,他往火里投进更多的木块，火星四处飞溅。
en:anxious:adjective:2,anxious,adjective,忧虑的； 焦急的,adj 忧虑的； 焦急的,/'æŋkʃəs/,/'æŋkʃəs/,She gave me an anxious look.,她焦急地看了我一眼。
en:fan:noun:1,fan,noun,迷， 狂热的爱好者、 支持者； 风扇,n 迷， 狂热的爱好者、 支持者； 风扇,/fæn/,/fæn/,Groups of football fans began heading towards the ground.,成群结队的球迷开始向球场走去。
en:slice:noun:2,slice,noun,片， 薄片,n 片， 薄片,/slaɪs/,/slaɪs/,pizza slices,比萨块
en:far:adjective:1,far,adjective,远的,adj&adv 远的,/fɑr/,/fɑː/,"He started to explain, but he didn’t get far (= he did not succeed in saying very much ) before Mary interrupted him.",他开始解释起来，但没说几句就被玛丽打断了。
en:frost:noun:1,frost,noun,霜,n 霜,/frɔst/,/frɒst/,the risk of frost damage to crops,庄稼遭受霜冻灾害的危险
en:catch:verb:2,catch,verb,接住； 捉住； 赶上； 染上,vt 接住； 捉住； 赶上； 染上,/kætʃ/,/kætʃ/,"Anton caught malaria in Mali, and nearly died.",安东在马里染上疟疾，差点丢了性命。
en:fax:noun:1,fax,noun,传真,n 传真,/fæks/,/fæks/,Did you get my fax?,你收到我的传真了吗？
en:plan:noun:2,plan,noun,计划， 打算,n&v 计划， 打算,/plæn/,/plæn/,His plan is to get a degree in economics and then work abroad for a year.,他计划先取得经济学学位，然后去国外工作一年。
en:cash:noun:2,cash,noun,现金，现钞,n 现金，现钞；vt 兑现,/kæʃ/,/kæʃ/,Cash was taken during a burglary of the apartment.,在一次公寓盗窃案中现金被盗。
en:case:noun:2,case,noun,情况； 病例； 案件； 容器,n 情况； 病例； 案件； 容器,/kes/,/keis/,"We tend to think of these people as untrustworthy, but that is not the case.",我们往往会认为这些人不可靠，但事实并非如此。
en:generation:noun:2,generation,noun,代， 一代,n 代， 一代,/'dʒɛnə'reʃən/,/ˌdʒenə'reɪʃn/,"Like most of my generation, I had never known a war.",和我们这一代的大多数人一样，我并没有经历过战争。
en:give:verb:2,give,verb,给， 付出,v 给， 付出,/ɡɪv/,/gɪv/,They say they’re not willing to give any more than they’ve already offered.,他们说就给原定的这些钱，不愿意再多给了。
en:double:adjective:1,double,adjective,两倍的；双重的,adj 两倍的；双重的；v 加倍；n 两个；双打,/'dʌbl/,/'dʌbl/,a double sink,双水槽
en:downtown:noun:1,downtown,noun,市区 ， 闹市区,n&adj 市区 ， 闹市区,/'daʊn'taʊn/,/ˌdaun'taun/,downtown area,市中心
en:trunk:noun:2,trunk,noun,树干； 大箱子,n 树干； 大箱子,/trʌŋk/,/trʌŋk/,He left his bicycle leaning against a tree trunk .,他把他的自行车斜靠在树干上。
en:stainless:adjective:2,stainless,adjective,无污染的； 无瑕疵的； 不锈的,adj 无污染的； 无瑕疵的； 不锈的,/ˈsteɪnlɪs/,/ˌsteɪnləs/,stainless steel,
en:explicit:adjective:2,explicit,adjective,清楚的； 直率的,adj 清楚的； 直率的,/ɪk'splɪsɪt/,/ɪk'splɪsɪt/,The contrast could not have been made more explicit.,这个对比再清楚不过了。
en:rely:verb:2,rely,verb,依赖， 依靠； 信任,vi 依赖， 依靠； 信任,/rɪ'laɪ/,/rɪ'laɪ/,They relied heavily on the advice of their professional advisers.,他们非常依赖专业顾问的建议。
en:phone:verb:1,phone,verb,打电话,v 打电话；n 电话； 电话机,/fon/,/fəun/,I’ll phone you this evening.,今晚我会给你打电话。
en:slide:verb:1,slide,verb,滑行，滑动,v 滑行，滑动；n 幻灯片； 滑道,/slaɪd/,/slaɪd/,He slid open the door of the glass cabinet.,他滑开玻璃柜的门。
en:comfortable:adjective:2,comfortable,adjective,舒服的； 安逸的； 舒服自在的,adj 舒服的； 安逸的； 舒服自在的,/ˈkʌmfɚtəbl/,/'kʌmftəbl/,I was so comfortable and warm in bed I didn’t want to get up.,床上又舒服又暖和，我都不想起来。
en:waist:noun:2,waist,noun,腰部， 腰围,n 腰部， 腰围,/west/,/weɪst/,The skirt was too big around the waist.,那条裙子腰围太大。
en:style:noun:2,style,noun,风格， 时尚,n 风格， 时尚,/staɪl/,/staɪl/,an attempt to use Japanese management style in a European business,将日本的管理方式用于欧洲企业的尝试
en:jungle:noun:2,jungle,noun,丛林， 密林,n 丛林， 密林,/'dʒʌŋɡl/,/'dʒʌŋgl/,the Amazon jungle,亚马孙丛林
en:flesh:noun:2,flesh,noun,肉， 肉体,n 肉， 肉体,/flɛʃ/,/fleʃ/,a freshwater fish with firm white flesh,一种肉色雪白、肉质紧实的淡水鱼
en:suit:verb:2,suit,verb,适合,vt 适合；n 一套,/sut/,/suːt/,"Whatever your reason for borrowing, we have the loan that suits your needs .",不管您因何贷款，我们都会有满足您需要的贷款。
en:grill:noun:1,grill,noun,烤架； 烤肉,n 烤架； 烤肉,/ɡrɪl/,/grɪl/,Pop it under the grill for five minutes.,把它放在烤架下烤五分钟。
en:care:verb:1,care,verb,介意，在乎；在意；关心,v 介意，在乎；在意；关心；n 照料； 保护； 小心,/kɛr/,/keə/,‘He looked angry.’ ‘ I don’t care !’,“他好像很生气。”“我不管！”
en:damage:noun:2,damage,noun,毁坏， 损害,n&v 毁坏， 损害,/'dæmɪdʒ/,/'dæmɪdʒ/,These chemicals have been found to cause serious environmental damage.,经发现，这些化学物质会造成严重的环境破坏。
en:guard:verb:1,guard,verb,保卫，看守,v 保卫，看守；n 防护装置； 警戒,/ɡɑrd/,/gɑːd/,The Sergeant told Swift to guard the entrance.,中士叫斯威夫特守着入口。
en:settle:verb:2,settle,verb,安家，定居,vi 安家，定居；vt 解决,/'sɛtl/,/'setl/,"When the children had settled, Miss Brown gave out the new reading books.",孩子们静下来后，布朗小姐给他们发新的故事书。
en:direct:adjective:2,direct,adjective,直接的；直达的,adj 直接的；直达的；v 指挥， 指导,/dəˈrɛkt; daɪˈrɛkt/,/də'rekt/,Experienced users have direct access to the main data files.,高级用户可直接浏览主数据文档。
en:pattern:noun:2,pattern,noun,式样； 模式,n 式样； 模式,/'pætɚn/,/'pætn/,Weather patterns have changed in recent years.,气候模式近年已经发生了变化。
en:exercise:verb:1,exercise,verb,锻炼,v 锻炼；n [C]练习；[U]锻炼,/'ɛksɚsaɪz/,/'eksəsaɪz/,It’s important to exercise regularly.,经常锻炼很重要。
en:labour:noun:2,labour,noun,劳动， 劳力,n 劳动， 劳力,/'leibə/,/'leɪbə/,The garage charges £30 an hour for labour.,汽车修理厂收取每小时30英镑的人工费。
en:gain:verb:1,gain,verb,获得，挣得,v 获得，挣得；n 收获,/ɡen/,/geɪn/,"After gaining independence in 1957, it was renamed ‘Ghana’.",1957年获得独立后，该国改名为“加纳”。
en:vehicle:noun:2,vehicle,noun,车辆,n 车辆,/ˈviəkəl/,/'viːəkl/,a description of the stolen vehicle,对被盗车辆的描述
en:hardship:noun:2,hardship,noun,困难， 艰辛,n 困难， 艰辛,/'hɑrdʃɪp/,/'hɑːdʃɪp/,an economic policy that caused great hardship for many people,造成许多人贫困的经济政策
en:confuse:verb:2,confuse,verb,使糊涂； 搞乱,vt 使糊涂； 搞乱,/kən'fjʊz/,/kən'fjuːz/,I understand the text but the diagrams are confusing me.,文字我理解，但是图表把我弄糊涂了。
en:kilo:noun:2,kilo,noun,千克； 公斤,n 千克； 公斤,/'kilo/,/'kiːləu/,He'd lost ten kilos in weight.,他的体重已经减了10公斤。
en:freedom:noun:2,freedom,noun,自由,n 自由,/'fridəm/,/'friːdəm/,People here like their freedom and privacy.,这里的人喜欢他们所拥有的自由与隐私权。
en:cushion:noun:2,cushion,noun,垫子,n 垫子,/'kʊʃən/,/'kuʃn/,a velvet cushion,天鹅绒垫子
en:scold:verb:2,scold,verb,责骂， 谴责,vt 责骂， 谴责,/skold/,/skəuld/,"Do not scold the puppy, but simply and firmly say ‘no’.",不要责骂小狗，但要干脆利落地说“不”。
en:modern:adjective:2,modern,adjective,现代的， 近代的； 时尚的,adj 现代的， 近代的； 时尚的,/'mɑdɚn/,/'mɒdn/,Such companies must change if they are to compete in the modern world .,此类公司如果想在现代社会中与别人竞争，就必须有所改变。
en:physics:noun:2,physics,noun,物理,n 物理,/'fɪzɪks/,/'fɪzɪks/,...the laws of physics.,…物理学定律。
en:seldom:adverb:2,seldom,adverb,很少， 不常,adv 很少， 不常,/'sɛldəm/,/'seldəm/,Karen had seldom seen him so angry.,卡伦很少见他这么生气过。
en:physician:noun:2,physician,noun,医生,n 医生,/fɪ'zɪʃən/,/fɪ'zɪʃn/,...your family physician.,…你的家庭医生。
en:protect:verb:2,protect,verb,保护,vt 保护,/prə'tɛkt/,/prə'tekt/,Are we doing enough to protect the environment?,我们在保护环境方面做得够吗？
en:architecture:noun:2,architecture,noun,建筑， 建筑学,n 建筑， 建筑学,/'ɑrkə'tɛktʃɚ/,/'ɑːkɪtektʃə/,He studied architecture at university.,他在大学里读的是建筑学。
en:souvenir:noun:1,souvenir,noun,纪念品， 纪念物,n 纪念品， 纪念物,"/,suvə'nɪr/",/ˌsuːvə'nɪə/,a souvenir shop,纪念品商店
en:dial:verb:1,dial,verb,拨,v 拨,/'daɪəl/,/'daɪəl/,I think I dialed the wrong number.,我想我拨错号码了。
en:stress:noun:2,stress,noun,压力,n 压力；vt 强调,/strɛs/,/stres/,Your headaches are due to stress.,你的头痛是压力造成的。
en:explore:verb:2,explore,verb,探险； 探索,v 探险； 探索,/ɪk'splɔr/,/ɪk'splɔː/,Management need to explore ways of improving office security.,管理层需要探讨如何加强办事处的安全措施。
en:more:adverb:2,more,adverb,更,adv 更；pron 更多的…； 另外的…；adj 更多的,/mɔr/,/mɔː/,You’ll have to be more careful next time.,你下次要更小心一点。
en:wet:adjective:2,wet,adjective,湿的,adj 湿的,/wɛt/,/wet/,I’ve washed your shirt but it’s still wet.,我把你的衬衫洗过了，不过现在还是湿的。
en:born:adjective:1,born,adjective,出生的,adj 出生的,/bɔrn/,/bɔːn/,the skill of a born actor,天生的表演技巧
en:strawberry:noun:2,strawberry,noun,草莓,n 草莓,/'strɔbɛri/,/'strɔːbəri/,...strawberries and cream.,…奶油草莓。
en:electricity:noun:2,electricity,noun,电； 电流,n 电； 电流,/ɪ'lɛk'trɪsəti/,/ɪˌlek'trɪsəti/,"The farm was very isolated, but it had electricity.",那个农场非常偏远，但有电力供应。
en:tentative:adjective:2,tentative,adjective,试验性的； 试探的,adj 试验性的； 试探的；n 试验；假设,/'tɛntətɪv/,/'tentətɪv/,I passed on my tentative conclusions to the police.,我把我的初步结论递交给了警方。
en:climate:noun:2,climate,noun,气候； 风气； 环境气氛,n 气候； 风气； 环境气氛,/ˈklaɪmɪt/,/'klaɪmət/,Los Angeles’ warm dry climate,洛杉矶温暖干燥的气候
en:kill:verb:2,kill,verb,杀死， 弄死； 消磨,vt 杀死， 弄死； 消磨,/kɪl/,/kɪl/,Why did she kill her husband?,她为什么杀死丈夫？
en:conductor:noun:2,conductor,noun,管理人； 指导者； 售票员， 列车员； 乐队指挥,n 管理人； 指导者； 售票员， 列车员； 乐队指挥,/kən'dʌktɚ/,/kən'dʌktə/,Wood is a poor conductor of heat.,木头导热性能差。
en:porridge:noun:2,porridge,noun,稀饭， 粥,n 稀饭， 粥,/'pɔrɪdʒ/,/'pɒrɪdʒ/,rice porridge,稀饭
en:pleased:adjective:2,pleased,adjective,高兴的,adj 高兴的,/plizd/,/pliːzd/,Your Dad will be so pleased.,你爸爸会非常高兴的。
en:certain:adjective:2,certain,adjective,某些； 确定的， 无疑的； 一定会…,adj 某些； 确定的， 无疑的； 一定会…,/'sɝtn/,/'sɜːtn/,I felt certain that I’d passed the test.,我感觉自己肯定通过这次测验了。
en:woolen:adjective:1,woolen,adjective,羊毛的， 羊毛制的,adj 羊毛的， 羊毛制的,/'wʊlɪn/,/'wulən/,He had a red woolen muffler round his neck and his skin was rather reddish too.,他脖子上围了一个红色的羊毛围巾，他的皮肤也相当的暗红。
en:board:noun:2,board,noun,木板；布告牌；委员会,n 木板；布告牌；委员会；vt 上,/bɔrd/,/bɔːd/,I’ll check the departure board for train times.,我去查一下开车时刻表，看看火车的时间。
en:statistics:noun:2,statistics,noun,统计表， 数字， 数据,n 统计表， 数字， 数据,/stə'tɪstɪks/,/stə'tɪstɪks/,statistics for earnings by different age groups,
en:shut:verb:2,shut,verb,（使）关[合]上，（使）关闭,v （使）关[合]上，（使）关闭；adj 关闭的，关上的,/ʃʌt/,/ʃʌt/,"Shut the window, Ellen!",埃伦，把窗关上！
en:arrest:verb:2,arrest,verb,逮捕， 拘留,vt&n 逮捕， 拘留,/ə'rɛst/,/ə'rest/,He was arrested and charged with murder.,他遭到逮捕并被指控谋杀。
en:distinction:noun:2,distinction,noun,区别； 差别,n 区别； 差别,/dɪ'stɪŋkʃən/,/dɪ'stɪŋkʃn/,There are obvious distinctions between the two wine-making areas.,这两个酿酒区之间有明显的不同。
en:widow:noun:1,widow,noun,寡妇,n 寡妇,/'wɪdo/,/'wɪdəu/,an elderly widow who was attacked and robbed last month,上个月遭到行凶抢劫的一位寡居老妇
en:mature:adjective:2,mature,adjective,成熟的， 成年的,adj 成熟的， 成年的,/mə'tʃʊr/,/mə'tʃuə/,Laura is very mature for her age .,相对她的年龄来说劳拉是很成熟的。
en:navy:noun:2,navy,noun,海军,n 海军,/'nevi/,/'neɪvi/,the British Navy,英国海军
en:disability:noun:2,disability,noun,残疾； 无能,n 残疾； 无能,"/,dɪsə'bɪləti/",/ˌdɪsə'bɪləti/,Facilities for people with disabilities are still insufficient.,供残疾人使用的设施仍然不足。
en:fee:noun:2,fee,noun,费， 费用,n 费， 费用,/fi/,/fiː/,"He paid his licence fee, and walked out with a brand-new driving licence.",他付了驾照费用，拿着一张全新的驾照走出来。
en:section:noun:2,section,noun,段； 部分； 部门,n 段； 部分； 部门,/'sɛkʃən/,/'sekʃn/,The plane’s tail section was found in a cornfield.,飞机的尾部在玉米田里找到了。
en:simple:adjective:2,simple,adjective,简单的， 简易的,adj 简单的， 简易的,/'sɪmpl/,/'sɪmpl/,a simple but effective solution to the problem,对这个问题简单而有效的解决办法
en:used:adjective:2,used,adjective,用过的； 旧的， 二手的,adj 用过的； 旧的， 二手的,/juzd/,/juːzd/,a used tissue,用过的纸巾
en:influence:noun:2,influence,noun,影响,n&vt 影响,/'ɪnfluəns/,/'ɪnfluəns/,"As a scientist, his influence was immense.",身为一名科学家，他的影响力极大。
en:mustard:noun:2,mustard,noun,芥末， 芥子粉,n 芥末， 芥子粉,/'mʌstɚd/,/'mʌstəd/,...a jar of mustard.,…一罐芥末酱。
en:percentage:noun:2,percentage,noun,百分率； 比例,n 百分率； 比例,/pɚ'sɛntɪdʒ/,/pə'sentɪdʒ/,Interest rates fell by six percentage points (= 6% ) .,利息下降了6个百分点。
en:talent:noun:2,talent,noun,天才， 才能,n 天才， 才能,/'tælənt/,/'tælənt/,"He has a lot of talent , and his work is fresh and interesting.",他很有天赋，作品新颖有趣。
en:few:pronoun:1,few,pronoun,不多， 少数,pron 不多， 少数；adj 不多的，少数的,/fju/,/fjuː/,This should not be an experience for the few.,这应该不只是少数人的经历。
en:otherwise:adverb:2,otherwise,adverb,否则， 要不然,adv 否则， 要不然,/'ʌðɚwaɪz/,/'ʌðəwaɪz/,"You’ll have to go now, otherwise you’ll miss your bus.",你现在就得走，要不然就赶不上公共汽车了。
en:negotiate:verb:2,negotiate,verb,谈判， 协商,v 谈判， 协商,/nɪ'ɡoʃɪet/,/nɪ'gəuʃieɪt/,His first aim is to get the warring parties back to the negotiating table (= discussing something ).,他的首要目标就是把交战各方拉回到谈判桌上。
en:hunt:verb:2,hunt,verb,寻找； 狩猎， 猎取,v&n 寻找； 狩猎， 猎取,/hʌnt/,/hʌnt/,the slopes where I hunted deer as a kid,我儿时猎鹿的山坡
en:package:noun:2,package,noun,一包， 一袋， 一盒； 包裹,n 一包， 一袋， 一盒； 包裹,/'pækɪdʒ/,/'pækɪdʒ/,There’s a package here for a Miami Lakes address.,这里有一个寄往迈阿密湖的包裹。
en:pronunciation:noun:2,pronunciation,noun,发音,n 发音,"/prə,nʌnsɪ'eʃən/",/prəˌnʌnsi'eɪʃn/,She gave the word its French pronunciation.,她给出了这个单词的法语发音。
en:kind:adjective:1,kind,adjective,善良的， 亲切的， 和蔼的， 仁慈的,adj 善良的， 亲切的， 和蔼的， 仁慈的；n [C]种；类,/kaɪnd/,/kaɪnd/,It wasn’t a very kind thing to say.,这么说可不太客气。
en:survival:noun:2,survival,noun,幸存； 生存,n 幸存； 生存,/sɚ'vaɪvl/,/sə'vaɪvl/,The doctors gave him a one in ten chance of survival .,医生说他有十分之一的生存希望。
en:strait:noun:1,strait,noun,海峡,n 海峡,/stret/,/streɪt/,the Bering Strait,白令海峡
en:both:pronoun:1,both,pronoun,两者都； 双方都,pron 两者都； 双方都；adj 双方的,/boθ/,/bəuθ/,both of them,他们俩都…
en:voyage:noun:2,voyage,noun,航行， 旅行,n 航行， 旅行,/'vɔɪɪdʒ/,/'vɔɪɪdʒ/,The voyage from England to India used to take six months.,过去从英格兰到印度要航行六个月。
en:important:adjective:2,important,adjective,重要的,adj 重要的,/ɪm'pɔrtnt/,/ɪm'pɔːtnt/,a very important meeting,很重要的会议
en:nutrition:noun:2,nutrition,noun,营养,n 营养,/nu'trɪʃən/,/nju'trɪʃn/,Nutrition and exercise are essential to fitness and health.,营养和运动是保持健康所必不可少的。
en:detective:noun:1,detective,noun,侦探,n 侦探,/dɪ'tɛktɪv/,/dɪ'tektɪv/,She hired a detective to find out if her husband was having an affair.,她雇了一个私人侦探调查她丈夫是否有外遇。
en:phrase:noun:2,phrase,noun,短语， 习惯用语,n 短语， 习惯用语,/frez/,/freɪz/,Who first used the phrase ‘survival of the fittest’?,“适者生存”这一说法最早是谁说的？
en:personally:adverb:2,personally,adverb,就自己而言,adv 就自己而言,/'pə:sənəli/,/'pɜːsənəli/,"Personally, I don’t think much of the idea.",就个人而言，我认为这个主意不怎么样。
en:outside:adverb:1,outside,adverb,在外面，向外面，出界,adv 在外面，向外面，出界；adj 外面的，外表的；prep 在…外；n 外面，外表，外界,"/,aʊt'saɪd/",/ˌaut'saɪd/,"It’s outside my experience, I’m afraid.",恐怕我没有这方面的经验。
en:passer-by:noun:1,passer-by,noun,过客， 过路人,n 过客， 过路人,/'pæsə'baɪ/,/ˌpɑːsə'baɪ/,A passerby described what he saw moments after the car bomb had exploded.,一个过路人描述了汽车炸弹爆炸后瞬间他所看到的情景。
en:keep:verb:2,keep,verb,保留；保存；使…保持某种状态； 保持， 继续,v 保留；保存；使…保持某种状态； 保持， 继续,/kip/,/kiːp/,You can keep it. I don’t need it any more.,你留着吧，我不需要了。
en:effect:noun:2,effect,noun,效果； 作用， 影响,n 效果； 作用， 影响,/ɪ'fɛkt/,/ɪ'fekt/,the long-term effects of the drug,这种毒品的长期影响
en:affection:noun:2,affection,noun,友爱； 爱情,n 友爱； 爱情,/ə'fɛkʃən/,/ə'fekʃn/,She looked back on those days with affection .,她深情地回顾那些日子。
en:yoghurt:noun:2,yoghurt,noun,酸乳酪,n 酸乳酪,/'jogɚt/,/'jɒgət/,,
en:skate:verb:2,skate,verb,溜冰， 滑冰,vi 溜冰， 滑冰,/sket/,/skeɪt/,The children skated on the frozen pond.,孩子们在结冰的池塘上滑冰。
en:correction:noun:2,correction,noun,改正,n 改正,/kə'rɛkʃən/,/kə'rekʃn/,"I just need to make a few corrections , and then we can send it to the printer.",我只要修改几个地方，然后就可以把它发送到打印机。
en:embarrass:verb:2,embarrass,verb,使困窘， 使局促不安,vt 使困窘， 使局促不安,/ɪm'bærəs/,/ɪm'bærəs/,He didn’t want to embarrass her by asking questions.,他不想提问让她尴尬。
en:who:pronoun:2,who,pronoun,谁,pron 谁,/hu/,/huː/,Who locked the door?,谁锁的门？
en:weigh:verb:2,weigh,verb,称量； 重,v 称量； 重,/weɪ/,/weɪ/,The young birds weigh only a few grams.,雏鸟重量只有几克。
en:sponsor:noun:2,sponsor,noun,赞助者；主办者,n 赞助者；主办者；vt 赞助； 主办,/'spɑnsɚ/,/'spɒnsə/,corporate sponsors,企业赞助商
en:acute:adjective:2,acute,adjective,尖锐的； 敏锐的； 严重的； 急性的,adj 尖锐的； 敏锐的； 严重的； 急性的,/ə'kjut/,/ə'kjuːt/,The housing shortage is more acute than first thought.,住房短缺情况比一开始想的要严重。
en:kindergarten:noun:2,kindergarten,noun,幼儿园,n 幼儿园,/'kɪndɚɡɑrtn/,/'kɪndəgɑːtn/,I to the kindergarten at the age of three.,在我记忆中，我三岁就被送去幼儿园了。
en:jog:verb:2,jog,verb,慢跑,v 慢跑,/dʒɑɡ/,/dʒɒg/,I go jogging every morning.,我每天早晨都去慢跑。
en:terrify:verb:2,terrify,verb,使人感到害怕， 使恐惧,vt 使人感到害怕， 使恐惧,/ˈtɛrəˌfaɪ/,/'terɪfaɪ/,Her husband’s violence terrified her.,丈夫的暴力行为让她感到害怕。
en:contribute:verb:2,contribute,verb,捐款， 捐献,v 捐款， 捐献,/kən'trɪbjut/,/kən'trɪbjuːt/,The three sons also contribute to the family business.,3个儿子也为家族企业做贡献。
en:faith:noun:2,faith,noun,信仰， 信念； 信任,n 信仰， 信念； 信任,/feθ/,/feɪθ/,People have lost faith in the government.,人们已失去了对政府的信心。
en:insert:verb:2,insert,verb,插入,vt 插入,/'ɪnsɝt/,/ɪn'sɜːt/,He took a small key from his pocket and slowly inserted it into the lock.,他从衣袋里掏出一把小钥匙，然后缓缓地将其插入锁孔里。
en:why:adverb:1,why,adverb,为什么,adv 为什么；interjection 哎呀，嗨〔表示惊讶或突然意识到某事〕,/hwaɪ/,/waɪ/,Why are you crying?,你为什么哭？
en:remark:noun:2,remark,noun,陈述， 评论,n&v 陈述， 评论,/rɪ'mɑrk/,/rɪ'mɑːk/,"Unfortunately, a local journalist overheard the remark.",不巧一名当地记者无意中听到了这些话。
en:forbid:verb:2,forbid,verb,禁止， 不许,v 禁止， 不许,/fɚ'bɪd/,/fə'bɪd/,Lack of space forbids listing the names of all those who contributed.,由于篇幅限制，无法列出所有捐款人的姓名。
en:microscope:noun:2,microscope,noun,显微镜,n 显微镜,/'maɪkrəskop/,/'maɪkrəskəup/,Can I borrow your microscope?,可以借你的显微镜吗?。
en:tortoise:noun:2,tortoise,noun,乌龟,n 乌龟,/ˈtɔrtəs/,/'tɔːtəs/,I saw a big sea tortoise .,我看见过一个大海龟。
en:candidate:noun:2,candidate,noun,候选人,n 候选人,"/ˈkændɪˌdet, -dɪt/",/'kændɪdət/,a presidential candidate,总统候选人
en:alone:adjective:2,alone,adjective,单独的， 孤独的,adj 单独的， 孤独的,/ə'lon/,/ə'ləun/,She lives alone .,她一个人生活。
en:database:noun:2,database,noun,资料库， 数据库,n 资料库， 数据库,/'detəbes/,/'deɪtəbeɪs/,customer details held on a database,存储在数据库内的客户详细信息
en:parallel:adjective:1,parallel,adjective,平行的,adj 平行的；n 平行线；类似,/'pærəlɛl/,/'pærəlel/,Lines AB and CD are parallel. AB,线与CD线平行。
en:patient:adjective:2,patient,adjective,耐心的,adj 耐心的；n 病人,/ˈpeʃənt/,/'peɪʃnt/,You’ll just have to be patient and wait till I’m off the phone.,你只能耐心点，等我打完电话。
en:reject:verb:2,reject,verb,拒绝,vt 拒绝,/rɪ'dʒɛkt/,/rɪ'dʒekt/,Sarah rejected her brother’s offer of help.,萨拉拒绝了她弟弟的帮助。
en:dialogue:noun:2,dialogue,noun,对话,n 对话,/ˈdaɪəˌlɔɡ/,/'daɪəlɒg/,a boring movie full of bad dialog,充满差劲对白的乏味电影
en:diet:verb:1,diet,verb,节食,v 节食；n 饮食；节食,/'daɪət/,/'daɪət/,I've been dieting ever since the birth of my fourth child.,自从我第4个孩子出生以后，我就一直在节食。
en:profit:verb:1,profit,verb,赢利， 获益于,v 赢利， 获益于；n 利润，益处,/'prɑfɪt/,/'prɒfɪt/,No one was profiting inordinately from the war effort.,没有人在从战争中发大财。
en:win:verb:2,win,verb,赢得， 获胜,v 赢得， 获胜,/wɪn/,/wɪn/,Who’s winning (= who is most successful at this point in the game )?,现在谁领先？
en:rest:verb:2,rest,verb,休息， 歇息,vi 休息， 歇息；n 休息；剩余的部分，其余的人,/rɛst/,/rest/,"If you’re tired, we’ll stop and rest for a while.",如果你累了，我们就停下来歇一会儿。
en:move:verb:1,move,verb,移动， 搬动， 搬家,v 移动， 搬动， 搬家,/muv/,/muːv/,Please keep the doors closed while the train is moving.,火车行驶时请保持车门关闭。
en:amount:verb:2,amount,verb,总计；等于,vi 总计；等于；n 数量,/ə'maʊnt/,/ə'maunt/,Consumer spending on sports-related items amounted to $9.75 billion.,消费者在体育相关用品上的消费总共达到了97.5亿美元。
en:handful:noun:2,handful,noun,把； 少数， 少量,n 把； 少数， 少量,"/'hænd,fʊl/",/'hændful/,There were only a handful of people there.,那里只有几个人。
en:album:noun:2,album,noun,照相簿； 集邮本； 签名纪念册,n 照相簿； 集邮本； 签名纪念册,/'ælbəm/,/'ælbəm/,a photograph album,相册
en:electric:adjective:2,electric,adjective,电的,adj 电的,/ɪ'lɛktrɪk/,/ɪ'lektrɪk/,an electric blanket,电热毯
en:yawn:verb:1,yawn,verb,打呵欠,v 打呵欠,/jɔn/,/jɔːn/,Alan stretched and yawned.,艾伦伸伸懒腰，打了个呵欠。
en:say:verb:2,say,verb,说， 讲,v 说， 讲,/se/,/seɪ/,"‘I’m so tired,’ she said.",“我太累了。”她说。
en:also:adverb:2,also,adverb,也,adv 也,/'ɔlso/,/'ɔːlsəu/,My girlfriend was also called Helen.,我的女朋友也叫海伦。
en:terminal:noun:2,terminal,noun,终点站； 终端,n 终点站； 终端,/tɝ​mənl/,/'tɜːmɪnl/,the airport’s passenger terminal,机场航站楼
en:enough:noun:1,enough,noun,足够 ； 充足,n&adj&adv 足够 ； 充足,/ɪ'nʌf/,/ɪ'nʌf/,Are the carrots cooked enough?,胡萝卜煮熟了吗？
en:increase:verb:1,increase,verb,增加， 繁殖,v 增加， 繁殖；n 增加， 加大,/'ɪnkris/,/ɪn'kriːs/,The population increased dramatically in the first half of the century.,该世纪上半叶，人口大幅度增加。
en:differ:verb:2,differ,verb,不一致， 有区别,vi 不一致， 有区别,/'dɪfɚ/,/'dɪfə/,The two systems differ in many respects.,这两个系统在许多方面不同。
en:shine:verb:2,shine,verb,发光； 照耀,v 发光； 照耀,/ʃaɪn/,/ʃaɪn/,The sun was shining .,阳光照耀。
en:spread:noun:1,spread,noun,延伸， 展开； 传播,n&v 延伸， 展开； 传播,/sprɛd/,/spred/,He shrugged and spread his hands.,他耸耸肩，摊开双手。
en:various:adjective:2,various,adjective,各种各样的， 不同的,adj 各种各样的， 不同的,/'vɛrɪəs/,/'veəriəs/,The jacket is available in various colours.,这种夹克有好多种颜色可选。
en:attention:noun:2,attention,noun,注意； 关心,n 注意； 关心,/ə'tɛnʃən/,/ə'tenʃn/,My attention wasn’t really on the game.,我的注意力其实不在比赛上。
en:latter:noun:1,latter,noun,后者,n 后者,/'lætɚ/,/'lætə/,"Where unemployment and crime are high, it can be assumed that the latter is due to the former.",如果某地失业率和犯罪率都很高，可以认为后者是前者造成的。
en:front:adjective:1,front,adjective,前面的；前部的,adj 前面的；前部的；n 前面； 前部； 前线,/frʌnt/,/frʌnt/,Two of his front teeth had been knocked out.,他有两颗门牙被打落了。
en:visit:noun:2,visit,noun,参观， 访问， 拜访,n&v 参观， 访问， 拜访,/'vɪzɪt/,/'vɪzɪt/,Eric went to Seattle to visit his cousins.,埃里克到西雅图去看望他的表兄弟。
en:clinic:noun:2,clinic,noun,诊所,n 诊所,/'klɪnɪk/,/'klɪnɪk/,an appointment at an outpatient clinic,门诊预约
en:customer:noun:2,customer,noun,顾客， 主顾,n 顾客， 主顾,/'kʌstəmɚ/,/'kʌstəmə/,We aim to offer good value and service to all our customers.,我们力求为所有的客户提供物有所值的商品和服务。
en:stupid:adjective:2,stupid,adjective,愚蠢的， 笨的,adj 愚蠢的， 笨的,/'stupɪd/,/'stjuːpɪd/,stupid mistakes,愚蠢的错误
en:greeting:noun:2,greeting,noun,祝贺； 问候； 致谢,n 祝贺； 问候； 致谢,/'ɡritɪŋ/,/'griːtɪŋ/,"I smiled a polite greeting, but the woman hardly acknowledged me.",我客气地笑着打了个招呼，可是那女人没有答理我。
en:bring:verb:2,bring,verb,拿来， 带来， 取来,vt 拿来， 带来， 取来,/brɪŋ/,/brɪŋ/,Did you bring an umbrella?,你带伞了吗？
en:beddings:noun:2,beddings,noun,被褥,n 被褥,/'bɛdɪŋ/,/'bedɪŋz/,bedding plane,层面；层理面
en:awake:verb:2,awake,verb,唤醒,v 唤醒；adj 醒着的,/ə'wek/,/ə'weɪk/,It was midday when she awoke.,她醒来时已是中午。
en:kiss:noun:1,kiss,noun,[C]吻，亲吻,n [C]吻，亲吻；vt 吻， 亲吻,/kɪs/,/kɪs/,Do you remember your first kiss?,你记得你的初吻吗？
en:ban:verb:2,ban,verb,禁止；取缔,vt 禁止；取缔；n 禁令,/bæn/,/bæn/,Smoking is banned in the building.,大楼内禁止吸烟。
en:hamburger:noun:2,hamburger,noun,汉堡包,n 汉堡包,/hæmbɝ​ɡɚ/,/'hæmbɜːgə/,A hamburger and a coke.,一个汉堡和一杯可乐。
en:fond:adjective:2,fond,adjective,喜爱的， 爱好的,adj 喜爱的， 爱好的,/fɑnd/,/fɒnd/,I’m not overly fond of cooking.,我不怎么喜欢烹饪。
en:fit:verb:2,fit,verb,适合,v 适合；adj 适合的， 健康的,/fɪt/,/fɪt/,The punishment should fit the crime.,罚需当罪。
en:offer:verb:2,offer,verb,提供； 提出； 出价,v&n 提供； 提出； 出价,/'ɔfɚ/,/'ɒfə/,A number of groups offer their services free of charge.,一些团体免费提供服务。
en:robot:noun:2,robot,noun,机器人,n 机器人,/'robɑt/,/'rəubɒt/,cars built by robots,机器人制造的汽车
en:bar:noun:2,bar,noun,酒吧； 条， 横木； 栅栏,n 酒吧； 条， 横木； 栅栏,/bɑr/,/bɑː/,The ball hit the bar.,球打在球门的横梁上。
en:suffer:verb:2,suffer,verb,受苦， 遭受,v 受苦， 遭受,/'sʌfɚ/,/'sʌfə/,At least he died suddenly and didn’t suffer.,至少他死得突然，没有遭罪。
en:fix:verb:2,fix,verb,修理， 安装； 确定， 决定,v 修理， 安装； 确定， 决定,/fɪks/,/fɪks/,He’s outside fixing the brakes on the car.,他在外面修理汽车的刹车。
en:neighbourhood:noun:2,neighbourhood,noun,四邻， 邻近地区,n 四邻， 邻近地区,/nebɚˌhʊd/,/'neɪbəhud/,She grew up in a quiet neighborhood of Boston.,她是在波士顿一个清静的街区里长大的。
en:complex:adjective:2,complex,adjective,复杂的；联合的,adj 复杂的；联合的；n 联合体,/ˈkɑmplɛks;kəmˈplɛks/,/'kɒmpleks/,a complex system of highways,复杂的公路网
en:draft:verb:1,draft,verb,起草,vt 起草；n 草稿,/dræft/,/drɑːft/,Eva’s busy drafting her speech for the conference.,伊娃正忙着起草她的大会发言稿。
en:honest:adjective:2,honest,adjective,诚实的， 正直的,adj 诚实的， 正直的,/'ɑnɪst/,/'ɒnɪst/,"He was a hard-working, honest man.",他勤奋老实。
en:pension:noun:2,pension,noun,养老金,n 养老金,/'pɛnʃən/,/'penʃn/,At what age can you start drawing your pension ?,从多少岁可以开始领取养老金？
en:assumption:noun:2,assumption,noun,假设， 假定,n 假设， 假定,/ə'sʌmpʃən/,/ə'sʌmpʃn/,You would be making an assumption that's not based on any fact that you could report.,你会做出不以你能报道的任何事实为依据的一种假设。
en:rank:noun:2,rank,noun,等级， 级别； 职衔， 军衔,n 等级， 级别； 职衔， 军衔,/ræŋk/,/ræŋk/,He was sentenced to prison and stripped of his rank (= had his rank taken from him ) .,他被判入狱，并且被剥夺了军衔。
en:rubbish:noun:2,rubbish,noun,垃圾； 废物,n 垃圾； 废物,/'rʌbɪʃ/,/'rʌbɪʃ/,a rubbish bin,垃圾桶
en:addition:noun:2,addition,noun,增加； 加法,n 增加； 加法,/ə'dɪʃən/,/ə'dɪʃn/,...simple addition and subtraction problems using whole numbers.,…运用整数的简单加法和减法题。
en:afterwards:adverb:1,afterwards,adverb,后来,adv 后来,/'æftɚwɚdz/,/'ɑːftəwɜːd(z)/,Charles arrived shortly afterwards .,过了不多久，查尔斯来了。
en:sure:adverb:1,sure,adverb,〈口语〉 的确， 一定， 当然,adv 〈口语〉 的确， 一定， 当然；adj 确信，肯定,/ʃʊər; ʃʊr/,/ʃuə/,‘Can you give me a ride to work tomorrow?’ ‘Sure.’,“明天我可以搭你的车去上班吗？”“当然可以。”
en:grow:verb:2,grow,verb,种植；生长，发育； 渐渐变得， 变成,v 种植；生长，发育； 渐渐变得， 变成,/ɡro/,/grəu/,You’ve really grown since I last saw you.,你比我上次见到时长了不少啊。
en:carve:verb:2,carve,verb,刻； 雕刻,v 刻； 雕刻,/kɑrv/,/kɑːv/,carved wooden chairs,木雕椅子
en:shrink:verb:1,shrink,verb,收缩； 缩短,v 收缩； 缩短,/ʃrɪŋk/,/ʃrɪŋk/,I’m worried about washing that shirt in case it shrinks.,我不太敢洗那件衬衫，怕它会缩水。
en:ancestor:noun:2,ancestor,noun,祖宗， 祖先,n 祖宗， 祖先,/'ænsɛstɚ/,/'ænsestə/,My ancestors were French.,我的祖先是法国人。
en:league:noun:2,league,noun,联盟， 社团,n 联盟， 社团,/lig/,/liːg/,the National Socialist League,国家社会主义联盟
en:personal:adjective:2,personal,adjective,个人的， 私人的,adj 个人的， 私人的,/'pɝsənl/,/'pɜːsənl/,My personal view is that we shouldn’t offer him the job.,我个人认为我们不该给他这份工作。
en:angry:adjective:2,angry,adjective,生气的， 愤怒的,adj 生气的， 愤怒的,/ˈæŋgrɪ/,/'æŋgri/,I was angry because he hadn’t told me his plans.,我很生气，因为他没有告诉我他的计划。
en:former:adjective:2,former,adjective,以前的， 从前的； 前者,adj 以前的， 从前的； 前者,/'fɔrmɚ/,/'fɔːmə/,the former Soviet Union,前苏联
en:panic:verb:1,panic,verb,惊恐，恐慌,v 惊恐，恐慌；n 惊慌， 恐慌,/'pænɪk/,/'pænɪk/,He started to panic when he saw the gun.,他看见枪就慌了起来。
en:fold:verb:2,fold,verb,折叠； 合拢； 包围,v 折叠； 合拢； 包围,/fold/,/fəuld/,Fold the paper along the dotted line.,沿虚线将纸折起来。
en:stewardess:noun:2,stewardess,noun,女乘务员， 空中小姐,n 女乘务员， 空中小姐,/ˈstuərdəs/,/ˌstjuːə'des/,air stewardess,空中小姐（空姐）；空中服务员
en:as:adverb:1,as,adverb,像…一样,adv 像…一样；conj 当…时；正如；因为；尽管；prep 作为，以…身份,/æz; əz/,/æz/,She knows me as well as him.,她像了解他一样了解我。
en:delay:noun:1,delay,noun,拖延,n&v 拖延,/dɪ'le/,/dɪ'leɪ/,"Sorry for the delay, Mr Weaver.",韦弗先生，很抱歉耽搁了一些时间。
en:at:preposition:2,at,preposition,在…； 以…,prep 在…； 以…,/æt; ət/,/æt/,They live at 18 Victoria Street.,他们住在维多利亚街18 号。
en:chemical:adjective:1,chemical,adjective,化学的,adj 化学的；n 化学制品,/'kɛmɪkl/,/'kemɪkl/,the chemical composition of bleach,漂白剂的化学成分
en:turning:noun:2,turning,noun,拐弯处， 拐角处,n 拐弯处， 拐角处,/'tɝnɪŋ/,/'tɜːnɪŋ/,He must have taken a wrong turning in the dark.,他准是在黑暗中拐错弯了。
en:peace:noun:2,peace,noun,和平； 安宁,n 和平； 安宁,/pis/,/piːs/,The country is at peace with its neighbours for the first time in years.,这是多年来该国与其邻国第一次和平共处。
en:plant:verb:1,plant,verb,种植；播种,vt 种植；播种；n 植物,/plænt/,/plɑːnt/,Residents have helped us plant trees.,居民们帮助我们种了树。
en:folk:adjective:1,folk,adjective,民间的,adj 民间的,/fok/,/fəuk/,folk tales,民间故事
en:enquiry:noun:2,enquiry,noun,询问,n 询问,"/ɛnˈkwaɪri, ˈɛnkwəri/",/ɪn'kwaɪəri/,We are pleased to receive your enquiry.,我们很高兴收到您的询问函。
en:drive:verb:2,drive,verb,驾驶， 开； 驱赶,v 驾驶， 开； 驱赶,/draɪv/,/draɪv/,the man driving the car,开车的男子
en:hurt:verb:1,hurt,verb,伤害,v 伤害,/hɝ​t/,/hɜːt/,Was anyone hurt in the accident?,事故中有人受伤吗？
en:deal:verb:2,deal,verb,处理,v 处理；n 量， 数额； 交易,/dil/,/diːl/,How could I deal with them before?,我以前是怎样处理它们的?。
en:abuse:verb:1,abuse,verb,滥用,vt 滥用；n 辱骂， 粗话,/ə'bjus/,/ə'bjuːz/,Williams abused his position as Mayor to give jobs to his friends.,威廉斯滥用市长权力，给不少朋友安排了工作。
en:prove:verb:2,prove,verb,证明是， 结果是， 原来是,vi 证明是， 结果是， 原来是；vt 证明，证实,/pruv/,/pruːv/,"You’re wrong, and I can prove it.",你错了，我可以证明。
en:homeland:noun:2,homeland,noun,祖国,n 祖国,/'homlænd/,/'həumlænd/,Many are planning to return to their homeland.,很多人正计划回到自己的祖国去。
en:affect:verb:2,affect,verb,影响,vt 影响,/ə'fɛkt/,/ə'fekt/,the areas affected by the hurricane,受飓风影响的地区
en:deaf:adjective:2,deaf,adjective,聋的,adj 聋的,/dɛf/,/def/,communication between deaf and hearing people,失聪者和听力正常者之间的交流
en:admire:verb:2,admire,verb,钦佩； 羡慕,vt 钦佩； 羡慕,/ədˈmaɪr/,/əd'maɪə/,I really admire the way she brings up those kids all on her own.,我十分佩服她独力把那些孩子抚养大。
en:virus:noun:2,virus,noun,病毒,n 病毒,/'vaɪrəs/,/'vaɪrəs/,children infected with the Aids virus,感染艾滋病病毒的儿童
en:amuse:verb:2,amuse,verb,使快乐， 逗乐,vt 使快乐， 逗乐,/ə'mjuz/,/ə'mjuːz/,He made funny faces to amuse the children.,他做鬼脸逗孩子们开心。
en:see:verb:2,see,verb,看见， 看到； 领会,v 看见， 看到； 领会,/si/,/siː/,"The moment we saw the house, we knew we wanted to buy it.",我们一看到这房子就知道我们要买。
en:search:noun:1,search,noun,搜寻， 搜查,n&v 搜寻， 搜查,/sɝtʃ/,/sɜːtʃ/,A search found 46 websites.,搜索后找到46个网站。
en:furnished:adjective:2,furnished,adjective,配备了家具的,adj 配备了家具的,/'fɝnɪʃt/,/'fɜːnɪʃt/,We drank tea by lamplight in his sparsely furnished house.,我们在他这间没什么家具的房子里，我们在灯下喝茶。
en:responsibility:noun:2,responsibility,noun,责任,n 责任,/rɪˌspɑːnsəˈbɪləti/,/rɪˌspɒnsə'bɪləti/,Kelly’s promotion means more money and more responsibility.,凯利获得提升，这意味着钱多了，责任也更大了。
en:sudden:adjective:2,sudden,adjective,突然的,adj 突然的,/'sʌdn/,/'sʌdn/,a sudden change in the weather,天气的突然变化
en:fool:verb:2,fool,verb,欺骗； 做蠢事； 游手好闲,v 欺骗； 做蠢事； 游手好闲；n 傻子，蠢人，白痴,/ful/,/fuːl/,Even art experts were fooled.,连艺术品专家也被骗了。
en:civil:adjective:2,civil,adjective,国内的； 平民的； 民事的,adj 国内的； 平民的； 民事的,/'sɪvl/,/'sɪvl/,They were married in a civil ceremony in May.,他们在五月份举行了世俗婚礼。
en:by:preposition:2,by,preposition,靠近； 到…时； 被； 由； 以…的标准,prep 靠近； 到…时； 被； 由； 以…的标准,/baɪ/,/baɪ/,I was attacked by a dog.,我被一条狗袭击。
en:whom:pronoun:2,whom,pronoun,谁,pron&conj 谁,/hum/,/huːm/,"Do any other family members reside with you? Yes/No If yes, whom?",是否有其他家庭成员和你住一起？如果是，谁？
en:indicate:verb:2,indicate,verb,指出， 显示,vt 指出， 显示,/'ɪndɪket/,/'ɪndɪkeɪt/,The study indicates a connection between poverty and crime.,研究显示贫穷和犯罪有关联。
en:set:verb:1,set,verb,设置，调整；树立；摆放；日落,vt 设置，调整；树立；摆放；日落；n 一套； 设备,/sɛt/,/set/,This debate should be set in an international context .,这场辩论应该放在国际大背景下来看。
en:charge:verb:1,charge,verb,收费；指控；索价；充电,v 收费；指控；索价；充电；n 费用， 价钱,/tʃɑrdʒ/,/tʃɑːdʒ/,Even local nurseries charge $150 a week.,即便当地的托儿所每周也要收$150的费用。
en:contain:verb:2,contain,verb,包含； 包括,vt 包含； 包括,/kən'ten/,/kən'teɪn/,The thieves stole a purse containing bank-notes.,小偷们偷到了一个里面有钞票的钱包。
en:outstanding:adjective:2,outstanding,adjective,突出的， 显著的； 杰出的,adj 突出的， 显著的； 杰出的,/'aʊt'stændɪŋ/,/aut'stændɪŋ/,an outstanding example of a 13th-century castle,13世纪城堡的杰出典范
en:litter:verb:1,litter,verb,乱丢杂物,v 乱丢杂物,/'lɪtɚ/,/'lɪtə/,,
en:oval:adverb:1,oval,adverb,椭圆,adv 椭圆,/'ovl/,/'əuvl/,Go and open the oval box on the sofa.,去并打开在沙发上的椭圆形的盒子。
en:procedure:noun:2,procedure,noun,程序， 手续,n 程序， 手续,/prə'sidʒɚ/,/prə'siːdʒə/,"On board, we were given the usual talk on safety procedures (= what to do if an accident happens, or to prevent an accident ) .",在飞机上，我们听了例行的飞行安全讲解。
en:familiar:adjective:2,familiar,adjective,熟悉的,adj 熟悉的,/fə'mɪljɚ/,/fə'mɪliə/,a familiar tune,熟悉的曲调
en:biography:noun:2,biography,noun,传记,n 传记,/baɪ'ɑɡrəfi/,/baɪ'ɒgrəfi/,...recent biographies of Stalin.,…近年的斯大林传记。
en:breathe:verb:2,breathe,verb,呼吸,v 呼吸,/brið/,/briːð/,"The room filled with smoke, and it was becoming difficult to breathe.",房间里全是烟，呼吸越来越困难。
en:applicant:noun:2,applicant,noun,申请人,n 申请人,/'æplɪkənt/,/'æplɪkənt/,We have had lots of applicants for these positions.,对这些职位我们已有了很多申请人。
en:battle:noun:2,battle,noun,战斗； 战役,n 战斗； 战役,/'bætl/,/'bætl/,the Battle of Trafalgar,特拉法尔加战役
en:awesome:adjective:2,awesome,adjective,可怕的； 引起敬畏的,adj 可怕的； 引起敬畏的,/'ɔsəm/,/'ɔːsəm/,an awesome responsibility,一项令人惊惧的责任
en:partner:noun:2,partner,noun,搭档， 合作者,n 搭档， 合作者,/'pɑrtnɚ/,/'pɑːtnə/,Clare’s my tennis partner.,克莱尔是我的网球搭档。
en:gifted:adjective:2,gifted,adjective,有天赋的， 有才华的,adj 有天赋的， 有才华的,/'ɡɪftɪd/,/'gɪftɪd/,...one of the most gifted players in the world.,…世界上最有天赋的运动员之一。
en:visa:noun:2,visa,noun,签证,n 签证,/'vizə/,/'viːzə/,"I was still in New York, trying to get a visa to visit Russia.",我仍在纽约，正在办理去俄罗斯的签证。
en:zipper:noun:2,zipper,noun,拉链,n 拉链,/ˈzɪpə/,/'zɪpə/,...the metal zipper on his jacket.,…他的夹克上的金属拉锁。
en:arctic:noun:1,Arctic,noun,北极,n 北极,/'ɑrktɪk/,/'ɑːktɪk/,...winter in the Arctic.,…北极的冬天。
en:unfit:adjective:2,unfit,adjective,不适宜的， 不相宜的,adj 不适宜的， 不相宜的,,/ʌn'fɪt/,She never gets any exercise – she must be really unfit.,她从不锻炼——身体一定很不好。
en:interview:noun:2,interview,noun,采访； 会见； 面试,n&v 采访； 会见； 面试,/'ɪntɚvju/,/'ɪntəvjuː/,a portfolio of work presented at interview,在面试时呈递的工作成果样本
en:clarify:verb:2,clarify,verb,澄清， 阐明,v 澄清， 阐明,/'klærəfaɪ/,/'klærəfaɪ/,Reporters asked him to clarify his position (= say exactly what his beliefs are ) on welfare reform.,记者们要求他阐明他在福利改革问题上的立场。
en:beauty:noun:2,beauty,noun,美， 美丽； 美人,n 美， 美丽； 美人,/'bjuti/,/'bjuːti/,her beauty and grace,她的美貌和优雅风姿
en:beg:verb:2,beg,verb,请求， 乞求,v 请求， 乞求,/bɛɡ/,/beg/,She begged and pleaded with them until they finally agreed.,她一再恳求，后来他们终于同意了。
en:scare:verb:2,scare,verb,惊吓， 威吓； 受惊,v 惊吓， 威吓； 受惊,/skɛr/,/skeə/,"I don’t scare easily, you know.",你知道我不是那么容易给吓倒的！
en:do:verb:1,do,verb,用以构成疑问句及否定句,v 用以构成疑问句及否定句；vt 做，干,/du/,/duː/,‘Will Kay come?’ ‘She may do.’,“凯来吗？” “或许吧。”
en:observe:verb:2,observe,verb,观察； 遵守,v 观察； 遵守,/əb'zɝv/,/əb'zɜːv/,Scientists have observed a drop in ozone levels over the Antarctic.,科学家已经观察到南极洲上方的臭氧浓度有所下降。
en:humorous:adjective:2,humorous,adjective,幽默的,adj 幽默的,/'hjumərəs/,/'hjuːmərəs/,humorous stories,诙谐的故事
en:garment:noun:2,garment,noun,衣服， 外衣,n 衣服， 外衣,/'gɑrmənt/,/'gɑːmənt/,She pulled the garment on and zipped it up.,她穿上衣服并拉好拉链。
en:rare:adjective:2,rare,adjective,罕见的， 稀有的,adj 罕见的， 稀有的,/rɛr/,/reə/,This species of plant is becoming increasingly rare.,这种植物越来越罕见。
en:useless:adjective:2,useless,adjective,无用的,adj 无用的,/'jusləs/,/'juːsləs/,The doctor concluded that further treatment would be useless.,医生下了结论，进一步治疗是无益的。
en:which:pronoun:2,which,pronoun,哪一个； 哪一些,pron 哪一个； 哪一些,/wɪtʃ/,/wɪtʃ/,which one,哪一个
en:disadvantage:noun:2,disadvantage,noun,不利条件； 弱点,n 不利条件； 弱点,"/,dɪsəd'væntɪdʒ/",/ˌdɪsəd'vɑːntɪdʒ/,Criminal behaviour can be linked to economic disadvantage.,犯罪行为可能会与经济困难有关。
en:garbage:noun:2,garbage,noun,垃圾,n 垃圾,/'ɡɑrbɪdʒ/,/'gɑːbɪdʒ/,Can you take out the garbage when you go?,你走的时候把垃圾带出去好吗？
en:mainland:noun:2,mainland,noun,大陆,n 大陆,/'menlænd/,/'meɪnlænd/,flights between a Greek island and the mainland,希腊一海岛和本土之间的航班
en:downstairs:adverb:2,downstairs,adverb,在楼下， 到楼下,adv 在楼下， 到楼下,/'daʊn'stɛrz/,/ˌdaun'steəz/,Rosie ran downstairs to answer the door.,罗茜跑下楼去开门。
en:marble:noun:2,marble,noun,大理石,n 大理石,/'mɑrbl/,/'mɑːbl/,The columns were of white marble.,柱子是白色的大理石。
en:never:adverb:2,never,adverb,决不， 从来没有,adv 决不， 从来没有,/'nɛvɚ/,/'nevə/,He’s never been to Australia.,他从未去过澳大利亚。
en:anxiety:noun:2,anxiety,noun,忧虑； 焦急,n 忧虑； 焦急,/æŋ'zaɪəti/,/æŋ'zaɪəti/,his feelings of anxiety,他焦虑的心情
en:piece:noun:2,piece,noun,一块 ； 小的部分,n 一块 ； 小的部分,/pis/,/piːs/,We’re witnessing a piece of history in the making.,我们正在见证一段新的历史。
en:adjust:verb:2,adjust,verb,适应； 调整， 调节,v 适应； 调整， 调节,/ə'dʒʌst/,/ə'dʒʌst/,They’ll soon settle in – kids are very good at adjusting.,他们很快就会习惯的——小孩子适应能力很强。
en:carry:verb:2,carry,verb,携带； 搬运； 背,v 携带； 搬运； 背,/ˈkærɪ/,/'kæri/,You have to carry a pager so that they can call you in at any time.,你得带个传呼机，以便他们随时可以联系到你。
en:burst:verb:2,burst,verb,突然发生； 爆炸,v 突然发生； 爆炸,/bɝst/,/bɜːst/,The door burst open and Tom ran into the room.,门突然打开，汤姆跑进了房间。
en:western:adjective:2,western,adjective,西方的； 西部的,adj 西方的； 西部的,/'wɛstɚn/,/'westən/,the western end of the bay,海湾的西端
en:debt:noun:2,debt,noun,债务， 欠款,n 债务， 欠款,/dɛt/,/det/,He had enough money to pay off his outstanding debts.,他有足够的钱偿还亏欠的债务。
en:little:adjective:2,little,adjective,小的； 少的,adj 小的； 少的,/'lɪtl/,/'lɪtl/,a little house,小屋
en:however:adverb:2,however,adverb,可是， 然而， 尽管如此； 无论如何,adv 可是， 然而， 尽管如此； 无论如何,/haʊ'ɛvɚ/,/hau'evə/,"This is a cheap and simple process. However, there are dangers.",这是个花钱少而又简单的方法，不过有危险。
en:deep:adverb:1,deep,adverb,深深地； 在深处,adv 深深地； 在深处；adj 深的；深厚的；沉睡的；渊博的,/dip/,/diːp/,Some bones were hidden deep beneath the ground.,一些尸骨深埋在地下。
en:goose:noun:2,goose,noun,鹅,n 鹅,/ɡus/,/guːs/,...roast goose.,…烤鹅。
en:forgive:verb:2,forgive,verb,原谅， 宽恕,vt 原谅， 宽恕,/fɚ'ɡɪv/,/fə'gɪv/,He didn’t look the sort of man to forgive and forget (= forgive someone and no longer think about it ) .,他看上去不是那种不记仇的人。
en:origin:noun:2,origin,noun,起源； 由来,n 起源； 由来,/'ɔrɪdʒɪn/,/'ɒrɪdʒɪn/,The tradition has its origins in the Middle Ages.,这一传统源于中世纪。
en:for:conjunction:1,for,conjunction,因为， 由于,conj 因为， 由于；prep 为了；在…期间；对于,/fɚ; strong form fɔr/,/fɔː/,"I cannot tell whether she is old or young, for I have never seen her.",我不知道她是年老还是年轻，因为我从没见过她。
en:mistaken:adjective:2,mistaken,adjective,错误的,adj 错误的,/mɪ'stekən/,/mɪ'steɪkən/,"Marijuana has few withdrawal effects, and this has given rise to the mistaken belief that it is not addictive.",大麻几乎没有脱瘾症状，这就让人们错误地认为它不会致瘾。
en:content:adjective:1,content,adjective,满意的,adj 满意的；n 内容； 含量,/'kɑntɛnt/,/kən'tent/,"Andy was a good husband, and Nicky was clearly very content.",安迪是个好丈夫，尼基显然非常满足。
en:deed:noun:2,deed,noun,行为， 事迹,n 行为， 事迹,/did/,/diːd/,After the morning’s good deeds he deserved a rest.,上午做了好事之后，他理应休息一下。
en:burden:noun:2,burden,noun,担子， 负担,n 担子， 负担,/'bɝdn/,/'bɜːdn/,His family responsibilities had started to become a burden.,家庭责任已开始成为他的负担。
en:salute:noun:2,salute,noun,敬礼； 问候,n&v 敬礼； 问候,/sə'lut/,/sə'luːt/,The two soldiers saluted Lieutenant Cecil.,那两名士兵向塞西尔中尉行了礼。
en:random:adjective:2,random,adjective,随意的， 任意的,adj 随意的， 任意的,/'rændəm/,/'rændəm/,The company has introduced random drug testing of its employees.,公司已实行对雇员的随机毒品测试。
en:perhaps:adverb:2,perhaps,adverb,可能， 或许,adv 可能， 或许,/pɚ'hæps/,/pə'hæps/,Perhaps she’s next door.,她也许在隔壁。
en:plot:verb:1,plot,verb,密谋,vt 密谋；n 情节,/plɑt/,/plɒt/,The minister was found guilty of plotting the downfall of the government.,那名部长被判犯有阴谋颠覆政府罪。
en:rate:verb:1,rate,verb,估价； 认为,v 估价； 认为；n 比率；价格；速度,/ret/,/reɪt/,I never rated him.,我从来都不认为他好。
en:skill:noun:2,skill,noun,技能， 技巧,n 技能， 技巧,/skɪl/,/skɪl/,Reading and writing are two different skills.,阅读和写作是两种不同的技能。
en:trouble:noun:2,trouble,noun,问题；疾病；麻烦,n 问题；疾病；麻烦；vt 使苦恼； 使忧虑； 使麻烦,/'trʌbl/,/'trʌbl/,Recent stock market losses point to trouble ahead.,最近股市的下跌预示着未来将有麻烦。
en:unfair:adjective:2,unfair,adjective,不公平的， 不公正的,adj 不公平的， 不公正的,/'ʌn'fɛr/,/ˌʌn'feə/,an unfair advantage,不公平的优势
en:divide:verb:2,divide,verb,分， 划分； 除以,v 分， 划分； 除以,/dɪ'vaɪd/,/dɪ'vaɪd/,The physical benefits of exercise can be divided into three factors.,锻炼对身体的好处可以分成3个方面。
en:contrary:adjective:2,contrary,adjective,相反的,adj 相反的；n 反面,/'kɑntrɛri/,/'kɒntrəri/,Two contrary views emerged.,出现了两种相反的观点。
en:sit:verb:2,sit,verb,坐,vi 坐,/sɪt/,/sɪt/,The parliament building sits in a large square.,议会大楼位于一个大广场上。
en:digital:adjective:2,digital,adjective,数字的， 数码的,adj 数字的， 数码的,/'dɪdʒɪtl/,/'dɪdʒɪtl/,digital TV,数字电视
en:over:adverb:2,over,adverb,越过,adv 越过；adj 完了， 结束了；prep 在…之上；超过,/'ovɚ/,/'əuvə/,There are only three canoes so some people will have to swim over.,仅有三条独木舟，所以一部分人得游过去。
en:brilliant:adjective:2,brilliant,adjective,闪耀的； 有才气的,adj 闪耀的； 有才气的,/'brɪljənt/,/'brɪliənt/,She had a brilliant mind.,她有极聪明的头脑。
en:practical:adjective:2,practical,adjective,实际的； 适用的； 实用的； 应用的,adj 实际的； 适用的； 实用的； 应用的,/'præktɪkl/,/'præktɪkl/,Candidates should have training and practical experience in basic electronics.,应征者应该具备基础电子学方面的培训和实践经验。
en:pesticide:noun:1,pesticide,noun,杀虫剂,n 杀虫剂,/'pɛstɪsaɪd/,/'pestɪsaɪd/,They sprinkled pesticide to bug the potatoes .,他们喷撒杀虫剂给马铃薯除虫。
en:bound:adjective:2,bound,adjective,被束缚的；有义务的,adj 被束缚的；有义务的；v 跳跃,/baʊnd/,/baund/,a fog-bound airport,因大雾而关闭的机场
en:false:adjective:2,false,adjective,假的； 不正确的,adj 假的； 不正确的,/fɔls/,/fɔːls/,Please decide whether the following statements are true or false .,请判断以下说法的对错。
en:go:verb:2,go,verb,去，走；进行；进展； 变得， 变成,v 去，走；进行；进展； 变得， 变成,/go/,/gəu/,The plate went crashing to the floor.,盘子哗啦一声掉在地板上。
en:tease:verb:2,tease,verb,取笑， 嘲弄,v 取笑， 嘲弄,/tiz/,/tiːz/,Don’t get upset. I was only teasing .,别生气，我只是在逗你玩。
en:fork:noun:2,fork,noun,叉； 餐叉,n 叉； 餐叉,/fɔrk/,/fɔːk/,Put the knives and forks on the table.,把刀叉摆放在桌子上。
en:form:verb:1,form,verb,形成， 组建,v 形成， 组建；n 表格；形式；结构,/fɔrm/,/fɔːm/,The winning party will form the government.,获胜的党派将组建政府。
en:publish:verb:2,publish,verb,出版， 发行,v 出版， 发行,/'pʌblɪʃ/,/'pʌblɪʃ/,The first edition was published in 1765.,第一版于1765年出版。
en:pyramid:noun:2,pyramid,noun,角锥形； 金字塔,n 角锥形； 金字塔,/'pɪrəmɪd/,/'pɪrəmɪd/,different levels of the management pyramid,金字塔式管理体系中的不同层次
en:cheque:noun:2,cheque,noun,支票,n 支票,/tʃɛk/,/tʃek/,You could write her a cheque .,你可以给她开张支票。
en:avoid:verb:2,avoid,verb,避免， 躲开， 逃避,vt 避免， 躲开， 逃避,/ə'vɔɪd/,/ə'vɔɪd/,Road safety is taught to young children to avoid road accidents.,小孩子受到道路安全知识的教育，以避免交通事故。
en:bid:verb:2,bid,verb,出价， 投标,v&n 出价， 投标,/bɪd/,/bɪd/,the person who places the highest bid,出价最高的人
en:fresh:adjective:2,fresh,adjective,新鲜的； 不熟练的,adj 新鲜的； 不熟练的,/frɛʃ/,/freʃ/,Ryan will bring a fresh approach to the job.,瑞安将带来一种新的工作方法。
en:astonish:verb:2,astonish,verb,使惊讶,vt 使惊讶,/ə'stɑnɪʃ/,/ə'stɒnɪʃ/,Her reply astonished me.,她的回答让我大吃一惊。
en:withdraw:verb:2,withdraw,verb,缩回， 撤回,v 缩回， 撤回,/wɪð'drɔ/,/wɪð'drɔː/,After much persuasion he agreed to withdraw his resignation.,几经劝说，他同意收回辞呈。
en:straightforward:adjective:2,straightforward,adjective,正直的， 坦率的,adj&adv 正直的， 坦率的,"/,stret'fɔrwɚd/",/ˌstreɪt'fɔːwəd/,"Jack is tough, but always straightforward and fair.",虽然杰克很严厉，但一向坦诚公正。
en:very:adverb:1,very,adverb,很，非常,adv 很，非常；adj 恰好的， 正好的,/ˈvɛrɪ/,/'veri/,It feels very cold today.,今天很冷。
en:decade:noun:2,decade,noun,十年,n 十年,/'dɛked/,/'dekeɪd/,...the last decade of the nineteenth century.,…19世纪的最后10年。
en:expert:noun:1,expert,noun,专家， 能手,n 专家， 能手,"/'ɛkspɝt; (for adj., also) ɛksˈpɝt ; ɪkˈspɝt/",/'ekspɜːt/,...a yoga expert.,…一位瑜伽专家。
en:practice:noun:2,practice,noun,实践； 练习； 惯例， 常规,n 实践； 练习； 惯例， 常规,/'præktɪs/,/'præktɪs/,It takes hours of practice to learn to play the guitar.,学习弹吉他需要长时间的练习。
en:select:adjective:1,select,adjective,精选的,adj 精选的；vt 选择，挑选，选拔,/sə'lɛkt/,/sɪ'lekt/,The party was small and select.,团里人员不多，都是经过精心挑选的。
en:crowd:verb:1,crowd,verb,拥挤， 群聚,v 拥挤， 群聚；n 人群；堆,/kraʊd/,/kraud/,Holidaymakers crowded the beaches.,海滩上挤满了度假者。
en:sick:adjective:2,sick,adjective,有病的， 患病的， 不舒服的； 呕吐的,adj 有病的， 患病的， 不舒服的； 呕吐的,/sɪk/,/sɪk/,His mother’s very sick.,他母亲病得很重。
en:bit:noun:2,bit,noun,一点， 一些， 少量,n 一点， 一些， 少量,/bɪt/,/bɪt/,He’s taken the engine to bits .,他把发动机拆开了。
en:welfare:noun:2,welfare,noun,福利； 安宁， 幸福,n 福利； 安宁， 幸福,/'wɛl'fɛr/,/'welfeə/,Our only concern is the children’s welfare.,我们唯一关心的是孩子们的幸福。
en:output:noun:2,output,noun,产量， 输出量,n 产量， 输出量,/'aʊtpʊt/,/'autput/,Output is up 30% on last year.,产量比去年提高了30%。
en:corner:noun:2,corner,noun,角； 角落； 拐角,n 角； 角落； 拐角,/'kɔrnɚ/,/'kɔːnə/,He pulled a dirty handkerchief out by its corner and waved it at me.,他拽出一块脏手帕，捏着一角向我挥动。
en:else:adverb:2,else,adverb,别的， 其他的,adv 别的， 其他的,/ɛls/,/els/,There’s something else I’d like to talk about as well.,我还有其他事情要谈一谈。
en:modem:noun:2,modem,noun,调制解调器,n 调制解调器,/'mo'dɛm/,/'məudem/,He sent his work to his publishers by modem.,他通过调制解调器把作品发给他的出版商。
en:majority:noun:2,majority,noun,多数,n 多数,/mə'dʒɔrəti/,/mə'dʒɒrəti/,The Labour Party won a huge majority at the last general election.,工党在上次大选中以巨大的票数优势获胜。
en:beside:preposition:2,beside,preposition,在…旁边； 靠近,prep 在…旁边； 靠近,/bɪ'saɪd/,/bɪ'saɪd/,Wendy came up and sat beside me.,温迪走过来，坐在我身边。
en:join:verb:2,join,verb,参加， 加入； 连接； 会合,v 参加， 加入； 连接； 会合,/dʒɔɪn/,/dʒɔɪn/,Many sacrificed their weekend to join the hunt for the missing girl.,许多人牺牲周末时间，加入了寻找失踪女孩的行动。
en:drag:verb:2,drag,verb,拖， 拽,v 拖， 拽,/dræg/,/dræg/,He grabbed her arm and dragged her into the room.,他抓住她的手臂把她拖进房间。
en:reduce:verb:2,reduce,verb,减少， 缩减,vt 减少， 缩减,/rɪ'dʊs/,/rɪ'djuːs/,The governor announced a new plan to reduce crime.,州长宣布了一项降低犯罪率的新计划。
en:likely:adjective:2,likely,adjective,很可能的,adj 很可能的,/'laɪkli/,/'laɪkli/,Snow showers are likely tomorrow.,明天可能有阵雪。
en:large:adjective:2,large,adjective,大的； 巨大的,adj 大的； 巨大的,/lɑrdʒ/,/lɑːdʒ/,Los Angeles is the second largest city in the US.,洛杉矶是美国的第二大城市。
en:bakery:noun:2,bakery,noun,面包店,n 面包店,/'bekəri/,/'beɪkəri/,A smell of bread drifted from some distant bakery.,一股面包的味道从远处的某个面包店飘来。
en:vain:adjective:2,vain,adjective,自负的； 徒劳的,adj 自负的； 徒劳的,/ven/,/veɪn/,Men can be just as vain as women.,男人有时会和女人一样虚荣。
en:ordinary:adjective:2,ordinary,adjective,普通的， 平常的,adj 普通的， 平常的,/'ɔrdnɛri/,/'ɔːdnri/,It’s just an ordinary camera.,这只是普通的相机。
en:fry:verb:1,fry,verb,油炸， 油煎,v 油炸， 油煎,/fraɪ/,/fraɪ/,"Fry the potatoes, covered, for about 20 minutes.",盖上盖，将马铃薯煎20分钟左右。
en:somebody:pronoun:1,somebody,pronoun,某人； 重要人物,pron 某人； 重要人物,/'sʌmbədi/,/'sʌmbədi/,There’s somebody waiting to see you.,有人等着要见你。
en:drink:verb:2,drink,verb,喝,v 喝；n 饮酒,/drɪŋk/,/drɪŋk/,You should drink plenty of water.,你应该大量喝水。
en:announce:verb:2,announce,verb,宣布， 宣告,v 宣布， 宣告,/ə'naʊns/,/ə'nauns/,They announced their engagement in ‘The Times’.,他们在《泰晤士报》上宣布了订婚的消息。
en:traditional:adjective:2,traditional,adjective,传统的,adj 传统的,/trə'dɪʃənl/,/trə'dɪʃənl/,traditional Italian cooking,传统的意大利烹饪
en:lively:adjective:2,lively,adjective,活泼的； 充满生气的,adj 活泼的； 充满生气的,/'laɪvli/,/'laɪvli/,a lively child,精力充沛的孩子
en:operate:verb:2,operate,verb,动手术； 操作， 运转,v 动手术； 操作， 运转,/'ɑpə'ret/,/'ɒpəreɪt/,Doctors had to operate to remove the bullet.,医生不得不开刀取出子弹。
en:begin:verb:2,begin,verb,开始， 着手,v 开始， 着手,/bɪ'ɡɪn/,/bɪ'gɪn/,"As everybody’s here, let’s begin.",大家都到齐了，我们就开始吧。
en:become:verb:2,become,verb,变得， 成为,vt 变得， 成为,/bɪ'kʌm/,/bɪ'kʌm/,The weather became warmer.,天气变暖和了。
en:bacterium:noun:2,bacterium,noun,细菌,n 细菌,/bæk'tɪrɪəm/,/bæk'tɪəriəm/,"They also converted one species of bacterium into another through a ""genome transplant"".",他们还通过“基因移植”，把一个物种的细菌转变为另一种。
en:paragraph:noun:2,paragraph,noun,段落,n 段落,/'pærəɡræf/,/'pærəgrɑːf/,the opening paragraphs of the novel,小说开篇的几个段落
en:oilfield:noun:2,oilfield,noun,油田,n 油田,/'ɔɪlfild/,/'ɔɪlfiːld/,The injection technic develops gradually with the deeper exploitation to oilfield.,注水技术是随着油田的深度开采而逐步发展起来的。
en:alive:adjective:2,alive,adjective,活着的， 存在的,adj 活着的， 存在的,/ə'laɪv/,/ə'laɪv/,It was a bad accident – they’re lucky to be alive.,这是一宗严重事故——他们能活着实属幸运。
en:eventually:adverb:2,eventually,adverb,最终地,adv 最终地,/ɪ'vɛntʃuəli/,/ɪ'ventʃuəli/,He eventually escaped and made his way back to England.,他终于逃脱并返回英格兰。
en:neighbour:noun:2,neighbour,noun,邻居,n 邻居,/'neɪbə(r); 'neɪbɚ/,/'neɪbə/,One of the neighbors complained about the noise from the party.,有位邻居抱怨聚会太吵。
en:tournament:noun:2,tournament,noun,比赛， 锦标赛,n 比赛， 锦标赛,/ˈtɝ​nəmənt/,/'tuənəmənt/,I feel I can win this tournament.,我觉得我能打赢这次锦标赛。
en:cycle:verb:1,cycle,verb,骑自行车，循环,vi 骑自行车，循环；n 周期；循环；vt 使循环,/'saɪkl/,/'saɪkl/,The water is cycled through the machine and reused.,水通过机器循环后重复使用。
en:thinking:noun:1,thinking,noun,思索； 见解； 想法,n 思索； 见解； 想法,/'θɪŋkɪŋ/,/'θɪŋkɪŋ/,This is a time of decisive action and quick thinking.,这个时刻需要行动果断、思维敏捷。
en:literature:noun:2,literature,noun,文学,n 文学,/lɪtərəˌtʃʊr/,/'lɪtrətʃə/,He has read many of the major works of literature.,他读过许多重要的文学作品。
en:astronomer:noun:2,astronomer,noun,天文学家,n 天文学家,/ə'strɑnəmɚ/,/ə'strɒnəmə/,Then one day an astronomer came to the village.,终有一日，村子里来了一个天文学家。
en:prejudice:noun:2,prejudice,noun,偏见， 成见,n 偏见， 成见,/'prɛdʒədɪs/,/'predʒudɪs/,Women still face prejudice in the workplace.,女性在职场中仍然面临歧视。
en:digest:verb:2,digest,verb,消化； 领会,v 消化； 领会；n 摘要， 概要； 文摘,/daɪ'dʒɛst/,/daɪ'dʒest; dɪ-/,Most babies can digest a wide range of food easily.,大多数婴儿能轻易地消化很多种食物。
en:angle:noun:1,angle,noun,角度,n 角度,/'æŋɡl/,/'æŋgl/,You didn’t measure the angle accurately.,你没有量准角度。
en:tradition:noun:2,tradition,noun,传统， 惯例,n 传统， 惯例,/trə'dɪʃən/,/trə'dɪʃn/,the traditions of South East Asia,东南亚的传统
en:ability:noun:2,ability,noun,能力； 才能,n 能力； 才能,/əˈbɪlətɪ/,/ə'bɪləti/,The test measures your mathematical ability.,这种测试考查的是数学能力。
en:everything:pronoun:2,everything,pronoun,每件事； 一切， 所有的东西,pron 每件事； 一切， 所有的东西,/'ɛvrɪ'θɪŋ/,/'evriθɪŋ/,Everything was covered in a thick layer of dust.,所有东西上面都蒙着厚厚一层灰。
en:unbearable:adjective:2,unbearable,adjective,无法忍受的,adj 无法忍受的,/ʌn'bɛrəbl/,/ʌn'beərəbl/,The pain was almost unbearable.,那疼痛几乎难以忍受。
en:urgent:adjective:2,urgent,adjective,急迫的， 紧急的,adj 急迫的， 紧急的,/'ɝdʒənt/,/'ɜːdʒənt/,He was in urgent need of medical attention.,他急需治疗。
en:programme:verb:1,programme,verb,为…编制程序,v 为…编制程序；n 节目；项目,/proɡrəm/,/'prəugræm/,What’s your favourite television programme ?,你最喜欢的电视节目是什么？
en:belief:noun:2,belief,noun,[C] 信条， 信念， 信仰； [U] 信任， 相信,n [C] 信条， 信念， 信仰； [U] 信任， 相信,/bɪ'lif/,/bɪ'liːf/,"When you get something wrong, it can shake your belief in yourself.",如果有什么事情没做好，就会动摇你对自己的信心。
en:delight:noun:2,delight,noun,快乐，乐事,n 快乐，乐事；vt 使高兴， 使快乐,/dɪ'laɪt/,/dɪ'laɪt/,Chris takes great delight in teasing his sister.,克里斯以取笑妹妹为乐。
en:immigration:noun:2,immigration,noun,移民,n 移民,"/,ɪmɪ'ɡreʃən/",/ˌɪmɪ'greɪʃn/,He called for a common European policy on immigration.,他要求欧洲国家实施共同的移民政策。
en:break:verb:2,break,verb,打破，弄坏；撕开,v 打破，弄坏；撕开；n 间歇； 休息,/brek/,/breɪk/,Their teeth are sharp enough to break the skin.,它们牙齿锋利，足以咬破皮肤。
en:chain-store:noun:1,chain store,noun,连锁店,n 连锁店,,,Jim often helps out in that chain store after school.,吉姆经常在放学后在那家连锁店帮忙。
en:vest:noun:2,vest,noun,背心， 内衣,n 背心， 内衣,/vest/,/vest/,a bulletproof vest,防弹背心
en:change:verb:2,change,verb,改变；更换；兑换,vt 改变；更换；兑换；n 零钱； 变化,/tʃendʒ/,/tʃeɪndʒ/,Susan has changed a lot since I last saw her.,自从我上次见到苏珊之后，她变了许多。
en:suggestion:noun:2,suggestion,noun,[C] 建议,n [C] 建议,/sə'dʒɛstʃən/,/sə'dʒestʃən/,Any suggestions would be welcome.,任何建议都欢迎。
en:fluency:noun:2,fluency,noun,流利， 流畅,n 流利， 流畅,/'fluənsi/,/'fluːənsi/,She speaks swahili with great fluency .,她说的斯瓦希里语非常流利。
en:draw:verb:2,draw,verb,绘画； 拉， 吸引； 提取,v 绘画； 拉， 吸引； 提取,/drɔ/,/drɔː/,Katie had drawn a cottage with a little stream running next to it.,凯蒂画了一间小茅舍，旁边流淌着一条小溪。
en:systematic:adjective:2,systematic,adjective,系统的， 有体系的,adj 系统的， 有体系的,/'sɪstə'mætɪk/,/ˌsɪstə'mætɪk/,They went about their business in a systematic way.,他们按部就班地做生意。
en:trolleybus:noun:1,trolleybus,noun,无轨电车,n 无轨电车,,/'trɒlibʌs/,A trolleybus will take you to the museum .,一部无轨电车会带你到博物馆。
en:lantern:noun:2,lantern,noun,灯笼,n 灯笼,/'læntɚn/,/'læntən/,Colour the tiger lantern brown .,把老虎灯笼涂成棕色。
en:cupboard:noun:2,cupboard,noun,碗柜， 橱柜,n 碗柜， 橱柜,/'kʌbɚd/,/'kʌbəd/,It’s in the kitchen cupboard.,它在厨房的碗柜里。
en:off:preposition:2,off,preposition,离开， 走开,prep&adv 离开， 走开,/ɔf/,/ɒf/,He got into his car and drove off.,他上了车，随即开车走了。
en:comfort:verb:1,comfort,verb,安慰，缓和,v 安慰，缓和；n 安慰， 慰问,/'kʌmfɚt/,/'kʌmfət/,"Within hours of the news, Helen arrived to comfort her heartbroken friend.",得到消息几小时以后，海伦赶来安慰她那心碎的朋友。
en:joke:noun:2,joke,noun,笑话,n 笑话,/dʒok/,/dʒəuk/,"I couldn’t go out with someone for a joke, could you?",我可不能拿谈恋爱当儿戏，对不对？
en:knee:noun:2,knee,noun,膝盖,n 膝盖,/ni/,/niː/,Lucy had a bandage round her knee.,露西的膝盖上缠着绷带。
en:punishment:noun:2,punishment,noun,惩罚， 处罚,n 惩罚， 处罚,/'pʌnɪʃmənt/,/'pʌnɪʃmənt/,...a group that campaigns against the physical punishment of children.,…一个发起运动反对体罚儿童的组织。
en:hide:verb:2,hide,verb,掩饰； 隐藏,v 掩饰； 隐藏,/haɪd/,/haɪd/,She keeps a bottle of gin hidden behind a stack of books.,她在一堆书的后面藏了一瓶杜松子酒。
en:troublesome:adjective:2,troublesome,adjective,令人烦恼的； 讨厌的,adj 令人烦恼的； 讨厌的,/'trʌblsəm/,/'trʌblsəm/,a troublesome child,烦人的孩子
en:instruction:noun:2,instruction,noun,说明， 须知； 教导,n 说明， 须知； 教导,/ɪn'strʌkʃən/,/ɪn'strʌkʃn/,This book gives instructions for making a wide range of skin and hand creams.,这本书给出了多种护肤霜和护手霜的制作说明。
en:report:noun:2,report,noun,报道， 报告,n&vt 报道， 报告,/rɪ'pɔrt/,/rɪ'pɔːt/,"According to recent news reports , two of the victims are Americans.",根据近期的新闻报道，受害者中有两名是美国人。
en:oral:adjective:2,oral,adjective,口头的， 口述的,adj 口头的， 口述的,/'ɔrəl/,/'ɔːrəl/,oral history,口述的历史
en:complete:adjective:2,complete,adjective,完成的， 完整的,adj 完成的， 完整的；vt 完成；结束,/kəm'plit/,/kəm'pliːt/,The police were in complete control of the situation.,警方已完全控制了局势。
en:compensate:verb:2,compensate,verb,补偿， 赔偿,v 补偿， 赔偿,/'kɑmpɛnset/,/'kɒmpenseɪt/,"Because my left eye is so weak, my right eye has to work harder to compensate.",因为我左眼视力差，右眼就要辛苦点来弥补一下。
en:fun:noun:2,fun,noun,乐趣， 娱乐,n 乐趣， 娱乐,/fʌn/,/fʌn/,There’s plenty of fun for all the family.,可以让全家人玩得很开心。
en:constant:adjective:2,constant,adjective,经常的， 不断的,adj 经常的， 不断的,/'kɑnstənt/,/'kɒnstənt/,There was a constant stream of visitors to the house.,参观这幢房子的游客川流不息。
en:smog:noun:2,smog,noun,烟雾,n 烟雾,/smɑːɡ/,/smɒg/,"Cars cause pollution, both smog and acid rain.",汽车引起污染，既有烟雾又有酸雨。
en:sob:noun:1,sob,noun,抽泣， 呜咽地说,n&v 抽泣， 呜咽地说,/sɑb/,/sɒb/,He began sobbing uncontrollably .,他不由自主地抽噎起来。
en:political:adjective:2,political,adjective,政治的,adj 政治的,/pə'lɪtɪkl/,/pə'lɪtɪkl/,All other political parties there have been completely banned.,那里的其他所有政党都已经完全被取缔了。
en:while:conjunction:2,while,conjunction,正当…的时候；然而,conj 正当…的时候；然而；n 一小会儿,/hwaɪl/,/waɪl/,They arrived while we were having dinner.,他们来时我们正在吃饭。
en:anger:noun:2,anger,noun,愤怒,n 愤怒,/'æŋɡɚ/,/'æŋgə/,There is growing anger among the people against the government.,民众对政府越来越不满。
en:second:adjective:1,second,adjective,二等的,adj 二等的；num 第二；n 秒,/'sɛkənd/,/'sekənd/,the Second World War,第二次世界大战
en:that:determiner:1,that,determiner,那，那个〔指已经提到或已经知道的人、事物、想法等〕,determiner 那，那个〔指已经提到或已经知道的人、事物、想法等〕；conjunction 〔用于动词、名词或形容词后引导一个从句，表示某人所说或所想，或陈述一个事实或理由〕；adv 那么〔大、多等〕〔尤指通过手势比画来表示大小、数量等〕,/ðæt/,/ðæt/,‘You never cared about me.’ ‘That’s not true.’,“你从不关心我。”“那不是事实。”
en:edge:noun:2,edge,noun,边缘,n 边缘,/ɛdʒ/,/edʒ/,"Put the eggs in the centre of the dish, with the vegetables and herbs around the edge.",把鸡蛋放在盘子中间，盘边一圈放些蔬菜和香草。
en:download:noun:1,download,noun,下载,n&vt 下载,"/,daʊn'lod/",/ˌdaun'ləud/,games that can be downloaded free from the Internet,可以从因特网上免费下载的游戏
en:split:verb:2,split,verb,撕开， 切开,vt 撕开， 切开,/splɪt/,/splɪt/,The branch split under their weight.,树枝承受不住他们的重量断裂了。
en:than:conjunction:2,than,conjunction,比,conj 比,/ðæn/,/ðæn/,Natalie was prettier than her sister.,纳塔莉比她姐姐漂亮。
en:limit:verb:1,limit,verb,限制， 限定； 减少,vt 限制， 限定； 减少,/'lɪmɪt/,/'lɪmɪt/,a decision to limit imports of foreign cars,限制进口外国汽车的决定
en:widespread:adjective:2,widespread,adjective,分布广的,adj 分布广的,/ˈwʌɪdsprɛd/,/'waɪdspred/,the widespread use of chemicals in agriculture,化学品在农业中的广泛使用
en:antique:noun:1,antique,noun,古董,n 古董,/æn'tik/,/æn'tiːk/,The palace is full of priceless antiques.,宫殿里到处都是价值连城的古董。
en:sow:verb:2,sow,verb,播种,v 播种,/so/,/səu/,Sow the seeds in late March.,三月底播种。
en:different:adjective:2,different,adjective,不同的， 有差异的,adj 不同的， 有差异的,/'dɪfrənt/,/'dɪfrənt/,The place looks completely different now.,这地方现在完全变了。
en:fasten:verb:2,fasten,verb,扎牢， 扣住,v 扎牢， 扣住,/'fæsən/,/'fɑːsn/,Make sure all the windows are securely fastened before you leave.,离开前要确保所有的窗子都已关严。
en:porter:noun:2,porter,noun,搬运工,n 搬运工,/'pɔrtɚ/,/'pɔːtə/,Our taxi pulled up at Old Delhi station and a porter sprinted to the door.,我们的出租车停在老德里车站，一个搬运工疾步跑向车门。
en:level:adjective:1,level,adjective,平坦的,adj 平坦的；n 水平线，水平,/'lɛvl/,/'levl/,The floors in the old house were not completely level.,老房子的地面不是完全平整的。
en:dirt:noun:2,dirt,noun,污物， 脏物； 尘土,n 污物， 脏物； 尘土,/dɝt/,/dɜːt/,You should have seen the dirt on that car!,你没看见那车上沾了多少泥！
en:videophone:noun:2,videophone,noun,可视电话,n 可视电话,/'vɪdɪofon/,/'vɪdiəufəun/,"In the future, shopping can be done by videophone.",在将来，购买东西能在可视电话中进行。
en:preserve:verb:2,preserve,verb,保护， 保存,vt 保护， 保存,/prɪ'zɝv/,/prɪ'zɜːv/,We must encourage the planting of new trees and preserve our existing woodlands.,我们必须鼓励栽种新树木，同时也要保护现有的林地。
en:plus:preposition:1,plus,preposition,加， 加上,prep 加， 加上,/plʌs/,/plʌs/,Three plus six equals nine (3+6=9).,3 加6等于9。
en:relevant:adjective:2,relevant,adjective,有关的,adj 有关的,/'rɛləvənt/,/'reləvənt/,Relevant documents were presented in court.,法庭上出示了相关的文件。
en:license:noun:2,license,noun,执照， 许可证,n 执照， 许可证,/'laɪsns/,/'laɪsns/,"To help lower costs, IBM offers flexible virtualization license costs, where you pay only for the number of virtual resources that you have deployed.",为了帮助降低成本，IBM 提供灵活的虚拟化许可证费用机制，您只需根据已经部署的虚拟资源数量付费。
en:entry:noun:2,entry,noun,进入； 入口,n 进入； 入口,/'ɛntri/,/'entri/,There was no sign of a forced entry.,没有强行闯入的迹象。
en:expand:verb:2,expand,verb,发展,vi 发展；vt 扩张,/ɪk'spænd/,/ɪk'spænd/,The computer industry has expanded greatly over the last decade.,计算机行业在过去十年间大大地发展起来。
en:dream:noun:1,dream,noun,梦,n 梦；v 梦想，希望,/drim/,/driːm/,I had lots of dreams last night.,昨晚我做了很多梦。
en:noble:adjective:2,noble,adjective,高贵的， 贵族的,adj 高贵的， 贵族的,/'nobl/,/'nəubl/,It’s very noble of you to spend all your weekends helping the old folk.,你心地真好，周末的时间全都用来帮助老人。
en:plug:verb:1,plug,verb,把…塞住；接通电源,vt 把…塞住；接通电源；n 塞子， 插头,/plʌɡ/,/plʌg/,We used mud to plug up the holes in the roof.,我们用泥堵住了房顶上的漏洞。
en:bunch:noun:2,bunch,noun,串， 束,n 串， 束,/bʌntʃ/,/bʌntʃ/,He had left a huge bunch of flowers in her hotel room.,他在她的宾馆房间里留了一大束花。
en:spy:verb:2,spy,verb,侦探， 刺探,v 侦探， 刺探；n 密探，间谍,/spaɪ/,/spaɪ/,She worked as a spy for the American government.,她为美国政府收集情报。
en:postpone:verb:2,postpone,verb,推迟， 延期,vt 推迟， 延期,/po'spon/,/pə'spəun/,The match had to be postponed until next week.,比赛不得不推迟到下周举行。
en:tense:adjective:2,tense,adjective,紧张的；拉紧的,adj 紧张的；拉紧的；n 时态,/tɛns/,/tens/,Is anything wrong? You look a little tense.,有什么不对劲吗？你看起来有点紧张。
en:bride:noun:2,bride,noun,新娘,n 新娘,/braɪd/,/braɪd/,Guests toasted the bride and groom with champagne.,客人们以香槟为新娘新郎敬酒。
en:heat:verb:1,heat,verb,加热,v 加热；n 热,/hit/,/hiːt/,Heat the milk until it boils.,把牛奶煮开。
en:behind:adverb:1,behind,adverb,在后面； 向后,adv 在后面； 向后；prep 在…后面,/bɪ'haɪnd/,/bɪ'haɪnd/,Rising into the hills behind are 800 acres of parkland.,往上延伸至后面小山的是800英亩的草木区。
en:hammer:verb:2,hammer,verb,敲， 锤击,v 敲， 锤击；n 锤子，锣锤,/'hæmɚ/,/'hæmə/,the sound of hammering and sawing,锤打和拉锯的声音
en:seal:noun:2,seal,noun,海豹,n 海豹,/sil/,/siːl/,seal of,证明；保证
en:recipe:noun:2,recipe,noun,食谱,n 食谱,/'rɛsəpi/,/'resəpi/,a recipe book,一本烹饪书
en:ambassadress:noun:1,ambassadress,noun,大使夫人； 女大使,n 大使夫人； 女大使,/æm'bæsədrɛs/,/æm'bæsədres/,,
en:mental:adjective:2,mental,adjective,精神的， 脑力的,adj 精神的， 脑力的,/'mɛntl/,/'mentl/,The centre provides help for people suffering from mental illness .,该中心对精神病患者提供帮助。
en:bow:verb:1,bow,verb,鞠躬， 弯腰,v&n 鞠躬， 弯腰,/baʊ/,/bau/,She bowed and left the stage.,她鞠了一躬，离开了舞台。
en:storage:noun:2,storage,noun,贮藏， 储存； 存放,n 贮藏， 储存； 存放,/'stɔrɪdʒ/,/'stɔːrɪdʒ/,the storage of highly radioactive material,高放射性材料的存放
en:racial:adjective:2,racial,adjective,种族的,adj 种族的,/'reʃl/,/'reɪʃl/,a victim of racial discrimination,种族歧视的受害者
en:switch:verb:2,switch,verb,更换， 转换,v&n 更换， 转换,/swɪtʃ/,/swɪtʃ/,The terrorists will switch tactics .,恐怖分子会改变战术。
en:total:adjective:2,total,adjective,总数的；总括的；完全的,adj 总数的；总括的；完全的；n 合计；vt 合计为,/'totl/,/'təutl/,a total ban on cigarette advertising,香烟广告的全面禁止
en:of:preposition:2,of,preposition,…的,prep …的,/ʌv; əv/,/ɒv/,the back of the house,房子的后部
en:reserve:noun:2,reserve,noun,保留， 储备； 预订,n&vt 保留， 储备； 预订,/rɪ'zɝv/,/rɪ'zɜːv/,Do you have to reserve tickets in advance?,你必须预先订票吗？
en:somehow:adverb:1,somehow,adverb,以某种方式； 不知怎么地,adv 以某种方式； 不知怎么地,/'sʌmhaʊ/,/'sʌmhau/,"Don’t worry, we’ll get the money back somehow.",别担心，我们总会把那些钱拿回来的。
en:brick:noun:2,brick,noun,砖； 砖块,n 砖； 砖块,/brɪk/,/brɪk/,a brick wall,砖墙
en:dive:verb:2,dive,verb,跳水,vi 跳水,/daɪv/,/daɪv/,Diving off the cliffs is dangerous.,从悬崖上跳水是很危险的。
en:heap:verb:1,heap,verb,堆起来,v 堆起来；n 堆,/hip/,/hiːp/,Mrs. Madrigal heaped more carrots onto Michael's plate.,马德里加尔太太往迈克尔的盘子里放了更多的胡萝卜。
en:sympathy:noun:2,sympathy,noun,同情,n 同情,/'sɪmpəθi/,/'sɪmpəθi/,Our sympathies are with the families of the victims.,我们向受害者家庭表示慰问。
en:hear:verb:2,hear,verb,听见， 听说， 得知,v 听见， 听说， 得知,/hɪr/,/hɪə/,Blanche heard a crash as the back door was flung open.,布兰奇听见后门哗啦一声被推开。
en:fight:noun:1,fight,noun,打仗， 打架； 争论,n&v 打仗， 打架； 争论,/faɪt/,/faɪt/,"She fought him desperately, kicking and biting.",她又踢又咬，与他拼命撕打。
en:roundabout:adjective:2,roundabout,adjective,绕道的；不直接的,adj 绕道的；不直接的；n 转盘路,/'raʊndəbaʊt/,/'raundəbaut/,The bus took a very long and roundabout route .,公共汽车路线很长，绕着圈子走。
en:rescue:verb:2,rescue,verb,营救， 援救,vt&n 营救， 援救,/'rɛskju/,/'reskjuː/,Survivors of the crash were rescued by helicopter.,空难的生还者被直升机救了出来。
en:facial:adjective:2,facial,adjective,面部用的,adj 面部用的,/'feʃl/,/'feɪʃl/,Victor’s facial expression didn’t change.,维克托脸上的表情没有变化。
en:on:adverb:2,on,adverb,继续,adv 继续；prep 在…上；在…时候；在…地方；关于,/ɑn/,/ɒn/,I wanted to punch him on the nose.,我真想一拳打到他鼻子上。
en:zebra:noun:2,zebra,noun,斑马,n 斑马,/ˈzibrə/,/'zebrə/,"Sixty acres of woods and ponds are home to camels, zebra, bison , water buffalo, ostrich and antelope.",六十英亩的森林和池塘是骆驼，斑马，野牛，水牛，鸵鸟和羚羊的家园。
en:brief:adjective:2,brief,adjective,简洁的,adj 简洁的,/brif/,/briːf/,The president read a brief statement to reporters before boarding his plane.,总统登机前向记者宣读了一篇简短的声明。
en:unfortunate:adjective:2,unfortunate,adjective,不幸的， 倒霉的,adj 不幸的， 倒霉的,/ʌn'fɔrtʃənət/,/ʌn'fɔːtʃənət/,"When we entered the room, the teacher was yelling at some unfortunate student.",我们进教室的时候，老师正在对着一个倒霉的学生吼叫。
en:recover:verb:2,recover,verb,痊愈,vi 痊愈；vt 恢复； 重新获得,/rɪ'kʌvɚ/,/rɪ'kʌvə/,He is recovering from a knee injury.,他的膝伤正在痊愈。
en:or:conjunction:2,or,conjunction,或者； 还是， 否则,conj 或者； 还是， 否则,/ɔr/,/ɔː/,Shall we go out to the cinema or stay at home?,我们是出去看电影还是待在家里？
en:chance:noun:2,chance,noun,机会； 可能性,n 机会； 可能性,/tʃæns/,/tʃɑːns/,There’s always the chance that something will go wrong.,总有可能会出现问题。
en:determine:verb:2,determine,verb,决定； 测定； 确定,v 决定； 测定； 确定,/dɪ'tɝmɪn/,/dɪ'tɜːmɪn/,Investigators are still trying to determine the cause of the fire.,调查人员仍在设法弄清失火的原因。
en:nature:noun:2,nature,noun,自然； 性质； 本性,n 自然； 性质； 本性,/'netʃɚ/,/'neɪtʃə/,"a child with a happy, easy-going nature",个性开朗、容易相处的孩子
en:social:adjective:2,social,adjective,社会的； 社交的； 群居的,adj 社会的； 社交的； 群居的,/'soʃl/,/'səuʃl/,"social issues, such as unemployment and education",失业和教育之类的社会问题
en:wheel:noun:2,wheel,noun,轮， 车轮； 方向盘,n 轮， 车轮； 方向盘,/wil/,/wiːl/,Shall I take the wheel (= drive instead of someone else )?,我来开车好吗？
en:interesting:adjective:2,interesting,adjective,有趣的,adj 有趣的,/'ɪntrəstɪŋ/,/'ɪntrəstɪŋ/,That’s an interesting question.,那是一个有趣的问题。
en:cross:noun:2,cross,noun,十字形的东西；十字架,n 十字形的东西；十字架；vt 越过； 穿过,/krɔs/,/krɒs/,He raised his arms in triumph as he crossed the line for his 100-metres win.,他以胜利的姿态高举双手跑过终点线，赢得了这场百米赛。
en:control:verb:1,control,verb,控制,vt&n 控制,/kən'trol/,/kən'trəul/,The disease robs you of muscle control.,这种疾病会让你丧失肌肉控制力。
en:drill:verb:1,drill,verb,钻；重复训练,v 钻；重复训练；n 钻头； 训练,/drɪl/,/drɪl/,Drill a hole in each corner.,在每个角上钻一个孔。
en:friction:noun:2,friction,noun,摩擦； 摩擦力,n 摩擦； 摩擦力,/'frɪkʃən/,/'frɪkʃn/,Putting oil on both surfaces reduces friction.,两面都上油可减小摩擦力。
en:clerk:noun:2,clerk,noun,书记员； 办事员； 职员,n 书记员； 办事员； 职员,/klɝk/,/klɑːk/,a clerk in a commercial firm,一家商行的文员
en:walnut:noun:2,walnut,noun,胡桃， 胡桃木,n 胡桃， 胡桃木,/'wɔlnət/,/'wɔːlnʌt/,coffee and walnut cake,咖啡核桃蛋糕
en:acknowledge:verb:2,acknowledge,verb,答谢； 承认,vt 答谢； 承认,/ək'nɑlɪdʒ/,/ək'nɒlɪdʒ/,The family acknowledge the need for change.,全家人都承认需要改变一下。
en:equip:verb:2,equip,verb,装备； 训练,vt 装备； 训练,/ɪ'kwɪp/,/ɪ'kwɪp/,They try to equip their vehicles with gadgets to deal with every possible contingency.,他们尽量给他们的车辆配备各种小装置以应付任何可能的突发状况。
en:radiation:noun:2,radiation,noun,放射； 放射物； 放射疗法,n 放射； 放射物； 放射疗法,"/,redɪ'eʃən/",/ˌreɪdi'eɪʃn/,Sun creams work by blocking harmful ultraviolet radiation.,防晒霜可隔离有害的紫外线辐射。
en:quarrel:noun:1,quarrel,noun,争吵， 吵架,n&vi 争吵， 吵架,/'kwɔrəl/,/'kwɒrəl/,I wish you two would stop quarreling.,我希望你们两个别再吵了。
en:christian:adjective:1,Christian,adjective,基督教徒的,adj 基督教徒的；n 基督教徒,/'krɪstʃən/,/'krɪstʃən/,the Christian religion,基督教
en:pulse:verb:1,pulse,verb,搏动， 跳动,v 搏动， 跳动；n 脉搏；脉冲,/pʌls/,/pʌls/,She felt the blood pulsing through her veins .,她觉得血液冲击着自己的血管。
en:maple:noun:2,maple,noun,枫树,n 枫树,/'mepl/,/'meɪpl/,...a solid maple worktop.,…一张结实的枫木工作台。
en:spiritual:adjective:1,spiritual,adjective,精神的； 心灵的,adj 精神的； 心灵的,/'spɪrɪtʃʊəl/,/'spɪrɪtʃuəl/,Painting helps fill a spiritual need for beauty.,绘画可以满足对美的精神需求。
en:worthwhile:adjective:2,worthwhile,adjective,值得做的,adj 值得做的,/'wɝθ'waɪl/,/ˌwɜːθ'waɪl/,He wanted to do a worthwhile job.,他想做有意义的工作。
en:nation:noun:2,nation,noun,民族， 国家,n 民族， 国家,/'neʃən/,/'neɪʃn/,the President’s radio broadcast to the nation,总统对全国的广播讲话
en:upper:adjective:2,upper,adjective,较高的， 较上的,adj 较高的， 较上的,/'ʌpɚ/,/'ʌpə/,the upper lip,上唇
en:splendid:adjective:2,splendid,adjective,灿烂的， 辉煌的； 〈口语〉 极好的,adj 灿烂的， 辉煌的； 〈口语〉 极好的,/'splɛndɪd/,/'splendɪd/,a splendid idea,很妙的主意
en:adaptation:noun:2,adaptation,noun,[U] 适应， 适合； [C] 改编本,n [U] 适应， 适合； [C] 改编本,"/,ædæp'teʃən/",/ˌædæp'teɪʃn/,Branagh won two awards for his screen adaptation of Shakespeare's Henry the Fifth.,布拉纳因他对莎士比亚的《亨利五世》的荧幕改编而获了两次奖。
en:behalf:noun:2,behalf,noun,利益； 代表,n 利益； 代表,/bɪ'hæf/,/bɪ'hɑːf/,She asked the doctor to speak to her parents on her behalf.,她请医生代她同她父母谈谈。
en:somewhere:adverb:2,somewhere,adverb,在某处， 到某处,adv 在某处， 到某处,/'sʌmwɛr/,/'sʌmweə/,My wallet must be around here somewhere.,我的钱包肯定是在这里的什么地方。
en:scene:noun:2,scene,noun,一场， 场景， 布景； 景色， 风景,n 一场， 场景， 布景； 景色， 风景,/sin/,/siːn/,He photographed a wide range of street scenes.,他拍下了丰富多彩的街景。
en:injure:verb:2,injure,verb,损害， 伤害,vt 损害， 伤害,/'ɪndʒɚ/,/'ɪndʒə/,"A number of bombs have exploded, seriously injuring at least five people.",一些炸弹爆炸了，至少5人严重受伤。
en:freeze:verb:2,freeze,verb,结冰,v 结冰,/friz/,/friːz/,The lake had frozen overnight.,湖上一夜之间就结了冰。
en:eastward:adverb:1,eastward,adverb,向东,adv 向东,/'istwɚdz/,/'iːstwəd(z)/,A powerful snow storm is moving eastward.,一场猛烈的暴风雪正向东转移。
en:geography:noun:2,geography,noun,地理学,n 地理学,/dʒiˈɑɡrəfɪ/,/dʒi'ɒgrəfi/,a geography lesson,地理课
en:horrible:adjective:2,horrible,adjective,令人恐惧的， 恐怖的,adj 令人恐惧的， 恐怖的,/ˈhɑːrəbl/,/'hɒrəbl/,The weather has been really horrible all week.,整个星期天气都很糟。
en:strengthen:verb:2,strengthen,verb,加强， 增强,v 加强， 增强,/'strɛŋθn/,/'streŋθn/,Our friendship has steadily strengthened over the years.,我们的友谊逐年加深。
en:injury:noun:1,injury,noun,损伤； 受伤处,n 损伤； 受伤处,/'ɪndʒəri/,/'ɪndʒəri/,She was taken to hospital with serious head injuries.,她头部受重伤被送到医院。
en:diploma:noun:2,diploma,noun,毕业文凭， 学位证书,n 毕业文凭， 学位证书,/dɪ'plomə/,/dɪ'pləumə/,I’m hoping to get my teaching diploma this year.,我希望今年能拿到教师证书。
en:brand:noun:1,brand,noun,商标， 牌子,n 商标， 牌子,/brænd/,/brænd/,products which lack a strong brand image,缺乏鲜明品牌形象的产品
en:suspension:noun:2,suspension,noun,暂停， 中止； 悬挂， 悬浮,n 暂停， 中止； 悬挂， 悬浮,/sə'spɛnʃən/,/sə'spenʃn/,He received a six-month suspension for unprofessional behaviour.,他因有违职业道德的行为被停职六个月。
en:choke:noun:1,choke,noun,窒息,n&v 窒息,/tʃok/,/tʃəuk/,Six people choked to death on the fumes.,六人被烟呛死。
en:alcohol:noun:2,alcohol,noun,酒精， 酒,n 酒精， 酒,/'ælkəhɔl/,/'ælkəhɒl/,I don’t drink alcohol anymore.,我不再喝酒了。
en:pleasure:noun:2,pleasure,noun,高兴， 愉快,n 高兴， 愉快,/ˈplɛʒɚ/,/'pleʒə/,the simple pleasures of life,生活中的简单乐趣
en:old:adjective:2,old,adjective,老的， 旧的,adj 老的， 旧的,/old/,/əuld/,a pair of old shoes,一双旧鞋
en:recreation:noun:2,recreation,noun,消遣， 娱乐,n 消遣， 娱乐,"/,rɛkrɪ'eʃən/",/ˌrekri'eɪʃn/,His only recreations are drinking beer and watching football.,他唯一的消遣就是喝啤酒和看足球比赛。
en:allowance:noun:2,allowance,noun,津贴， 补贴,n 津贴， 补贴,/ə'laʊəns/,/ə'lauəns/,Sales staff get a generous mileage allowance or a company car.,销售人员有优厚的里程补贴或者公司提供的专用汽车。
en:interpreter:noun:2,interpreter,noun,翻译员， 口译人员,n 翻译员， 口译人员,/ɪn'tɝprɪtɚ/,/ɪn'tɜːprɪtə/,"Speaking through an interpreter (= using an interpreter ), Ahmed said, ‘I’m very worried about my wife and children.’",艾哈迈德通过口译者说:“我很担心我的妻子和孩子们。”
en:hurricane:noun:2,hurricane,noun,飓风， 狂风,n 飓风， 狂风,/ˈhʌrɪken/,/'hʌrɪkən/,I still remember a hurricane that hit us thirty years ago.,我还记得三十年前袭击我们的一次飓风。
en:portable:adjective:2,portable,adjective,轻便的， 便携的,adj 轻便的， 便携的,/'pɔrtəbl/,/'pɔːtəbl/,a portable radio,便携式收音机
en:then:adverb:2,then,adverb,当时， 那时； 然后； 那么,adv 当时， 那时； 然后； 那么,/ðɛn/,/ðen/,I wish I had known then what I know now.,我真希望那时我就知道现在所知道的一切。
en:ancient:adjective:2,ancient,adjective,古代的， 古老的,adj 古代的， 古老的,/ˈenʃənt/,/'eɪnʃənt/,the ancient civilizations of Asia,亚洲的古代文明
en:accept:verb:2,accept,verb,接受,v 接受,/əkˈsɛpt/,/ək'sept/,Rick accepted her offer of coffee.,她请里克喝咖啡，他接受了。
en:glory:noun:2,glory,noun,光荣， 荣誉,n 光荣， 荣誉,/'ɡlɔri/,/'glɔːri/,She dreamt of future glory as an Olympic champion.,她梦想着将来能得到奥运冠军的荣誉。
en:seat:noun:2,seat,noun,座位，座,n 座位，座；vt 使就座； 可容纳,/sit/,/siːt/,I was in the back seat and Jo was driving.,我在后座，乔开车。
en:wander:verb:2,wander,verb,游荡； 漫步； 流浪,v 游荡； 漫步； 流浪,/'wɑndɚ/,/'wɒndə/,When he got bored he wandered around the fair.,烦闷时，他便在集市上四处闲逛。
en:adopt:verb:2,adopt,verb,采用； 收养,vt 采用； 收养,/ə'dɑpt/,/ə'dɒpt/,Sally was adopted when she was four.,莎莉四岁时被人收养。
en:oppose:verb:2,oppose,verb,反对,v 反对,/ə'poz/,/ə'pəuz/,Congress is continuing to oppose the President’s health care budget.,国会继续反对总统的医疗保健预算。
en:minus:adjective:1,minus,adjective,负的,adj 负的；prep 减去,/'maɪnəs/,/'maɪnəs/,"‘Any minus points ?’ ‘Well, the engine is rather noisy.’",“有什么毛病吗？”“嗯，发动机噪音很大。”
en:belly:noun:2,belly,noun,肚子,n 肚子,/'bɛli/,/'beli/,She laid her hands on her swollen belly.,她把手放在隆起的肚子上。
en:conservative:adjective:2,conservative,adjective,守旧的； 保守主义的； 谨慎的,adj 守旧的； 保守主义的； 谨慎的,/kən'sɝvətɪv/,/kən'sɜːvətɪv/,a very conservative attitude to education,对待教育非常守旧的态度
en:access:noun:1,access,noun,通道；机会，权利,n 通道；机会，权利；vt 进入； 存取,/'æksɛs/,/'ækses/,Access is by means of a small door on the right.,入口是右边的一扇小门。
en:conference:noun:2,conference,noun,会议,n 会议,/'kɑnfərəns/,/'kɒnfərəns/,Representatives from over 100 countries attended the International Peace Conference in Geneva.,来自一百多个国家的代表出席了在日内瓦举行的国际和平大会。
en:primitive:adjective:2,primitive,adjective,原始的， 远古的,adj 原始的， 远古的,/'prɪmətɪv/,/'prɪmətɪv/,a primitive society,原始社会
en:activity:noun:2,activity,noun,活动,n 活动,/ækˈtɪvətɪ/,/æk'tɪvəti/,Everyone is free to engage in peaceful political activity.,每个人都可以自由参加和平的政治活动。
en:dormitory:noun:2,dormitory,noun,学生宿舍,n 学生宿舍,/'dɔrmətɔri/,/'dɔːmətri/,She lived in a college dormitory.,她住在一幢大学宿舍楼里。
en:overcome:verb:2,overcome,verb,战胜， 克服， 胜过,v 战胜， 克服， 胜过,"/,ovɚ'kʌm/",/ˌəuvə'kʌm/,Australia overcame the Netherlands 2-1.,澳大利亚队2比1战胜了荷兰队。
en:recite:verb:2,recite,verb,背诵,v 背诵,/rɪ'saɪt/,/rɪ'saɪt/,She recited a poem that she had learnt at school.,她背诵了一首学校里学的诗。
en:seek:verb:2,seek,verb,试图； 寻找， 寻求,v 试图； 寻找， 寻求,/sik/,/siːk/,Do you think the President will seek re-election ?,你认为总统会谋求连任吗？
en:seem:verb:2,seem,verb,似乎， 好像,v 似乎， 好像,/sim/,/siːm/,Ann didn’t seem very sure.,安看来并不十分肯定。
en:heel:noun:2,heel,noun,脚后跟,n 脚后跟,/hil/,/hiːl/,black boots with high heels,有高跟的黑靴子
en:variety:noun:2,variety,noun,种种； 种类,n 种种； 种类,/və'raɪəti/,/və'raɪəti/,West Hampstead has a variety of good stores and supermarkets.,西汉普斯特德有几家不同的高品质商店和超市。
en:disturb:verb:2,disturb,verb,打扰， 扰乱,v 打扰， 扰乱,/dɪ'stɝb/,/dɪ'stɜːb/,"Sorry to disturb you, but I have an urgent message.",对不起打扰一下，我有个紧急消息。
en:adore:verb:2,adore,verb,爱慕， 崇拜,vt 爱慕， 崇拜,/ə'dɔr/,/ə'dɔː/,Betty adores her grandchildren.,贝蒂非常宠爱孙辈。
en:lecture:noun:2,lecture,noun,[C] 讲课， 演讲,n [C] 讲课， 演讲,/'lɛktʃɚ/,/'lektʃə/,...a series of lectures by Professor Eric Robinson.,…埃里克·鲁滨逊教授的系列讲座。
en:civilian:noun:1,civilian,noun,平民， 老百姓,n 平民， 老百姓,/sə'vɪlɪən/,/sə'vɪliən/,Many innocent civilians were killed during the war.,许多无辜的平民在战争中丧生。
en:so:adverb:2,so,adverb,也，同样〔用于表示刚说过的情况也适用于某人或某物〕,adv 也，同样〔用于表示刚说过的情况也适用于某人或某物〕；conjunction 因此，所以；n 全音阶的第五音,/so/,/səu/,"""Do you think that made much of a difference to the family?""—""I think so.""",“你认为那样给全家带来了很大变化吗？”—“我觉得是。”
en:pump:verb:2,pump,verb,用泵抽水；抽,vt 用泵抽水；抽；n 抽水机， 泵,/pʌmp/,/pʌmp/,We were able to pump clean water from several of the wells.,我们能从几口井里抽出干净的水来。
en:caution:noun:2,caution,noun,小心， 谨慎,n 小心， 谨慎,/'kɔʃən/,/'kɔːʃn/,The physician must exercise caution when prescribing antidepressants.,医师在开抗抑郁药处方时必须谨慎。
en:key:noun:2,key,noun,[C] 钥匙； 答案； 键； 关键,n [C] 钥匙； 答案； 键； 关键,,/kiː/,A bunch of keys hung from his belt.,他的皮带上挂着一串钥匙。
en:teenager:noun:2,teenager,noun,青少年， 十几岁的少年,n 青少年， 十几岁的少年,/'tinedʒɚ/,/'tiːneɪdʒə/,a TV sex education series aimed at teenagers,一部针对青少年的性教育电视系列片
en:dumpling:noun:2,dumpling,noun,饺子,n 饺子,/'dʌmplɪŋ/,/'dʌmplɪŋ/,chicken and dumplings,鸡肉和汤团
en:silent:adjective:2,silent,adjective,无声的， 沉默的,adj 无声的， 沉默的,/'saɪlənt/,/'saɪlənt/,The large house was silent and lonely.,这幢大房子寂静荒凉。
en:decision:noun:2,decision,noun,决定； 决议,n 决定； 决议,/dɪ'sɪʒn/,/dɪ'sɪʒn/,Do you ever wonder if you made the right decision?,你怀疑过自己所作的决定是否正确吗？
en:addicted:adjective:2,addicted,adjective,入迷的， 上瘾的,adj 入迷的， 上瘾的,/ə'dɪktɪd/,/ə'dɪktɪd/,Many of the women are addicted to heroin and cocaine.,这些妇女中的很多吸食海洛因和可卡因成瘾。
en:necessary:adjective:2,necessary,adjective,必需的， 必要的,adj 必需的， 必要的,/ˈnɛsəˌsɛri/,/'nesəsəri/,The booklet provides all the necessary information about the college.,这本小册子提供了关于那所学院的所有必需信息。
en:one:numeral:1,one,numeral,一个 ； 任何人,num&pron 一个 ； 任何人,/wʌn/,/wʌn/,‘Have you got a camera?’ ‘No.’ ‘You should buy one’ (= buy a camera ).,“你有照相机吗？”“没有。”“你应该买一架。”
en:garage:noun:2,garage,noun,汽车间， 汽车库,n 汽车间， 汽车库,/gəˈrɑ:ʒ; ɡəˈrɑʒ/,/'gærɑːʒ/,I’ll just go and put the car in the garage.,我把车停到车库去。
en:badminton:noun:2,badminton,noun,羽毛球,n 羽毛球,/'bædmɪntən/,/'bædmɪntən/,I like playing basketball and badminton.,我喜欢打篮球和羽毛球。
en:confirm:verb:2,confirm,verb,确定； 批准,vt 确定； 批准,/kən'fɝm/,/kən'fɜːm/,Could you confirm the dates we discussed?,你能确认我们商讨过的日期吗？
en:single:adjective:2,single,adjective,单一的， 单个的,adj 单一的， 单个的,/'sɪŋɡl/,/'sɪŋgl/,A single tree gave shade from the sun.,唯有一棵树遮阴。
en:pull:verb:2,pull,verb,拉，拖,v 拉，拖；n 拉力， 引力,/pʊl/,/pul/,Mom! Davey’s pulling my hair!,妈妈! 戴维拽我的头发！
en:unconditional:adjective:2,unconditional,adjective,无条件的， 绝对的,adj 无条件的， 绝对的,"/,ʌnkən'dɪʃənl/",/ˌʌnkən'dɪʃənl/,the unconditional release of all political prisoners,所有政治犯的无条件释放
en:gallon:noun:2,gallon,noun,加仑,n 加仑,/'ɡælən/,/'gælən/,a 20 gallon fish tank,一个20加仑的鱼缸
en:appoint:verb:2,appoint,verb,指定， 任命,vt 指定， 任命,/ə'pɔɪnt/,/ə'pɔɪnt/,officials appointed by the government,政府任命的官员
en:assist:verb:1,assist,verb,帮助， 协助,v 帮助， 协助,/ə'sɪst/,/ə'sɪst/,The family decided to assist me with my chores.,家人决定分担我的琐事。
en:bun:noun:2,bun,noun,馒头； 小甜面包,n 馒头； 小甜面包,/bʌn/,/bʌn/,a hamburger bun,用来做汉堡包的圆面包
en:but:conjunction:2,but,conjunction,但是，可是,conj 但是，可是；prep 除了， 除…外,/bʌt/,/bʌt/,"It’s an old car, but it’s very reliable.",这是一辆旧车，但是性能非常可靠。
en:symbol:noun:2,symbol,noun,符号， 象征,n 符号， 象征,/'sɪmbl/,/'sɪmbl/,The symbol on the packet is a guarantee that the food has been produced organically.,包装盒上的这个标识保证这种食物是有机生产的。
en:sincerely:adverb:2,sincerely,adverb,真诚地,adv 真诚地,/sɪn'sɪrli/,/sɪn'sɪəli/,I sincerely hope I’ll see her again.,我衷心希望再见到她。
en:commercial:adjective:2,commercial,adjective,商业的， 贸易的,adj 商业的， 贸易的,/kə'mɝʃəl/,/kə'mɜːʃl/,Our top priorities must be profit and commercial growth.,我们必须把利润和贸易增长作为我们的第一要务。
en:separate:verb:2,separate,verb,分开， 分离,v 分开， 分离；adj 单独的， 分开的,/(for v.) sɛpəˌret; (for adj.) sɛprɪt/,/(for v.) ˈsepəreɪt; (for adj.) ˈseprət/,This will keep your dressing from separating.,这样可以防止调味汁分层。
en:declare:verb:2,declare,verb,宣布， 声明； 申报,v 宣布， 声明； 申报,/dɪ'klɛr/,/dɪ'kleə/,A state of emergency has been declared.,已宣布进入紧急状态。
en:reasonable:adjective:2,reasonable,adjective,合理的， 有道理的； 通情达理的， 合乎情理的,adj 合理的， 有道理的； 通情达理的， 合乎情理的,/'riznəbl/,/'riːznəbl/,a reasonable request,合情合理的要求
en:dislike:noun:1,dislike,noun,不喜欢， 嫌恶,n&vt 不喜欢， 嫌恶,/dɪs'laɪk/,/dɪs'laɪk/,Why do you dislike her so much?,你为什么那么讨厌她？
en:willing:adjective:2,willing,adjective,情愿的， 乐意的,adj 情愿的， 乐意的,/'wɪlɪŋ/,/'wɪlɪŋ/,I soon had an army of willing helpers.,我很快就拥有了一批热心的帮手。
en:available:adjective:2,available,adjective,有空的； 可得到的， 可用的,adj 有空的； 可得到的， 可用的,/ə'veləbl/,/ə'veɪləbl/,Tickets are available from the box office.,售票处有票出售。
en:express:verb:2,express,verb,表达；表示,vt 表达；表示；n 快车,/ɪk'sprɛs/,/ɪk'spres/,Parents have expressed their concerns about their children’s safety.,父母对自己孩子的安全表示忧虑。
en:advocate:verb:2,advocate,verb,提倡； 鼓吹,vt 提倡； 鼓吹,/ˈædvəkeɪt；-et/,/'ædvəkeɪt/,Extremists were openly advocating violence.,极端主义者公开鼓吹使用暴力。
en:amazing:adjective:2,amazing,adjective,令人惊异的,adj 令人惊异的,/ə'mezɪŋ/,/ə'meɪzɪŋ/,He’s an amazing player to watch.,看他比赛那才叫精彩呢。
en:luggage:noun:2,luggage,noun,〈总称〉 行李,n 〈总称〉 行李,/'lʌɡɪdʒ/,/'lʌgɪdʒ/,They searched his luggage for illegal drugs.,他们搜查他的行李看是否藏有毒品。
en:drawback:noun:2,drawback,noun,缺点； 障碍,n 缺点； 障碍,/'drɔbæk/,/'drɔːbæk/,It’s a great city – the only drawback is the weather.,这是座很不错的城市，唯一的不足就是天气。
en:dynamic:adjective:2,dynamic,adjective,有活力的； 动力的， 动力学的,adj 有活力的； 动力的， 动力学的,/daɪ'næmɪk/,/daɪ'næmɪk/,dynamic and ambitious people,精力充沛且雄心勃勃的人
en:up:adverb:2,up,adverb,从下往上地，向上地,adv 从下往上地，向上地；v 提高；增加,/ʌp/,/ʌp/,We walked slowly up the hill.,我们慢慢地爬上山。
en:unusual:adjective:2,unusual,adjective,不平常的， 异常的,adj 不平常的， 异常的,/ʌnˈjuʒəl/,/ʌn'juːʒuəl/,an unusual feature,不寻常的特点
en:extreme:adjective:2,extreme,adjective,极端的， 偏激的,adj 极端的， 偏激的,/ɪk'strim/,/ɪk'striːm/,Extreme poverty still exists in many rural areas.,许多农村地区仍处于赤贫状态。
en:usual:adjective:2,usual,adjective,通常的， 平常的,adj 通常的， 平常的,/'juʒuəl/,/'juːʒuəl/,Make a cheese sauce in the usual way.,按通常的做法做奶酪酱。
en:sink:verb:2,sink,verb,下沉；消沉；陷入,v 下沉；消沉；陷入；n 洗涤槽， 污水槽,/sɪŋk/,/sɪŋk/,Their motorboat struck a rock and began to sink.,他们的摩托艇触了礁，开始下沉。
en:degree:noun:1,degree,noun,程度； 度数； 文凭,n 程度； 度数； 文凭,/dɪ'ɡri/,/dɪ'griː/,Preheat the oven to 425 degrees.,把烘箱预热至425度。
en:astronomy:noun:2,astronomy,noun,天文学,n 天文学,/ə'strɑnəmi/,/ə'strɒnəmi/,The book treats of astronomy.,这本书是讲天文学的。
en:suppose:verb:2,suppose,verb,料想,vi 料想；vt 猜想，假定,/sə'poz/,/sə'pəuz/,There were many more deaths than was first supposed.,死亡人数远远超过最初的预料。
en:brake:verb:2,brake,verb,刹车,v 刹车；n 闸,/brek/,/breɪk/,He heard tyres squeal as the car braked to avoid a collision.,他听到当汽车刹车为避免撞车时轮胎发出了刺耳的尖声。
en:tube:noun:2,tube,noun,管子,n 管子,/tub/,/tjuːb/,pasta tubes,通心粉
en:outspoken:adjective:2,outspoken,adjective,坦率的,adj 坦率的,/aʊt'spokən/,/aut'spəukən/,an outspoken critic of the education reforms,对教育改革直言不讳的批评者
en:especially:adverb:2,especially,adverb,特别， 尤其,adv 特别， 尤其,/ɪˈspɛʃlɪ/,/ɪ'speʃəli/,"I never liked long walks, especially in winter.",我向来不喜欢长距离散步，尤其在冬天。
en:once:adverb:2,once,adverb,一次，一回,adv 一次，一回；conjunction 一…便，一旦，一经,/wʌns/,/wʌns/,I’ve only met her once.,我只见过她一面。
en:failure:noun:2,failure,noun,失败,n 失败,/'feljɚ/,/'feɪljə/,Successful people often aren’t very good at dealing with failure.,一帆风顺的人往往不太擅长应对失败。
en:quake:noun:1,quake,noun,震动,n&vi 震动,/kwek/,/kweɪk/,The explosion made the whole house quake.,爆炸使整个房子都晃动起来。
en:know:verb:2,know,verb,知道， 了解； 认识； 懂得,v 知道， 了解； 认识； 懂得,/no/,/nəu/,Who knows the answer?,谁知道答案？
en:sing:verb:2,sing,verb,唱， 唱歌,v 唱， 唱歌,/sɪŋ/,/sɪŋ/,She can sing beautifully.,她唱歌很好听。
en:organise:verb:2,organise,verb,组织,v 组织,"/'ɔrgə,naɪz/",/'ɔːgənaɪz/,Do they organise words around a principle of syntax?,他们会按照一定的句法规则组织单词吗？
en:support:verb:2,support,verb,支持， 赞助； 赡养,vt&n 支持， 赞助； 赡养,/sə'pɔrt/,/sə'pɔːt/,The bill was supported by a large majority in the Senate.,这项法案得到参议院绝大多数人的支持。
en:drop:verb:2,drop,verb,掉下，落下,v 掉下，落下；n 滴； 下降,/drɑp/,/drɒp/,Your button has dropped off.,你的纽扣掉了。
en:preview:verb:1,preview,verb,预演， 预习,vt 预演， 预习,/'pri'vjʊ/,/'priːvjuː/,Journalists will be able to preview the exhibition tomorrow.,新闻记者明天将可以参观预展。
en:questionnaire:noun:2,questionnaire,noun,调查表， 问卷,n 调查表， 问卷,/ˌkwɛstʃənˈɛr/,/ˌkwestʃə'neə/,Teachers will be asked to fill in a questionnaire.,教师们将被要求填写一份调查问卷。
en:saucer:noun:2,saucer,noun,茶碟； 小圆盘,n 茶碟； 小圆盘,/'sɔsɚ/,/'sɔːsə/,Rae's coffee cup clattered against the saucer as she picked it up.,蕾把咖啡杯拿起来的时候杯子碰响了茶碟。
en:hire:verb:1,hire,verb,租用,vt 租用,/'haɪɚ/,/'haɪə/,The best way to explore the island is to hire a car.,在该岛寻幽访胜的最好方式就是租用一辆汽车。
en:breakthrough:noun:2,breakthrough,noun,突破,n 突破,/'brek'θrʊ/,/'breɪkθruː/,The company looks poised to make a significant breakthrough in China.,该公司看上去稳将在中国实现一次重大突破。
en:idea:noun:2,idea,noun,主意， 意见； 打算， 想法,n 主意， 意见； 打算， 想法,/aɪ'diə/,/aɪ'dɪə/,You should talk to Ken – he's always full of good ideas.,你应该和肯谈谈，他总是满脑子好主意。
en:destination:noun:2,destination,noun,目的地,n 目的地,"/,dɛstɪ'neʃən/",/ˌdestɪ'neɪʃn/,Ellis Island has become one of America's most popular tourist destinations.,埃利斯岛已经成为美国最受欢迎的游览地之一。
en:apron:noun:2,apron,noun,围裙； 台口,n 围裙； 台口,/'eprən/,/'eɪprən/,She wiped her eyes with her apron.,她用她的围裙擦干了眼泪。
en:vertical:adjective:2,vertical,adjective,垂直的， 直立的； 纵向的,adj 垂直的， 直立的； 纵向的,/'vɝtɪkl/,/'vɜːtɪkl/,a vertical line,垂直线
en:monument:noun:2,monument,noun,纪念碑， 纪念物,n 纪念碑， 纪念物,/'mɑnjumənt/,/'mɒnjumənt/,He erected a monument on the spot where his daughter was killed.,他在女儿遇难的地方立了块纪念碑。
en:pure:adjective:2,pure,adjective,纯的， 不掺杂的,adj 纯的， 不掺杂的,/pjʊr/,/pjuə/,rings made of pure gold,纯金制成的戒指
en:vivid:adjective:2,vivid,adjective,生动的， 鲜明的,adj 生动的， 鲜明的,/'vɪvɪd/,/'vɪvɪd/,I’ve got vivid memories of that summer.,我对那年夏天记忆犹新。
en:damp:adjective:1,damp,adjective,潮湿的,adj 潮湿的；n 潮湿；湿气；v 使潮湿,/dæmp/,/dæmp/,Wipe the leather with a damp cloth.,用湿布擦拭皮面。
en:throughout:preposition:1,throughout,preposition,遍及， 贯穿,prep 遍及， 贯穿,/θrʊ'aʊt/,/θruː'aut/,a large organization with offices throughout the world,在世界各地都设有办事处的一家大型机构
en:virtue:noun:2,virtue,noun,美德， 正直的品行,n 美德， 正直的品行,/'vɝtʃʊ/,/'vɜːtʃuː/,Women have often been used as symbols of virtue.,女性常被用作美德的象征。
en:overweight:adjective:2,overweight,adjective,过重的， 超重的,adj 过重的， 超重的,/'ovə'wet/,/ˌəuvə'weɪt/,He is slightly overweight.,他略微超重。
en:gay:adjective:2,gay,adjective,快活的，愉快的,adj 快活的，愉快的；n 同性恋,/ɡe/,/geɪ/,She felt excited and quite gay.,她感到兴奋而快活。
en:successful:adjective:2,successful,adjective,成功的， 有成就的,adj 成功的， 有成就的,/sək'sɛsfl/,/sək'sesfl/,The operation was successful.,手术成功了。
en:lovely:adjective:2,lovely,adjective,美好的， 可爱的,adj 美好的， 可爱的,/'lʌvli/,/'lʌvli/,She had a lovely face.,她有一张漂亮的脸蛋。
en:normal:adjective:2,normal,adjective,正常的,adj 正常的；n 正常， 常态， 普通,/'nɔrml/,/'nɔːml/,A normal working week is 40 hours.,一个正常的工作周是40小时。
en:gradual:adjective:1,gradual,adjective,逐渐的， 渐进的,adj 逐渐的， 渐进的,/'ɡrædʒuəl/,/'grædʒuəl/,There has been a gradual change in climate.,气候渐渐发生了变化。
en:figure:verb:1,figure,verb,认为； 描绘,v 认为； 描绘；n 数字；人物,/'fɪɡjɚ/,/'fɪgə/,How do you figure he can live without me?,你怎么会认为他没有了我还能活？
en:socialist:adjective:1,socialist,adjective,社会主义的,adj 社会主义的；n 社会主义者,/'soʃəlɪst/,/'səuʃəlɪst/,socialist principles,社会主义原则
en:airmail:noun:2,airmail,noun,〈总称〉航空邮件,n 〈总称〉航空邮件,/'ɛrmel/,/'eəmeɪl/,Send the letter by airmail.,这封信用航空邮寄。
en:slight:adjective:2,slight,adjective,轻微的， 细小的,adj 轻微的， 细小的,/slaɪt/,/slaɪt/,a slight improvement,些许的改进
en:corrupt:adjective:2,corrupt,adjective,腐败的，贪污的,adj 腐败的，贪污的；v 腐烂， 腐蚀,/kə'rʌpt/,/kə'rʌpt/,Corrupt judges have taken millions of dollars in bribes.,腐败的法官接受了几百万美元的贿赂。
en:wide:adjective:2,wide,adjective,宽的， 宽阔的； 广泛的,adj 宽的， 宽阔的； 广泛的,/waɪd/,/waɪd/,a man with a wide experience of foreign affairs,外交事务经验丰富的人
en:previous:adjective:1,previous,adjective,在前的， 早先的,adj 在前的， 早先的,/'privɪəs/,/'priːviəs/,She has a teenage daughter from a previous marriage.,她有个出自前一次婚姻的十几岁的女儿。
en:teach:verb:2,teach,verb,教书； 教,v 教书； 教,/titʃ/,/tiːtʃ/,She taught me fractions and counting.,他教我分数和计算。
en:socialism:noun:2,socialism,noun,社会主义,n 社会主义,/'soʃəlɪzəm/,/'səuʃəlɪzəm/,From then on we proceeded to build socialism.,从那时起，我们开始建设社会主义。
en:argue:verb:2,argue,verb,争论； 说服,v 争论； 说服,/'ɑrgjʊ/,/'ɑːgjuː/,We could hear the neighbours arguing.,我们听到邻居在争吵。
en:technology:noun:2,technology,noun,技术， 科技,n 技术， 科技,/tɛkˈnɑlədʒɪ/,/tek'nɒlədʒi/,Modern technology makes moving money around much easier than it used to be.,现代科技使货币流动比以前便捷得多。
en:superior:adjective:2,superior,adjective,较高的， 上好的,adj 较高的， 上好的；n 长者；上级,/sʊˈpɪrɪɚ/,/suː'pɪəriə/,Fletcher’s superior technique brought him victory.,弗莱彻更胜一筹的技术使他取得了胜利。
en:succeed:verb:2,succeed,verb,成功,vi 成功；vt 继承， 接替,/sək'sid/,/sək'siːd/,"She wanted to be the first woman to climb Mount Qomolangma, and she almost succeeded.",她本想成为第一位登上珠穆朗玛峰的女性，而且差一点就成功了。
en:choir:noun:2,choir,noun,唱诗班,n 唱诗班,/'kwaɪɚ/,/'kwaɪə/,He joined a church choir at the age of eight.,他八岁时加入了一个教堂唱诗班。
en:punctual:adjective:2,punctual,adjective,准时的,adj 准时的,/'pʌŋtʃʊəl/,/'pʌŋktʃuəl/,She’s always very punctual for appointments.,她一向准时赴约。
en:advertise:verb:2,advertise,verb,为…做广告,vt 为…做广告,/'ædvɚtaɪz/,/'ædvətaɪz/,They no longer advertise alcohol or cigarettes at sporting events.,他们不再在体育赛事上做烟酒广告了。
en:compromise:verb:2,compromise,verb,妥协， 折中,v 妥协， 折中,/'kɑmprəmaɪz/,/'kɒmprəmaɪz/,She admitted that she was unable to compromise.,她承认自己无法作出妥协。
en:software:noun:2,software,noun,软件,n 软件,/'sɔftwɛr/,/'sɒftweə/,She loaded the new software .,她给电脑装上新的软件。
en:seminar:noun:1,seminar,noun,研究会， 讨论发表会,n 研究会， 讨论发表会,/'sɛmɪnɑr/,/'semɪnɑː/,a Shakespeare seminar,莎士比亚研讨班
en:reach:verb:2,reach,verb,到达； 够到,v 到达； 够到,/ritʃ/,/riːtʃ/,Chelsea could reach the final of the European Cup.,切尔西队会进入欧洲杯决赛。
en:react:verb:2,react,verb,起反应， 起作用； 反抗,vi 起反应， 起作用； 反抗,/ri'ækt/,/ri'ækt/,He reacted angrily to the suggestion that he had lied.,说他撒谎，他非常生气。
en:competition:noun:2,competition,noun,比赛， 竞赛,n 比赛， 竞赛,"/,kɑmpə'tɪʃən/",/ˌkɒmpə'tɪʃn/,Going to trade fairs is an ideal opportunity to size up the competition .,参加商品交易会是估量竞争规模的理想机会。
en:none:pronoun:2,none,pronoun,无任何东西或人,pron 无任何东西或人,/nʌn/,/nʌn/,,
en:type:verb:1,type,verb,打字， 用打字机打出,vt 打字， 用打字机打出,/taɪp/,/taɪp/,He types with two fingers.,他用两个手指打字。
en:beyond:preposition:2,beyond,preposition,超过； 在…的那边,prep 超过； 在…的那边,/bɪ'jɑnd/,/bɪ'jɒnd/,They crossed the mountains and headed for the valleys beyond.,他们翻过山，向更远处的山谷进发。
en:practise:verb:1,practise,verb,练习； 实习； 经常做； 养成…的习惯,v 练习； 实习； 经常做； 养成…的习惯,/'præktɪs/,/'præktɪs/,They moved the furniture back to practise their dance routine.,他们把家具往后挪以便练习舞蹈动作。
en:review:verb:1,review,verb,复习；重新调查,vt 复习；重新调查；n 复习； 复查； 评论,/rɪ'vju/,/rɪ'vjuː/,The journal receives review copies(= free copies to review ) of most new software products.,这家杂志会收到大多数新软件产品的赠样以作评论之用。
en:sight:noun:2,sight,noun,情景， 风景； 视力,n 情景， 风景； 视力,/saɪt/,/saɪt/,Anne’s sight is very good for someone of her age.,安妮的视力对于她这个年龄的人来说算是非常好的。
en:voluntary:adjective:2,voluntary,adjective,自愿的,adj 自愿的,/'vɑləntɛri/,/'vɒləntri/,Workers are being encouraged to take voluntary redundancy.,工人被鼓励主动离职。
en:asleep:adjective:2,asleep,adjective,睡着的， 熟睡的,adj 睡着的， 熟睡的,/ə'slip/,/ə'sliːp/,Quiet! The baby’s asleep.,安静！ 宝宝在睡觉。
en:nobody:pronoun:2,nobody,pronoun,没有人，谁也不,pron 没有人，谁也不；n 小人物,"/'nəubədi, -bɔdi/",/'nəubədi/,I knocked on the door but nobody answered.,我敲了敲门，但没人应门。
en:guide:verb:1,guide,verb,指导； 指引,v 指导； 指引；n 向导，导游,/ɡaɪd/,/gaɪd/,Teenagers need adults to guide them.,十几岁的青少年需要大人来引导。
en:between:preposition:2,between,preposition,在之间； 在…中间,prep 在之间； 在…中间,/bəˈtwin/,/bɪ'twiːn/,in between,在中间
en:surrounding:adjective:2,surrounding,adjective,周围的,adj 周围的；n 围绕；,/sə'raʊndɪŋ/,/sə'raundɪŋ/,Troops sealed off the surrounding area .,军队封锁了周围地区。
en:goal:noun:2,goal,noun,目标； 进球得分； 球门,n 目标； 进球得分； 球门,/ɡol/,/gəul/,Your goal as a parent is to help your child become an independent adult.,身为父母，你的目标就是要培养孩子成为独立的成年人。
en:collar:noun:2,collar,noun,衣领,n 衣领,/'kɑlɚ/,/'kɒlə/,He grabbed me by the collar.,他抓住我的衣领。
en:natural:adjective:2,natural,adjective,自然的， 天然的； 天生的,adj 自然的， 天然的； 天生的,/'nætʃrəl/,/'nætʃrəl/,the study of the natural world,对自然界的研究
en:overhead:adjective:1,overhead,adjective,在高处， 在空中,adj&adv 在高处， 在空中,"/,ovɚ'hɛd/",/ˌəuvə'hed/,Bullets whizzed overhead.,子弹嗖嗖地掠过头顶。
en:conclude:verb:2,conclude,verb,推论； 断定； 完成； 结束,v 推论； 断定； 完成； 结束,/kən'klud/,/kən'kluːd/,"When the investigation is concluded, the results will be sent to the US Attorney’s office.",等到调查结束后，结果会被送到联邦检察官办公室。
en:come:verb:2,come,verb,来，来到,vi 来，来到；v 变成,/kʌm/,/kʌm/,Let me know when they come.,他们来了就告诉我。
en:comprehension:noun:2,comprehension,noun,理解,n 理解,"/,kɑmprɪ'hɛnʃən/",/ˌkɒmprɪ'henʃn/,Why you let her talk you into doing such a foolish thing is beyond my comprehension (= impossible for me to understand ) .,你怎么会被她说服去做这种蠢事，我实在是无法理解。
en:leather:noun:2,leather,noun,皮革,n 皮革,/'lɛðɚ/,/'leðə/,The inside of the bag was lined with soft leather.,这包的里面衬了软皮。
en:comb:verb:1,comb,verb,梳,v 梳；n 梳子,/kom/,/kəum/,Melanie ran upstairs to comb her hair .,梅拉妮跑上楼去梳头发。
en:exist:verb:2,exist,verb,存在， 生存,vi 存在， 生存,/ɪɡ'zɪst/,/ɪg'zɪst/,The custom of arranged marriages still exists in many countries.,许多国家仍存在包办婚姻的习俗。
en:unemployment:noun:2,unemployment,noun,失业,n 失业,"/,ʌnɪm'plɔɪmənt/",/ˌʌnɪm'plɔɪmənt/,a town where there is high unemployment,高失业率城镇
en:exact:adjective:2,exact,adjective,精确的， 准确的， 确切的,adj 精确的， 准确的， 确切的,/ɪɡ'zækt/,/ɪg'zækt/,Police are still investigating the exact cause of the accident.,警方还在调查这起事故的确切原因。
en:lift:verb:2,lift,verb,升起， 消散,vi 升起， 消散,/lɪft/,/lɪft/,He heard a scream and the hairs on the back of his neck began to lift.,他听到一声尖叫，吓得脖子后面寒毛直竖。
en:motto:noun:2,motto,noun,箴言， 格言,n 箴言， 格言,/'mɑto/,/'mɒtəu/,‘Be prepared’ is the motto of the Boy Scouts.,“时刻准备着”是童子军的格言。
en:nationwide:adjective:2,nationwide,adjective,全国性的,adj 全国性的,"/,neʃn'waɪd/",/ˌneɪʃn'waɪd/,a nationwide search for a missing British tourist,在全国范围内对一名失踪英国游客的搜寻
en:force:verb:1,force,verb,强迫，迫使,vt 强迫，迫使；n 力量， 武力,/fɔrs/,/fɔːs/,"Due to the high cost of borrowing, many companies have been forced to close.",由于借贷成本高，许多公司被迫关门。
en:centigrade:adjective:2,centigrade,adjective,摄氏的； 百分度的,adj 摄氏的； 百分度的,/'sɛntɪɡred/,/'sentɪgreɪd/,...daytime temperatures of up to forty degrees centigrade.,…高达40摄氏度的日间气温。
en:botany:noun:2,botany,noun,植物学； 植物,n 植物学； 植物,/'bɑtəni/,/'bɒtəni/,He studied botany at university.,他在大学学习植物学。
en:wear:verb:1,wear,verb,穿， 戴； 留， 蓄； 磨损， 使变旧,v 穿， 戴； 留， 蓄； 磨损， 使变旧,/wɛr/,/weə/,The cushions are starting to wear a little.,这些靠垫开始有点磨破了。
en:range:noun:2,range,noun,范围； 射程,n 范围； 射程,/rendʒ/,/reɪndʒ/,a temperature range of 72-85˚,72 度到85度之间的温度范围
en:weak:adjective:2,weak,adjective,虚弱的； 差的,adj 虚弱的； 差的,/wik/,/wiːk/,The illness left her feeling weak.,疾病使她感到身体虚弱。
en:leak:verb:1,leak,verb,漏， 泄漏,v 漏， 泄漏,/lik/,/liːk/,The roof is leaking.,屋顶在漏水。
en:impress:verb:2,impress,verb,留下印象,vt 留下印象,/ɪm'prɛs/,/ɪm'pres/,Steve borrowed his dad’s sports car to impress his girlfriend.,史蒂夫借来他爸爸的跑车向女友炫耀。
en:flat:adjective:2,flat,adjective,平的,adj 平的；n 一套房间； 公寓,/flæt/,/flæt/,houses with flat roofs,平顶房
en:get:verb:2,get,verb,变得； 到达,v 变得； 到达；vt 得到，获得,/ɡɛt/,/get/,We need to get help quickly!,我们需要马上得到帮助！
en:course:noun:2,course,noun,过程， 经过； 课程,n 过程， 经过； 课程,/kɔrs/,/kɔːs/,of course,一定，当然
en:barber:noun:1,barber,noun,理发师,n 理发师,/'bɑrbɚ/,/'bɑːbə/,"My father marched me over to Otto, the local barber, to have my hair cut short.",爸爸把我拽到当地理发师奥托跟前，让他把我的头发剪短。
en:copy:verb:2,copy,verb,复制； 抄写； 复印,v 复制； 抄写； 复印；n 抄本，副本；一本,/'kɑpi/,/'kɒpi/,"Could you copy this letter and send it out, please?",你能把这封信复印一份发出去吗？
en:precise:adjective:2,precise,adjective,精确的， 准确的,adj 精确的， 准确的,/prɪ'saɪs/,/prɪ'saɪs/,precise sales figures,准确的销售数据
en:power:noun:2,power,noun,力量； 动力,n 力量； 动力,/'paʊɚ/,/'pauə/,the pulling power (= ability to attract people or attention ) of major celebrities,大名人的吸引力
en:place:noun:2,place,noun,地方，处所,n 地方，处所；vt 放置， 安置,/ples/,/pleɪs/,Make sure you keep the key in a safe place.,一定要把钥匙放在安全的地方。
en:dare:verb:1,dare,verb,敢， 敢于,v 敢， 敢于,/dɛr/,/deə/,"He wanted to ask her, but he didn’t dare.",他想问她，但又不敢。
en:regular:adjective:2,regular,adjective,规则的； 经常的,adj 规则的； 经常的,/'rɛgjəlɚ/,/'regjələ/,The company holds regular meetings with employees.,公司定期召集雇员开会。
en:precious:adjective:2,precious,adjective,宝贵的， 珍贵的,adj 宝贵的， 珍贵的,/'prɛʃəs/,/'preʃəs/,planes delivering precious supplies of medicine and food,运送药品、食品等宝贵物资的飞机
en:sell:verb:2,sell,verb,卖， 售,v 卖， 售,/sɛl/,/sel/,"If you offer him another hundred, I think he’ll sell.",如果你再加一百元钱，我想他会卖的。
en:tired:adjective:2,tired,adjective,疲劳的， 累的； 厌烦的,adj 疲劳的， 累的； 厌烦的,/ˈtaɪrd/,/'taɪəd/,He looks tired out (= very tired ) .,他看起来累坏了。
en:tremble:verb:2,tremble,verb,颤抖， 挥动,v 颤抖， 挥动,/'trɛmbl/,/'trembl/,His lip started to tremble and then he started to cry.,他的嘴唇开始颤抖，接着就哭了起来。
en:gymnastics:noun:2,gymnastics,noun,体操， 体育,n 体操， 体育,/dʒɪm'næstɪks/,/dʒɪm'næstɪks/,a gymnastics display,体操表演
en:suspect:verb:1,suspect,verb,怀疑,v 怀疑；n 犯罪嫌疑人,/sʌspɛkt; (for v.) səˈspɛkt/,/ˈsʌspekt; (for v.) səˈspekt/,She strongly suspected he was lying to her.,她非常怀疑他在对她撒谎。
en:suggest:verb:2,suggest,verb,建议； 提出； 暗示,vt 建议； 提出； 暗示,/sə'dʒɛst/,/sə'dʒest/,The zoo asked its visitors to suggest a name for the new baby panda.,动物园请游客提建议，给刚出生的大熊猫起一个名字。
en:apologize:verb:2,apologize,verb,道歉， 谢罪,vi 道歉， 谢罪,/ə'pɑlədʒaɪz/,/ə'pɒlədʒaɪz/,"I’m so sorry, I do apologize.",非常对不起，我真心道歉。
en:expect:verb:2,expect,verb,预料； 期望； 要求,v 预料； 期望； 要求,/ɪk'spɛkt/,/ɪk'spekt/,He will be hard to beat. I fully expect (= am completely sure about ) that and I’m ready.,他很难击败。我确信这一点，不过我准备好了。
en:help:noun:1,help,noun,帮助， 帮忙； 有帮助， 有用,n&v 帮助， 帮忙； 有帮助， 有用,/hɛlp/,/help/,"If there’s anything I can do to help, just give me a call.",如果需要我帮忙，就给我打个电话。
en:depth:noun:2,depth,noun,深， 深度,n 深， 深度,/dɛpθ/,/depθ/,Astronomers may one day travel to the depths of space.,天文学家也许有一天可以到太空深处去。
en:assess:verb:2,assess,verb,估定， 评定,vt 估定， 评定,/ə'sɛs/,/ə'ses/,The test was to assess aptitude rather than academic achievement.,该测试将评估能力而不是学业成绩。
en:prescription:noun:2,prescription,noun,处方， 药方,n 处方， 药方,/prɪ'skrɪpʃən/,/prɪ'skrɪpʃn/,We are trying to cut the price of prescription drugs .,我们正努力降低处方药的价格。
en:behaviour:noun:1,behaviour,noun,[U] 行为， 举止,n [U] 行为， 举止,/bɪ'hevjər/,/bɪ'heɪvjə/,It is important to reward good behaviour.,表现好要给予奖励，这是很重要的。
en:chorus:noun:2,chorus,noun,合唱,n 合唱,/'kɔrəs/,/'kɔːrəs/,I sing with the university chorus.,我在大学合唱队里唱歌。
en:minimum:adjective:1,minimum,adjective,最小的,adj 最小的；n 最小量，最小值,/'mɪnɪməm/,/'mɪnɪməm/,The minimum number of students we need to run the course is fifteen.,我们开这门课程最少要有15个学生。
en:queue:verb:1,queue,verb,排队,vi 排队；n 行列， 长队,/kju/,/kjuː/,File not in print queue.,文件不在打印队列中。
en:apology:noun:2,apology,noun,道歉； 歉意,n 道歉； 歉意,/ə'pɑlədʒi/,/ə'pɒlədʒi/,"Edward can’t be here today, but he sends his apologies .",爱德华今天来不了，他向大家表示歉意。
en:date:noun:2,date,noun,日期；约会,n 日期；约会；vt 约会； 注明日期,/det/,/deɪt/,The date on the letter was 30th August 1962.,信上的日期是1962年8月30日。
en:magic:adjective:1,magic,adjective,有魔力的,adj 有魔力的；n 魔法，魔术,/'mædʒɪk/,/'mædʒɪk/,a book of magic spells,一本关于魔法的书
en:dress:verb:2,dress,verb,穿衣，打扮,v 穿衣，打扮；n 女服， 连衣裙； 服装,/drɛs/,/dres/,Can you wait a minute? I’m just getting dressed .,稍等一会儿，我穿下衣服就好。
en:argument:noun:2,argument,noun,[C] 争论， 辩论,n [C] 争论， 辩论,/'ɑrɡjumənt/,/'ɑːgjumənt/,We need to provide a convincing argument as to why the system should be changed.,我们得提出有说服力的论据，证明为何要改变体制。
en:passage:noun:2,passage,noun,一节； 走廊； 通道,n 一节； 走廊； 通道,/'pæsɪdʒ/,/'pæsɪdʒ/,My office is just along the passage.,我的办公室就在过道旁边。
en:theoretical:adjective:2,theoretical,adjective,理论的,adj 理论的,"/,θiə'rɛtɪkəl/",/ˌθɪə'retɪkl/,theoretical physics,理论物理
en:adequate:adjective:2,adequate,adjective,足够的， 适当的,adj 足够的， 适当的,/ˈædɪkwət/,/'ædɪkwət/,Farmers have been slow to make adequate provision for their retirement.,农民们迟迟没有为退休做好适当安排。
en:sound:noun:1,sound,noun,声，声音,n 声，声音；v 听起来；看起来；好像；adj 明智的；合理的；正确的,/saʊnd/,/saund/,There were strange sounds coming from the next room.,隔壁房间传来奇怪的声音。
en:own:adjective:1,own,adjective,自己的,adj 自己的；vt 拥有,/on/,/əun/,Bring your own equipment.,带上你自己的装备。
en:hopeful:adjective:2,hopeful,adjective,有希望的； 有前途的,adj 有希望的； 有前途的,/'hopfl/,/'həupfl/,The vote is a hopeful sign that attitudes in the church are changing.,投票结果是个好兆头，表明教会的态度正在转变。
en:dozen:noun:2,dozen,noun,十二个； 许多,n 十二个； 许多,/'dʌzn/,/'dʌzn/,We collected dozens and dozens of shells on the beach.,我们在海滩上捡了很多很多贝壳。
en:translate:verb:2,translate,verb,翻译,v 翻译,/træns'let/,/træns'leɪt/,Poetry doesn’t usually translate well.,诗歌通常都译不好。
en:drug:noun:2,drug,noun,药， 药物； 毒品,n 药， 药物； 毒品,/drʌg/,/drʌg/,A lot of young people start taking drugs at school.,许多年轻人上学时开始吸毒。
en:barrier:noun:2,barrier,noun,栅栏， 挡板； 障碍,n 栅栏， 挡板； 障碍,/'bærɪɚ/,/'bæriə/,He advocated the removal of trade barriers.,他提倡消除贸易壁垒。
en:plain:adjective:2,plain,adjective,平常的，普通的；明白的,adj 平常的，普通的；明白的；n 草原,/plen/,/pleɪn/,The advantages were plain to see.,优势显而易见。
en:should:modal-verb:1,should,modal verb,应当，应该 〔用于提供或征求建议〕,modal verb 应当，应该 〔用于提供或征求建议〕,/ʃəd; strong form ʃʊd/,/ʃud/,What should I do? Should I trust him?,我该怎么办？我应该相信他吗？
en:only:adverb:2,only,adverb,只， 仅仅,adv 只， 仅仅；adj 唯一的，仅有的,/onlɪ/,/'əunli/,Naomi was only 17 when she got married.,娜奥米结婚时才17岁。
en:create:verb:2,create,verb,创造； 造成,vt 创造； 造成,/krɪ'et/,/kri'eɪt/,Some people believe the universe was created by a big explosion.,有些人认为宇宙是通过一次大爆炸创造出来的。
en:justice:noun:2,justice,noun,正义， 公正； 司法,n 正义， 公正； 司法,/'dʒʌstɪs/,/'dʒʌstɪs/,No one doubts the justice of our cause.,没有人怀疑我们的事业是正义的。
en:criminal:noun:2,criminal,noun,罪犯,n 罪犯,/'krɪmɪnl/,/'krɪmɪnl/,Police have described the man as a violent and dangerous criminal.,警方形容那名男子是个凶暴而危险的罪犯。
en:blow:verb:1,blow,verb,吹 ； 刮风,v 吹 ； 刮风；n 击，打击,/blo/,/bləu/,A cold breeze was blowing hard .,寒风劲吹。
en:curious:adjective:2,curious,adjective,好奇的； 奇异的,adj 好奇的； 奇异的,/'kjʊrɪəs/,/'kjuəriəs/,Puppies are naturally curious.,小狗天生好奇。
en:proud:adjective:2,proud,adjective,自豪的， 骄傲的,adj 自豪的， 骄傲的,/praʊd/,/praud/,Seth was the proud owner of a new sports car.,赛思因为有了新跑车而扬扬得意。
en:like:verb:2,like,verb,喜欢， 喜爱,v 喜欢， 喜爱；prep 像，跟…一样；n 爱好,/laɪk/,/laɪk/,I like your jacket.,我喜欢你这件上衣。
en:ugly:adjective:2,ugly,adjective,丑陋的， 难看的,adj 丑陋的， 难看的,/'ʌɡli/,/'ʌgli/,a very ugly man,非常丑陋的男子
en:earthquake:noun:2,earthquake,noun,地震,n 地震,/'ɝθ'kwek/,/'ɜːθkweɪk/,An earthquake measuring 6.1 on the Richter scale struck southern California on June 28.,6月28日加州南部地区发生了里氏6.1级地震。
en:tax:noun:1,tax,noun,税， 税款,n 税， 税款,/tæks/,/tæks/,No-one enjoys paying tax.,没人喜欢缴税。
en:towards:preposition:1,towards,preposition,向， 朝， 对于,prep 向， 朝， 对于,/tɔrdz/,/tə'wɔːd(z)/,He noticed two policemen coming towards him.,他注意到两名警察正朝他走来。
en:messy:adjective:2,messy,adjective,乱七八糟的,adj 乱七八糟的,/'mɛsi/,/'mesi/,Don't worry if this first coat of paint looks messy.,如果这第一层油漆看上去有点脏的话，不用担心。
en:embassy:noun:2,embassy,noun,大使馆,n 大使馆,/'ɛmbəsi/,/'embəsi/,the American Embassy in Paris,美国驻巴黎大使馆
en:rectangle:adjective:1,rectangle,adjective,长方形的,adj 长方形的；n 长方形,/'rɛktæŋɡl/,/'rektæŋgl/,"Yes, it is like a rectangle.",是的，它象一个长方形。
en:fragile:adjective:2,fragile,adjective,易碎的， 脆的,adj 易碎的， 脆的,/'frædʒəl/,/'frædʒaɪl/,Be careful with that vase – it’s very fragile.,小心那只花瓶——很容易打碎的。
en:departure:noun:2,departure,noun,离开； 背离； 违反,n 离开； 背离； 违反,/dɪ'pɑrtʃɚ/,/dɪ'pɑːtʃə/,...the president's departure for Helsinki.,…总统前往赫尔辛基。
en:dash:verb:1,dash,verb,快跑，猛撞,v 快跑，猛撞；n 快跑， 猛撞； 少量,/dæʃ/,/dæʃ/,Suddenly she dashed down to the cellar.,她猛地朝地窖冲过去。
en:send:verb:2,send,verb,打发， 派遣； 送， 邮寄,vt 打发， 派遣； 送， 邮寄,/sɛnd/,/send/,Lyn sent some pictures of the wedding.,琳恩寄了几张婚礼照片。
en:concrete:adjective:2,concrete,adjective,具体的； 有形的,adj 具体的； 有形的,/'kɑŋkrit/,/'kɒŋkriːt/,What does that mean in concrete terms ?,具体来说那到底是什么意思？
en:note:noun:2,note,noun,便条，笔记，注释,n 便条，笔记，注释；vt 记录， 注意,/not/,/nəut/,Can I borrow your lecture notes?,我能不能借用一下你的课堂笔记？
en:everybody:pronoun:2,everybody,pronoun,每人， 人人,pron 每人， 人人,/'ɛvrɪbɑdi/,/'evribɒdi/,We like everybody to say what they think.,我们喜欢让人人都说出他们的看法。
en:sail:verb:2,sail,verb,航行，开航,v 航行，开航；n 帆； 航行,/sel/,/seɪl/,Three tall ships sailed past.,三艘大船驶了过去。
en:cab:noun:2,cab,noun,出租车； 驾驶室,n 出租车； 驾驶室,/kæb/,/kæb/,New York’s yellow cabs,纽约的黄色出租车
en:purpose:noun:2,purpose,noun,目的， 意图,n 目的， 意图,/'pɝpəs/,/'pɜːpəs/,Nick had no particular purpose in mind when he started.,尼克开始的时候头脑中并没有明确的目标。
en:regret:noun:2,regret,noun,遗憾，懊悔；令人遗憾的事,n 遗憾，懊悔；令人遗憾的事；vt 遗憾； 后悔,/rɪ'ɡrɛt/,/rɪ'gret/,It is with great regret that I must decline your offer.,很遗憾，我不得不谢绝你的好意。
en:line:verb:1,line,verb,画线于， 成行,v 画线于， 成行；n 直线；排,/laɪn/,/laɪn/,Crowds lined the route to the palace.,人群夹道站在通往王宫的路上。
en:stout:adjective:2,stout,adjective,结实的， 矮胖的,adj 结实的， 矮胖的,/staʊt/,/staut/,a stout pair of shoes,一双厚实耐穿的鞋子
en:link:verb:1,link,verb,连接，联合,v 连接，联合；n 链环， 链接,/lɪŋk/,/lɪŋk/,"He walked with her, linking arms (= putting his arm around her arm ).",他与她挽臂同行。
en:flee:verb:2,flee,verb,逃走， 逃跑,v 逃走， 逃跑,/fli/,/fliː/,His attackers turned and fled.,袭击他的人转身逃走了。
en:weep:verb:2,weep,verb,哭泣， 流泪,v 哭泣， 流泪,/wip/,/wiːp/,James broke down and wept.,詹姆斯控制不住感情，哭了起来。
en:tune:noun:2,tune,noun,曲调， 调子,n 曲调， 调子,/tun/,/tjuːn/,That’s a nice tune.,那曲调很美。
en:aware:adjective:2,aware,adjective,知道的， 意识到的,adj 知道的， 意识到的,/ə'wɛr/,/ə'weə/,Mr Braley has been made aware of the need for absolute secrecy.,布雷利先生被告知需要绝对保密。
en:can:noun:1,can,noun,罐头； 铁罐； 垃圾桶,n 罐头； 铁罐； 垃圾桶,/kæn/,/kæn/,Two large cans of paint ought to be enough.,两大桶油漆应该够了。
en:security:noun:2,security,noun,安全,n 安全,/sə'kjʊrəti/,/sɪ'kjuərəti/,The trial was held under tight security .,这场审讯是在戒备森严的情况下进行的。
en:award:noun:1,award,noun,奖品， 奖励,n 奖品， 奖励,/ə'wɔrd/,/ə'wɔːd/,The movie has won a number of awards.,该片获得了多个奖项。
en:ready:adjective:2,ready,adjective,准备就绪的,adj 准备就绪的,/'rɛdi/,/'redi/,Come on. Aren’t you ready yet?,快点，你还没准备好吗？
en:alarm:noun:2,alarm,noun,警报,n 警报,/ə'lɑrm/,/ə'lɑːm/,I forgot to set the burglar alarm.,我忘记打开防盗警报器了。
en:weed:noun:1,weed,noun,野草， 杂草,n 野草， 杂草,/wid/,/wiːd/,the constant battle against weeds,对付杂草的长期斗争
en:herb:noun:2,herb,noun,草药,n 草药,/ɝb/,/hɜːb/,Sprinkle the dish with chopped fresh herbs.,在菜肴上撒些切碎的新鲜香草。
en:unconscious:adjective:2,unconscious,adjective,不省人事的， 无意识的,adj 不省人事的， 无意识的,/ʌn'kɑnʃəs/,/ʌn'kɒnʃəs/,She was found alive but unconscious.,她被找到时还活着，但已不省人事。
en:rainfall:noun:2,rainfall,noun,一场雨； 降雨量,n 一场雨； 降雨量,/'ren'fɔl/,/'reɪnfɔːl/,We’ve had a long period of low rainfall.,我们已有很长一段时间雨量偏低。
en:cost:noun:1,cost,noun,成本；代价,n 成本；代价；vt 花费； 使付出,/kɔst/,/kɒst/,I offered to pay the cost of the taxi.,我提出支付出租车费。
en:will:noun:2,will,noun,意志； 遗嘱,n 意志； 遗嘱,/wɪl/,/wɪl/,Children sometimes have strong wills.,小孩子有时有很强的意志力。
en:satisfy:verb:1,satisfy,verb,满足， 使满意,v 满足， 使满意,/'sætɪsfaɪ/,/'sætɪsfaɪ/,Nothing I did would ever satisfy my father.,我做什么都不能让父亲满意。
en:smoke:verb:1,smoke,verb,冒烟； 吸烟,v 冒烟； 吸烟；n 烟,/smok/,/sməuk/,I don’t smoke and I don’t drink much.,我不吸烟，酒也喝得不多。
en:match:verb:2,match,verb,相配，相称,v 相配，相称；n 比赛； 火柴,/mætʃ/,/mætʃ/,We painted the cabinets green to match the rug.,我们把柜子刷成绿色，和地毯相配。
en:arbitrary:adjective:2,arbitrary,adjective,武断的； 任意的,adj 武断的； 任意的,/ˈɑːrbətreri/,/'ɑːbɪtrəri/,an arbitrary decision,武断的决定
en:cuisine:noun:2,cuisine,noun,烹饪， 烹饪术,n 烹饪， 烹饪术,/kwɪ'zin/,/kwɪ'ziːn/,French cuisine,法式烹饪
en:fault:noun:2,fault,noun,过错， 缺点， 毛病,n 过错， 缺点， 毛病,/fɔlt/,/fɔːlt/,I’m really sorry - it’s all my fault.,我真的很抱歉——都是我的错。
en:follow:verb:2,follow,verb,跟随； 遵循； 仿效,v 跟随； 遵循； 仿效,/'fɑlo/,/'fɒləu/,Are those men following us?,那些人在跟着我们吗？
en:passive:adjective:2,passive,adjective,被动的； 消极的,adj 被动的； 消极的,/'pæsɪv/,/'pæsɪv/,Kathy seems to take a very passive role in the relationship.,凯茜在这一关系中似乎扮演着十分被动的角色。
en:hard-working:adjective:1,hard-working,adjective,勤劳的， 辛勤工作的,adj 勤劳的， 辛勤工作的,,/ˌhɑːd'wɜːkɪŋ/,a hard-working teacher,努力工作的老师
en:carrier:noun:2,carrier,noun,搬运者； 置物架,n 搬运者； 置物架,/'kærɪɚ/,/'kæriə/,a baby carrier,婴儿背带
en:dignity:noun:2,dignity,noun,尊严； 高贵,n 尊严； 高贵,/'dɪɡnəti/,/'dɪgnəti/,an appearance of quiet dignity,肃穆的神态
en:challenge:noun:2,challenge,noun,挑战；挑战性,n 挑战；挑战性；vt 挑战,/'tʃælɪndʒ/,/'tʃæləndʒ/,They threw down the challenge that he couldn’t wash 40 cars in one hour (= invited him to try to do it ) .,他们激将他，说他不可能在1小时内擦洗40辆汽车。
en:category:noun:2,category,noun,种类,n 种类,/'kætəɡɔri/,/'kætəgəri/,people in the over-45 age category,属45岁以上年龄组的人
en:cosy:adjective:2,cosy,adjective,暖和舒服的； 舒适的,adj 暖和舒服的； 舒适的,/ˈkozi/,/'kəuzi/,The living room was warm and cosy .,客厅暖和又舒适。
en:intend:verb:1,intend,verb,想要， 打算,v 想要， 打算,/ɪn'tɛnd/,/ɪn'tend/,Maybe he intends to leave her.,也许他打算离开她。
en:wild:adjective:2,wild,adjective,野生的,adj 野生的,/waɪld/,/waɪld/,"{""COLLOINEXA"":[""wild animals""]}",野生动物
