sense_uid,lemma,pos,quiz_prompt_zh,gloss_zh,ipa_us,ipa_uk,example_en,example_zh
en:ability:noun:1,ability,noun,能力，能耐；才能,n 能力，能耐；才能,/ə'bɪləti/,/ə'bɪlɪtɪ/,The test measures your mathematical ability.,这种测试考查的是数学能力。
en:able:adjective:1,able,adjective,能；[经管] 有能力的；能干的,adj 能；[经管] 有能力的；能干的；n (Able)人名；(伊朗)阿布勒；(英)埃布尔,/'ebl/,/'eɪb(ə)l/,one of my more able students,我班上能力比较强的学生之一
en:about:preposition:1,about,preposition,关于；大约,prep 关于；大约；adj 在附近的；四处走动的；在起作用的；adv 大约；周围；到处；n 大致；粗枝大叶；不拘小节的人,/ə'baʊt/,/ə'baʊt/,a book about politics,一本有关政治的书
en:above:preposition:1,above,preposition,超过；在……上面；在……之上,prep 超过；在……上面；在……之上；adv 在上面；在上文；adj 上文的；n 上文,/ə'bʌv/,/ə'bʌv/,Our office is above the hairdresser’s.,我们的办公室在理发店上面。
en:abroad:adverb:1,abroad,adverb,在国外；到海外,adv 在国外；到海外；adj 往国外的；n 海外；异国,/ə'brɔd/,/ə'brɔːd/,I’ve never lived abroad before.,我以前从未在国外生活过。
en:absent:adjective:1,absent,adjective,缺席的；缺少的；心不在焉的；茫然的,adj 缺席的；缺少的；心不在焉的；茫然的；v 使缺席,/ˈæbsənt/,/'æbs(ə)nt/,"The dull, absent look on her face implied boredom.",她脸上呆滞、茫然的神情说明她觉得无聊了。
en:accent:noun:1,accent,noun,口音；重音；强调；特点；重音符号,n 口音；重音；强调；特点；重音符号；v 强调；重读；带…口音讲话,/'æksɛnt/,/'æks(ə)nt; -sent/,He had a strong Irish accent,他有浓重的爱尔兰口音。
en:accept:verb:1,accept,verb,接受；承认；承担；承兑；容纳,v 接受；承认；承担；承兑；容纳,/ækˈsɛpt; əkˈsɛpt/,/ə'ksept/,Rick accepted her offer of coffee.,她请里克喝咖啡，他接受了。
en:accident:noun:1,accident,noun,事故；意外；[法] 意外事件；机遇,n 事故；意外；[法] 意外事件；机遇,/'æksədənt/,/'æksɪdənt/,I met her quite by accident (= completely by accident ) .,我遇见她完全是偶然。
en:ache:verb:1,ache,verb,疼痛；渴望,v 疼痛；渴望；n 疼痛,/ek/,/eɪk/,His feet were aching from standing so long.,他站了那么久，双脚隐隐作痛。
en:achieve:verb:1,achieve,verb,取得；获得；实现；成功,v 取得；获得；实现；成功,/ə'tʃiv/,/ə'tʃiːv/,Frances achieved very good exam results.,弗朗西丝考试取得了优异成绩。
en:across:preposition:1,across,preposition,穿过；横穿,prep 穿过；横穿；adv 横过；在对面,/ə'krɔs/,/ə'krɒs/,We can gain some time if we cut across this field.,我们如果抄近路穿过这片田野可以省下一些时间。
en:act:verb:1,act,verb,扮演；装作，举动像,v 扮演；装作，举动像；n 行为，行动；法令，法案；（戏剧，歌剧的）一幕，段；装腔作势,/ækt/,/ækt/,I first started acting when I was 12 years old.,我12岁开始演戏。
en:action:noun:1,action,noun,行动；活动；功能；战斗；情节,n 行动；活动；功能；战斗；情节,/'ækʃən/,/'ækʃ(ə)n/,The government must take action (= do something ) now to stop the rise in violent crime.,政府现在必须采取行动遏止暴力犯罪的上升。
en:active:adjective:1,active,adjective,积极的；活跃的；主动的；有效的；现役的,adj 积极的；活跃的；主动的；有效的；现役的；n 主动语态；积极分子,/'æktɪv/,/'æktɪv/,games for active youngsters,活跃好动的年轻人玩的游戏
en:activity:noun:1,activity,noun,活动；行动；活跃,n 活动；行动；活跃,/æk'tɪviti/,/æk'tɪvɪtɪ/,Everyone is free to engage in peaceful political activity.,每个人都可以自由参加和平的政治活动。
en:add:verb:1,add,verb,加；增加；加起来；做加法,v 加；增加；加起来；做加法；n 加法，加法运算,/æd/,/æd/,"If the mixture seems dry, add water.",如果混合物看上去干，加点水。
en:address:verb:1,address,verb,演说；从事；忙于；写姓名地址；向…致辞；与…说话；提出；处理,v 演说；从事；忙于；写姓名地址；向…致辞；与…说话；提出；处理；n 地址；演讲；致辞；说话的技巧；称呼,/ə'drɛs/,/ə'dres/,"Send a stamped, self-addressed envelope (= with your address on it so it can be sent back to you ) .",寄上一个贴好邮票的、写有回邮地址的信封。
en:advertisement:noun:1,advertisement,noun,广告，宣传,n 广告，宣传,"/,ædvɚ'taɪzmənt/",/əd'vɜːtɪzm(ə)nt; -tɪs-/,"They put an advertisement in ‘The Morning News’, offering a high salary for the right person.",他们在《晨报》上刊登了一则启事，出高薪寻找合适的人选。
en:advice:noun:1,advice,noun,建议；忠告；劝告；通知,n 建议；忠告；劝告；通知,/ædˈvaɪs; əd'vaɪs/,/əd'vaɪs/,You should have followed my advice.,你真该听我的建议。
en:advise:verb:1,advise,verb,建议；劝告，忠告；通知；警告,v 建议；劝告，忠告；通知；警告,/əd'vaɪz/,/əd'vaɪz/,She needed someone to advise her.,她需要有个人给她出主意。
en:afford:verb:1,afford,verb,给予，提供；买得起,v 给予，提供；买得起；n (Afford)人名；(英)阿福德,/ə'fɔrd/,/ə'fɔːd/,The room affords a beautiful view over the city.,这房间可以俯瞰城市美景。
en:afraid:adjective:1,afraid,adjective,害怕的；恐怕；担心的,adj 害怕的；恐怕；担心的,/ə'fred/,/ə'freɪd/,There’s no need to be afraid.,没有必要害怕。
en:after:adverb:1,after,adverb,后来，以后,adv 后来，以后；prep 在……之后；conj 在……之后；adj 以后的,/'æftɚ/,/'ɑːftə/,Tomorrow. Or the day after.,明天。或者后天。
en:afternoon:noun:1,afternoon,noun,午后，下午,n 午后，下午,"/,æftɚ'nun/",/ɑːftə'nuːn/,There’s a meeting on Thursday afternoon .,星期四下午有个会议。
en:again:adverb:1,again,adverb,又，此外；再一次；再说；增加,adv 又，此外；再一次；再说；增加；n （英、保）阿盖恩,/ə'ɡɛn/,/ə'gen; ə'geɪn/,Can you say that again? I didn’t hear.,你能再说一遍吗？ 我没听见。
en:against:preposition:1,against,preposition,反对，违反；靠；倚；防备,prep 反对，违反；靠；倚；防备；adj 不利的；对立的,/ə'ɡɛnst/,/ə'genst; ə'geɪnst/,There was a ladder propped up against the wall.,有一把梯子靠在墙边。
en:age:noun:1,age,noun,年龄；时代；寿命，使用年限；阶段,n 年龄；时代；寿命，使用年限；阶段；v 成熟；变老,/edʒ/,/eɪdʒ/,Francis is the same age as me.,弗朗西斯和我同年岁。
en:ago:adverb:1,ago,adverb,以前，以往,adv 以前，以往；adj 以前的；过去的；n (Ago)人名；(英、西、意、塞、瑞典)阿戈,/ə'ɡo/,/ə'gəʊ/,They moved to a new house some time ago (= a fairly long time ago ) .,他们搬进新居已有些日子了。
en:agree:verb:1,agree,verb,同意，赞成；承认；约定，商定,v 同意，赞成；承认；约定，商定,/ə'ɡri/,/ə'griː/,Teenagers and their parents rarely agree.,十几岁的孩子跟父母意见很少一致。
en:agreement:noun:1,agreement,noun,协议；同意，一致,n 协议；同意，一致,/ə'grimənt/,/ə'griːm(ə)nt/,It is easier for two parties to reach agreement than for three.,两方达成一致比三方达成一致容易。
en:air:noun:1,air,noun,空气，大气；天空；样子；曲调,n 空气，大气；天空；样子；曲调；v 使通风，晾干；夸耀,/ɛr/,/eə/,Let’s go outside and get some fresh air.,我们出去呼吸些新鲜空气吧。
en:airline:noun:1,airline,noun,航空公司；航线,n 航空公司；航线；adj 航线的,/'ɛrlaɪn/,/'eəlaɪn/,an airline pilot,航空公司飞行员
en:airplane:noun:1,airplane,noun,飞机,n 飞机,/ˈerpleɪn/,/'eəpleɪn/,The airplane cracked up in landing.,这架飞机在着陆时坠毁。
en:airport:noun:1,airport,noun,机场；航空站,n 机场；航空站,/'ɛr'pɔrt/,/'eəpɔːt/,The plane landed at Heathrow Airport.,飞机降落在希思罗机场。
en:alive:adjective:1,alive,adjective,活着的；活泼的；有生气的,adj 活着的；活泼的；有生气的,/ə'laɪv/,/ə'laɪv/,It was a bad accident – they’re lucky to be alive.,这是一宗严重事故——他们能活着实属幸运。
en:all:adjective:1,all,adjective,全部的,adj 全部的；adv 全然地；越发；n 全部；pron 全部,/ɔl/,/ɔːl/,"You shouldn’t be sitting here by yourself, all alone.",你不应该一个人孤零零地坐在这儿。
en:allow:verb:1,allow,verb,允许；给予；认可,v 允许；给予；认可,/ə'laʊ/,/ə'laʊ/,We don’t allow diving in the pool.,泳池内禁止跳水。
en:almost:adverb:1,almost,adverb,差不多，几乎,adv 差不多，几乎,/'ɔlmost/,/'ɔːlməʊst/,Have you almost finished?,你差不多完成了吗？
en:alone:adjective:1,alone,adjective,独自的；单独的；孤独的,adj 独自的；单独的；孤独的；adv 独自地；单独地,/ə'lon/,/ə'ləʊn/,She lives alone .,她一个人生活。
en:along:adverb:1,along,adverb,一起；向前；来到,adv 一起；向前；来到；prep 沿着；顺着,/ə'lɔŋ/,/ə'lɒŋ/,"I was driving along, thinking about Chris.",我一边开车，一边想着克里斯。
en:aloud:adverb:1,aloud,adverb,大声地；出声地,adv 大声地；出声地,/ə'laʊd/,/ə'laʊd/,"When we were children, our father read aloud to us.",当我们是孩子时，我们的父亲大声地朗读给我们听。
en:already:adverb:1,already,adverb,已经，早已；先前,adv 已经，早已；先前,/ɔl'rɛdi/,/ɔːl'redɪ/,The design of the new house is similar to those that have already been built.,新房的设计与那些已建好的房子相似。
en:also:adverb:1,also,adverb,也；而且；同样,adv 也；而且；同样；conj 并且；另外；n (Also)人名；(罗)阿尔索,/'ɔlso/,/'ɔːlsəʊ/,Information is also available on women’s health care.,还可以获得有关女性保健方面的资料。
en:although:conjunction:1,although,conjunction,尽管；虽然；但是；然而,conj 尽管；虽然；但是；然而,/ɔl'ðo/,/ɔːl'ðəʊ; ɒl-/,"Although in poor health, she continued to carry out her duties.",尽管身体不好，她仍继续执行任务。
en:always:adverb:1,always,adverb,永远，一直；总是；常常,adv 永远，一直；总是；常常,/'ɔlwez/,/'ɔːlweɪz; -ɪz/,Always lock your bicycle to something secure.,每次都要把自行车锁在牢固的物体上。
en:america:noun:1,America,noun,美洲（包括北美和南美洲）；美国,n 美洲（包括北美和南美洲）；美国,/əˈmɛrɪkə/,/ə'merɪkə/,"I may go to America or I may not,it all depends.",我也许去美国，也许不去，要视情况而定。
en:american:noun:1,American,noun,美国人，美洲人；美国英语,n 美国人，美洲人；美国英语；adj 美国的，美洲的；地道美国式的,/əˈmɛrɪkən/,/əmerɪkən/,The 1990 Nobel Prize for medicine was won by two Americans.,两名美国人获得了1990年度诺贝尔医学奖。
en:among:preposition:1,among,preposition,在…中间；在…之中,prep 在…中间；在…之中,/ə'mʌŋ/,/ə'mʌŋ/,The girl quickly disappeared among the crowd.,女孩转眼消失在人群中。
en:ancient:adjective:1,ancient,adjective,古代的；古老的，过时的；年老的,adj 古代的；古老的，过时的；年老的；n 古代人；老人,/ˈeɪnʃənt/,/'eɪnʃ(ə)nt/,the ancient civilizations of Asia,亚洲的古代文明
en:and:conjunction:1,and,conjunction,和，与；就；而且；但是；然后,conj 和，与；就；而且；但是；然后；n (And)人名；(土、瑞典)安德,"/ənd, ən,ænd/",/ənd; (ə)n; ænd/,He’s gone to get some fish and chips.,他去买炸鱼薯条了。
en:angry:adjective:1,angry,adjective,生气的；愤怒的；狂暴的；（伤口等）发炎的,adj 生气的；愤怒的；狂暴的；（伤口等）发炎的,/'æŋɡri/,/'æŋgrɪ/,I was angry because he hadn’t told me his plans.,我很生气，因为他没有告诉我他的计划。
en:animal:noun:1,animal,noun,动物,n 动物,/'ænɪml/,/'ænɪm(ə)l/,furry little animals,毛茸茸的小动物
en:another:adjective:1,another,adjective,又一，另一；另外的；不同的,adj 又一，另一；另外的；不同的；pron 另一个；又一个；prep 另一个；另一个人,/ə'nʌðɚ/,/ə'nʌðə/,Can you cite another case like this one?,你能举出另一个像这样的例子吗?
en:answer:verb:1,answer,verb,回答；符合,v 回答；符合；n 回答；答案；答辩,/'ænsɚ/,/'ɑːnsə/,She thought for a moment before answering.,她想了一会儿才回答。
en:ant:noun:1,ant,noun,蚂蚁,n 蚂蚁,/ænt/,/ænt/,Ants swarmed up out of the ground and covered her shoes and legs.,蚂蚁从地里成群地爬出来，爬满了她的鞋和腿。
en:any:adjective:1,any,adjective,任何的；所有的；丝毫,adj 任何的；所有的；丝毫；pron 任何；任何一个；若干；adv 稍微；少许；n (Any)人名；(法、罗)阿尼,/'ɛni/,/'enɪ/,We should be prepared for any contingency.,我们应该对任何应急情况有所准备。
en:anyone:pronoun:1,anyone,pronoun,任何人；任何一个,pron 任何人；任何一个,/'ɛnɪ'wʌn/,/'enɪwʌn/,Anyone could win tonight.,今晚任何人都可能赢。
en:anything:pronoun:1,anything,pronoun,任何事,pron 任何事,/'ɛnɪ'θɪŋ/,/'enɪθɪŋ/,You can buy anything you want.,你想要什么都可以买。
en:anyway:adverb:1,anyway,adverb,无论如何，不管怎样；总之,adv 无论如何，不管怎样；总之,/'ɛnɪ'we/,/'enɪweɪ/,"Catherine wasn’t sure the book was the right one, but she bought it anyway.",凯瑟琳不能确定就是这本书，但她还是买了。
en:anywhere:adverb:1,anywhere,adverb,在任何地方；无论何处,adv 在任何地方；无论何处；n 任何地方,/'ɛnɪwɛr/,/'enɪweə/,Sit anywhere you like.,你随便坐吧。
en:appear:verb:1,appear,verb,出现；显得；似乎；出庭；登场,v 出现；显得；似乎；出庭；登场,/ə'pɪr/,/ə'pɪə/,Police have found what appear to be human remains.,警方发现了疑似人体遗骸的东西。
en:apple:noun:1,apple,noun,苹果，苹果树，苹果似的东西；[美俚]炸弹，手榴弹，（棒球的）球；[美俚]人，家伙。,n 苹果，苹果树，苹果似的东西；[美俚]炸弹，手榴弹，（棒球的）球；[美俚]人，家伙。,/'æpl/,/'æp(ə)l/,apple pie,苹果馅饼
en:april:noun:1,April,noun,四月,n 四月,/'eprəl/,/'eɪprəl/,The changes will be introduced in April.,这些变更将于4月实施。
en:area:noun:1,area,noun,区域，地区；面积；范围,n 区域，地区；面积；范围,/'ɛrɪə/,/'eərɪə/,Only cheeses made in this area may be labelled ‘Roquefort.’,只有这个地区出产的干酪才能被称作“罗克福尔干酪”。
en:arm:noun:1,arm,noun,手臂；武器；袖子；装备；部门,n 手臂；武器；袖子；装备；部门；v 武装起来,/ɑrm/,/ɑːm/,Dave has a broken arm .,戴夫手臂断了。
en:army:noun:1,army,noun,陆军，军队,n 陆军，军队,/'ɑrmi/,/'ɑːmɪ/,The army are helping to clear up after the floods.,陆军部队正协助洪灾后的清理工作。
en:around:adverb:1,around,adverb,大约；到处；在附近,adv 大约；到处；在附近；prep 四处；在…周围,/ə'raʊnd/,/ə'raʊnd/,"He wandered around the streets, looking in shop windows.",他在街上闲逛，看看商店橱窗。
en:arrive:verb:1,arrive,verb,到达；成功；达成；出生,v 到达；成功；达成；出生；n (Arrive)人名；(法)阿里夫,/ə'raɪv/,/ə'raɪv/,Give me a call to let me know you’ve arrived safely.,打个电话给我，告诉我你已平安到达。
en:art:noun:1,art,noun,艺术；美术；艺术品,n 艺术；美术；艺术品；adj 艺术的；艺术品的；v 是（be的变体）,/ɑrt/,/ɑːt/,the Museum of Modern Art in New York,纽约现代艺术博物馆
en:article:noun:1,article,noun,文章；物品；条款；[语] 冠词,n 文章；物品；条款；[语] 冠词；v 订约将…收为学徒或见习生；使…受协议条款的约束,/'ɑrtɪkl/,/'ɑːtɪk(ə)l/,The paper’s leading article (= the main article ) described the government as weak.,该报社论称政府软弱。
en:as:conjunction:1,as,conjunction,因为；随着；虽然；依照；当…时,conj 因为；随着；虽然；依照；当…时；prep 如同；当作；以…的身份；adv 同样地；和…一样的,"/æz,əz/",/æz; əz/,I saw Peter as I was getting off the bus.,我下公共汽车的时候看见了彼得。
en:asia:noun:1,Asia,noun,亚洲,n 亚洲,/ˈeʒə;ˈeʃə/,/ˈeɪʒə;ˈeɪʃə/,The European powers extended their authority in Asia.,欧洲列强在亚洲扩大他们的管辖权。
en:asian:noun:1,Asian,noun,亚洲人,n 亚洲人；adj 亚洲的；亚洲人的,"/ˈeʒən, ˈeʃən/",/'eiʃən/,Many of the shops were run by Asians.,这些商店中有许多是由亚洲人经营的。
en:ask:verb:1,ask,verb,问，询问；要求；需要；邀请；讨价,v 问，询问；要求；需要；邀请；讨价；n (Ask)人名；(芬、瑞典)阿斯克,/æsk/,/ɑːsk/,‘What’s your name?’ she asked.,“你叫什么名字？”她问道 。
en:asleep:adjective:1,asleep,adjective,睡着的；麻木的；长眠的,adj 睡着的；麻木的；长眠的；adv 熟睡地；进入睡眠状态,/ə'slip/,/ə'sliːp/,Quiet! The baby’s asleep.,安静！ 宝宝在睡觉。
en:at:preposition:1,at,preposition,在（表示存在或出现的地点、场所、位置、空间）；以（某种价格、速度等）；向；达；因为；朝；忙于,prep 在（表示存在或出现的地点、场所、位置、空间）；以（某种价格、速度等）；向；达；因为；朝；忙于；n 阿特（老挝货币基本单位att）；[化]砹（极不稳定放射性元素）；abbr 密封的（airtight）；气温（air temperature）,,/æt; ət/,I met my wife at a disco.,我在迪斯科舞会上认识了我的妻子。
en:atlantic:noun:1,Atlantic,noun,大西洋,n 大西洋；adj 大西洋的,/ət'læntɪk/,/æt'læntɪk/,They underlaid the Atlantic with a cable.,他们在大西洋海底铺设了一条电缆。
en:attention:noun:1,attention,noun,注意力；关心；立正！（口令）,n 注意力；关心；立正！（口令）,/ə'tɛnʃən/,/ə'tenʃ(ə)n/,My attention wasn’t really on the game.,我的注意力其实不在比赛上。
en:august:adjective:1,August,adjective,威严的；令人敬畏的,adj 威严的；令人敬畏的；n 八月（简写为Aug）,/ɔɡəst/,/ɔ:ˈgʌst/,The world premiere took place in August 1956.,全球首映是在1956年8月。
en:aunt:noun:1,aunt,noun,阿姨；姑妈；伯母；舅妈,n 阿姨；姑妈；伯母；舅妈,/ænt/,/ɑːnt/,Aunt Mary,玛丽姑妈
en:australia:noun:1,Australia,noun,澳大利亚，澳洲,n 澳大利亚，澳洲,/ɔ'streljə/,/ɒ'streɪlɪə/,He transplanted his family to Australia.,他把家迁到澳大利亚。
en:australian:adjective:1,Australian,adjective,澳大利亚的，澳大利亚人的,adj 澳大利亚的，澳大利亚人的；n 澳大利亚人,/ɑ'strelɪən/,,She went solo backpacking for eight months in the Australian outback.,她在澳大利亚内陆独自背包旅行了八个月。
en:autumn:noun:1,autumn,noun,秋天；成熟期；渐衰期，凋落期,n 秋天；成熟期；渐衰期，凋落期；adj 秋天的，秋季的,/'ɔtəm/,/'ɔːtəm/,autumn mists,秋天的雾霭
en:available:adjective:1,available,adjective,可获得的；可购得的；可找到的；有空的,adj 可获得的；可购得的；可找到的；有空的,/ə'veləbl/,/ə'veɪləb(ə)l/,Tickets are available from the box office.,售票处有票出售。
en:avoid:verb:1,avoid,verb,避免；避开，躲避；消除,v 避免；避开，躲避；消除,/ə'vɔɪd/,/ə'vɒɪd/,Road safety is taught to young children to avoid road accidents.,小孩子受到道路安全知识的教育，以避免交通事故。
en:away:adverb:1,away,adverb,离去，离开；在远处,adv 离去，离开；在远处,/əˈwe/,/ə'weɪ/,Go away!,走开！
en:baby:noun:1,baby,noun,婴儿，婴孩；孩子气的人,n 婴儿，婴孩；孩子气的人；v 纵容，娇纵；把……当婴儿般对待；adj 婴儿的；幼小的,/bebɪ/,/'beɪbɪ/,The baby is crying.,宝宝在哭。
en:back:noun:1,back,noun,后面；背部；靠背；足球等的后卫；书报等的末尾,n 后面；背部；靠背；足球等的后卫；书报等的末尾；v 支持；后退；背书；下赌注；adv 以前；向后地；来回地；上溯；回来；回原处；adj 后面的；过去的；拖欠的,/bæk/,/bæk/,a T-shirt with a picture of a snake on the back,后背印了一条蛇的T恤衫
en:background:noun:1,background,noun,背景；隐蔽的位置,n 背景；隐蔽的位置；v 作…的背景；adj 背景的；发布背景材料的,/'bækɡraʊnd/,/'bækgraʊnd/,Students with a background in chemistry will probably find the course easier.,学过化学的学生可能会觉得这门课程容易些。
en:bag:noun:1,bag,noun,袋；猎获物；（俚）一瓶啤酒,n 袋；猎获物；（俚）一瓶啤酒；v 猎获；把…装入袋中；占据，私吞；使膨大,/bæɡ/,/bæg/,...a bag of sweets.,…一袋糖果。
en:ball:noun:1,ball,noun,球；舞会,n 球；舞会；v 成团块,/bɔl/,/bɔːl/,...a golf ball.,…一个高尔夫球。
en:balloon:verb:1,balloon,verb,激增；膨胀如气球,v 激增；膨胀如气球；n 气球；adj 像气球般鼓起的,/bə'lun/,/bə'luːn/,The company’s debt has ballooned in the past year.,在过去一年里，公司的债务激增。
en:bamboo:noun:1,bamboo,noun,竹，竹子,n 竹，竹子；vt 为…装上篾条；adj 竹制的；土著居民的,"/,bæm'bu/",/bæm'buː/,Everything there is made of bamboo.,那里什么都是竹子做的。
en:banana:noun:1,banana,noun,香蕉；喜剧演员；大鹰钩鼻,n 香蕉；喜剧演员；大鹰钩鼻,/bə'nænə/,/bə'nɑːnə/,...a bunch of bananas.,…一串香蕉。
en:bank:noun:1,bank,noun,银行；岸；浅滩；储库,n 银行；岸；浅滩；储库；v 将…存入银行；倾斜转弯,/bæŋk/,/bæŋk/,the river bank,河岸
en:basic:adjective:1,basic,adjective,基本的；基础的,adj 基本的；基础的；n 基础；要素,/'besɪk/,/'beɪsɪk/,the basic principles of chemistry,化学的基本原理
en:basket:noun:1,basket,noun,篮子；（篮球比赛的）得分；一篮之量；篮筐,n 篮子；（篮球比赛的）得分；一篮之量；篮筐；vt 装入篮,/'bæskɪt/,/'bɑːskɪt/,a shopping basket,购物篮
en:basketball:noun:1,basketball,noun,篮球；篮球运动,n 篮球；篮球运动,/'bæskɪtbɔl/,/'bɑːskɪtbɔːl/,play basketball,打篮球
en:bathroom:noun:1,bathroom,noun,浴室；厕所；盥洗室,n 浴室；厕所；盥洗室,/'bæθrum/,/'bɑːθruːm; -rʊm/,Where’s the bathroom?,洗手间在哪里？
en:be:verb:1,be,verb,是； 有，存在； 做，成为； 发生,v 是； 有，存在； 做，成为； 发生；n (Be)人名；(缅)拜；(日)部(姓)；(朝)培；(中非)贝,/bi/,/biː/,Don’t disturb me while I’m working.,我工作的时候不要打扰我。
en:beach:noun:1,beach,noun,海滩；湖滨,n 海滩；湖滨；v 将…拖上岸,/bitʃ/,/biːtʃ/,a sandy beach,沙滩
en:bear:verb:1,bear,verb,结果实，开花（正式）,v 结果实，开花（正式）；n 熊,/bɛr/,/beə/,As the plants grow and start to bear fruit they will need a lot of water.,随着植物的生长及开始结果，它们将需要大量的水分。
en:beautiful:adjective:1,beautiful,adjective,美丽的,adj 美丽的,/'bjʊtəfəl/,/'bjuːtɪfʊl; -f(ə)l/,She was even more beautiful than I had remembered.,她比我记忆中更美。
en:because:conjunction:1,because,conjunction,因为,conj 因为,/bɪ'kɔz/,/bɪ'kɒz/,We didn’t enjoy the day because the weather was so awful.,那天我们很不尽兴，因为天气实在太糟。
en:bed:noun:1,bed,noun,床；基础；河底， 海底,n 床；基础；河底， 海底；v 使睡觉；安置，嵌入；栽种,/bɛd/,/bed/,You should go to bed early.,你应该早点上床。
en:bedroom:noun:1,bedroom,noun,卧室,n 卧室；adj 两性关系的；城郊住宅区的,/'bɛdrum/,/'bedruːm; -rʊm/,a hotel with 50 bedrooms,有50间客房的旅馆
en:bee:noun:1,bee,noun,蜜蜂，蜂；勤劳的人,n 蜜蜂，蜂；勤劳的人,/bi/,/biː/,a swarm of bees,一群蜜蜂
en:beef:noun:1,beef,noun,牛肉；肌肉；食用牛；牢骚,n 牛肉；肌肉；食用牛；牢骚；v 抱怨，告发；发牢骚,/bif/,/biːf/,roast beef,烤牛肉
en:before:preposition:1,before,preposition,在…之前，先于,prep 在…之前，先于；adv 以前；在前；conj 在…以前；在…之前,/bɪ'fɔr/,/bɪ'fɔː/,The new road should be completed before the end of the year.,这条新公路应该在年底前完工。
en:behaviour:noun:1,behaviour,noun,行为；习性；运行状况（=behavior）,n 行为；习性；运行状况（=behavior）,/bɪ'hevjər/,/bɪ'heɪvjə/,It is important to reward good behaviour.,表现好要给予奖励，这是很重要的。
en:behind:preposition:1,behind,preposition,落后于；支持；晚于,prep 落后于；支持；晚于；adv 在后地；在原处；n 屁股,/bɪ'haɪnd/,/bɪ'haɪnd/,Mark’s always behind the rest of his class in mathematics.,马克的数学成绩总是落在班上其他同学后面。
en:believe:verb:1,believe,verb,信任；料想；笃信宗教,v 信任；料想；笃信宗教,/bɪ'liv/,/bɪ'liːv/,You shouldn’t believe everything you read.,你不应尽信书上看来的东西。
en:bell:noun:1,bell,noun,铃，钟；钟声，铃声；钟状物,n 铃，钟；钟声，铃声；钟状物；v 装钟于，系铃于,/bɛl/,/bel/,church bells,教堂的钟
en:below:adverb:1,below,adverb,在下面，在较低处；在本页下面,adv 在下面，在较低处；在本页下面；prep 在…下面；n (Below)人名；(英、德、芬、瑞典)贝洛,/bɪ'lo/,/bɪ'ləʊ/,an animal that lives below ground,生活在地下的动物
en:beside:preposition:1,beside,preposition,在旁边；与…相比；和…无关,prep 在旁边；与…相比；和…无关,/bɪ'saɪd/,/bɪ'saɪd/,Wendy came up and sat beside me.,温迪走过来，坐在我身边。
en:besides:adverb:1,besides,adverb,此外；而且,adv 此外；而且；prep 除…之外,/bɪ'saɪdz/,/bɪ'saɪdz/,"I need the money. And besides, when I agree to do something, I do it.",我需要这笔钱，而且，我一旦答应做什么事情就会做到。
en:between:preposition:1,between,preposition,在…之间,prep 在…之间；adv 在中间,/bɪ'twin/,/bɪ'twiːn/,He supplements his regular meals by eating between meals.,他在两餐之间吃点东西来补充正餐。
en:beyond:preposition:1,beyond,preposition,超过；越过；那一边；在较远的一边,prep 超过；越过；那一边；在较远的一边；adv 在远处；在更远处；n 远处,/bɪ'jɑnd/,/bɪ'jɒnd/,More people are choosing to work beyond retirement age.,越来越多的人选择过了退休年龄继续工作。
en:big:adjective:1,big,adjective,大的；重要的；量大的,adj 大的；重要的；量大的；adv 大量地；顺利；夸大地；n (Big)人名；(土)比格,/bɪɡ/,/bɪg/,a big house,大房子
en:bike:noun:1,bike,noun,自行车；脚踏车,n 自行车；脚踏车；v 骑自行车（或摩托车）,/baɪk/,/baɪk/,Let’s go for a bike ride .,我们去骑会儿自行车吧。
en:bill:noun:1,bill,noun,[法] 法案；广告；账单；[金融] 票据；钞票；清单,n [法] 法案；广告；账单；[金融] 票据；钞票；清单；v 宣布；开账单；用海报宣传,/bɪl/,/bɪl/,Have you paid the phone bill?,电话费你付了吗？
en:bird:noun:1,bird,noun,鸟；家伙；羽毛球,n 鸟；家伙；羽毛球；v 向…喝倒彩；起哄,/bɝd/,/bɜːd/,wild birds,野鸟
en:birth:noun:1,birth,noun,出生；血统，出身；起源,n 出生；血统，出身；起源,/bɝθ/,/bɜːθ/,Congratulations on the birth of your daughter!,恭喜你生了个女儿！
en:birthday:noun:1,birthday,noun,生日，诞辰；诞生的日子,n 生日，诞辰；诞生的日子,/'bɝθde/,/'bɜːθdeɪ/,It’s my birthday on Monday.,星期一是我的生日。
en:biscuit:noun:1,biscuit,noun,小点心，饼干,n 小点心，饼干,/'bɪskɪt/,/'bɪskɪt/,a packet of chocolate biscuits,一包巧克力饼干
en:bit:noun:1,bit,noun,[计] 比特（二进位制信息单位）；少量；马嚼子；辅币；老一套；一点，一块,n [计] 比特（二进位制信息单位）；少量；马嚼子；辅币；老一套；一点，一块；vt 控制；adj 很小的；微不足道的；adv 有点儿；相当,/bɪt/,/bɪt/,He’s taken the engine to bits .,他把发动机拆开了。
en:bitter:adjective:1,bitter,adjective,苦的；痛苦的；尖刻的；充满仇恨的,adj 苦的；痛苦的；尖刻的；充满仇恨的；n 苦味；苦啤酒；adv 激烈地；严寒刺骨地；v 使变苦,/'bɪtɚ/,/'bɪtə/,a bitter old man,一个满腹怨恨的老人
en:black:adjective:1,black,adjective,黑色的；黑人的；邪恶的,adj 黑色的；黑人的；邪恶的；n 黑色；黑人；黑颜料；v 使变黑；把鞋油等涂在…上；把（眼眶）打成青肿,/blæk/,/blæk/,a black evening dress,黑色晚礼服
en:blackboard:noun:1,blackboard,noun,黑板,n 黑板,/'blækbɔrd/,/'blækbɔːd/,He chalked out a design on the blackboard.,他用粉笔在黑板上勾划出一个图样。
en:blind:adjective:1,blind,adjective,盲目的；瞎的,adj 盲目的；瞎的；adv 盲目地；看不见地；n 掩饰，借口；百叶窗；v 使失明；使失去理智,/blaɪnd/,/blaɪnd/,David's good looks and impeccable manners had always made her blind to his faults.,大卫俊朗的外表和完美的风度总是令她对他的缺点视而不见。
en:blood:noun:1,blood,noun,血，血液；血统,n 血，血液；血统；v 从…抽血；使先取得经验,/blʌd/,/blʌd/,Her body was found in a pool of blood.,她的尸体被发现倒在血泊之中。
en:blue:noun:1,blue,noun,蓝色；[复数]（美国海、陆、空三军穿的）蓝色制服；蓝颜料；[the blue(s)][用作单数或复数]布鲁斯（歌曲）（一种伤感的美国黑人民歌）,n 蓝色；[复数]（美国海、陆、空三军穿的）蓝色制服；蓝颜料；[the blue(s)][用作单数或复数]布鲁斯（歌曲）（一种伤感的美国黑人民歌）；adj 蓝色的；沮丧的，忧郁的；下流的；v 把…染成蓝色；使成蓝色；给…用上蓝剂；用上蓝剂于,/blu/,/bluː/,She nearly always dresses in blue.,她几乎总是穿蓝色的衣服。
en:board:noun:1,board,noun,董事会；木板；甲板；膳食,n 董事会；木板；甲板；膳食；v 上（飞机、车、船等）；用板盖上；给提供膳宿,/bɔrd/,/bɔːd/,Martha was chopping vegetables on a wooden board.,玛莎正在用一块木砧板切蔬菜。
en:boat:noun:1,boat,noun,小船；轮船,n 小船；轮船；v 划船,/bot/,/bəʊt/,a fishing boat,渔船
en:body:noun:1,body,noun,身体；主体；大量；团体；主要部分,n 身体；主体；大量；团体；主要部分；v 赋以形体,/'bɑdi/,/'bɒdɪ/,the human body,人体
en:book:noun:1,book,noun,书籍；卷；帐簿；名册；工作簿,n 书籍；卷；帐簿；名册；工作簿；v 预订；登记,/bʊk/,/bʊk/,I’ve just started reading a book by Graham Greene.,我刚开始看格雷厄姆·格林写的一本书。
en:boring:adjective:1,boring,adjective,无聊的；令人厌烦的,adj 无聊的；令人厌烦的；n 钻孔；v 钻孔；使厌烦；挖空（bore的ing形式）,/'bɔrɪŋ/,/'bɔːrɪŋ/,Her husband is about the most boring person I’ve ever met.,她丈夫可以说是我见过的最无聊的人。
en:born:verb:1,born,verb,出世（bear的过去分词）,v 出世（bear的过去分词）；adj 天生的；n (Born)人名；(柬)邦；(英、西、俄、捷、德、瑞典、匈)博恩,/bɔrn/,/bɔːn/,Forty lambs were born this spring.,今年春天有40头小羊羔出生。
en:borrow:verb:1,borrow,verb,借；借用；从其他语言中引入,v 借；借用；从其他语言中引入；n (Borrow)人名；(英)博罗,/'bɑro/,/'bɒrəʊ/,Can I borrow your pen for a minute?,我可以借你的笔用一下吗？
en:boss:noun:1,boss,noun,老板；首领；工头,n 老板；首领；工头；v 指挥，调遣；当…的领导,/bɑs/,/bɒs/,I’ll have to ask my boss for a day off.,我得向老板请一天假。
en:both:adjective:1,both,adjective,两个的；两者的,adj 两个的；两者的；adv 并；又；两者皆；pron 双方都；两者都；conj 既…且…；n (Both)人名；(德、罗、捷、南非、匈)博特,/boθ/,/bəʊθ/,"To help the talks along, both of us should make some concessions.",为了会谈有所进展，我们双方都得做出一些让步。
en:bottle:noun:1,bottle,noun,瓶子；一瓶的容量,n 瓶子；一瓶的容量；v 控制；把…装入瓶中,/'bɑtl/,/'bɒt(ə)l/,an empty bottle,一个空瓶子
en:bottom:noun:1,bottom,noun,底部；末端；臀部；尽头,n 底部；末端；臀部；尽头；adj 底部的；v 装底；测量深浅；查明真相,/'bɑtəm/,/'bɒtəm/,The drugs had been hidden in a suitcase with a false bottom.,毒品藏在一个带假底板的行李箱里。
en:bowl:noun:1,bowl,noun,碗；木球；大酒杯,n 碗；木球；大酒杯；v 玩保龄球；滑动；平稳快速移动,/bol/,/bəʊl/,Mix all the ingredients thoroughly in a large bowl.,将所有配料放在大碗里搅拌均匀。
en:box:noun:1,box,noun,箱，盒子；包厢；一拳,n 箱，盒子；包厢；一拳；v 拳击,/bɑks/,/bɒks/,She ate two boxes of chocolates.,她吃了两盒巧克力。
en:boy:noun:1,boy,noun,男孩；男人,n 男孩；男人,/bɔɪ/,/bɒɪ/,The boys wanted to play football.,男孩子们想踢足球。
en:brain:noun:1,brain,noun,头脑，智力；脑袋,n 头脑，智力；脑袋；v 猛击…的头部,/bren/,/breɪn/,Messages from the brain are carried by the central nervous system.,大脑发出的信息是通过中枢神经系统传递的。
en:brave:adjective:1,brave,adjective,勇敢的；华丽的,adj 勇敢的；华丽的；v 勇敢地面对；n 勇士,/brev/,/breɪv/,brave soldiers,勇敢的士兵
en:bread:noun:1,bread,noun,面包；生计,n 面包；生计；v 在…上洒面包屑,/brɛd/,/bred/,Would you like some bread with your soup?,你喝汤时要吃点面包吗？
en:breakfast:noun:1,breakfast,noun,早餐；早饭,n 早餐；早饭；v 吃早餐,/'brɛkfəst/,/'brekfəst/,We had bacon and eggs for breakfast .,我们早餐吃了熏肉鸡蛋。
en:breath:noun:1,breath,noun,呼吸，气息；一口气，（呼吸的）一次；瞬间，瞬息；微风；迹象；无声音，气音,n 呼吸，气息；一口气，（呼吸的）一次；瞬间，瞬息；微风；迹象；无声音，气音,/brɛθ/,/breθ/,"Slow down, I need to catch my breath.",慢一点，我要喘口气。
en:breathe:verb:1,breathe,verb,呼吸；低语；松口气；（风）轻拂,v 呼吸；低语；松口气；（风）轻拂,/brið/,/briːð/,"The room filled with smoke, and it was becoming difficult to breathe.",房间里全是烟，呼吸越来越困难。
en:bridge:noun:1,bridge,noun,桥；桥牌；桥接器；船桥,n 桥；桥牌；桥接器；船桥；v 架桥；渡过,/brɪdʒ/,/brɪdʒ/,He walked back over the railway bridge.,他从铁路桥上走了回去。
en:bright:adjective:1,bright,adjective,明亮的，鲜明的；聪明的；愉快的,adj 明亮的，鲜明的；聪明的；愉快的；adv 明亮地；光明地；欢快地；n 车头灯光,/braɪt/,/braɪt/,Her eyes were hurting from the bright lights.,明亮的光线刺痛了她的眼睛。
en:brother:noun:1,brother,noun,兄弟；同事；战友,n 兄弟；同事；战友；int 我的老兄！,/'brʌðɚ/,/'brʌðə/,"I have two brothers, William and Mark.",我有两个兄弟，威廉和马克。
en:brown:adjective:1,brown,adjective,棕色的，褐色的；太阳晒黑的,adj 棕色的，褐色的；太阳晒黑的；v 变成褐色；n 褐色，棕色,/braʊn/,/braʊn/,dark brown hair,深褐色的头发
en:brush:noun:1,brush,noun,刷子；画笔；毛笔；争吵；与某人有效冲突；灌木丛地带；矮树丛；狐狸尾巴,n 刷子；画笔；毛笔；争吵；与某人有效冲突；灌木丛地带；矮树丛；狐狸尾巴；v 刷；画；,/brʌʃ/,/brʌʃ/,a scrubbing brush,硬毛刷，板刷
en:building:noun:1,building,noun,建筑；建筑物,n 建筑；建筑物；v 建筑；建立；增加（build的ing形式）,/'bɪldɪŋ/,/'bɪldɪŋ/,The offices are on the top two floors of the building.,办公室在大楼最高的两层。
en:bus:noun:1,bus,noun,公共汽车,n 公共汽车,/bʌs/,/bʌs/,I took a bus to San Francisco.,我乘公共汽车去旧金山。
en:business:noun:1,business,noun,商业；[贸易] 生意；[贸易] 交易；事情,n 商业；[贸易] 生意；[贸易] 交易；事情,/ˈbɪznəs/,/ˈbɪznɪs/,Students on the course learn about all aspects of business.,这门课程的学生要学习商业活动的各个方面。
en:busy:adjective:1,busy,adjective,忙碌的；热闹的；正被占用的,adj 忙碌的；热闹的；正被占用的；v 使忙于；n (Busy)人名；(匈)布希；(法)比西,/'bɪzi/,/'bɪzɪ/,She’s busy now – can you phone later?,她现在正忙，你稍后打来好吗？
en:but:conjunction:1,but,conjunction,但是；而是；然而,conj 但是；而是；然而；adv 仅仅，只；prep 除…以外；n (But)人名；(俄、罗)布特；(越)笔,/bʌt/,/bʌt; bət/,"It’s an old car, but it’s very reliable.",这是一辆旧车，但是性能非常可靠。
en:butter:verb:1,butter,verb,涂黄油于；讨好,v 涂黄油于；讨好；n 黄油；奶油；奉承话,/'bʌtɚ/,/'bʌtə/,buttered toast,涂了黄油的烤面包片
en:butterfly:noun:1,butterfly,noun,蝴蝶；蝶泳；举止轻浮的人；追求享乐的人,n 蝴蝶；蝶泳；举止轻浮的人；追求享乐的人,/'bʌtɚflaɪ/,/'bʌtəflaɪ/,Gwen’s a real social butterfly .,格温是个十足的交际花。
en:by:preposition:1,by,preposition,通过；被；依据；经由；在附近；在……之前,prep 通过；被；依据；经由；在附近；在……之前；adv 通过；经过；附近；[互联网] 白俄罗斯的国家代码顶级域名,/baɪ/,/baɪ/,I was attacked by a dog.,我被一条狗袭击。
en:bye:interjection:1,bye,interjection,再见,int 再见；n 轮空；次要的东西；adj 次要的,/baɪ/,/baɪ/,"Bye, Dave.",再见，戴夫。
en:cabbage:noun:1,cabbage,noun,卷心菜，甘蓝菜，洋白菜；（俚)脑袋；（非正式、侮辱）植物人（常用于英式英语）；（俚）钱，尤指纸币（常用于美式俚语）,n 卷心菜，甘蓝菜，洋白菜；（俚)脑袋；（非正式、侮辱）植物人（常用于英式英语）；（俚）钱，尤指纸币（常用于美式俚语）,/ˈkæbɪdʒ/,/ˈkæbɪdʒ/,chinese cabbage,大白菜（等于celery cabbage）
en:cake:noun:1,cake,noun,蛋糕；块状物；利益总额,n 蛋糕；块状物；利益总额；v 使结块,/kek/,/keɪk/,We had cake and ice cream.,我们吃了蛋糕和冰激凌。
en:call:verb:1,call,verb,呼叫；拜访；叫牌,v 呼叫；拜访；叫牌；n 电话；呼叫；要求；访问,/kɔl/,/kɔːl/,I heard someone calling in the distance.,我听到远处有人在叫。
en:camel:noun:1,camel,noun,[畜牧][脊椎] 骆驼；打捞浮筒；工作作风官僚,n [畜牧][脊椎] 骆驼；打捞浮筒；工作作风官僚；adj 驼色的；暗棕色的；vi 工作刻板平庸,/'kæml/,/'kæm(ə)l/,camel hair,驼绒；骆驼毛
en:camera:noun:1,camera,noun,照相机；摄影机,n 照相机；摄影机,/'kæmərə/,/'kæm(ə)rə/,Her grandmother lent her a camera for a school trip to Venice and Egypt.,她的祖母借给她一部相机，让她在学校组织的到威尼斯和埃及的旅行中使用。
en:camp:verb:1,camp,verb,露营；扎营,v 露营；扎营；n 露营,/kæmp/,/kæmp/,"We’ll camp by the river for the night, and move on tomorrow.",我们今晚在河边露营，明天继续前进。
en:can:verb:1,can,verb,将…装入密封罐中保存,v 将…装入密封罐中保存；aux 能； 能够； 可以； 可能；n 罐头； （用金属或塑料制作的）容器； （马口铁或其他金属制作的）食品罐头,/kæn/,/kæn/,Here they are – I can see their car.,他们来了——我看到他们的汽车了。
en:canada:noun:1,Canada,noun,加拿大（北美洲国家）,n 加拿大（北美洲国家）,/'kænədə/,/'kænədə/,She was domiciliated in Canada.,她在加拿大定居。
en:cancel:verb:1,cancel,verb,取消；删去,v 取消；删去；n 取消，撤销,/'kænsl/,/'kæns(ə)l/,Our flight was cancelled.,我们的航班取消了。
en:candle:noun:1,candle,noun,蜡烛；烛光；烛形物,n 蜡烛；烛光；烛形物；v 对着光检查,/'kændl/,/'kænd(ə)l/,When the candle was only half an inch high it flickered out and the room became dark.,蜡烛只有半英寸长时，烛光忽闪忽闪地熄灭了，于是房间一片漆黑。
en:cancer:noun:1,cancer,noun,癌症；恶性肿瘤,n 癌症；恶性肿瘤,/'kænsɚ/,/'kænsə/,A lot of cancers can now be treated successfully.,现在许多癌症可以治愈。
en:candy:verb:1,candy,verb,用糖煮；使结晶为砂糖；美化,v 用糖煮；使结晶为砂糖；美化；n 糖果（等于sweets）；冰糖（等于sugar candy，rock candy）；毒品；adj 新潮的（服饰）；甜言蜜语的,/'kændi/,/'kændɪ/,...a piece of candy.,…一块糖果。
en:cap:noun:1,cap,noun,盖；帽子,n 盖；帽子；v 脱帽致意,/kæp/,/kæp/,Make sure you put the cap back on the pen.,一定要把笔帽套上。
en:capital:noun:1,capital,noun,首都，省会；资金；大写字母；资本家,n 首都，省会；资金；大写字母；资本家；adj 首都的；重要的；大写的,/'kæpɪtl/,/'kæpɪt(ə)l/,"Washington D.C., the capital of the United States",美国首都华盛顿特区
en:captain:noun:1,captain,noun,队长，首领；船长；上尉；海军上校,n 队长，首领；船长；上尉；海军上校；v 指挥；率领,/ˈkæptən/,/'kæptɪn/,The captain and crew welcome you aboard.,机长和全体机组人员欢迎各位乘坐本次航班。
en:car:noun:1,car,noun,汽车；车厢,n 汽车；车厢,/kɑr/,/kɑː/,Dan got out of the car and locked the door.,丹下了车，锁上车门。
en:card:noun:1,card,noun,卡片；纸牌；明信片,n 卡片；纸牌；明信片；v 记于卡片上,/kɑrd/,/kɑːd/,Employees must show their identity cards at the gate.,雇员在大门口必须出示自己的身份卡。
en:care:noun:1,care,noun,关怀；照料；谨慎；忧虑,n 关怀；照料；谨慎；忧虑；v 照顾；关心；喜爱；顾虑,/kɛr/,/keə/,high standards of medical care,高水平的医疗护理
en:careful:adjective:1,careful,adjective,仔细的，小心的,adj 仔细的，小心的,/'kɛrfl/,/'keəfʊl; -f(ə)l/,Be careful - the floor’s slippery.,小心——地板很滑。
en:careless:adjective:1,careless,adjective,粗心的；无忧无虑的；淡漠的,adj 粗心的；无忧无虑的；淡漠的；n (Careless)人名；(英)凯尔利斯,/'kɛrləs/,/'keələs/,It was careless of him to leave the door unlocked.,他忘了锁门，真是粗心大意。
en:carry:verb:1,carry,verb,拿，扛；携带；支持；搬运,v 拿，扛；携带；支持；搬运；n 运载；[计] 进位；射程,/'kæri/,/'kærɪ/,Gina was carrying a small bunch of flowers.,吉娜拿着一小束花。
en:cat:noun:1,cat,noun,猫，猫科动物,n 猫，猫科动物,/kæt/,/kæt/,The police played an elaborate game of cat and mouse to trap him.,警方跟他玩了一场精心布局的猫捉老鼠游戏，诱他落网。
en:cause:noun:1,cause,noun,原因；事业；目标,n 原因；事业；目标；v 引起；使遭受,/kɔz/,/kɔːz/,It’s our job to establish the cause of the fire.,查明起火原因是我们的责任。
en:cd:adjective:1,CD,adjective,光盘，激光唱片（Compact Disc）；呼叫设备（Calling Device）；中央地区（Central District）；商务部（Commerce Department）,abbr 光盘，激光唱片（Compact Disc）；呼叫设备（Calling Device）；中央地区（Central District）；商务部（Commerce Department）,,,cd player,CD播放器；激光唱机
en:ceiling:noun:1,ceiling,noun,天花板；上限,n 天花板；上限,/'silɪŋ/,/'siːlɪŋ/,rooms with high ceilings,天花板很高的房间
en:celebrate:verb:1,celebrate,verb,庆祝；举行；赞美；祝贺；宣告,v 庆祝；举行；赞美；祝贺；宣告,/'sɛlɪbret/,/'selɪbreɪt/,It’s Dad’s birthday and we’re going out for a meal to celebrate.,今天是爸爸的生日，我们打算出去吃饭庆祝一下。
en:cent:noun:1,cent,noun,分；一分的硬币；森特（等于半音程的百分之一）,n 分；一分的硬币；森特（等于半音程的百分之一）,/sɛnt/,/sent/,A cup of rice which cost thirty cents a few weeks ago is now being sold for up to one dollar.,几周前价值30美分的1杯米如今卖到了1美元。
en:centre:verb:1,centre,verb,以…为中心,v 以…为中心；n 中心；adj 中央的,/sɛntɚ/,/'sentə/,"The title isn’t quite centred on the page, is it?",标题并不在这页的正中间，是吗？
en:century:noun:1,century,noun,世纪，百年；（板球）一百分,n 世纪，百年；（板球）一百分,/'sɛntʃəri/,/ˈsentʃərɪ/,the story of life on a small farm at the turn of the century,讲述世纪初一个小农场生活的故事
en:certain:adjective:1,certain,adjective,某一；必然的；确信；无疑的；有把握的,adj 某一；必然的；确信；无疑的；有把握的；pron 某些；某几个；n (Certain)人名；(葡)塞尔塔因；(法)塞尔坦,/'sɝtn/,/'sɜːt(ə)n; -tɪn/,I felt certain that I’d passed the test.,我感觉自己肯定通过这次测验了。
en:chair:noun:1,chair,noun,椅子；讲座；（会议的）主席位；大学教授的职位,n 椅子；讲座；（会议的）主席位；大学教授的职位；v 担任（会议的）主席；使…入座；使就任要职,/tʃɛr/,/tʃeə/,a kitchen chair,厨房椅
en:chairman:noun:1,chairman,noun,主席，会长；董事长,n 主席，会长；董事长,/'tʃɛrmən/,/'tʃeəmən/,deputy/vice chairman Barrett serves as vice chairman.,巴雷特担任副主席一职。
en:chalk:verb:1,chalk,verb,用粉笔写；用白垩粉擦；记录；规划,v 用粉笔写；用白垩粉擦；记录；规划；n 粉笔；白垩；用粉笔划的记号；adj 用粉笔写的,/tʃɔk/,/tʃɔːk/,He chalked the message on the blackboard.,他用粉笔把这条消息写在黑板上。
en:chance:noun:1,chance,noun,机会，际遇；运气，侥幸；可能性,n 机会，际遇；运气，侥幸；可能性；v 偶然发生；冒……的险,/tʃæns/,/tʃɑːns/,There’s always the chance that something will go wrong.,总有可能会出现问题。
en:change:verb:1,change,verb,改变；交换,v 改变；交换；n 变化；找回的零钱,/tʃendʒ/,/tʃeɪn(d)ʒ/,Susan has changed a lot since I last saw her.,自从我上次见到苏珊之后，她变了许多。
en:chant:noun:1,chant,noun,圣歌；赞美诗,n 圣歌；赞美诗；v 唱；诵扬,/tʃænt/,/tʃɑːnt/,...a Gregorian chant.,…一首格列高利圣歌。
en:cheap:adjective:1,cheap,adjective,便宜的；小气的；不值钱的,adj 便宜的；小气的；不值钱的；adv 便宜地,/tʃip/,/tʃiːp/,cheap rail fares,便宜的火车票
en:cheat:verb:1,cheat,verb,欺骗；骗取,v 欺骗；骗取；n 欺骗，作弊；骗子,/tʃit/,/tʃiːt/,He had cheated in the test by using a calculator.,他在考试时作弊，用了计算器。
en:check:verb:1,check,verb,检查，核对；制止，抑制；在…上打勾,v 检查，核对；制止，抑制；在…上打勾；n <美>支票；制止，抑制；检验，核对,/tʃɛk/,/tʃek/,Check the tiles carefully before you buy them.,购买之前要把瓷砖仔细检查一下。
en:cheer:verb:1,cheer,verb,欢呼；使高兴；为…加油,v 欢呼；使高兴；为…加油；n 欢呼；愉快；心情；令人愉快的事,/tʃɪr/,/tʃɪə/,Everybody cheered when the firemen arrived.,消防员到达时，大家都欢呼起来。
en:cheese:noun:1,cheese,noun,[食品] 奶酪；干酪；要人,n [食品] 奶酪；干酪；要人；v 停止；adj 叛变的；胆小的,/tʃiz/,/tʃiːz/,half a kilo of cheese,半公斤干酪
en:chemistry:noun:1,chemistry,noun,化学；化学过程,n 化学；化学过程,/'kɛmɪstri/,/'kemɪstrɪ/,a person’s body chemistry,人体的化学组成
en:chess:noun:1,chess,noun,国际象棋，西洋棋,n 国际象棋，西洋棋,/tʃɛs/,/tʃes/,They meet fairly often to play chess .,他们经常在一起下国际象棋。
en:chest:noun:1,chest,noun,胸，胸部；衣柜；箱子；金库,n 胸，胸部；衣柜；箱子；金库,/tʃɛst/,/tʃest/,Her heart was pounding in her chest.,她的心在胸口怦怦直跳。
en:chicken:noun:1,chicken,noun,鸡肉；小鸡；胆小鬼，懦夫,n 鸡肉；小鸡；胆小鬼，懦夫；adj 鸡肉的；胆怯的；幼小的,/ˈtʃɪkən/,/'tʃɪkɪn/,roast chicken,烤鸡
en:china:noun:1,China,noun,中国,n 中国；adj 中国的；中国制造的,,/tʃaɪnə/,in china,在中国
en:chinese:noun:1,Chinese,noun,中文，汉语；中国人,n 中文，汉语；中国人；adj 中国的，中国人的；中国话的,,"/,tʃai'ni:z/",Do you fancy going out for a Chinese?,你想不想出去吃顿中餐？
en:chocolate:noun:1,chocolate,noun,巧克力，巧克力糖；巧克力色,n 巧克力，巧克力糖；巧克力色；adj 巧克力色的；巧克力口味的,/'tʃɑklət/,/'tʃɒk(ə)lət/,a chocolate bar,巧克力条
en:choice:noun:1,choice,noun,选择；选择权；精选品,n 选择；选择权；精选品；adj 精选的；仔细推敲的,/tʃɔɪs/,/tʃɒɪs/,He has to make some important choices.,他得作出一些重要的抉择。
en:chopsticks:noun:1,chopsticks,noun,筷子,n 筷子,"/'tʃɑp,stɪks/",/'tʃɒpstɪks/,We still lack a pair of chopsticks.,还少一双筷子。
en:christmas:noun:1,Christmas,noun,圣诞节；圣诞节期间,n 圣诞节；圣诞节期间,,/ˈkrɪsməs/,Are you going home for Christmas?,你回家过圣诞节吗？
en:church:noun:1,church,noun,教堂；礼拜；教派,n 教堂；礼拜；教派；adj 教会的；礼拜的；v 领…到教堂接受宗教仪式,/tʃɝtʃ/,/tʃɜːtʃ/,a short church service,简短的教堂礼拜仪式
en:cinema:noun:1,cinema,noun,电影；电影院；电影业，电影制作术,n 电影；电影院；电影业，电影制作术,/'sɪnəmə/,/'sɪnɪmə; -mɑː/,It’s on at the local cinema.,此片正在当地影院上映。
en:circle:noun:1,circle,noun,循环，周期；圆；圈子；圆形物,n 循环，周期；圆；圈子；圆形物；v 盘旋，旋转；环行,/'sɝkl/,/'sɜːk(ə)l/,Draw a circle 10cm in diameter.,画一个直径10厘米的圆形。
en:city:noun:1,city,noun,城市，都市,n 城市，都市；adj 城市的；都会的,/'sɪti/,/'sɪtɪ/,The nearest big city was St. Louis.,最近的大城市是圣路易斯。
en:clap:verb:1,clap,verb,鼓掌，拍手；啪地关上,v 鼓掌，拍手；啪地关上；n 鼓掌；拍手声,/klæp/,/klæp/,"One man began to clap, and others joined in.",一个人鼓起了掌，其他人也跟着鼓掌。
en:class:noun:1,class,noun,阶级；班级；种类；班；等级,n 阶级；班级；种类；班；等级；v 分类；把…分等级；把…归入某等级，把…看作（或分类、归类）；把…编入某一班级；adj 极好的；很好的，优秀的，出色的,/klæs/,/klɑːs/,He had to spend about six months in a class with younger students.,他不得不在一个比他小的学生的班上呆了大约六个月。
en:classmate:noun:1,classmate,noun,同班同学,n 同班同学,/'klæsmet/,/'klɑːsmeɪt/,He acquainted his classmate with my sister.,他把我妹妹介绍给他的同班同学。
en:classroom:noun:1,classroom,noun,教室,n 教室,/'klæs'rʊm; 'klæs'rʊm/,/'klɑːsruːm; -rʊm/,The boy bounced out of the classroom.,那男孩突然从教室里奔出去。
en:clean:adjective:1,clean,adjective,清洁的，干净的；清白的,adj 清洁的，干净的；清白的；v 使干净；adv 完全地；n 打扫,/klin/,/kliːn/,Are your hands clean?,你的手干净吗？
en:clear:adjective:1,clear,adjective,清楚的；清澈的；晴朗的；无罪的,adj 清楚的；清澈的；晴朗的；无罪的；v 通过；清除；使干净；跳过；adv 清晰地；完全地；n 清除；空隙,/klɪr/,/klɪə/,clear instructions,明确的指示
en:clever:adjective:1,clever,adjective,聪明的；机灵的；熟练的,adj 聪明的；机灵的；熟练的,/'klɛvɚ/,/'klevə/,a clever man,聪明的人
en:climb:verb:1,climb,verb,爬；攀登；上升,v 爬；攀登；上升；n 爬；攀登,/klaɪm/,/klaɪm/,Harry climbed the stairs.,哈里爬上楼梯。
en:clock:noun:1,clock,noun,时钟；计时器,n 时钟；计时器；v 记录；记时,/klɑk/,/klɒk/,I heard the clock strike six (= make six loud sounds ) .,我听到钟敲了六下。
en:clone:noun:1,clone,noun,克隆；无性系；无性繁殖；靠营养生殖而由母体分离繁殖的植物,n 克隆；无性系；无性繁殖；靠营养生殖而由母体分离繁殖的植物；v 无性繁殖，复制,/klon/,/kləʊn/,clone technology,克隆技术
en:close:adjective:1,close,adjective,紧密的；亲密的；亲近的,adj 紧密的；亲密的；亲近的；v 关；结束；使靠近；adv 紧密地；n 结束,/kloz/,/kləʊs/,"If you need to buy bread or milk, the closest shop is about a mile away.",如果你需要买面包或牛奶，最近的商店大概有一英里远。
en:clothes:noun:1,clothes,noun,衣服,n 衣服,/kloz/,/kləʊ(ð)z/,What sort of clothes was he wearing?,他穿着什么样的衣服？
en:cloud:noun:1,cloud,noun,云；阴云；云状物；一大群；黑斑,n 云；阴云；云状物；一大群；黑斑；v 使混乱；以云遮敝；使忧郁；玷污,/klaʊd/,/klaʊd/,Fears of renewed terrorist attacks cast a cloud over the event (= spoilt the happy situation ) .,对恐怖分子再次发动袭击的担心给这次活动蒙上了一层阴影。
en:cloudy:adjective:1,cloudy,adjective,多云的；阴天的；愁容满面的,adj 多云的；阴天的；愁容满面的,/'klaʊdi/,/'klaʊdɪ/,a cloudy night with some light rain,伴有些许小雨的多云的夜晚
en:club:noun:1,club,noun,俱乐部，社团；夜总会；棍棒；（扑克牌中的）梅花,n 俱乐部，社团；夜总会；棍棒；（扑克牌中的）梅花；v 用棍棒打；募集；adj 俱乐部的,/klʌb/,/klʌb/,Manchester United Football Club,曼联（队）足球俱乐部
en:coach:noun:1,coach,noun,教练；旅客车厢；长途公车；四轮大马车,n 教练；旅客车厢；长途公车；四轮大马车；v 训练；指导,/kotʃ/,/kəʊtʃ/,a tennis coach,网球教练
en:coal:verb:1,coal,verb,上煤；加煤,v 上煤；加煤；n 煤；煤块；木炭,/kol/,/kəʊl/,Put some coal on the fire.,往火里加点煤。
en:coast:verb:1,coast,verb,滑行；沿岸航行,v 滑行；沿岸航行；n 海岸；滑坡,/kost/,/kəʊst/,He pushed in the clutch and coasted to a halt.,他踩下离合器，滑行了一会儿便停下来了。
en:coat:noun:1,coat,noun,外套,n 外套；v 覆盖…的表面,/kot/,/kəʊt/,"Billy! Put your coat on , it’s cold outside!",比利！穿上外套，外面很冷！
en:coffee:noun:1,coffee,noun,咖啡；咖啡豆；咖啡色,n 咖啡；咖啡豆；咖啡色,/'kɔfi/,/'kɒfɪ/,Do you want a cup of coffee?,你要来杯咖啡吗？
en:coin:verb:1,coin,verb,铸造（货币）；杜撰，创造,v 铸造（货币）；杜撰，创造；n 硬币，钱币,/kɔɪn/,/kɒɪn/,The word ‘aromatherapy’ was coined in the 1920s. aromatherapy,（芳香疗法）这个词是在20世纪20年代创造出来的。
en:coke:noun:1,coke,noun,焦炭；可卡因；可口可乐（Coca-Cola）,n 焦炭；可卡因；可口可乐（Coca-Cola）；v 焦化,/kok/,/kəʊk/,...a coke-burning stove.,…一个烧焦炭的炉子。
en:cold:adjective:1,cold,adjective,寒冷的；冷淡的，不热情的；失去知觉的,adj 寒冷的；冷淡的，不热情的；失去知觉的；n 寒冷；感冒；adv 完全地,/kold/,/kəʊld/,She splashed her face with cold water.,她往脸上泼冷水。
en:collect:verb:1,collect,verb,收集；募捐,v 收集；募捐；adv 由收件人付款地；adj 由收件人付款的；n (Collect)人名；(英)科莱克特,/kə'lɛkt/,/kə'lekt/,"After 25 years of collecting recipes, she has compiled them into a cookbook.",她搜集了25年食谱，把它们编成一本烹饪书。
en:college:noun:1,college,noun,大学；学院；学会,n 大学；学院；学会,/'kɑlɪdʒ/,/'kɒlɪdʒ/,a teacher training college,师范学院
en:comfortable:adjective:1,comfortable,adjective,舒适的，舒服的,adj 舒适的，舒服的；n 盖被,/'kʌmftəbl/,/ˈkʌmftəbl/,I was so comfortable and warm in bed I didn’t want to get up.,床上又舒服又暖和，我都不想起来。
en:common:adjective:1,common,adjective,共同的；普通的；一般的；通常的,adj 共同的；普通的；一般的；通常的；n 普通；平民；公有地,/'kɑmən/,/'kɒmən/,Heart disease is one of the commonest causes of death.,心脏病是最常见的死因之一。
en:communicate:verb:1,communicate,verb,通讯，传达；相通；交流；感染,v 通讯，传达；相通；交流；感染,/kə'mjunɪket/,/kə'mjuːnɪkeɪt/,We communicated mostly by e-mail.,我们主要是用电子邮件沟通。
en:communication:noun:1,communication,noun,通讯，[通信] 通信；交流；信函,n 通讯，[通信] 通信；交流；信函,"/kə,mjunɪ'keʃən/",/kəmjuːnɪ'keɪʃ(ə)n/,Good communication is vital in a large organization.,在大机构里良好的沟通是极为重要的。
en:company:noun:1,company,noun,公司；陪伴，同伴；连队,n 公司；陪伴，同伴；连队；v 交往,/'kʌmpəni/,/'kʌmp(ə)nɪ/,Which company do you work for?,你在哪家公司上班？
en:compare:noun:1,compare,noun,比较,n 比较；v 比拟，喻为；[语]构成,/kəm'pɛr/,/kəm'peə/,a beauty and an elegance beyond compare,无与伦比的美丽与优雅
en:competition:noun:1,competition,noun,竞争；比赛，竞赛,n 竞争；比赛，竞赛,"/,kɑmpə'tɪʃən/",/kɒmpɪ'tɪʃ(ə)n/,Going to trade fairs is an ideal opportunity to size up the competition .,参加商品交易会是估量竞争规模的理想机会。
en:complete:adjective:1,complete,adjective,完整的；完全的；彻底的,adj 完整的；完全的；彻底的；v 完成,/kəm'plit/,/kəm'pliːt/,The police were in complete control of the situation.,警方已完全控制了局势。
en:composition:noun:1,composition,noun,作文，作曲，作品；[材] 构成；合成物；成分,n 作文，作曲，作品；[材] 构成；合成物；成分,"/,kɑmpə'zɪʃən/",/kɒmpə'zɪʃ(ə)n/,Some minerals have complex chemical compositions.,有些矿物的化学构成很复杂。
en:computer:noun:1,computer,noun,计算机；电脑；电子计算机,n 计算机；电脑；电子计算机,/kəm'pjutɚ/,/kəm'pjuːtə/,a huge global computer network,巨大的全球计算机网络
en:concert:noun:1,concert,noun,音乐会；一致；和谐,n 音乐会；一致；和谐；v 使协调；协同安排；adj 音乐会用的；在音乐会上演出的,/'kɑnsɚt/,/'kɒnsət/,a rock concert,摇滚音乐会
en:condition:noun:1,condition,noun,条件；情况；环境；身份,n 条件；情况；环境；身份；v 决定；使适应；使健康；以…为条件,/kən'dɪʃən/,/kən'dɪʃ(ə)n/,Conditions in the prison were atrocious.,这座监狱的条件糟透了。
en:conference:noun:1,conference,noun,会议；讨论；协商；联盟；（正式）讨论会；[工会、工党用语]（每年的）大会,n 会议；讨论；协商；联盟；（正式）讨论会；[工会、工党用语]（每年的）大会；vi 举行或参加（系列）会议,/'kɑnfərəns/,/'kɒnf(ə)r(ə)ns/,Representatives from over 100 countries attended the International Peace Conference in Geneva.,来自一百多个国家的代表出席了在日内瓦举行的国际和平大会。
en:connect:verb:1,connect,verb,连接；联合；关连,v 连接；联合；关连,/kə'nɛkt/,/kə'nekt/,We’d like two rooms with connecting doors (= doors that join the rooms ) .,我们想要两个有门相通的房间。
en:continue:verb:1,continue,verb,继续，延续；仍旧，连续,v 继续，延续；仍旧，连续,/kən'tɪnju/,/kən'tɪnjuː/,He will be continuing his education in the US.,他将在美国继续求学。
en:control:noun:1,control,noun,控制；管理；抑制；操纵装置,n 控制；管理；抑制；操纵装置；v 控制；管理；抑制,/kən'trol/,/kən'trəʊl/,The disease robs you of muscle control.,这种疾病会让你丧失肌肉控制力。
en:conversation:noun:1,conversation,noun,交谈，会话；社交；交往，交际；会谈；（人与计算机的）人机对话,n 交谈，会话；社交；交往，交际；会谈；（人与计算机的）人机对话,"/,kɑnvɚ'seʃən/",/kɒnvə'seɪʃ(ə)n/,a telephone conversation,电话交谈
en:cook:verb:1,cook,verb,烹调，煮,v 烹调，煮；n 厨师，厨子,/kʊk/,/kʊk/,Where did you learn to cook?,你在哪里学烹调的？
en:cooker:noun:1,cooker,noun,炊具；烹饪用水果；窜改者,n 炊具；烹饪用水果；窜改者,/'kʊkɚ/,/'kʊkə/,a gas cooker,煤气炉灶
en:cool:adjective:1,cool,adjective,凉爽的；冷静的；出色的,adj 凉爽的；冷静的；出色的；v 使…冷却；使…平静下来；n 凉爽；凉爽的空气；adv 冷静地,/kul/,/kuːl/,She swam out into the cool water.,她往外游向清凉的水里。
en:copy:verb:1,copy,verb,复制；复印；抄袭,v 复制；复印；抄袭；n 副本；一册；摹仿,/'kɑpi/,/'kɒpɪ/,"Could you copy this letter and send it out, please?",你能把这封信复印一份发出去吗？
en:corner:noun:1,corner,noun,角落，拐角处；地区，偏僻处；困境，窘境,n 角落，拐角处；地区，偏僻处；困境，窘境；v 囤积；相交成角,/'kɔrnɚ/,/'kɔːnə/,He pulled a dirty handkerchief out by its corner and waved it at me.,他拽出一块脏手帕，捏着一角向我挥动。
en:correct:verb:1,correct,verb,改正；告诫,v 改正；告诫；adj 正确的；恰当的；端正的,/kə'rɛkt/,/kə'rekt/,Correct my pronunciation if it’s wrong.,如果我的发音错了，请给我纠正。
en:cotton:noun:1,cotton,noun,棉花；棉布；棉线,n 棉花；棉布；棉线；v 一致；理解；和谐；亲近；adj 棉的；棉制的,/'kɑtn/,/'kɒt(ə)n/,a white cotton shirt,白色棉布衬衫
en:cough:noun:1,cough,noun,咳嗽，咳嗽声；咳嗽病,n 咳嗽，咳嗽声；咳嗽病；v 咳出,/kɔf/,/kɒf/,He’s got a bad cough.,他咳嗽得很厉害。
en:could:auxiliary:1,could,auxiliary,能够,aux 能够；v 能（can的过去式）,/kʊd/,/kəd; kʊd/,"I could do it, he mused.",我能做这件事，他沉思着。
en:count:verb:1,count,verb,计算；认为,v 计算；认为；n 计数；计算；伯爵,/kaʊnt/,/kaʊnt/,"There are more than two thousand of us, not counting the crew.",我们有两千多人，不包括工作人员在内。
en:country:noun:1,country,noun,国家，国土；国民；乡下，农村；乡村；故乡,n 国家，国土；国民；乡下，农村；乡村；故乡；adj 祖国的，故乡的；地方的，乡村的；国家的；粗鲁的；乡村音乐的,/'kʌntri/,/'kʌntrɪ/,the Scandinavian countries,斯堪的纳维亚国家
en:countryside:noun:1,countryside,noun,农村，乡下；乡下的全体居民,n 农村，乡下；乡下的全体居民,/'kʌntrɪsaɪd/,/'kʌntrɪsaɪd/,The house had lovely views over open countryside .,这房子望出去是开阔的乡村美景。
en:couple:noun:1,couple,noun,对；夫妇；数个,n 对；夫妇；数个；v 结合；成婚,/'kʌpl/,/'kʌp(ə)l/,a newly married couple,一对新婚夫妇
en:courage:noun:1,courage,noun,勇气；胆量,n 勇气；胆量,/'kɝrɪdʒ/,/'kʌrɪdʒ/,Sue showed great courage throughout her illness.,休在生病期间表现出了极大的勇气。
en:course:noun:1,course,noun,科目；课程；过程；进程；道路；路线，航向；一道菜,n 科目；课程；过程；进程；道路；路线，航向；一道菜；v 追赶；跑过,/kɔrs/,/kɔːs/,of course,一定，当然
en:cousin:noun:1,cousin,noun,堂兄弟姊妹；表兄弟姊妹,n 堂兄弟姊妹；表兄弟姊妹,/'kʌzn/,/'kʌz(ə)n/,My cousin Mark helped me to bring in the bags.,我表弟马克帮我把包提了进来。
en:cover:verb:1,cover,verb,包括；采访，报导；涉及,v 包括；采访，报导；涉及；n 封面，封皮；盖子；掩蔽物;幌子，借口,/'kʌvɚ/,/'kʌvə/,a course covering business law,一门包括商业法的课程
en:cow:noun:1,cow,noun,奶牛，母牛；母兽,n 奶牛，母牛；母兽；v 威胁，恐吓,/kaʊ/,/kaʊ/,a herd of cows,一群牛
en:crayon:noun:1,crayon,noun,蜡笔，有色粉笔,n 蜡笔，有色粉笔；v 以蜡笔作画，用颜色粉笔画,/ˈkreɪən; ˈkreɪˌɑn/,/ˈkreɪən/,He coloured the picture with crayon.,他用蜡笔给画上色。
en:crazy:adjective:1,crazy,adjective,疯狂的；狂热的，着迷的,adj 疯狂的；狂热的，着迷的,/'krezi/,/'kreɪzɪ/,The neighbours must think we’re crazy.,邻居一定会认为我们疯了。
en:create:verb:1,create,verb,创造，创作；造成,v 创造，创作；造成,/krɪ'et/,/kriː'eɪt/,Some people believe the universe was created by a big explosion.,有些人认为宇宙是通过一次大爆炸创造出来的。
en:cross:noun:1,cross,noun,交叉，十字；十字架，十字形物,n 交叉，十字；十字架，十字形物；v 交叉；杂交；横过；adj 交叉的，相反的；乖戾的；生气的,/krɔs/,/krɒs/,The by-pass crosses Wilton Lane shortly after a roundabout.,这条旁道绕过环岛后不久就和威尔顿巷相交。
en:cruel:adjective:1,cruel,adjective,残酷的，残忍的；使人痛苦的，让人受难的；无情的，严酷的,adj 残酷的，残忍的；使人痛苦的，让人受难的；无情的，严酷的,/'kruəl/,/krʊəl/,His death was a cruel blow .,他的死是个无情的打击。
en:cry:verb:1,cry,verb,叫喊；哭出；大声说,v 叫喊；哭出；大声说；n 叫喊；叫声；口号；呼叫,/kraɪ/,/kraɪ/,‘Stop!’ she cried.,“停下！”她喊道。
en:culture:noun:1,culture,noun,文化，文明；修养；栽培,n 文化，文明；修养；栽培；v [细胞][微] 培养（等于cultivate）,/'kʌltʃɚ/,/'kʌltʃə/,We speak Danish at home so that the boys don’t lose touch with their language and culture.,我们在家说丹麦语，这样男孩子们就不会脱离他们的语言和文化。
en:cup:noun:1,cup,noun,杯子；奖杯；酒杯,n 杯子；奖杯；酒杯；v 使成杯状；为…拔火罐,/kʌp/,/kʌp/,Mathew picked up the cup and sipped his coffee.,马修拿起杯子抿了口咖啡。
en:daily:adjective:1,daily,adjective,日常的；每日的,adj 日常的；每日的；n 日报；朝来夜去的女佣；adv 日常地；每日；天天,/'delɪ/,/'deɪlɪ/,daily flights to Miami,每日飞往迈阿密的航班
en:dance:noun:1,dance,noun,舞蹈；舞会；舞曲,n 舞蹈；舞会；舞曲；v 跳舞；跳跃；飘扬；adj 舞蹈的；用于跳舞的,/dæns/,/dɑːns/,The waltz is an easy dance to learn.,华尔兹这种舞很容易学。
en:danger:noun:1,danger,noun,危险；危险物，威胁,n 危险；危险物，威胁,/'dendʒɚ/,/'deɪn(d)ʒə/,Danger! No boats beyond this point.,危险！船只不可越过此处。
en:dangerous:adjective:1,dangerous,adjective,危险的,adj 危险的,/'dendʒərəs/,/'deɪn(d)ʒ(ə)rəs/,laws about dangerous dogs,有关危险犬类的法律
en:dare:noun:1,dare,noun,挑战；挑动,n 挑战；挑动；v 敢冒；不惧,/dɛr/,/deə/,Jones broke into a military base on a dare.,约翰接受了挑战，冲进一个军事基地。
en:dark:adjective:1,dark,adjective,黑暗的，深色的；模糊的；无知的；忧郁的,adj 黑暗的，深色的；模糊的；无知的；忧郁的；n 黑暗；夜；黄昏；模糊,/dɑrk/,/dɑːk/,The church was dark and quiet.,教堂里黑魆魆的，寂静无声。
en:date:noun:1,date,noun,日期；约会；年代；枣椰子,n 日期；约会；年代；枣椰子；v 过时；注明日期；始于（某一历史时期）,/det/,/deɪt/,The date on the letter was 30th August 1962.,信上的日期是1962年8月30日。
en:daughter:noun:1,daughter,noun,女儿；[遗][农学] 子代,n 女儿；[遗][农学] 子代；adj 女儿的；子代的,/'dɔtɚ/,/'dɔːtə/,She’s got two daughters and one son.,她有两个女儿和一个儿子。
en:day:noun:1,day,noun,一天；时期；白昼,n 一天；时期；白昼；adv 每天；经常在白天地；adj 日间的；逐日的,/de/,/deɪ/,We spent three days in Paris.,我们在巴黎度过了三天。
en:dead:adjective:1,dead,adjective,无生命的；呆板的；废弃了的,adj 无生命的；呆板的；废弃了的；adv 完全地；n 死者,/dɛd/,/ded/,Her mother had been dead for ten years.,她母亲去世十年了。
en:deaf:adjective:1,deaf,adjective,聋的,adj 聋的,/dɛf/,/def/,communication between deaf and hearing people,失聪者和听力正常者之间的交流
en:deal:verb:1,deal,verb,处理；给予；分配；发牌,v 处理；给予；分配；发牌；n 交易；（美）政策；待遇；份量,/dil/,/diːl/,Whose turn is it to deal?,轮到谁发牌了？
en:dear:adjective:1,dear,adjective,亲爱的；尊敬的；昂贵的,adj 亲爱的；尊敬的；昂贵的；adv 高价地；疼爱地；int 哎呀；n 亲爱的人,/dɪr/,/dɪə/,"Dear Sir or Madam, ...",尊敬的先生或女士，…
en:death:noun:1,death,noun,死；死亡；死神；毁灭,n 死；死亡；死神；毁灭,/dɛθ/,/deθ/,The latest bombing is the death of all our hopes.,最近的炸弹爆炸事件使我们所有的希望都化为乌有。
en:december:noun:1,December,noun,十二月,n 十二月,/dɪ'sɛmbɚ/,/dɪ'sembə/,In the dark of December.,在十二月的黑夜里。
en:decide:verb:1,decide,verb,决定；解决；判决,v 决定；解决；判决,/dɪ'saɪd/,/dɪ'saɪd/,Has anything been decided yet?,已经作出什么决定了吗？
en:decision:noun:1,decision,noun,决定，决心；决议,n 决定，决心；决议,/dɪ'sɪʒn/,/dɪ'sɪʒ(ə)n/,Do you ever wonder if you made the right decision?,你怀疑过自己所作的决定是否正确吗？
en:deep:noun:1,deep,noun,深处；深渊,n 深处；深渊；adj 深的；低沉的；深奥的；adv 深入地；深深地；迟,/dip/,/diːp/,a deep wound,很深的伤口
en:delicious:adjective:1,delicious,adjective,美味的；可口的,adj 美味的；可口的,/dɪ'lɪʃəs/,/dɪ'lɪʃəs/,"‘The meal was absolutely delicious,’ she said politely.",“这顿饭味道好极了。” 她礼貌地说道。
en:dentist:noun:1,dentist,noun,牙科医生,n 牙科医生,/'dɛntɪst/,/'dentɪst/,Visit your dentist twice a year for a checkup.,每年看两次牙医做检查。
en:depend:verb:1,depend,verb,依赖，依靠；取决于；相信，信赖,v 依赖，依靠；取决于；相信，信赖,/dɪ'pɛnd/,/dɪ'pend/,He depended on his writing for his income.,他靠写作谋生。
en:describe:verb:1,describe,verb,描述，形容；描绘,v 描述，形容；描绘,/dɪ'skraɪb/,/dɪ'skraɪb/,The police asked her to describe the man.,警察叫她描述一下那名男子。
en:develop:verb:1,develop,verb,开发；进步；使成长；使显影,v 开发；进步；使成长；使显影,/dɪ'vɛləp/,/dɪ'veləp/,Knowledge in the field of genetics has been developing very rapidly.,遗传学领域的知识发展非常迅速。
en:development:noun:1,development,noun,发展；开发；发育；住宅小区（专指由同一开发商开发的）；[摄] 显影,n 发展；开发；发育；住宅小区（专指由同一开发商开发的）；[摄] 显影,/dɪ'vɛləpmənt/,/dɪ'veləpm(ə)nt/,child development,儿童发育
en:dialogue:noun:1,dialogue,noun,对话；意见交换,n 对话；意见交换；vi 对话；vt 用对话表达,/'daɪəlɑɡ/,/'daɪəlɒg/,a boring movie full of bad dialog,充满差劲对白的乏味电影
en:diary:noun:1,diary,noun,日志，日记；日记簿,n 日志，日记；日记簿,/'daɪəri/,/'daɪərɪ/,Inge kept a diary (= wrote in a diary ) during the war years.,英奇在战争年代里一直写日记。
en:dictionary:noun:1,dictionary,noun,字典；词典,n 字典；词典,/'dɪkʃə'nɛri/,/'dɪkʃ(ə)n(ə)rɪ/,a German-English dictionary,一本德英词典
en:die:verb:1,die,verb,死亡；凋零；熄灭,v 死亡；凋零；熄灭；n 冲模，钢模；骰子,/daɪ/,/daɪ/,He died in 1985 at the age of 76.,他1985年去世，终年76岁。
en:difference:noun:1,difference,noun,差异；不同；争执,n 差异；不同；争执,/'dɪfrəns/,/'dɪf(ə)r(ə)ns/,(= there’s a very big difference ) between us.,我们之间有着天壤之别。
en:different:adjective:1,different,adjective,不同的；个别的，与众不同的,adj 不同的；个别的，与众不同的,/'dɪfrənt/,/'dɪf(ə)r(ə)nt/,The place looks completely different now.,这地方现在完全变了。
en:difficult:adjective:1,difficult,adjective,困难的；不随和的；执拗的,adj 困难的；不随和的；执拗的,/'dɪfɪkəlt/,/'dɪfɪk(ə)lt/,a difficult question,难解的问题
en:difficulty:noun:1,difficulty,noun,困难，困境,n 困难，困境,/'dɪfɪkəlti/,/'dɪfɪk(ə)ltɪ/,"If you have any difficulties, give me a call.",如果你遇到困难，就给我打电话。
en:dinner:noun:1,dinner,noun,晚餐，晚宴；宴会；正餐,n 晚餐，晚宴；宴会；正餐,/'dɪnɚ/,/'dɪnə/,What time do you usually have dinner?,你通常什么时候吃饭？
en:direct:adjective:1,direct,adjective,直接的；直系的；亲身的；恰好的,adj 直接的；直系的；亲身的；恰好的；v 管理；指挥；导演；指向；adv 直接地；正好；按直系关系,/dɪˈrɛkt; daɪˈrɛkt/,/dəˈrekt; daɪˈrekt/,Experienced users have direct access to the main data files.,高级用户可直接浏览主数据文档。
en:dirty:adjective:1,dirty,adjective,下流的，卑鄙的；肮脏的；恶劣的；暗淡的,adj 下流的，卑鄙的；肮脏的；恶劣的；暗淡的；v 弄脏,/ˈdɝ​tɪ/,/'dɜːtɪ/,a stack of dirty dishes in the sink,洗涤槽里的一堆脏碟子
en:discover:verb:1,discover,verb,发现；发觉,v 发现；发觉,/dɪ'skʌvɚ/,/dɪ'skʌvə/,The body was discovered in a field.,尸体是在一块田地里找到的。
en:discovery:noun:1,discovery,noun,发现，发觉；被发现的事物,n 发现，发觉；被发现的事物,/dɪ'skʌvəri/,/dɪ'skʌv(ə)rɪ/,I felt I'd made an incredible discovery.,我感到自己有了一个惊人的发现。
en:discuss:verb:1,discuss,verb,讨论；论述，辩论,v 讨论；论述，辩论,/dɪ'skʌs/,/dɪ'skʌs/,Littman refused to discuss the case publicly.,利特曼拒绝公开讨论此案。
en:discussion:noun:1,discussion,noun,讨论，议论,n 讨论，议论,/dɪ'skʌʃən/,/dɪ'skʌʃ(ə)n/,class discussions,课堂讨论
en:disease:noun:1,disease,noun,病，[医] 疾病；弊病,n 病，[医] 疾病；弊病；vt 传染；使…有病,/dɪ'ziz/,/dɪ'ziːz/,His father died of heart disease.,他父亲死于心脏病。
en:dish:noun:1,dish,noun,盘；餐具；一盘食物；外貌有吸引力的人,n 盘；餐具；一盘食物；外貌有吸引力的人；v 盛于碟盘中；分发；使某人的希望破灭；说（某人）的闲话,/dɪʃ/,/dɪʃ/,a serving dish,上菜用的盘子
en:dismiss:verb:1,dismiss,verb,解散；解雇；开除；让离开；不予理会、不予考虑,v 解散；解雇；开除；让离开；不予理会、不予考虑,/dɪs'mɪs/,/dɪs'mɪs/,The government has dismissed criticisms that the country’s health policy is a mess.,有人认为国家医疗政策一塌糊涂，政府对这种批评持否认态度。
en:disturb:verb:1,disturb,verb,打扰；妨碍；使不安；弄乱；使恼怒,v 打扰；妨碍；使不安；弄乱；使恼怒,/dɪ'stɝb/,/dɪ'stɜːb/,"Sorry to disturb you, but I have an urgent message.",对不起打扰一下，我有个紧急消息。
en:divide:verb:1,divide,verb,划分；除；分开；使产生分歧,v 划分；除；分开；使产生分歧；n [地理] 分水岭，分水线,/dɪ'vaɪd/,/dɪ'vaɪd/,The physical benefits of exercise can be divided into three factors.,锻炼对身体的好处可以分成3个方面。
en:doctor:verb:1,doctor,verb,修理；篡改，伪造；为…治病；授以博士学位,v 修理；篡改，伪造；为…治病；授以博士学位；n 医生；博士,/'dɑktɚ/,/'dɒktə/,He had doctored his passport to pass her off as his daughter.,他窜改了护照，谎称她是他的女儿。
en:dog:noun:1,dog,noun,狗；丑女人；卑鄙的人；(俚)朋友,n 狗；丑女人；卑鄙的人；(俚)朋友；v 跟踪；尾随,/dɔɡ/,/dɒg/,I could hear a dog barking .,我听到了狗吠声。
en:doll:noun:1,doll,noun,洋娃娃；玩偶；无头脑的美丽女人,n 洋娃娃；玩偶；无头脑的美丽女人；v 把…打扮得花枝招展,/dɑl/,/dɒl/,a small wooden doll,一个小木玩偶
en:dollar:noun:1,dollar,noun,美元,n 美元,/'dɑlɚ/,/'dɒlə/,It cost three dollars.,它要三美元。
en:door:noun:1,door,noun,门；家，户；门口；通道,n 门；家，户；门口；通道,/dɔr/,/dɔː/,Could you open the door for me?,请你帮我开门好吗？
en:double:noun:1,double,noun,两倍；双精度型,n 两倍；双精度型；adj 双重的；两倍的；v 加倍，加倍努力；快步走；adv 双重地；两倍地；弓身地,/'dʌbl/,/'dʌb(ə)l/,"Scotch and water, please – make it a double.",请来苏格兰威士忌加水——要双份的。
en:doubt:noun:1,doubt,noun,怀疑；疑问；疑惑,n 怀疑；疑问；疑惑；v 怀疑；不信；恐怕；拿不准,/daʊt/,/daʊt/,There was still one little nagging doubt at the back of his mind.,他的心头仍有一丝挥之不去的疑虑。
en:down:adverb:1,down,adverb,向下，下去；在下面,adv 向下，下去；在下面；adj 向下的；n 软毛，绒毛；[地质] 开阔的高地；prep 沿着，往下；v 打倒，击败,/daʊn/,/daʊn/,David bent down to tie his shoelace.,戴维弯腰系鞋带。
en:downstairs:adverb:1,downstairs,adverb,在楼下,adv 在楼下；adj 楼下的；n 楼下,/'daʊn'stɛrz/,/daʊn'steəz/,Rosie ran downstairs to answer the door.,罗茜跑下楼去开门。
en:dozen:noun:1,dozen,noun,十二个，一打,n 十二个，一打；adj 一打的,/'dʌzn/,/'dʌz(ə)n/,a dozen eggs,一打鸡蛋
en:drawer:noun:1,drawer,noun,抽屉；开票人；出票人；起草者；酒馆侍,n 抽屉；开票人；出票人；起草者；酒馆侍,/drɔr/,/drɔ:(r)/,She took a file from her desk drawer .,她从书桌的抽屉里拿出了一个文件夹。
en:dress:verb:1,dress,verb,给…穿衣,v 给…穿衣；n 连衣裙；女装,/drɛs/,/dres/,Can you wait a minute? I’m just getting dressed .,稍等一会儿，我穿下衣服就好。
en:driver:noun:1,driver,noun,驾驶员；驱动程序；起子；传动器,n 驾驶员；驱动程序；起子；传动器,/'draɪvɚ/,/'draɪvə/,a taxi driver,出租车司机
en:drop:verb:1,drop,verb,滴；使降低；使终止；随口漏出,v 滴；使降低；使终止；随口漏出；n 滴；落下；空投；微量；滴剂,/drɑp/,/drɒp/,Temperatures can drop to freezing at night.,晚上气温能陡降到零度以下。
en:drug:noun:1,drug,noun,药；毒品；麻醉药；滞销货,n 药；毒品；麻醉药；滞销货；v 使服麻醉药；使服毒品；掺麻醉药于,/drʌg/,/drʌg/,A lot of young people start taking drugs at school.,许多年轻人上学时开始吸毒。
en:drum:verb:1,drum,verb,击鼓；大力争取,v 击鼓；大力争取；n 鼓；鼓声,/drʌm/,/drʌm/,I could hear the rain drumming against the windows.,我听到雨滴有节奏地打在窗上的声音。
en:dry:adjective:1,dry,adjective,干的；口渴的；枯燥无味的；禁酒的,adj 干的；口渴的；枯燥无味的；禁酒的；v 把…弄干；n 干涸,/draɪ/,/draɪ/,I need to change into some dry clothes .,我要换上干衣服。
en:duck:noun:1,duck,noun,鸭子；鸭肉；（英）宝贝儿；零分,n 鸭子；鸭肉；（英）宝贝儿；零分；v 闪避；没入水中,/dʌk/,/dʌk/,roast duck with orange sauce,烤鸭配橘子酱
en:dumpling:noun:1,dumpling,noun,饺子，汤团；面团布丁,n 饺子，汤团；面团布丁,/'dʌmplɪŋ/,/'dʌmplɪŋ/,chicken and dumplings,鸡肉和汤团
en:during:preposition:1,during,preposition,在…的时候，在…的期间,prep 在…的时候，在…的期间；n (During)人名；(法)迪兰；(瑞典、利比)杜林,/'dʊrɪŋ/,/'djʊərɪŋ/,During the summer she worked as a lifeguard.,夏天她当过救生员。
en:duty:noun:1,duty,noun,责任；[税收] 关税；职务,n 责任；[税收] 关税；职务,/'dʊti/,/'djuːtɪ/,I promise I will do my duty .,我保证会尽到我的责任。
en:each:adjective:1,each,adjective,每；各自的,adj 每；各自的；adv 每个；各自；pron 每个；各自,/itʃ/,/iːtʃ/,They reviewed each aspect of the plan bit by bit.,他们对计划的各个方面逐一地进行了审核。
en:ear:noun:1,ear,noun,耳朵；穗；听觉；倾听,n 耳朵；穗；听觉；倾听；vi （美俚）听见；抽穗,/ɪr/,/ɪə/,She tucked her hair behind her ears.,她把头发拢到耳朵背后。
en:early:adjective:1,early,adjective,早期的；早熟的,adj 早期的；早熟的；adv 提早；在初期；n (Early)人名；(英)厄尔利,/'ɝli/,/'ɜːlɪ/,the early morning sunshine,清晨的阳光
en:earth:noun:1,earth,noun,地球；地表，陆地；土地，土壤；尘事，俗事；兽穴,n 地球；地表，陆地；土地，土壤；尘事，俗事；兽穴；v 把（电线）[电] 接地；盖（土）；追赶入洞穴,/ɝθ/,/ɜːθ/,the planet Earth,地球
en:east:noun:1,east,noun,东方；东风；东方国家,n 东方；东风；东方国家；adj 东方的；向东的；从东方来的；adv 向东方，在东方,/ist/,/iːst/,Which way is east?,哪边是东？
en:easy:adjective:1,easy,adjective,容易的；舒适的,adj 容易的；舒适的；adv 不费力地，从容地；vi 停止划桨；vt 发出停划命令,/'izi/,/'iːzɪ/,The test was easy.,考试很容易。
en:edge:noun:1,edge,noun,边缘；优势；刀刃；锋利,n 边缘；优势；刀刃；锋利；v 使锐利；将…开刃；给…加上边,/ɛdʒ/,/edʒ/,"Put the eggs in the centre of the dish, with the vegetables and herbs around the edge.",把鸡蛋放在盘子中间，盘边一圈放些蔬菜和香草。
en:education:noun:1,education,noun,教育；培养；教育学,n 教育；培养；教育学,"/,ɛdʒu'keʃən/",/edjʊ'keɪʃ(ə)n/,She also hopes her children will get a good education.,她也希望她的孩子可以受到良好的教育。
en:effort:noun:1,effort,noun,努力；成就,n 努力；成就,/'ɛfɚt/,/'efət/,please make an effort to be polite.,请尽量礼貌些。
en:egg:noun:1,egg,noun,蛋；卵子；家伙；鸡蛋,n 蛋；卵子；家伙；鸡蛋；v 煽动；怂恿,/ɛɡ/,/eg/,Blackbirds lay their eggs in March.,乌鸫在3月产蛋。
en:eight:numeral:1,eight,numeral,八；八个；第八,num 八；八个；第八；adj 八的；n 八字形,/et/,/eɪt/,It’s only eight days till Christmas.,还有8天就到圣诞节了。
en:eighteen:noun:1,eighteen,noun,十八，十八个,n 十八，十八个；adj 十八个的，十八的；num 十八,"/,e'tin/",/eɪ'tiːn; 'eɪtiːn/,At least eighteen bullets were fired.,至少射出了18颗子弹。
en:eighth:adjective:1,eighth,adjective,第八的；八分之一的,adj 第八的；八分之一的；num 第八；八分之一,/etθ/,/eɪtθ/,in the eighth century,在8世纪
en:eighty:noun:1,eighty,noun,八十；八十岁；八十年代,n 八十；八十岁；八十年代；adj 八十的，八十个的；八十岁的；num 八十,/ˈeti/,/'eɪtɪ/,The band was incredibly successful in the eighties.,这支乐队在80年代红透半边天。
en:either:adjective:1,either,adjective,两者之中任一的；两者之中每一的,adj 两者之中任一的；两者之中每一的；prep 任何一个；conj 也（用于否定句或否定词组后）；根本；pron 任一，两方，随便哪一个；两者中的一个或另一个,/'iðɚ/,/'aɪðə; 'iː-/,either of,两者之一
en:elder:noun:1,elder,noun,老人；长辈；年长者；父辈,n 老人；长辈；年长者；父辈；adj 年长的；年龄较大的；资格老的,/'ɛldɚ/,/'eldə/,a meeting of the village elders,村里长辈们的集会
en:electric:adjective:1,electric,adjective,电的；电动的；发电的；导电的；令人震惊的,adj 电的；电动的；发电的；导电的；令人震惊的；n 电；电气车辆；带电体,/ɪ'lɛktrɪk/,/ɪ'lektrɪk/,an electric blanket,电热毯
en:elephant:noun:1,elephant,noun,象；大号图画纸,n 象；大号图画纸,/'ɛlɪfənt/,/'elɪf(ə)nt/,"Tom: No.Although 75% of its raw materials is elephant dung, it is light delicate fragrance instead of stink. This is due to its special fabrication technology.",不，尽管这种纸里75％的原料都是大象的粪便，但它不但不臭，反而有一种淡淡的清香，这是源于它的特殊的制造工艺。
en:eleven:noun:1,eleven,noun,十一；十一个,n 十一；十一个；adj 十一的；十一个的；num 十一；十一个,/ɪ'lɛvn/,/ɪ'lev(ə)n/,She was sent to jail for eleven months.,她被判入狱11个月。
en:else:adverb:1,else,adverb,其他；否则；另外,adv 其他；否则；另外；adj 别的；其他的；n (Else)人名；(英)埃尔斯；(德)埃尔泽；(芬、丹)埃尔塞,/ɛls/,/els/,There’s something else I’d like to talk about as well.,我还有其他事情要谈一谈。
en:empty:adjective:1,empty,adjective,空的；无意义的；无知的；徒劳的,adj 空的；无意义的；无知的；徒劳的；v 使失去；使…成为空的；n 空车；空的东西,/ˈɛmptɪ/,/'em(p)tɪ/,an empty box,空盒子
en:encourage:verb:1,encourage,verb,鼓励，怂恿；激励；支持,v 鼓励，怂恿；激励；支持,/ɪn'kɝrɪdʒ/,/ɪn'kʌrɪdʒ; en-/,I want to thank everyone who has encouraged and supported me.,我要感谢每一位鼓励和支持过我的人。
en:end:noun:1,end,noun,结束；目标；尽头；末端；死亡,n 结束；目标；尽头；末端；死亡；v 结束，终止；终结,/ɛnd/,/end/,At last it seemed the war might be coming to an end.,终于战争似乎即将结束。
en:enemy:noun:1,enemy,noun,敌人，仇敌；敌军,n 敌人，仇敌；敌军；adj 敌人的，敌方的,/'ɛnəmi/,/'enəmɪ/,She’s a dangerous enemy to have.,与她为敌很危险。
en:energy:noun:1,energy,noun,[物] 能量；精力；活力；精神,n [物] 能量；精力；活力；精神,/'ɛnɚdʒi/,/'enədʒɪ/,The water is heated using energy from the sun.,水是利用太阳能加热的。
en:engineer:noun:1,engineer,noun,工程师；工兵；火车司机,n 工程师；工兵；火车司机；v 设计；策划；精明地处理,"/,ɛndʒɪ'nɪr/",/endʒɪ'nɪə/,"He trained as a civil engineer (= one who designs and builds roads, bridges etc ).",他接受过土木工程师培训。
en:england:noun:1,England,noun,英格兰,n 英格兰,/'iŋɡlənd/,/ˈɪŋɡlənd/,new england,新英格兰
en:english:adjective:1,English,adjective,英国人的；英国的；英文的,adj 英国人的；英国的；英文的；n 英语；英国人；英文；英格兰人；vt 把…译成英语,/ɪŋɡlɪʃ/,/'ɪŋɡlɪʃ/,the English countryside,英格兰乡村
en:enjoy:verb:1,enjoy,verb,欣赏，享受；喜爱；使过得快活,v 欣赏，享受；喜爱；使过得快活,/ɪn'dʒɔɪ/,/ɪn'dʒɒɪ; en-/,The average German will enjoy 40 days' paid holiday this year.,德国人今年平均将享有40天带薪假期。
en:enough:adverb:1,enough,adverb,足够地，充足地,adv 足够地，充足地；n 很多；充足；adj 充足的；int 够了！,/ɪ'nʌf/,/ɪ'nʌf/,Are the carrots cooked enough?,胡萝卜煮熟了吗？
en:enter:verb:1,enter,verb,进入；开始；参加,v 进入；开始；参加；n [计] 输入；回车,/'ɛntɚ/,/'entə/,Both the boys entered the army.,两个男孩都参了军。
en:environment:noun:1,environment,noun,环境，外界,n 环境，外界,/ɪn'vaɪrənmənt/,/ɪn'vaɪrənm(ə)nt; en-/,Some of these chemicals are very damaging to the environment.,这些化学品中有些对环境非常有害。
en:eraser:noun:1,eraser,noun,橡皮；擦除器；[计] 清除器,n 橡皮；擦除器；[计] 清除器,/ɪ'resɚ/,/ɪ'reɪzə/,eraser tool,橡皮擦工具；擦除工具
en:especially:adverb:1,especially,adverb,特别；尤其；格外,adv 特别；尤其；格外,/ɪ'spɛʃəli/,/ɪ'speʃ(ə)lɪ; e-/,"I never liked long walks, especially in winter.",我向来不喜欢长距离散步，尤其在冬天。
en:europe:noun:1,Europe,noun,欧洲,n 欧洲,/'jʊrəp/,/'jʊrəp/,eastern Europe,东欧
en:european:adjective:1,European,adjective,欧洲的；欧洲人的,adj 欧洲的；欧洲人的；n 欧洲人,/'jʊrə'piən/,/jʊərə'piːən/,European languages,欧洲的语言
en:even:adjective:1,even,adjective,[数] 偶数的；平坦的；相等的,adj [数] 偶数的；平坦的；相等的；adv 甚至；即使；还；实际上；v 使平坦；使相等；n (Even)人名；(法)埃旺；(德)埃文；(英)埃文,/'ivən/,/'iːv(ə)n/,The floor must be completely even before we lay the tiles.,地面必须完全平整后才能铺地砖。
en:evening:noun:1,evening,noun,晚上；傍晚；（联欢性的）晚会；后期,n 晚上；傍晚；（联欢性的）晚会；后期；adj 在晚上的；为晚上的；晚上用的；int 晚上好（等于good evening）,/'ivnɪŋ/,/'iːv(ə)nɪŋ/,I do most of my studying in the evening.,我学习大都在晚上。
en:ever:adverb:1,ever,adverb,永远；曾经；究竟,adv 永远；曾经；究竟；n (Ever)人名；(英)埃弗；(俄)叶韦尔；(西、法)埃韦尔,/'ɛvɚ/,/'evə/,Nothing lasts for ever.,没有什么是永恒的。
en:every:adjective:1,every,adjective,每一的，每个的；每隔…的,adj 每一的，每个的；每隔…的；n (Every)人名；(英)埃夫里,/'ɛvri/,/'evrɪ/,His every utterance will be scrutinized.,他说的每句话都会被细查。
en:everybody:pronoun:1,everybody,pronoun,每个人；人人,pron 每个人；人人,/'ɛvrɪbɑdi/,/'evrɪbɒdɪ/,,
en:everyday:adjective:1,everyday,adjective,每天的，日常的,adj 每天的，日常的；n 平时；寻常日子,/'ɛvrɪde/,/'evrɪdeɪ; -'deɪ/,the problems of everyday life,日常生活中的问题
en:everyone:pronoun:1,everyone,pronoun,每个人；人人,pron 每个人；人人；n 每个人,/'ɛvrɪwʌn/,/'evrɪwʌn/,"If everyone is ready, I’ll begin.",如果大家都准备好了，我就开始。
en:everything:pronoun:1,everything,pronoun,每件事物；最重要的东西；（有关的）一切；万事,pron 每件事物；最重要的东西；（有关的）一切；万事,/'ɛvrɪ'θɪŋ/,/'evrɪθɪŋ/,Everything was covered in a thick layer of dust.,所有东西上面都蒙着厚厚一层灰。
en:everywhere:adverb:1,everywhere,adverb,到处,adv 到处；n 每个地方,/'ɛvrɪwɛr/,/'evrɪweə/,I’ve looked everywhere but I can’t find the map.,我到处都找过了，但就是找不到地图。
en:examine:verb:1,examine,verb,检查；调查； 检测；考试,v 检查；调查； 检测；考试,/ɪg'zæmɪn/,/ɪg'zæmɪn; eg-/,A team of divers was sent down to examine the wreck.,一组潜水员被送到水下检查沉船。
en:example:noun:1,example,noun,例子；榜样,n 例子；榜样；vt 作为…的例子；为…做出榜样；vi 举例,/ɪg'zæmpl/,/ɪg'zɑːmp(ə)l; eg-/,Parents should set an example for their children.,父母应该为孩子树立榜样。
en:excellent:adjective:1,excellent,adjective,卓越的；极好的；杰出的,adj 卓越的；极好的；杰出的,/'ɛksələnt/,/'eks(ə)l(ə)nt/,an excellent suggestion,极好的建议
en:except:verb:1,except,verb,不计；把…除外,v 不计；把…除外；prep 除…之外；conj 除了；要不是,/ɪk'sɛpt/,/ɪk'sept; ek-/,They were all there except me.,除了我以外他们都在那里。
en:excite:verb:1,excite,verb,激起；刺激…，使…兴奋,v 激起；刺激…，使…兴奋,/ɪk'saɪt/,/ɪk'saɪt; ek-/,"His playing is technically brilliant, but it doesn’t excite me.",他的演奏技巧娴熟，但并不让我激动。
en:excuse:noun:1,excuse,noun,借口；理由,n 借口；理由；v 原谅；为…申辩；给…免去,/ɪk'skjʊs/,/ɪk'skjuːz; ek-/,I’m tired of listening to his excuses.,我听厌了他的种种理由。
en:exercise:noun:1,exercise,noun,运动；练习；运用；操练；礼拜；典礼,n 运动；练习；运用；操练；礼拜；典礼；v 锻炼；练习；使用；使忙碌；使惊恐,/'ɛksɚsaɪz/,/'eksəsaɪz/,Try to fit some regular exercise into your daily routine.,尽量在日常生活中安排一些经常性的锻炼。
en:expect:verb:1,expect,verb,期望；指望；认为；预料,v 期望；指望；认为；预料,/ɪk'spɛkt/,/ɪk'spekt; ek-/,He will be hard to beat. I fully expect (= am completely sure about ) that and I’m ready.,他很难击败。我确信这一点，不过我准备好了。
en:expensive:adjective:1,expensive,adjective,昂贵的；花钱的,adj 昂贵的；花钱的,/ɪk'spɛnsɪv/,/ɪk'spensɪv; ek-/,the most expensive restaurant in town,城里最贵的餐馆
en:experience:noun:1,experience,noun,经验；经历；体验,n 经验；经历；体验；v 经验；经历；体验,/ɪk'spɪrɪəns/,/ɪk'spɪərɪəns; ek-/,"The advice in the booklet reflects the practical experience we have gained (= experience gained by actually doing something, rather than knowledge from books etc ).",小册子中的建议反映了我们所获得的实践经验。
en:experiment:verb:1,experiment,verb,尝试；进行实验,v 尝试；进行实验；n 实验，试验；尝试,/ɪk'sperɪmənt/,/ɪk'sperɪm(ə)nt; ek-/,The teacher provided some different materials and left the children to experiment.,老师提供了几种不同的材料让孩子们试验。
en:explain:verb:1,explain,verb,说明；解释,v 说明；解释,/ɪk'splen/,/ɪk'spleɪn/,He carefully explained the procedure.,他仔细解释了程序。
en:express:verb:1,express,verb,表达；快递,v 表达；快递；adj 明确的；迅速的；专门的；n 快车，快递，专使；捷运公司,/ɪk'sprɛs/,/ɪk'spres; ek-/,Parents have expressed their concerns about their children’s safety.,父母对自己孩子的安全表示忧虑。
en:eye:noun:1,eye,noun,眼睛；视力；眼光；见解，观点,n 眼睛；视力；眼光；见解，观点；v 注视，看,/aɪ/,/aɪ/,He’s got beautiful eyes.,他有一双漂亮的眼睛。
en:face:noun:1,face,noun,脸；表面；面子；面容；外观；威信,n 脸；表面；面子；面容；外观；威信；v 向；朝,/fes/,/feɪs/,She had a beautiful face.,她面容秀美。
en:fact:noun:1,fact,noun,事实；实际；真相,n 事实；实际；真相,/fækt/,/fækt/,Our decision to build the museum in Hartlepool was influenced by the fact that there were no national museums in the North East.,我们之所以决定在哈特尔浦建造博物馆，是因为东北地区没有国家级的博物馆。
en:factory:noun:1,factory,noun,工厂；制造厂；代理店,n 工厂；制造厂；代理店,/'fæktri/,/'fækt(ə)rɪ/,a car factory,汽车制造厂
en:fail:verb:1,fail,verb,失败，不及格；破产；缺乏；衰退,v 失败，不及格；破产；缺乏；衰退；n 不及格,/fel/,/feɪl/,It looks likely that the peace talks will fail.,看来和平谈判可能会失败。
en:fair:adjective:1,fair,adjective,公平的；美丽的，白皙的；[气象] 晴朗的,adj 公平的；美丽的，白皙的；[气象] 晴朗的；adv 公平地；直接地；清楚地；v 转晴；n 展览会；市集；美人,/fɛr/,/feə/,Why does Eric get to go and I don’t? It’s not fair!,为什么埃里克能去我不能？这不公平！
en:family:noun:1,family,noun,家庭；亲属；家族；子女；[生]科；语族；[化]族,n 家庭；亲属；家族；子女；[生]科；语族；[化]族；adj 家庭的；家族的；适合于全家的,/'fæməli/,/'fæmɪlɪ; -m(ə)l-/,Do you know the family next door?,你认识隔壁那家人吗？
en:famous:adjective:1,famous,adjective,著名的；极好的，非常令人满意的,adj 著名的；极好的，非常令人满意的,/'feməs/,/'feɪməs/,a famous actor,著名演员
en:fan:verb:1,fan,verb,煽动；刺激；吹拂,v 煽动；刺激；吹拂；n 迷；风扇；爱好者,/fæn/,/fæn/,Her resistance only fanned his desire.,她的反抗反而激起了他的欲望。
en:fantastic:adjective:1,fantastic,adjective,奇异的；空想的；异想天开的；古怪的；极好的，极出色的；不可思议的；不切实际的,adj 奇异的；空想的；异想天开的；古怪的；极好的，极出色的；不可思议的；不切实际的；n 古怪的人,/fæn'tæstɪk/,/fæn'tæstɪk/,You look fantastic!,你看上去棒极了！
en:farm:verb:1,farm,verb,种田，务农；经营农场,v 种田，务农；经营农场；n 农场；农家；畜牧场,/fɑrm/,/fɑːm/,The family has farmed here for generations.,这家人世代在此务农。
en:farmer:noun:1,farmer,noun,农夫，农民,n 农夫，农民,/'fɑmɚ/,/'fɑːmə/,She dickered with the farmer for the best fruit.,她要买最好的水果而跟农民讨价还价。
en:fast:adjective:1,fast,adjective,快速的，迅速的；紧的，稳固的,adj 快速的，迅速的；紧的，稳固的；adv 迅速地；紧紧地；彻底地；v 禁食，斋戒；n 斋戒；绝食,/fæst/,/fɑːst/,a fast car,速度很快的汽车
en:fat:adjective:1,fat,adjective,肥的，胖的；油腻的；丰满的,adj 肥的，胖的；油腻的；丰满的；n 脂肪，肥肉；v 养肥；在…中加入脂肪,/fæt/,/fæt/,Are you suggesting I’m too fat?,你是不是在说我太胖了？
en:father:noun:1,father,noun,父亲，爸爸；神父；祖先；前辈,n 父亲，爸爸；神父；祖先；前辈；v 发明，创立；当…的父亲,/'fɑðɚ/,/'fɑːðə/,Ask your father to help you.,叫你父亲帮你。
en:fear:noun:1,fear,noun,害怕；恐惧；敬畏；担心,n 害怕；恐惧；敬畏；担心；v 害怕；敬畏；为…担心,/fɪr/,/fɪə/,She finally ran away for fear that he would kill her.,她最后逃走了，唯恐他会杀她。
en:february:noun:1,February,noun,二月,n 二月,/'fɛbrʊ'ɛri/,/'febrʊərɪ; 'febjʊərɪ/,He joined the Army in February 1943.,他1943年2月参军。
en:feeling:noun:1,feeling,noun,感觉，触觉；感情，情绪；同情,n 感觉，触觉；感情，情绪；同情；adj 有感觉的；有同情心的；富于感情的；v 感觉；认为（feel的现在分词）；触摸,/'filɪŋ/,/'fiːlɪŋ/,Knowing we’d won was a wonderful feeling.,得知我们赢了，感觉真好。
en:festival:noun:1,festival,noun,节日；庆祝，纪念活动；欢乐,n 节日；庆祝，纪念活动；欢乐；adj 节日的，喜庆的；快乐的,/ˈfɛstəvəl/,/'festɪv(ə)l/,Christmas is one of the main festivals in the Christian Calendar.,圣诞节是基督教历的重大节日之一。
en:fetch:verb:1,fetch,verb,取来；接来；到达；吸引,v 取来；接来；到达；吸引；n 取得；诡计,/fɛtʃ/,/fetʃ/,This announcement fetched a huge cheer from the audience.,这一宣告博得听众极其热烈的欢呼声。
en:fever:noun:1,fever,noun,发烧，发热；狂热,n 发烧，发热；狂热；vt 使发烧；使狂热；使患热病；vi 发烧；狂热；患热病,/'fivɚ/,/'fiːvə/,Andy has a fever and won’t be coming into work today.,安迪发烧了，今天不来上班。
en:few:adjective:1,few,adjective,很少的；几乎没有的,adj 很少的；几乎没有的；pron 很少；n 很少数,/fju/,/fjuː/,...spending her few waking hours in front of the TV.,…把她清醒的个把钟头花在电视机前。
en:field:noun:1,field,noun,领域；牧场；旷野；战场；运动场,n 领域；牧场；旷野；战场；运动场；v 担任场外队员；adj 扫描场；田赛的；野生的,/fild/,/fiːld/,Peter’s an expert in his field .,彼得是他那个行业里的专家。
en:fifteen:noun:1,fifteen,noun,十五；十五个；十五人组成的橄榄球队,n 十五；十五个；十五人组成的橄榄球队；adj 十五的；num 十五,"/,fɪf'tin/",/fɪf'tiːn; 'fɪftiːn/,a coastal village fifteen miles south of Tourane,土伦以南15英里的一个滨海村落
en:fifth:adjective:1,fifth,adjective,第五的；五分之一的,adj 第五的；五分之一的；n 第五；五分之一；num 第五,/fɪfθ/,/fɪfθ/,in the fifth century,在五世纪
en:fifty:noun:1,fifty,noun,五十；五十个；编号为50的东西,n 五十；五十个；编号为50的东西；adj 五十的；五十个的；众多的,/'fɪfti/,/'fɪftɪ/,Standards of living rose in the fifties.,50年代生活水平提高了。
en:fill:verb:1,fill,verb,装满，使充满；满足；堵塞；任职,v 装满，使充满；满足；堵塞；任职；n 满足；填满的量；装填物,/fɪl/,/fɪl/,"He poured her a drink, then filled his own glass.",他给她倒了一杯，然后将自己的杯子斟满。
en:film:noun:1,film,noun,电影；薄膜；胶卷；轻烟,n 电影；薄膜；胶卷；轻烟；v 在…上覆以薄膜；把…拍成电影,/fɪlm/,/fɪlm/,Have you seen any good films recently?,你最近看过什么好的影片吗？
en:final:adjective:1,final,adjective,最终的；决定性的；不可更改的,adj 最终的；决定性的；不可更改的；n 决赛；期末考试；当日报纸的末版,/'faɪnl/,/'faɪn(ə)l/,The final episode will be shown tonight.,最后一集将于今晚播出。
en:fine:adjective:1,fine,adjective,好的；优良的；细小的，精美的；健康的；晴朗的,adj 好的；优良的；细小的，精美的；健康的；晴朗的；n 罚款；v 罚款；澄清；adv 很好地；精巧地,/faɪn/,/faɪn/,"‘How are you?’ ‘Fine, thanks, how are you?’",“你好吗？”“很好，谢谢，你呢？”
en:finger:noun:1,finger,noun,手指；指针，指状物,n 手指；指针，指状物；v 伸出；用手指拨弄,/'fɪŋɡɚ/,/'fɪŋgə/,"The woman had a ring on her finger, so I assumed she was married.",那女人手指上戴着戒指，因此我猜想她已经结婚了。
en:finish:verb:1,finish,verb,完成；结束；用完,v 完成；结束；用完；n 结束；完美；回味（葡萄酒）,/'fɪnɪʃ/,/'fɪnɪʃ/,You can’t go anywhere until you’ve finished your homework.,没完成家庭作业前你哪儿也不能去。
en:fire:noun:1,fire,noun,火；火灾；炮火；炉火；热情；激情；磨难,n 火；火灾；炮火；炉火；热情；激情；磨难；v 点燃；解雇；开除；使发光；烧制；激动；放枪,/faɪr/,/'faɪə/,The warehouse was completely destroyed by fire.,仓库全给烧毁了。
en:first:adverb:1,first,adverb,第一；首先；优先；宁愿,adv 第一；首先；优先；宁愿；n 第一；开始；冠军；adj 第一的；基本的；最早的；num 第一,/fɝst/,/fɜːst/,I’ll join you in a minute but I need to make a phone call first.,我一会儿就来，但是我得先打个电话。
en:fish:verb:1,fish,verb,捕鱼，钓鱼；用钩捞取,v 捕鱼，钓鱼；用钩捞取；n 鱼，鱼类,/fɪʃ/,/fɪʃ/,Dad really loves to fish.,爸爸很喜欢钓鱼。
en:fisherman:noun:1,fisherman,noun,渔夫；渔人,n 渔夫；渔人,/'fɪʃɚmən/,/'fɪʃəmən/,"But there was a price below which they dared not go, for it had happened that a fisherman in despair had given his pearls to the church.",但是有一个价格底线，他们不敢低于这个价格了，因为曾有渔夫因为价格太低而绝望得宁愿把珍珠募捐给教堂。
en:fit:verb:1,fit,verb,安装；使……适应；使……合身；与……相符,v 安装；使……适应；使……合身；与……相符；adj 健康的；合适的；恰当的；准备好的；n 合身；发作；痉挛,/fɪt/,/fɪt/,"The sash, kimono, and other garments were made to fit a child.",这些腰带、和服和其他衣服都做得适合孩子穿。
en:five:noun:1,five,noun,五，五个；五美元钞票,n 五，五个；五美元钞票；num 五，五个；adj 五的；五个的,/faɪv/,/faɪv/,There is also a golf course five miles away.,五英里外还有个高尔夫球场。
en:fix:verb:1,fix,verb,使固定；修理；安装；准备,v 使固定；修理；安装；准备；n 困境；方位；贿赂,/fɪks/,/fɪks/,He’s outside fixing the brakes on the car.,他在外面修理汽车的刹车。
en:flag:verb:1,flag,verb,标记；衰退；枯萎,v 标记；衰退；枯萎；n 标志；旗子,/flæg/,/flæg/,His enthusiasm was in no way flagging.,他的热情丝毫没有减退。
en:flat:adjective:1,flat,adjective,平的；单调的；不景气的；干脆的；平坦的；扁平的；浅的,adj 平的；单调的；不景气的；干脆的；平坦的；扁平的；浅的；adv （尤指贴着另一表面）平直地；断然地；水平地；直接地，完全地；n 平地；公寓；平面；vt 使变平；[音乐]使（音调）下降，尤指降半音；vi 逐渐变平；[音乐]以降调唱（或奏）,/flæt/,/flæt/,houses with flat roofs,平顶房
en:floor:noun:1,floor,noun,地板，地面；楼层；基底；议员席,n 地板，地面；楼层；基底；议员席；v 铺地板；打倒，击倒；（被困难）难倒,/flɔr/,/flɔː/,a polished wooden floor,上过蜡的木地板
en:flower:noun:1,flower,noun,花；精华；开花植物,n 花；精华；开花植物；v 成熟，发育；开花；繁荣；旺盛,/'flaʊɚ/,/'flaʊə/,a lovely rose bush with delicate pink flowers,一簇开着娇嫩的粉红色花朵的美丽蔷薇
en:flu:noun:1,flu,noun,流感,n 流感,/flu/,/fluː/,Steven’s still in bed with flu .,史蒂文患了流感，仍卧病在床。
en:fly:verb:1,fly,verb,飞；驾驶飞机；飘扬,v 飞；驾驶飞机；飘扬；n 飞行；苍蝇；两翼昆虫；adj 敏捷的,/flaɪ/,/flaɪ/,She’s flying back to the States tomorrow.,她明天乘飞机回美国。
en:follow:verb:1,follow,verb,跟随；遵循；追求；密切注意，注视；注意；倾听,v 跟随；遵循；追求；密切注意，注视；注意；倾听；n 跟随；追随,/'fɑlo/,/'fɒləʊ/,Are those men following us?,那些人在跟着我们吗？
en:food:noun:1,food,noun,食物；养料,n 食物；养料,/fud/,/fuːd/,The restaurant serves good food at affordable prices.,那家餐厅物美价廉。
en:football:noun:1,football,noun,足球，橄榄球,n 足球，橄榄球；vi 踢足球；打橄榄球,/'fʊtbɔl/,/'fʊtbɔːl/,Which football team do you support?,你支持哪个球队？
en:for:preposition:1,for,preposition,为，为了；因为；给；对于；至于；适合于,prep 为，为了；因为；给；对于；至于；适合于；conj 因为,/fɚ; strong form fɔr/,/fə(r); strong form fɔ:(r)/,I’ve got a present for you.,我有件礼物送给你。
en:force:noun:1,force,noun,力量；武力；军队；魄力,n 力量；武力；军队；魄力；v 促使，推动；强迫；强加,/fɔrs/,/fɔːs/,Peace cannot be imposed by force .,和平不能通过武力来实现。
en:foreign:adjective:1,foreign,adjective,外国的；外交的；异质的；不相关的,adj 外国的；外交的；异质的；不相关的,/'fɔrən/,/'fɒrɪn/,foreign students,外国学生
en:foreigner:noun:1,foreigner,noun,外地人，外国人,n 外地人，外国人,/'fɔrənɚ/,/'fɒrɪnə/,Some of the local people are suspicious of foreigners.,有些当地人不信任外国人。
en:forest:verb:1,forest,verb,植树于，使成为森林,v 植树于，使成为森林；n 森林,/'fɔrɪst/,/'fɒrɪst/,a tropical forest,热带森林
en:fork:noun:1,fork,noun,叉；餐叉；耙,n 叉；餐叉；耙；v 叉起；使成叉状,/fɔrk/,/fɔːk/,Put the knives and forks on the table.,把刀叉摆放在桌子上。
en:form:noun:1,form,noun,形式，形状；形态，外形；方式；表格,n 形式，形状；形态，外形；方式；表格；v 构成，组成；排列，组织；产生，塑造,/fɔrm/,/fɔːm/,We oppose racism in all its forms.,我们反对各种形式的种族主义。
en:forty:noun:1,forty,noun,四十,n 四十；adj 四十的；四十个的,/'fɔrti/,/'fɔːtɪ/,The place was built as a casino in the forties.,这个地方建于20世纪40年代，起初是一座赌场。
en:forward:adjective:1,forward,adjective,向前的；早的；迅速的,adj 向前的；早的；迅速的；adv 向前地；向将来；v 促进；转寄；运送；n 前锋,/'fɔrwɚd/,/'fɔːwəd/,Army roadblocks prevented any further forward movement .,有军队的路障，不能继续前行了。
en:four:numeral:1,four,numeral,四；四个,num 四；四个；adj 四的；四个的；n (Four)人名；(西)福尔；(法)富尔,/fɔr/,/fɔː/,She is married with four children.,她已婚，有四个孩子。
en:fourteen:numeral:1,fourteen,numeral,十四；十四个；第十四,num 十四；十四个；第十四；n 十四的记号；十四岁；十四点钟；十五世纪,"/,fɔr'tin/",/fɔː'tiːn; 'fɔːtiːn/,He used to work fourteen hours a day.,他过去一天工作14个小时。
en:fourth:adjective:1,fourth,adjective,第四的，第四个的；四分之一的,adj 第四的，第四个的；四分之一的；n 第四，月的第四日；四分之一；num 第四,/fɔrθ/,/fɔːθ/,in the fourth century,在四世纪
en:fox:verb:1,fox,verb,欺骗；使变酸,v 欺骗；使变酸；n 狐狸；狡猾的人,/fɑks/,/fɒks/,We were foxed by the problem.,我们被这个问题难住了。
en:free:adjective:1,free,adjective,免费的；自由的，不受约束的；[化学] 游离的,adj 免费的；自由的，不受约束的；[化学] 游离的；v 使自由，解放；释放；adv 自由地；免费；n (Free)人名；(英)弗里,/fri/,/friː/,Admission is free for children under 9.,九岁以下儿童免费入场。
en:fresh:adjective:1,fresh,adjective,新鲜的；清新的；淡水的；无经验的,adj 新鲜的；清新的；淡水的；无经验的；n 开始；新生；泛滥；adv 刚刚，才；最新地,/frɛʃ/,/freʃ/,I’ll just make some fresh coffee.,我来重新煮点咖啡。
en:friday:noun:1,Friday,noun,星期五,n 星期五,,"/'fraɪdeɪ; (occas.,) ˈfraɪdi/",Diane won’t be here Friday.,星期五黛安娜不来这里。
en:fridge:noun:1,fridge,noun,电冰箱,n 电冰箱,/frɪdʒ/,/frɪdʒ/,Then all three of you sign the contract and post in on the fridge.,然后你们三个人要都在协议上签名，并把它贴在冰箱上。
en:friend:noun:1,friend,noun,朋友；助手；赞助者,n 朋友；助手；赞助者,/frɛnd/,/frend/,"Jerry, this is my friend Sue.",杰里，这是我的朋友休。
en:friendly:adjective:1,friendly,adjective,友好的；亲切的；支持的；融洽的，和睦的,adj 友好的；亲切的；支持的；融洽的，和睦的；adv 友善地；温和地；n (Friendly)人名；(英)弗兰德利,/'frɛndli/,/'fren(d)lɪ/,a friendly smile,亲切的微笑
en:friendship:noun:1,friendship,noun,友谊；友爱；友善,n 友谊；友爱；友善,/'frɛndʃɪp/,/'fren(d)ʃɪp/,her close friendship with her aunt,她与姑母的亲密友谊
en:frog:noun:1,frog,noun,青蛙；[铁路] 辙叉；饰扣,n 青蛙；[铁路] 辙叉；饰扣；v 捕蛙,/frɔɡ/,/frɒg/,The tadpole has become a frog.,这个蝌蚪已长成青蛙。
en:front:noun:1,front,noun,前面；正面；前线,n 前面；正面；前线；v 面对；朝向；对付；adj 前面的；正面的；adv 在前面；向前,/frʌnt/,/frʌnt/,He wore an old sweater with a coffee stain down the front.,他穿着一件旧毛衣，前面有一道咖啡渍。
en:fruit:noun:1,fruit,noun,水果；产物,n 水果；产物；v 结果实,/frut/,/fruːt/,Try to eat plenty of fresh fruit .,尽量多吃新鲜水果。
en:full:adjective:1,full,adjective,完全的，完整的；满的，充满的；丰富的；完美的；丰满的；详尽的,adj 完全的，完整的；满的，充满的；丰富的；完美的；丰满的；详尽的；adv 十分，非常；完全地；整整；v 把衣服缝得宽大；n 全部；完整,/fʊl/,/fʊl/,The train was completely full.,火车坐得满满的。
en:fun:noun:1,fun,noun,乐趣；玩笑；有趣的人或事,n 乐趣；玩笑；有趣的人或事；adj 供娱乐用的；vi 开玩笑,/fʌn/,/fʌn/,There’s plenty of fun for all the family.,可以让全家人玩得很开心。
en:funny:adjective:1,funny,adjective,有趣的，好笑的，滑稽的；（口）稀奇的，古怪的，奇异的；有病的，不舒服的；狡猾的，欺骗（性）的，可疑的，不光明,adj 有趣的，好笑的，滑稽的；（口）稀奇的，古怪的，奇异的；有病的，不舒服的；狡猾的，欺骗（性）的，可疑的，不光明；n 滑稽人物；笑话，有趣的故事；滑稽连环漫画栏；（英）（比赛用）单人双桨小艇,/'fʌni/,/'fʌnɪ/,the funniest man in Britain,英国最滑稽的男人
en:future:noun:1,future,noun,未来；前途；期货；将来时,n 未来；前途；期货；将来时；adj 将来的，未来的,/'fjʊtʃɚ/,/'fjuːtʃə/,The islands should have the right to decide their own future.,这些岛屿应当有权决定自己的未来。
en:game:noun:1,game,noun,游戏；比赛,n 游戏；比赛；adj 勇敢的；v 赌博,/ɡem/,/geɪm/,The boys were playing a game in the backyard.,男孩们在后院里玩游戏。
en:garden:noun:1,garden,noun,花园；菜园,n 花园；菜园；v 栽培花木,/'ɡɑrdn/,/'gɑːd(ə)n/,He’s outside in the garden.,他在外面花园里。
en:gate:noun:1,gate,noun,大门；出入口；门道,n 大门；出入口；门道；v 给…装大门,/ɡet/,/geɪt/,We went through the gate into the orchard.,我们穿过大门进了果园。
en:general:adjective:1,general,adjective,一般的，普通的；综合的；大体的,adj 一般的，普通的；综合的；大体的；n 一般；将军，上将；常规,/'dʒɛnrəl/,/'dʒen(ə)r(ə)l/,a general introduction to computing,计算机应用概论
en:gentleman:noun:1,gentleman,noun,先生；绅士；有身份的人,n 先生；绅士；有身份的人,/'dʒɛntlmən/,/'dʒent(ə)lmən/,"Could you serve this gentleman please, Miss Bath?",巴思小姐，请你接待一下这位先生好吗？
en:geography:noun:1,geography,noun,地理；地形,n 地理；地形,/dʒɪ'ɑɡrəfi/,/dʒɪ'ɒgrəfɪ/,a geography lesson,地理课
en:gift:noun:1,gift,noun,礼物；天赋；赠品,n 礼物；天赋；赠品；v 赋予；向…赠送,/ɡɪft/,/gɪft/,The earrings were a gift from my aunt.,这副耳环是我姑姑送给我的礼物。
en:giraffe:noun:1,giraffe,noun,长颈鹿,n 长颈鹿,/dʒə'ræf/,/dʒə'rɑ:f/,Can I get the mommy giraffe for Christmas?,我在圣诞节能得到一个长颈鹿妈妈吗？
en:girl:noun:1,girl,noun,女孩；姑娘，未婚女子；女职员，女演员；（男人的）女朋友,n 女孩；姑娘，未婚女子；女职员，女演员；（男人的）女朋友,/ɡɝl/,/gɜːl/,Both boys and girls can apply to join the choir.,男孩和女孩均可申请加入合唱团。
en:glad:adjective:1,glad,adjective,高兴的；乐意的；令人高兴的；灿烂美丽的,adj 高兴的；乐意的；令人高兴的；灿烂美丽的；vt 使高兴；n (Glad)人名；(塞、瑞典)格拉德；(英)格莱德；(法、挪)格拉,/ɡlæd/,/glæd/,We’re so glad you came.,你来了我们真高兴。
en:glass:noun:1,glass,noun,玻璃；玻璃制品；镜子,n 玻璃；玻璃制品；镜子；v 反映；给某物加玻璃,/ɡlæs/,/glɑːs/,a glass bowl,玻璃碗
en:glove:noun:1,glove,noun,手套,n 手套；vt 给…戴手套,/ɡlʌv/,/glʌv/,a pair of gloves,一副手套
en:goat:noun:1,goat,noun,山羊；替罪羊（美俚）；色鬼（美俚）,n 山羊；替罪羊（美俚）；色鬼（美俚）,/ɡot/,/gəʊt/,goat skin,山羊皮
en:god:noun:1,god,noun,神；（大写首字母时）上帝,n 神；（大写首字母时）上帝；vt 膜拜，崇拜,/ɡɑd/,/ɡɒd/,Prayer is a way of talking to God.,祈祷是同上帝交流的一种方式。
en:goal:noun:1,goal,noun,目标；球门，得分数；终点,n 目标；球门，得分数；终点；vi 攻门，射门得分,/ɡol/,/gəʊl/,Your goal as a parent is to help your child become an independent adult.,身为父母，你的目标就是要培养孩子成为独立的成年人。
en:gold:noun:1,gold,noun,金，黄金；金色；金币,n 金，黄金；金色；金币；adj 金的，金制的；金色的,/ɡold/,/gəʊld/,She came to the party dripping with gold (= wearing a lot of gold ) .,她披金戴银地来参加派对。
en:golden:adjective:1,golden,adjective,金色的，黄金般的；珍贵的；金制的,adj 金色的，黄金般的；珍贵的；金制的；n (Golden)人名；(英、法、罗、德、瑞典)戈尔登,/'ɡoldən/,/'gəʊld(ə)n/,golden hair,金发
en:government:noun:1,government,noun,政府；政体；管辖,n 政府；政体；管辖,/'ɡʌvɚnmənt/,"/'gʌv(ə)n,m(ə)nt; 'gʌvəm(ə)nt/",The Government are planning further cuts in public spending.,政府正计划进一步削减公共支出。
en:grade:noun:1,grade,noun,年级；等级；成绩；级别；阶段,n 年级；等级；成绩；级别；阶段；v 评分；把…分等级,/ɡred/,/greɪd/,The best grades of tea are expensive.,最上等的茶叶价格很贵。
en:grammar:noun:1,grammar,noun,语法；语法书,n 语法；语法书,/'græmɚ/,/'græmə/,Check your spelling and grammar.,检查你的拼写和语法。
en:grandchild:noun:1,grandchild,noun,孙子；孙女；外孙；外孙女,n 孙子；孙女；外孙；外孙女,/'ɡræntʃaɪld/,/'græn(d)tʃaɪld/,Mary loves her grandchildren.,玛丽很疼爱她的孙子孙女们。
en:granddaughter:noun:1,granddaughter,noun,孙女；外孙女,n 孙女；外孙女,/'ɡrændɔtɚ/,/'grændɔːtə/,...a drawing of my granddaughter Amelia.,…一幅我孙女阿梅莉亚的画像。
en:grandparent:noun:1,grandparent,noun,祖父母；祖父或祖母；外祖父母；外祖父或外祖母,n 祖父母；祖父或祖母；外祖父母；外祖父或外祖母,/'græn'pɛrənt/,/'græn(d)peər(ə)nt/,My grandparents live in Sussex.,我的祖父母住在萨塞克斯郡。
en:grandson:noun:1,grandson,noun,孙子；外孙,n 孙子；外孙,/'ɡrænsʌn/,/'græn(d)sʌn/,My grandson's birthday was on Tuesday.,我孙子的生日是星期二。
en:granny:noun:1,granny,noun,奶奶；外婆；婆婆妈妈的人,n 奶奶；外婆；婆婆妈妈的人,/'ɡræni/,/'grænɪ/,...my old granny.,…我的老奶奶。
en:grape:noun:1,grape,noun,葡萄；葡萄酒；葡萄树；葡萄色,n 葡萄；葡萄酒；葡萄树；葡萄色,/ɡrep/,/greɪp/,a bunch of grapes,一串葡萄
en:grass:noun:1,grass,noun,草；草地，草坪,n 草；草地，草坪；v 放牧；使……长满草；使……吃草,/ɡræs/,/grɑːs/,I walked across the grass.,我走在草地上。
en:great:adjective:1,great,adjective,伟大的，重大的；极好的，好的；主要的,adj 伟大的，重大的；极好的，好的；主要的；n 大师；大人物；伟人们,/ɡret/,/greɪt/,The movie was a great success.,这部影片大获成功。
en:green:adjective:1,green,adjective,绿色的；青春的,adj 绿色的；青春的；n 绿色；青春；v 使…变绿色,/ɡrin/,/griːn/,beautiful green eyes,漂亮的碧眼
en:greeting:noun:1,greeting,noun,问候，招呼；祝贺,n 问候，招呼；祝贺；v 致敬，欢迎（greet的现在分词）,/'ɡritɪŋ/,/'griːtɪŋ/,"I smiled a polite greeting, but the woman hardly acknowledged me.",我客气地笑着打了个招呼，可是那女人没有答理我。
en:ground:noun:1,ground,noun,地面；土地；范围；战场;根据,n 地面；土地；范围；战场;根据；v 使接触地面；打基础；使搁浅；adj 土地的；地面上的；磨碎的；磨过的,/ɡraʊnd/,/graʊnd/,There are strong grounds for believing his statement.,有充分的理由可以相信他的话。
en:group:noun:1,group,noun,组；团体,n 组；团体；adj 群的；团体的；v 聚合,/ɡrup/,/gruːp/,A group of us are going to London.,我们有一群人要去伦敦。
en:guard:noun:1,guard,noun,守卫；警戒；护卫队；防护装置,n 守卫；警戒；护卫队；防护装置；v 警惕,/ɡɑrd/,/gɑːd/,The prisoners overpowered their guards and locked them in a cell.,囚犯们制服了卫兵，并把他们锁在一个牢房里。
en:guess:verb:1,guess,verb,猜测；认为；推测；猜中,v 猜测；认为；推测；猜中；n 猜测；推测,/ɡɛs/,/ges/,"I’d say he’s around 50, but I’m only guessing.",我想他50岁左右，不过也只是猜测。
en:guest:noun:1,guest,noun,客人，宾客；顾客,n 客人，宾客；顾客；v 款待，招待；adj 客人的；特邀的，客座的,/ɡɛst/,/gest/,a banquet for 250 distinguished guests,250位贵宾出席的宴会
en:gun:noun:1,gun,noun,枪支；枪状物；持枪歹徒,n 枪支；枪状物；持枪歹徒；v 用枪射击；加大油门快速前进,/ɡʌn/,/gʌn/,I’ve never fired a gun in my life.,我这辈子从来没开过枪。
en:gym:noun:1,gym,noun,健身房；体育；体育馆,n 健身房；体育；体育馆,/dʒɪm/,/dʒɪm/,I go to the gym as often as I can.,我一有空就去健身房健身。
en:hair:noun:1,hair,noun,头发；毛发；些微,n 头发；毛发；些微；vt 除去…的毛发；vi 生长毛发；形成毛状纤维；adj 毛发的；护理毛发的；用毛发制成的,/hɛr/,/heə/,Her hair was short and dark.,她的头发又短又黑。
en:half:noun:1,half,noun,一半；半场；半学年,n 一半；半场；半学年；adv 一半地；部分地；adj 一半的；不完全的；半途的,/hæf/,/hɑːf/,Only half the guests had arrived by seven o’clock.,7点钟前只来了一半客人。
en:hall:noun:1,hall,noun,过道，门厅，走廊；会堂；食堂；学生宿舍；大厅，前厅；娱乐中心，会所,n 过道，门厅，走廊；会堂；食堂；学生宿舍；大厅，前厅；娱乐中心，会所,/hɔl/,/hɔːl/,a huge tiled entrance hall,铺着地砖的大门厅
en:ham:noun:1,ham,noun,火腿；业余无线电爱好者；蹩脚演员,n 火腿；业余无线电爱好者；蹩脚演员；v 表演过火；adj 过火的；做作的,/hæm/,/hæm/,a ham sandwich,火腿三明治
en:hamburger:noun:1,hamburger,noun,汉堡包，火腿汉堡；牛肉饼，肉饼；碎牛肉,n 汉堡包，火腿汉堡；牛肉饼，肉饼；碎牛肉,/hæmbɝ​ɡɚ/,/ˈhæmbɜ:gə/,,
en:hand:noun:1,hand,noun,手，手艺；帮助；指针；插手,n 手，手艺；帮助；指针；插手；v 传递，交给；支持；搀扶,/hænd/,/hænd/,Steve gripped the steering wheel tightly with both hands.,史蒂夫双手紧握方向盘。
en:handbag:noun:1,handbag,noun,手提包,n 手提包,/'hænd'bæg/,/'hæn(d)bæg/,I have sent Tom back for your handbag.,我已经让汤姆回去取你的手提袋了。
en:handsome:adjective:1,handsome,adjective,（男子）英俊的；可观的；大方的，慷慨的；健美而端庄的,adj （男子）英俊的；可观的；大方的，慷慨的；健美而端庄的,/'hænsəm/,/'hæns(ə)m/,He managed to make a handsome profit out of the deal.,他从这笔买卖中赚取了丰厚的利润。
en:happen:verb:1,happen,verb,发生；碰巧；偶然遇到,v 发生；碰巧；偶然遇到,/'hæpən/,/'hæp(ə)n/,When did the accident happen?,事故什么时候发生的？
en:happy:adjective:1,happy,adjective,幸福的；高兴的；巧妙的,adj 幸福的；高兴的；巧妙的；n (Happy)人名；(英、瑞典、喀)哈皮,/'hæpɪ/,/'hæpɪ/,It’s a lovely house and we’ve been very happy here.,房子很漂亮，我们住在这里非常开心。
en:hard:adjective:1,hard,adjective,努力的；硬的；困难的；辛苦的；确实的；严厉的；猛烈的；冷酷无情的,adj 努力的；硬的；困难的；辛苦的；确实的；严厉的；猛烈的；冷酷无情的；adv 努力地；困难地；辛苦地；接近地；猛烈地；牢固地；n (Hard)人名；(英、芬、瑞典)哈德,/hɑrd/,/hɑːd/,a hard wooden chair,一把硬木椅
en:hardly:adverb:1,hardly,adverb,几乎不，简直不；刚刚,adv 几乎不，简直不；刚刚,/'hɑrdli/,/'hɑːdlɪ/,"My parents divorced when I was six, and I hardly knew my father.",我六岁时父母离婚，我对父亲几乎一无所知。
en:hat:noun:1,hat,noun,帽子,n 帽子；v 给……戴上帽子,/hæt/,/hæt/,Maria was wearing a beautiful new hat.,玛丽亚戴着一顶漂亮的新帽子。
en:hate:verb:1,hate,verb,憎恨；厌恶；遗憾,v 憎恨；厌恶；遗憾；n 憎恨；反感,/het/,/heɪt/,Why do you hate me so much?,你为什么那么恨我？
en:he:noun:1,he,noun,男孩，男人；它（雄性动物）,n 男孩，男人；它（雄性动物）；pron 他,/hi/,/hiː/,‘Where’s Paul?’ ‘He’s gone to the cinema.’,“保罗在哪儿？”“他去看电影了。”
en:head:noun:1,head,noun,头；头痛；上端；最前的部分；理解力,n 头；头痛；上端；最前的部分；理解力；v 前进；用头顶；作为…的首领；站在…的前头；给…加标题；adj 头的；主要的；在顶端的,/hɛd/,/hed/,He kissed the top of her head.,他吻了一下她的头顶。
en:health:noun:1,health,noun,健康；卫生；保健；兴旺,n 健康；卫生；保健；兴旺,/hɛlθ/,/helθ/,I’m worried about my husband’s health.,我担心我丈夫的健康状况。
en:healthy:adjective:1,healthy,adjective,健康的，健全的；有益于健康的,adj 健康的，健全的；有益于健康的,/'hɛlθi/,/'helθɪ/,a healthy baby boy,健康的男婴
en:heart:noun:1,heart,noun,心脏；感情；勇气；心形；要点,n 心脏；感情；勇气；心形；要点；vt 鼓励；铭记；vi 结心,/hɑrt/,/hɑːt/,Regular exercise is good for the heart.,经常锻炼对心脏有好处。
en:heat:noun:1,heat,noun,高温；压力；热度；热烈,n 高温；压力；热度；热烈；v 使激动；把…加热,/hit/,/hiːt/,Ice needs heat to melt.,冰需要热才能融化。
en:heaven:noun:1,heaven,noun,天堂；天空；极乐,n 天堂；天空；极乐,/'hɛvn/,/'hev(ə)n/,He looked up towards the heavens.,他仰望苍穹。
en:heavy:adjective:1,heavy,adjective,沉重的；繁重的，巨大的；拥挤的；阴沉的,adj 沉重的；繁重的，巨大的；拥挤的；阴沉的；n 重物；严肃角色；adv 大量地；笨重地,/'hɛvi/,/'hevɪ/,The wardrobe was too heavy for me to move on my own.,衣橱太重，我一个人移不动。
en:height:noun:1,height,noun,高地；高度；身高；顶点,n 高地；高度；身高；顶点,/haɪt/,/haɪt/,Sam’s about the same height as his sister now.,萨姆现在身高和他姐姐差不多了。
en:help:verb:1,help,verb,帮助；促进；治疗；补救,v 帮助；促进；治疗；补救；n 帮助；补救办法；帮忙者；有益的东西,/hɛlp/,/help/,"If there’s anything I can do to help, just give me a call.",如果需要我帮忙，就给我打个电话。
en:helpful:adjective:1,helpful,adjective,有帮助的；有益的,adj 有帮助的；有益的,/'hɛlpfl/,/'helpfʊl; -f(ə)l/,Thank you for your advice; it’s been very helpful.,谢谢你的建议，它非常有用。
en:hen:noun:1,hen,noun,母鸡；女人；雌禽,n 母鸡；女人；雌禽,/hɛn/,/hen/,The hen sits in the hencoop [henroost].,母鸡卧窝。
en:her:pronoun:1,her,pronoun,她（she的宾格）；她的（she的所有格）；她（指某个国家；一艘船）,pron 她（she的宾格）；她的（she的所有格）；她（指某个国家；一艘船）；n （法）埃尔（人名）,/hɚ/,/hɜː/,Jane? I don’t really know her.,简？我不太认识她。
en:hers:pronoun:1,hers,pronoun,她的（所有格）,pron 她的（所有格）；n (Hers)人名；(法)埃尔,/hɝz/,/hɜːz/,He bent and touched his mouth to hers.,他俯身吻她的嘴唇。
en:here:adverb:1,here,adverb,在这里；此时,adv 在这里；此时；int 嘿！；喂！；n 这里,/hɪr/,/hɪə/,What are you doing here?,你们在这里干什么？
en:herself:pronoun:1,herself,pronoun,她自己（she的反身代词）；她亲自,pron 她自己（she的反身代词）；她亲自,/hɝ'sɛlf/,/hɜː'self/,She cut herself on some broken glass.,碎玻璃把她割伤了。
en:high:adjective:1,high,adjective,高的；高级的；崇高的；高音调的,adj 高的；高级的；崇高的；高音调的；n 高水平；天空；由麻醉品引起的快感；高压地带；adv 高；奢侈地,/haɪ/,/haɪ/,This is the highest mountain in Japan.,这是日本最高的山。
en:hill:noun:1,hill,noun,小山；丘陵；斜坡；山冈,n 小山；丘陵；斜坡；山冈,/hɪl/,/hɪl/,Their house is on a hill overlooking the sea.,他们的房子建在可以俯视大海的小山上。
en:him:pronoun:1,him,pronoun,他（宾格）,pron 他（宾格）；n (Him)人名；(东南亚国家华语)欣；(柬)亨；(中)谦(广东话·威妥玛),/hɪm/,/hɪm/,Are you in love with him?,你爱上他了吗？
en:himself:pronoun:1,himself,pronoun,他自己；他亲自，他本人,pron 他自己；他亲自，他本人,/hɪm'sɛlf/,/hɪm'self/,by himself,由他独力地
en:his:pronoun:1,his,pronoun,他的,pron 他的；n (His)人名；(法)伊斯,/hɪz/,/hɪz/,That should be his mother.,那大概是他的母亲。
en:history:noun:1,history,noun,历史，历史学；历史记录；来历,n 历史，历史学；历史记录；来历,/ˈhɪstəri; ˈhɪstri/,/'hɪst(ə)rɪ/,Throughout history the achievements of women have been largely ignored.,从古至今，妇女的成就都被大大地忽视了。
en:hobby:noun:1,hobby,noun,嗜好；业余爱好,n 嗜好；业余爱好,/'hɑbi/,/'hɒbɪ/,What are your hobbies?,你有些什么爱好？
en:holiday:noun:1,holiday,noun,假日；节日；休息日,n 假日；节日；休息日；v 外出度假,/'hɑləde/,/'hɒlɪdeɪ; -dɪ/,The school holidays start tomorrow.,学校假期从明天开始。
en:home:noun:1,home,noun,家，住宅；产地；家乡；避难所,n 家，住宅；产地；家乡；避难所；adv 在家，回家；深入地；adj 国内的，家庭的；有效的；v 归巢，回家,/hom/,/həʊm/,They have a beautiful home in California.,他们在加州有个美丽的家。
en:hometown:noun:1,hometown,noun,家乡；故乡,n 家乡；故乡,/'homtaʊn/,/'həʊm'taʊn/,Do you like your hometown?,你喜欢你的家乡吗？
en:homework:noun:1,homework,noun,家庭作业，课外作业,n 家庭作业，课外作业,/'hom'wɝk/,/'həʊmwɜːk/,"For homework, finish the exercise on page 14.",家庭作业是完成第14页的练习。
en:honest:adjective:1,honest,adjective,诚实的，实在的；可靠的；坦率的,adj 诚实的，实在的；可靠的；坦率的,/'ɑnɪst/,/'ɒnɪst/,"He was a hard-working, honest man.",他勤奋老实。
en:hope:noun:1,hope,noun,希望；期望；信心,n 希望；期望；信心；v 希望；期望,/hop/,/həʊp/,"When I first arrived in New York, I was full of hope for the future.",我初到纽约时，对未来充满希望。
en:horse:noun:1,horse,noun,马；骑兵；脚架；海洛因,n 马；骑兵；脚架；海洛因；v 使骑马；系马于；捉弄,/hɔrs/,/hɔːs/,a horse and cart,一辆马车
en:hospital:noun:1,hospital,noun,医院,n 医院,/'hɑspɪtl/,/'hɒspɪt(ə)l/,They are building a new hospital.,他们正在建一家新医院。
en:hot:adjective:1,hot,adjective,热的；辣的；热情的；激动的；紧迫的,adj 热的；辣的；热情的；激动的；紧迫的；adv 热；紧迫地；v 变热；n (Hot)人名；(塞)霍特；(法)奥特,/hɑt/,/hɒt/,a hot curry,一种辛辣的咖喱
en:hotel:noun:1,hotel,noun,旅馆，饭店；客栈,n 旅馆，饭店；客栈；vt 使…在饭店下榻；vi 进行旅馆式办公,/ho'tɛl/,/həʊ'tel; əʊ-/,I’ve booked the flights and the hotel.,我已订好机票和酒店。
en:hour:noun:1,hour,noun,小时；钟头；课时；…点钟,n 小时；钟头；课时；…点钟,/'aʊɚ/,/'aʊə/,The interview will last about two hours.,面试大概要持续两小时。
en:house:noun:1,house,noun,住宅；家庭；机构；议会；某种用途的建筑物,n 住宅；家庭；机构；议会；某种用途的建筑物；v 覆盖；给…房子住；把…储藏在房内,/haʊs/,/haʊs/,The president will address both houses of Congress.,总统将向参众两院发表讲话。
en:housework:noun:1,housework,noun,家务事,n 家务事,/'haʊs'wɝk/,/'haʊswɜːk/,Men are doing more housework nowadays.,现今男人正在承担越来越多的家务。
en:how:adverb:1,how,adverb,如何；多少；多么,adv 如何；多少；多么；n 方法；方式；conj 如何,/haʊ/,/haʊ/,How do you spell your name?,你的名字怎么拼写？
en:however:adverb:1,however,adverb,无论如何；不管怎样（接副词或形容词）；然而；可是,adv 无论如何；不管怎样（接副词或形容词）；然而；可是；conj 无论以何种方式; 不管怎样,/haʊ'ɛvɚ/,/haʊ'evə/,"This is a cheap and simple process. However, there are dangers.",这是个花钱少而又简单的方法，不过有危险。
en:huge:adjective:1,huge,adjective,巨大的；庞大的；无限的,adj 巨大的；庞大的；无限的；n (Huge)人名；(英)休奇,/hjudʒ/,/hjuːdʒ/,a huge dog,一条大狗
en:human:adjective:1,human,adjective,人的；人类的,adj 人的；人类的；n 人；人类,/'hjumən/,/'hjuːmən/,There are many different cell types in the human body .,人体中有许多种不同的细胞类型。
en:hundred:noun:1,hundred,noun,一百；许多,n 一百；许多；adj 一百的；许多的；num 百；百个,/'hʌndrəd/,/'hʌndrəd/,Plank down your one hundred dollars.,立即支付一百美元。
en:hungry:adjective:1,hungry,adjective,饥饿的；渴望的；荒年的；不毛的,adj 饥饿的；渴望的；荒年的；不毛的,/'hʌŋɡri/,/'hʌŋgrɪ/,"I was cold, tired, and hungry.",我又冷，又累，又饿。
en:hurry:noun:1,hurry,noun,匆忙，急忙,n 匆忙，急忙；v 仓促（做某事）；催促；（朝某方向）迅速移动；迅速处理,/'hɝrɪ/,/'hʌrɪ/,"Sorry, I can’t stop, I’m in a hurry.",对不起，我不能停下，我赶时间。
en:husband:verb:1,husband,verb,节约地使用（或管理）,v 节约地使用（或管理）；n 丈夫,/'hʌzbənd/,/'hʌzbənd/,Have you met my husband Roy?,你见过我的丈夫罗伊吗？
en:i:pronoun:1,I,pronoun,我,pron 我；n 碘元素；英语字母I,,/aɪ/,I moved to this city six years ago.,六年前我搬到了这个城市。
en:ice:noun:1,ice,noun,冰；冰淇淋；矜持；（俚）钻石,n 冰；冰淇淋；矜持；（俚）钻石；v 冰镇；结冰；adj 冰的,/aɪs/,/aɪs/,Would you like some ice in your drink?,你饮料中要放点冰块吗？
en:idea:noun:1,idea,noun,想法；主意；概念,n 想法；主意；概念,/aɪ'diə/,/aɪ'dɪə/,You should talk to Ken – he's always full of good ideas.,你应该和肯谈谈，他总是满脑子好主意。
en:if:conjunction:1,if,conjunction,（表条件）如果；即使；是否；（表假设）假如,conj （表条件）如果；即使；是否；（表假设）假如；n 条件；设想,/ɪf/,/ɪf/,We’ll stay at home if it rains.,如果下雨，我们就待在家里。
en:ill:adjective:1,ill,adjective,生病的；坏的；邪恶的；不吉利的,adj 生病的；坏的；邪恶的；不吉利的；adv 不利地；恶劣地；几乎不；n 疾病；不幸,/ɪl/,/ɪl/,Bridget can’t come – she’s ill.,布里奇特不能来了，她生病了。
en:illness:noun:1,illness,noun,病；疾病,n 病；疾病,/'ɪlnəs/,/ˈɪlnəs/,She had all the normal childhood illnesses.,儿童的常见病她小时候都得过。
en:imagine:verb:1,imagine,verb,想像；猜想；臆断,v 想像；猜想；臆断,/ɪ'mædʒɪn/,/ɪ'mædʒɪn/,Perhaps she’d never really been there at all – perhaps she’d just imagined it.,可能她从未到过那儿——也许这都是她的幻想。
en:immediately:adverb:1,immediately,adverb,立即，立刻；直接地,adv 立即，立刻；直接地；conj 一…就,/ɪ'midɪətli/,/ɪ'miːdɪətlɪ/,Mix in the remaining ingredients and serve immediately.,拌入余下的食材，立即上桌。
en:important:adjective:1,important,adjective,重要的，重大的；有地位的；有权力的,adj 重要的，重大的；有地位的；有权力的,/ɪm'pɔrtnt/,/ɪm'pɔːt(ə)nt/,a very important meeting,很重要的会议
en:improve:verb:1,improve,verb,改善，增进；提高…的价值,v 改善，增进；提高…的价值,/ɪm'pruv/,/ɪm'pruːv/,a course for students wishing to improve their English,为想提高英语水平的学生开设的一门课
en:in:preposition:1,in,preposition,按照（表示方式）；从事于；在…之内,prep 按照（表示方式）；从事于；在…之内；adv 进入；当选；（服装等）时髦；在屋里；adj 在里面的；时髦的；n 执政者；门路；知情者,/ɪn/,/ɪn/,There’s some sugar in the cupboard.,碗橱里有一些糖。
en:inch:noun:1,inch,noun,英寸；身高；少许,n 英寸；身高；少许；v 使缓慢地移动,/ɪntʃ/,/ɪn(t)ʃ/,The curtains were an inch too short.,窗帘短了一英寸。
en:include:verb:1,include,verb,包含，包括,v 包含，包括,/ɪn'klud/,/ɪn'kluːd/,Does the price include postage?,这个价格包含邮费吗？
en:increase:noun:1,increase,noun,增加，增长；提高,n 增加，增长；提高；v 增加，增大；繁殖,/'ɪnkris/,/ɪn'kriːs/,Recent tax increases have affected the poor more than the rich.,新近的增税对穷人的影响比对富人的大。
en:india:noun:1,India,noun,印度（南亚国家）,n 印度（南亚国家）,/'ɪndɪə/,/'ɪndɪə/,Burma borders on India.,缅甸与印度毗邻。
en:indian:adjective:1,Indian,adjective,印度的；印第安人的；印第安语的,adj 印度的；印第安人的；印第安语的；n 印度人；印第安人；印第安语,/'ɪndɪən/,/'ɪndɪən/,...the Indian government.,...印度政府。
en:industry:noun:1,industry,noun,产业；工业；勤勉,n 产业；工业；勤勉,/'ɪndəstri/,/'ɪndəstrɪ/,I work in the oil industry.,我在石油行业工作。
en:influence:noun:1,influence,noun,影响；势力；感化；有影响的人或事,n 影响；势力；感化；有影响的人或事；v 影响；改变,/'ɪnfluəns/,/'ɪnflʊəns/,"As a scientist, his influence was immense.",身为一名科学家，他的影响力极大。
en:information:noun:1,information,noun,信息，资料；知识；情报；通知,n 信息，资料；知识；情报；通知,/'ɪnfɚ'meʃən/,/ɪnfə'meɪʃ(ə)n/,I need more information.,我需要更多信息。
en:ink:verb:1,ink,verb,签署；涂墨水于,v 签署；涂墨水于；n 墨水，墨汁；油墨,/ɪŋk/,/ɪŋk/,The two companies have inked a deal.,这两家公司签署了一项协议。
en:inside:noun:1,inside,noun,里面；内部；内情；内脏,n 里面；内部；内情；内脏；adj 里面的；内部的；秘密的；adv 在里面；prep 少于；在…之内,/'ɪn'saɪd/,/ɪn'saɪd/,The door had been locked from the inside.,门从里面锁上了。
en:insist:verb:1,insist,verb,坚持，强调,v 坚持，强调,/ɪn'sɪst/,/ɪn'sɪst/,Stay for supper – I insist!,留下来吃晚餐——一定的！
en:instead:adverb:1,instead,adverb,代替；反而；相反,adv 代替；反而；相反,/ɪn'stɛd/,/ɪn'sted/,You probably picked up my keys instead of yours.,你可能没拿你的钥匙而错拿了我的。
en:instruction:noun:1,instruction,noun,指令，命令；指示；教导；用法说明,n 指令，命令；指示；教导；用法说明,/ɪn'strʌkʃən/,/ɪn'strʌkʃ(ə)n/,Press ‘Enter’ and follow the on-screen instructions.,按回车键，然后按照电脑屏幕上的指示来操作。
en:intention:noun:1,intention,noun,意图；目的；意向；愈合,n 意图；目的；意向；愈合,/ɪn'tɛnʃən/,/ɪn'tenʃ(ə)n/,They went into town with the intention of visiting the library.,他们进了城，打算参观图书馆。
en:interest:noun:1,interest,noun,兴趣，爱好；利息；趣味；同行,n 兴趣，爱好；利息；趣味；同行；v 使……感兴趣；引起……的关心；使……参与,/'ɪntrəst/,/'ɪnt(ə)rɪst/,"I watched the first few episodes, but soon lost interest.",我看了前几集，但很快就失去了兴趣。
en:interesting:adjective:1,interesting,adjective,有趣的；引起兴趣的，令人关注的,adj 有趣的；引起兴趣的，令人关注的,/'ɪntrəstɪŋ/,/'ɪnt(ə)rɪstɪŋ/,That’s an interesting question.,那是一个有趣的问题。
en:international:noun:1,international,noun,国际组织；国际体育比赛；外国居留者；国际股票,n 国际组织；国际体育比赛；外国居留者；国际股票；adj 国际的；两国（或以上）国家的；超越国界的；国际关系的；世界的,"/,ɪntɚ'næʃnəl/",/ɪntə'næʃ(ə)n(ə)l/,the response of the international community,国际社会的反响
en:internet:noun:1,Internet,noun,因特网,n 因特网,/'ɪntɚnɛt/,/'ɪntənet/,Do you have access to the Internet?,你上得了网吗？
en:interview:noun:1,interview,noun,接见，采访；面试，面谈,n 接见，采访；面试，面谈；v 采访；接见；对…进行面谈；对某人进行面试,/'ɪntɚvju/,/'ɪntəvjuː/,a portfolio of work presented at interview,在面试时呈递的工作成果样本
en:into:preposition:1,into,preposition,到…里；深入…之中；成为…状况；进入到…之内,prep 到…里；深入…之中；成为…状况；进入到…之内；n (Into)人名；(芬、英)因托,/ˈɪntu/,/'ɪntʊ; 'ɪntə/,Come into the office.,到办公室里来。
en:introduce:verb:1,introduce,verb,介绍；引进；提出；采用,v 介绍；引进；提出；采用,/ˌɪntrə'dus/,/ɪntrə'djuːs/,"Have you two been introduced? Tom, this is Greg.",有人给你们俩互相介绍了吗？汤姆，这位是格雷格。
en:introduction:noun:1,introduction,noun,介绍；引进；采用；入门；传入,n 介绍；引进；采用；入门；传入,"/,ɪntrə'dʌkʃən/","/,ɪntrə'dʌkʃ(ə)n/","The book is a friendly, down-to-earth introduction to physics.",这是一本简明、实用的物理学入门书。
en:invent:verb:1,invent,verb,发明；创造；虚构,v 发明；创造；虚构,/ɪn'vɛnt/,/ɪn'vent/,Alexander Graham Bell invented the telephone in 1876.,亚历山大 · 格雷厄姆 · 贝尔于1876年发明了电话。
en:invention:noun:1,invention,noun,发明；发明物；虚构；发明才能,n 发明；发明物；虚构；发明才能,/ɪn'vɛnʃən/,/ɪn'venʃ(ə)n/,The dishwasher is a wonderful invention.,洗碗机是一项奇妙的发明。
en:invite:verb:1,invite,verb,邀请，招待；招致,v 邀请，招待；招致；n 邀请,/ɪn'vaɪt/,/ɪn'vaɪt/,I’m afraid I wasn’t invited.,恐怕我没有受到邀请。
en:iron:noun:1,iron,noun,熨斗；烙铁；坚强,n 熨斗；烙铁；坚强；v 熨；用铁铸成；adj 铁的；残酷的；刚强的,/'aɪɚn/,/'aɪən/,the iron and steel industry,钢铁工业
en:island:noun:1,island,noun,岛；岛屿；安全岛；岛状物,n 岛；岛屿；安全岛；岛状物；adj 岛的；vt 孤立；使成岛状,/'aɪlənd/,/'aɪlənd/,The Cayman Islands,开曼群岛
en:it:pronoun:1,it,pronoun,[指无生命的东西、动物、植物]它；这；那,pron [指无生命的东西、动物、植物]它；这；那；abbr 信息技术information technology,/aɪ ti/,/aɪ ti/,‘Where’s your office?’ ‘It’s on the third floor.’,“你的办公室在哪儿？”“在三楼。”
en:its:pronoun:1,its,pronoun,它的,pron 它的；n (Its)人名；(俄)伊茨,/ɪts/,/ɪts/,He emphasized its importance to me.,他向我强调它的重要性。
en:itself:pronoun:1,itself,pronoun,它自己；它本身,pron 它自己；它本身,/ɪt'sɛlf/,/ɪt'self/,"The cat lay on the sofa, washing itself.",猫躺在沙发上把自己舔干。
en:jacket:noun:1,jacket,noun,羽绒滑雪衫；西装短外套；短上衣，夹克；土豆皮；书籍的护封；文件套，公文夹,n 羽绒滑雪衫；西装短外套；短上衣，夹克；土豆皮；书籍的护封；文件套，公文夹；v 给…穿夹克；给…装护套；给…包上护封；〈口〉打,/'dʒækɪt/,/'dʒækɪt/,Gene has to wear a jacket and tie to work.,吉恩上班得穿西装打领带。
en:january:noun:1,January,noun,一月,n 一月,/'dʒænjʊ'ɛri/,/'dʒænjʊ(ə)rɪ/,We always have snow in January.,我们这里1月份总会下雪。
en:japan:noun:1,Japan,noun,日本（东亚国家名）,n 日本（东亚国家名）,/dʒə'pæn/,/dʒə'pæn/,made in japan,日本制造
en:japanese:adjective:1,Japanese,adjective,日本（人）的；日语的,adj 日本（人）的；日语的；n 日本人；日语,"/,dʒæpə'niz/",/ˌdʒæpə'ni:z/,a Japanese car,日本(汽)车
en:jeans:noun:1,jeans,noun,牛仔裤；工装裤,n 牛仔裤；工装裤,,,...a young man in jeans and a worn T-shirt.,…一个穿着牛仔裤和破旧T恤衫的年轻人。
en:job:noun:1,job,noun,工作；职业,n 工作；职业；v 承包；代客买卖,,/dʒɒb/,Do you enjoy your job?,你喜欢自己的工作吗？
en:join:verb:1,join,verb,参加；结合；连接,v 参加；结合；连接；n 结合；连接；接合点,/dʒɔɪn/,/dʒɒɪn/,Many sacrificed their weekend to join the hunt for the missing girl.,许多人牺牲周末时间，加入了寻找失踪女孩的行动。
en:joke:noun:1,joke,noun,玩笑，笑话；笑柄,n 玩笑，笑话；笑柄；v 开…的玩笑,/dʒok/,/dʒəʊk/,"I couldn’t go out with someone for a joke, could you?",我可不能拿谈恋爱当儿戏，对不对？
en:joy:noun:1,joy,noun,欢乐，快乐；乐趣；高兴,n 欢乐，快乐；乐趣；高兴；v 欣喜，欢喜,/dʒɔɪ/,/dʒɒɪ/,The garden was his pride and joy.,这座花园是他的骄傲和乐趣所在。
en:juice:noun:1,juice,noun,（水果）汁，液；果汁,n （水果）汁，液；果汁,/dʒus/,/dʒuːs/,a carton of orange juice,一纸盒橙汁
en:jump:noun:1,jump,noun,跳跃；暴涨；惊跳,n 跳跃；暴涨；惊跳；v 跳跃；使跳跃；跳过；突升,/dʒʌmp/,/dʒʌmp/,the best jump of the competition,这次比赛中的最佳一跳
en:june:noun:1,June,noun,六月；琼（人名，来源于拉丁语，含义是“年轻气盛的六月”）,n 六月；琼（人名，来源于拉丁语，含义是“年轻气盛的六月”）,/dʒun/,/dʒu:n/,He spent two and a half weeks with us in June 1986.,1986年6月，他和我们呆了两个半星期。
en:just:adverb:1,just,adverb,只是，仅仅；刚才，刚刚；正好，恰好；实在；刚要,adv 只是，仅仅；刚才，刚刚；正好，恰好；实在；刚要；adj 公正的，合理的；正直的，正义的；正确的；公平的；应得的；n (Just)人名；(英)贾斯特；(法)朱斯特；(德、匈、波、捷、挪)尤斯特；(西)胡斯特,/dʒʌst/,/dʒʌst/,A good strong cup of coffee is just what I need right now.,我现在正需要喝一杯浓浓的咖啡。
en:key:noun:1,key,noun,（打字机等的）键；关键；钥匙,n （打字机等的）键；关键；钥匙；v 键入；锁上；调节…的音调；提供线索；adj 关键的,,/kiː/,A bunch of keys hung from his belt.,他的皮带上挂着一串钥匙。
en:keyboard:noun:1,keyboard,noun,键盘,n 键盘；v 键入；用键盘式排字机排字,/'ki'bɔrd/,/'kiːbɔːd/,a computer keyboard,计算机键盘
en:kick:verb:1,kick,verb,踢；反冲，朝后座,v 踢；反冲，朝后座；n 踢；反冲，后座力,/kɪk/,/kɪk/,He kicked the door hard.,他用力踢门。
en:kid:noun:1,kid,noun,小孩；小山羊,n 小孩；小山羊；v 欺骗；取笑；戏弄；adj 小山羊皮制的；较年幼的,/kɪd/,/kɪd/,She’d always loved animals since she was a little kid.,她从小就喜爱动物。
en:kill:verb:1,kill,verb,杀死；扼杀；使终止；抵消,v 杀死；扼杀；使终止；抵消；n 杀戮；屠杀；adj 致命的；致死的,/kɪl/,/kɪl/,Why did she kill her husband?,她为什么杀死丈夫？
en:kilo:noun:1,kilo,noun,千克,n 千克,/'kilo/,/'kiːləʊ/,This kind of chocolate is retailed at one pound a kilo.,这种巧克力糖零售每公斤一英镑。
en:kilometer:noun:1,kilometer,noun,[计量] 公里；[计量] 千米（等于kilometre）,n [计量] 公里；[计量] 千米（等于kilometre）,/ˈkɪləˌmitɚ; kəˈlɑmətɚ/,"/'kɪlə,mitɚ/","She had to battle snowstorms, landslides, snakes and loneliness on her 350 kilometer journey.",在350公里的行程中，她要克服暴风雪、滑坡、蛇和孤独寂寞。
en:kind:noun:1,kind,noun,种类；性质,n 种类；性质；adj 和蔼的；宽容的；令人感激的,/kaɪnd/,/kaɪnd/,Get me a sandwich – any kind will do.,给我一份三明治，随便哪种都可以。
en:king:noun:1,king,noun,国王；最有势力者；王棋,n 国王；最有势力者；王棋；vi 统治；做国王；vt 立…为王；adj 主要的，最重要的，最大的,/kɪŋ/,/kɪŋ/,On 2 December Henry VI was crowned king (= made the king at an official ceremony ).,12月2日，亨利六世加冕为王。
en:kiss:verb:1,kiss,verb,吻；（风等）轻拂,v 吻；（风等）轻拂；n 吻；轻拂,/kɪs/,/kɪs/,Maggie leaned forward and kissed her cheek.,玛吉俯身吻了她的脸颊。
en:kitchen:noun:1,kitchen,noun,厨房；炊具；炊事人员,n 厨房；炊具；炊事人员,/'kɪtʃɪn/,/'kɪtʃɪn; -tʃ(ə)n/,Sam went into the kitchen to make a pot of tea.,萨姆走进厨房去沏一壶茶。
en:kite:noun:1,kite,noun,风筝,n 风筝；v 使用空头支票；像风筝一样飞；轻快地移动,/kaɪt/,/kaɪt/,She has a blue and green kite.,她有一只蓝色和绿色的风筝。
en:knee:noun:1,knee,noun,膝盖，膝,n 膝盖，膝；v 用膝盖碰,/ni/,/niː/,Lucy had a bandage round her knee.,露西的膝盖上缠着绷带。
en:knock:verb:1,knock,verb,敲；打；敲击,v 敲；打；敲击；n 敲；敲打；爆震声,/nɑk/,/nɒk/,I knocked and knocked but nobody answered.,我把门敲了又敲，但无人回应。
en:knowledge:noun:1,knowledge,noun,知识，学问；知道，认识；学科,n 知识，学问；知道，认识；学科,/'nɑlɪdʒ/,/'nɒlɪdʒ/,He did not have much knowledge of American history.,他对美国历史所知不多。
en:lab:noun:1,lab,noun,实验室，研究室,n 实验室，研究室,/læb/,/læb/,the school science lab,学校的科学实验室
en:lady:noun:1,lady,noun,女士，夫人；小姐；妻子,n 女士，夫人；小姐；妻子,/'ledi/,/'leɪdɪ/,Lady Spencer,斯宾塞夫人
en:lake:noun:1,lake,noun,湖；深红色颜料；胭脂红,n 湖；深红色颜料；胭脂红；vt （使）血球溶解；vi （使）血球溶解,/lek/,/leɪk/,Lake Michigan,密歇根湖
en:lamb:noun:1,lamb,noun,羔羊，小羊；羔羊肉,n 羔羊，小羊；羔羊肉；v 生小羊，产羔羊,/læm/,/læm/,roast lamb,烤羊肉
en:lamp:noun:1,lamp,noun,灯；照射器,n 灯；照射器；vt 照亮；vi 发亮,/læmp/,/læmp/,She switched on the bedside lamp.,她打开了床头灯。
en:land:noun:1,land,noun,国土；陆地；地面,n 国土；陆地；地面；v 使…登陆；使…陷于；将…卸下,/lænd/,/lænd/,They own a lot of land.,他们拥有许多土地。
en:language:noun:1,language,noun,语言；语言文字；表达能力,n 语言；语言文字；表达能力,/'læŋɡwɪdʒ/,/'læŋgwɪdʒ/,How many languages do you speak?,你能说几种语言？
en:large:adjective:1,large,adjective,大的；多数的；广博的,adj 大的；多数的；广博的；adv 大大地；夸大地；n 大,/lɑrdʒ/,/lɑːdʒ/,Los Angeles is the second largest city in the US.,洛杉矶是美国的第二大城市。
en:last:noun:1,last,noun,末尾，最后；上个；鞋楦（做鞋的模型）,n 末尾，最后；上个；鞋楦（做鞋的模型）；adj 最后的；最近的，最新的；仅剩的；最不可能…的；v 持续；维持，够用；持久；adv 最后地；上次，最近；最后一点,/læst/,/lɑːst/,I didn’t read the last chapter of the book.,我没有看这本书的最后一章。
en:late:adjective:1,late,adjective,晚的；迟的；已故的；最近的,adj 晚的；迟的；已故的；最近的；adv 晚；迟；最近；在晚期,/let/,/leɪt/,Sorry I’m late – I overslept.,对不起，来晚了——我睡过头了。
en:laugh:noun:1,laugh,noun,笑；引人发笑的事或人,n 笑；引人发笑的事或人；v 笑,/læf/,/lɑːf/,He gave a short laugh.,他笑了一声。
en:law:noun:1,law,noun,法律；规律；法治；法学；诉讼；司法界,n 法律；规律；法治；法学；诉讼；司法界；vi 起诉；控告；vt 控告；对…起诉,/lɔ/,/lɔː/,Elected officials ought to obey the law.,民选官员理应遵守法律。
en:lay:verb:1,lay,verb,躺下；产卵；搁放；放置；铺放；涂，敷,v 躺下；产卵；搁放；放置；铺放；涂，敷；adj 世俗的；外行的；没有经验的；n 位置；短诗；花纹方向；叙事诗；性伙伴,/le/,/leɪ/,He laid his hand on my shoulder.,他把一只手搭在我的肩上。
en:lazy:adjective:1,lazy,adjective,懒惰的；懒洋洋的；怠惰的；慢吞吞的,adj 懒惰的；懒洋洋的；怠惰的；慢吞吞的；n (Lazy)人名；(德)拉齐,/'lezi/,/'leɪzɪ/,the laziest boy in the class,班上最懒的男孩
en:lead:noun:1,lead,noun,领导；铅；导线；榜样,n 领导；铅；导线；榜样；v 领导；致使；引导；指挥；adj 带头的；最重要的,/lid/,/liːd/,Other countries are likely to follow the U.S.’s lead.,其他国家很可能会效法美国。
en:leader:noun:1,leader,noun,领导者；首领；指挥者,n 领导者；首领；指挥者,/'lidɚ/,/'liːdə/,the largest ever gathering of world leaders,全世界领导人史无前例的大聚会
en:leaf:noun:1,leaf,noun,叶子；（书籍等的）一张；扇页,n 叶子；（书籍等的）一张；扇页；v 生叶；翻书页,/lif/,/liːf/,a flowering bush with large shiny leaves,叶子大而油亮的开花灌木
en:learn:verb:1,learn,verb,学习；得知；认识到,v 学习；得知；认识到,/lɝn/,/lɜːn/,What’s the best way to learn a language?,学习语言的最佳方法是什么？
en:least:adjective:1,least,adjective,最小的；最少的（little的最高级）,adj 最小的；最少的（little的最高级）；adv 最小；最少；n 最小；最少,/list/,/liːst/,I try to offend the least amount of people possible.,我尽可能少得罪人。
en:left:adjective:1,left,adjective,左边的；左派的；剩下的,adj 左边的；左派的；剩下的；adv 在左面；n 左边；左派；激进分子；v 离开（leave的过去式）,/lɛft/,/left/,She held out her left hand.,她伸出左手。
en:leg:noun:1,leg,noun,腿；支柱,n 腿；支柱,/lɛɡ/,/leg/,a young boy with skinny legs,双腿干瘦的小男孩
en:lemonade:noun:1,lemonade,noun,柠檬水,n 柠檬水,"/,lɛmə'ned/",/lemə'neɪd/,a glass of lemonade,一杯柠檬汽水
en:lesson:noun:1,lesson,noun,教训；课,n 教训；课；vt 教训；上课,/'lɛsn/,/'les(ə)n/,piano lessons,钢琴课
en:letter:noun:1,letter,noun,信；字母，文字；证书；文学，学问；字面意义,n 信；字母，文字；证书；文学，学问；字面意义；v 写字母于,/'lɛtɚ/,/'letə/,There are 26 letters in the English alphabet.,英语字母表有26个字母。
en:level:noun:1,level,noun,水平；标准；水平面,n 水平；标准；水平面；adj 水平的；平坦的；同高的；v 瞄准；拉平；变得平坦,/'lɛvl/,/'lev(ə)l/,Inflation fell to its lowest level in 30 years.,通货膨胀降至30年来最低点。
en:library:noun:1,library,noun,图书馆，藏书室；文库,n 图书馆，藏书室；文库,/laɪˌbrɛrɪ/,/ˈlaɪbrərɪ/,a public library,公共图书馆
en:license:noun:1,license,noun,执照，许可证；特许,n 执照，许可证；特许；v 许可；特许；发许可证给,/'laɪsns/,/'laɪsns/,No special license will be regranted to anyone from now on.,特殊许可证今后不得向任何人再行发放。
en:lie:verb:1,lie,verb,躺；说谎；位于；展现,v 躺；说谎；位于；展现；n 谎言；位置,,/laɪ/,The town lies in a small wooded valley.,该城镇坐落于一个林木茂盛的山谷中。
en:lift:verb:1,lift,verb,举起；提升；鼓舞；空运；抄袭,v 举起；提升；鼓舞；空运；抄袭；n 电梯；举起；起重机；搭车,/lɪft/,/lɪft/,Sophie lifted the phone before the second ring.,铃响了一下苏菲就接起了电话。
en:light:noun:1,light,noun,光；光线；灯；打火机；领悟；浅色；天窗,n 光；光线；灯；打火机；领悟；浅色；天窗；adj 轻的；浅色的；明亮的；轻松的；容易的；清淡的；v 点着；变亮；着火；adv 轻地；清楚地；轻便地,/laɪt/,/laɪt/,We waited for the lights to change.,我们等着红绿灯转换。
en:like:verb:1,like,verb,喜欢；想；愿意,v 喜欢；想；愿意；prep 像；如同；adj 同样的；相似的；n 爱好；同样的人或物；adv 可能；conj 好像,/laɪk/,/laɪk/,I like your jacket.,我喜欢你这件上衣。
en:line:noun:1,line,noun,路线，航线；排；绳,n 路线，航线；排；绳；v 排成一行；划线于；以线条标示；使…起皱纹,/laɪn/,/laɪn/,Draw a straight line across the top of the page.,在这一页的上方画一条直线。
en:lion:noun:1,lion,noun,狮子；名人；勇猛的人；社交场合的名流,n 狮子；名人；勇猛的人；社交场合的名流,/'laɪən/,/'laɪən/,lion dance,舞狮
en:list:noun:1,list,noun,[计] 列表；清单；目录,n [计] 列表；清单；目录；v 列于表上,/lɪst/,/lɪst/,We are making a list of the top ten men we would not want to be married to.,我们正在列一个我们最不想嫁的10种男人的名单。
en:listen:verb:1,listen,verb,听，倾听；听从，听信,v 听，倾听；听从，听信；n 听，倾听,/'lɪsn/,/'lɪs(ə)n/,Listen! There’s a strange noise in the engine.,听！引擎发出奇怪的声音。
en:litter:noun:1,litter,noun,垃圾；轿，担架；一窝（动物的幼崽）；凌乱,n 垃圾；轿，担架；一窝（动物的幼崽）；凌乱；v 乱丢；给…垫褥草；把…弄得乱七八糟,/'lɪtɚ/,/'lɪtə/,People who drop litter can be fined in some cities.,在有些城市，乱扔垃圾的人会被罚款。
en:live:adjective:1,live,adjective,活的；生动的；实况转播的；精力充沛的,adj 活的；生动的；实况转播的；精力充沛的；v 经历；度过；n (Live)人名；(法)利夫,/laɪv；lɪv/,/laɪv；lɪv/,experiments on live animals,动物活体实验
en:lively:adjective:1,lively,adjective,活泼的；生动的；真实的；生气勃勃的,adj 活泼的；生动的；真实的；生气勃勃的；n (Lively)人名；(英)莱夫利,/'laɪvli/,/'laɪvlɪ/,a lively child,精力充沛的孩子
en:lock:verb:1,lock,verb,锁，锁上；隐藏,v 锁，锁上；隐藏；n 锁；水闸；刹车,/lɑk/,/lɒk/,Did you lock the car?,你把汽车锁好了吗？
en:london:noun:1,London,noun,伦敦,n 伦敦,/ˈlʌndən/,/ˈlʌndən/,He was nursed in London.,他是在伦敦长大的。
en:lonely:adjective:1,lonely,adjective,寂寞的；偏僻的,adj 寂寞的；偏僻的；n 孤独者,/'lonli/,/'ləʊnlɪ/,a lonely old man,一个孤单的老人
en:long:noun:1,long,noun,长时间；[语] 长音节；（服装的）长尺寸；长裤,n 长时间；[语] 长音节；（服装的）长尺寸；长裤；adj 长的；过长的；做多头的；长时间的；冗长的，长音；v 渴望；热望；adv 长期地；始终,/lɔŋ/,/lɒŋ/,a long table,一张长桌子
en:look:verb:1,look,verb,看；期待；注意；面向；看上去像,v 看；期待；注意；面向；看上去像；n 看；样子；面容,/lʊk/,/lʊk/,We sneaked out while Jessie’s mom wasn’t looking.,我们趁杰茜的妈妈没有看到，偷偷地溜了出去。
en:lot:noun:1,lot,noun,份额；许多；命运；阄,n 份额；许多；命运；阄；adv （与形容词和副词连用）很，非常；（与动词连用）非常；pron 大量，许多；v 分组，把…划分（常与out连用）；把（土地）划分成块,/lɑt/,/lɒt/,We’ve spent a lot on the children’s education.,我们在孩子的教育上花费甚多。
en:loud:adjective:1,loud,adjective,大声的，高声的；不断的；喧吵的,adj 大声的，高声的；不断的；喧吵的；adv 大声地，高声地，响亮地；n (Loud)人名；(英)劳德,/laʊd/,/laʊd/,The book fell to the floor with a loud bang.,书砰的一声掉落到地上。
en:love:noun:1,love,noun,恋爱；亲爱的；酷爱；喜爱的事物；爱情，爱意；疼爱；热爱；爱人，所爱之物,n 恋爱；亲爱的；酷爱；喜爱的事物；爱情，爱意；疼爱；热爱；爱人，所爱之物；v 爱，热爱；爱戴；赞美，称赞；喜爱；喜好；喜欢；爱慕,/lʌv/,/lʌv/,Tara is madly in love with you.,塔拉疯狂地爱着你。
en:lovely:adjective:1,lovely,adjective,可爱的；令人愉快的；爱恋的；秀丽的，优美的,adj 可爱的；令人愉快的；爱恋的；秀丽的，优美的；n 美女；可爱的东西,/'lʌvli/,/'lʌvlɪ/,She had a lovely face.,她有一张漂亮的脸蛋。
en:low:adjective:1,low,adjective,低的，浅的；卑贱的；粗俗的；消沉的,adj 低的，浅的；卑贱的；粗俗的；消沉的；adv 低声地；谦卑地，低下地；n 低；低价；低点；牛叫声；v 牛叫,,/ləʊ/,Their safety standards seem to be pretty low.,他们的安全标准似乎相当低。
en:luck:noun:1,luck,noun,运气；幸运；带来好运的东西,n 运气；幸运；带来好运的东西；v 靠运气，走运；凑巧碰上,/lʌk/,/lʌk/,"You’re not having much luck today, are you?",你今天运气不太好，是不是？
en:lucky:adjective:1,lucky,adjective,幸运的；侥幸的,adj 幸运的；侥幸的,/'lʌki/,/'lʌkɪ/,I didn’t really know your name – it was just a lucky guess .,我并不知道你的名字―只是运气好猜中的。
en:lunch:noun:1,lunch,noun,午餐,n 午餐；v 吃午餐；供给午餐,/lʌntʃ/,/lʌn(t)ʃ/,What’s for lunch?,午饭吃什么？
en:machine:noun:1,machine,noun,机械，机器；机构；机械般工作的人,n 机械，机器；机构；机械般工作的人；v 用机器制造,/mə'ʃin/,/mə'ʃiːn/,Could you get me a coffee from the drinks machine ?,给我从自动饮料机里买一罐咖啡好吗？
en:mad:adjective:1,mad,adjective,疯狂的；发疯的；愚蠢的；着迷的,adj 疯狂的；发疯的；愚蠢的；着迷的；n 狂怒,/mæd/,/mæd/,He can’t possibly get that finished in time. He must be mad !,他不可能按时完成的。他一定是疯了！
en:madam:noun:1,madam,noun,夫人；女士；鸨母,n 夫人；女士；鸨母,/'mædəm/,/'mædəm/,"Are you being served, Madam?",有人接待您吗，夫人？
en:magazine:noun:1,magazine,noun,杂志；弹药库；胶卷盒,n 杂志；弹药库；胶卷盒,/'mæɡəzin/,/mægə'ziːn/,a magazine article,杂志中的文章
en:magic:noun:1,magic,noun,巫术；魔法；戏法,n 巫术；魔法；戏法；adj 不可思议的；有魔力的；魔术的,/'mædʒɪk/,/'mædʒɪk/,Do you believe in magic?,你相信魔法吗？
en:mail:noun:1,mail,noun,邮件；邮政，邮递；盔甲,n 邮件；邮政，邮递；盔甲；v 邮寄；给…穿盔甲,/mel/,/meɪl/,You shouldn’t read other people’s mail.,你不应该看别人的信件。
en:main:noun:1,main,noun,主要部分，要点；体力；总管道,n 主要部分，要点；体力；总管道；adj 主要的，最重要的；全力的,,/meɪn/,The heater will run off mains gas or bottled gas.,热水器使用管道煤气或罐装煤气均可。
en:manage:verb:1,manage,verb,管理；经营；控制；设法,v 管理；经营；控制；设法,/'mænɪdʒ/,/'mænɪdʒ/,He was asked to manage a new department.,他被要求去管理一个新的部门。
en:manager:noun:1,manager,noun,经理；管理人员,n 经理；管理人员,/'mænɪdʒɚ/,/'mænɪdʒə/,one of our regional managers,我们的一位地区经理
en:map:verb:1,map,verb,映射；计划；绘制地图；确定基因在染色体中的位置,v 映射；计划；绘制地图；确定基因在染色体中的位置；n 地图；示意图；染色体图,/mæp/,/mæp/,He spent the next fifteen years mapping the Isle of Anglesey.,他在后来的十五年里绘制了安格尔西岛的地图。
en:march:noun:1,March,noun,三月,n 三月,/mɑrtʃ/,/mɑːtʃ/,I flew to Milwaukee in early March.,我3月初飞到了密尔沃基。
en:mark:noun:1,mark,noun,标志；马克；符号；痕迹；分数,n 标志；马克；符号；痕迹；分数；v 作记号,,/mɑːk/,I can’t get these marks out of my T-shirt.,我无法把我T恤衫上的这些污迹去掉。
en:market:noun:1,market,noun,市场；行情；股票市场；市面；集市；销路；商店,n 市场；行情；股票市场；市面；集市；销路；商店；v 在市场上出售,/'mɑrkɪt/,/'mɑːkɪt/,Our main overseas market is Japan.,我们的主要海外市场是日本。
en:marriage:noun:1,marriage,noun,结婚；婚姻生活；密切结合，合并,n 结婚；婚姻生活；密切结合，合并,/'mærɪdʒ/,/'mærɪdʒ/,She has three daughters from a previous marriage.,她前一次婚姻生了三个女儿。
en:marry:verb:1,marry,verb,嫁；娶；与……结婚,v 嫁；娶；与……结婚；n (Marry)人名；(阿拉伯)马雷；(法)马里,/'mæri/,/'mærɪ/,He married Bea in 1925.,他在1925年娶了贝亚。
en:master:verb:1,master,verb,控制；精通；征服,v 控制；精通；征服；n 硕士；主人；大师；教师；adj 主人的；主要的；熟练的,/'mæstɚ/,/'mɑːstə/,the skills needed to master a new language,掌握一门新语言所需的技能
en:match:verb:1,match,verb,使比赛；使相配；敌得过，比得上；相配；与…竞争,v 使比赛；使相配；敌得过，比得上；相配；与…竞争；n 比赛，竞赛；匹配；对手；火柴,/mætʃ/,/mætʃ/,We painted the cabinets green to match the rug.,我们把柜子刷成绿色，和地毯相配。
en:math:noun:1,math,noun,数学（等于mathematics）,n 数学（等于mathematics）,/mæθ/,/mæθ/,Tim’s good at math and science.,蒂姆的数学和自然科学很好。
en:may:auxiliary:1,may,auxiliary,可以，能够；可能，也许；祝，愿；会，能,aux 可以，能够；可能，也许；祝，愿；会，能,/me/,/meɪ/,may be,也许，可能
en:may:noun:1,May,noun,五月,n 五月,/me/,/meɪ/,Graduation ceremonies are held in early May.,毕业典礼在5月初举行。
en:maybe:adverb:1,maybe,adverb,也许；可能；大概,adv 也许；可能；大概；n 可能性；不确定性,/'mebi/,/'meɪbiː; -bɪ/,Maybe it’s all just a big misunderstanding.,也许这只是一个很大的误会。
en:me:pronoun:1,me,pronoun,我（宾格）,pron 我（宾格）；n 自我；极端自私的人；自我的一部分,/mi/,/miː/,"Stop, you’re hurting me.",住手，你弄疼我了。
en:meal:noun:1,meal,noun,一餐，一顿饭；膳食,n 一餐，一顿饭；膳食；vi 进餐,/mil/,/miːl/,We must have a meal together some time.,我们一定要找个时间一起吃顿饭。
en:meaning:noun:1,meaning,noun,意义；含义；意图,n 意义；含义；意图；adj 意味深长的；v 意味；意思是（mean的ing形式）,/'minɪŋ/,/'miːnɪŋ/,Life seemed to have lost its meaning since Janet’s death.,珍妮特去世以后生活似乎失去了意义。
en:meat:noun:1,meat,noun,肉，肉类（食用）,n 肉，肉类（食用）,/mit/,/miːt/,I gave up eating meat a few months ago.,我几个月以前开始不吃肉了。
en:medical:adjective:1,medical,adjective,医学的；药的；内科的,adj 医学的；药的；内科的；n 医生；体格检查,/'mɛdɪkl/,/'medɪk(ə)l/,medical research,医学研究
en:medicine:noun:1,medicine,noun,药；医学；内科；巫术,n 药；医学；内科；巫术；v 用药物治疗；给…用药,/'mɛdsn/,/'meds(ə)n; 'medɪsɪn/,Medicines should be kept out of the reach of children.,药应放在孩子够不到的地方。
en:meeting:noun:1,meeting,noun,会议；会见；集会；汇合点,n 会议；会见；集会；汇合点；v 会面；会合（meet的ing形式）,/'mitɪŋ/,/'miːtɪŋ/,We’re having a meeting next week to discuss the matter.,我们下周将开会讨论此事。
en:member:noun:1,member,noun,成员；会员；议员,n 成员；会员；议员,/'mɛmbɚ/,/'membə/,The majority of union members voted in favour of a strike.,大多数工会成员投票赞成罢工。
en:memory:noun:1,memory,noun,记忆，记忆力；内存，[计] 存储器；回忆,n 记忆，记忆力；内存，[计] 存储器；回忆,/'mɛməri/,/'mem(ə)rɪ/,He has lots of happy memories of his stay in Japan.,他对在日本逗留的那段时光有许多美好的回忆。
en:mend:verb:1,mend,verb,修理，修补；改善；修改,v 修理，修补；改善；修改；n 好转，改进；修补处,/mɛnd/,/mend/,My father used to mend our shoes.,我父亲过去常为我们修补鞋子。
en:mention:verb:1,mention,verb,提到，谈到；提及，论及；说起,v 提到，谈到；提及，论及；说起；n 提及，说起,/'mɛnʃən/,/'menʃ(ə)n/,Was my name mentioned at all?,我的名字被提到过吗？
en:menu:noun:1,menu,noun,菜单,n 菜单,/'mɛnju/,/'menjuː/,"Could we have the menu, please?",请把菜单给我们，好吗？
en:message:noun:1,message,noun,消息；差使；启示；预言；广告词,n 消息；差使；启示；预言；广告词；v 报信，报告；[通信] 报文,/'mɛsɪdʒ/,/'mesɪdʒ/,He left a message saying he would probably be a little late.,他留言说可能会晚一点来。
en:metal:noun:1,metal,noun,金属；合金,n 金属；合金；v 以金属覆盖；adj 金属制的,/'mɛtl/,/'met(ə)l/,The gate is made of metal.,这扇大门是用金属做成的。
en:method:noun:1,method,noun,方法；条理；类函数,n 方法；条理；类函数；adj 使用体验派表演方法的,/'mɛθəd/,/'meθəd/,traditional teaching methods,传统的教学法
en:middle:adjective:1,middle,adjective,中间的，中部的；中级的，中等的,adj 中间的，中部的；中级的，中等的；n 中间，中央；腰部,/'mɪdl/,/'mɪd(ə)l/,driving in the middle lane of the motorway,在高速公路的中间车道上行驶
en:mile:noun:1,mile,noun,英里；一英里赛跑；较大的距离,n 英里；一英里赛跑；较大的距离,/maɪl/,/maɪl/,It’s 40 miles from here to the Polish border.,从这里到波兰边界有40英里。
en:milk:noun:1,milk,noun,牛奶；乳状物,n 牛奶；乳状物；v 榨取；挤…的奶,/mɪlk/,/mɪlk/,a bottle of milk,一瓶奶
en:mind:noun:1,mind,noun,理智，精神；意见；智力；记忆力,n 理智，精神；意见；智力；记忆力；v 介意；专心于；照料,/maɪnd/,/maɪnd/,"The Internet, to my mind, represents information exchange at its best.",因特网在我看来是最好的信息交换方式。
en:mine:noun:1,mine,noun,矿，矿藏；矿山，矿井；地雷，水雷,n 矿，矿藏；矿山，矿井；地雷，水雷；v 开采，采掘；在…布雷；pron 我的,/maɪn/,/maɪn/,They learnt how to lay mines (= put them in place ) .,他们学习了如何布雷。
en:minute:noun:1,minute,noun,分，分钟；片刻，一会儿；备忘录，笔记；会议记录,n 分，分钟；片刻，一会儿；备忘录，笔记；会议记录；v 将…记录下来；adj 微小的，详细的 [maɪˈnjuːt; US -ˈnuːt; maɪˋnut],/'mɪnɪt/,/'mɪnɪt/,It takes me ten minutes to walk to work.,我步行上班要用十分钟。
en:mirror:noun:1,mirror,noun,镜子；真实的写照；榜样,n 镜子；真实的写照；榜样；v 反射；反映,/'mɪrɚ/,/'mɪrə/,He spends hours in front of the mirror !,他老是照镜子！
en:miss:noun:1,miss,noun,女士，小姐，年轻未婚女子,n 女士，小姐，年轻未婚女子,/mɪs/,/mɪs/,I’d like to make an appointment with Miss Taylor.,我想约一下泰勒小姐。
en:miss:noun:2,Miss,noun,女士，小姐，年轻未婚女子,n 女士，小姐，年轻未婚女子,,,"It was nice talking to you, Miss Ellis.",很高兴与你交谈，埃利斯小姐。
en:model:noun:1,model,noun,模型；典型；模范；模特儿；样式,n 模型；典型；模范；模特儿；样式；v 模拟；塑造；模仿；adj 模范的；作模型用的,/'mɑdl/,/'mɒdl/,a working model (= one with parts which move ) of a steam engine,蒸汽机车的活动模型
en:modern:adjective:1,modern,adjective,现代的，近代的；时髦的,adj 现代的，近代的；时髦的；n 现代人；有思想的人,/'mɑdɚn/,/'mɒd(ə)n/,Such companies must change if they are to compete in the modern world .,此类公司如果想在现代社会中与别人竞争，就必须有所改变。
en:moment:noun:1,moment,noun,片刻，瞬间，时刻；重要，契机,n 片刻，瞬间，时刻；重要，契机,/'momənt/,/'məʊm(ə)nt/,It was one of the most exciting moments in his life.,这是他一生中最激动人心的时刻之一。
en:monday:noun:1,Monday,noun,星期一,n 星期一,/ˈmʌnde; ˈmʌndɪ/,/ˈmʌndeɪ; ˈmʌndi/,The president announced Monday that he would cancel the debt.,总统周一宣布他会取消这笔债务。
en:money:noun:1,money,noun,钱；货币；财富,n 钱；货币；财富,/'mʌni/,/'mʌnɪ/,Don’t spend all your money on the first day of your holiday!,别在度假的第一天就把钱都花完了！
en:monitor:noun:1,monitor,noun,监视器；监听器；监控器；显示屏；班长,n 监视器；监听器；监控器；显示屏；班长；v 监控,/'mɔnɪtɚ/,/'mɒnɪtə/,a heart monitor,心脏监测仪
en:monkey:noun:1,monkey,noun,猴子；顽童,n 猴子；顽童；v 胡闹；捣蛋,/'mʌŋki/,/'mʌŋkɪ/,"Stop that, you little monkey!",别这样，你这个小淘气鬼！
en:month:noun:1,month,noun,月，一个月的时间,n 月，一个月的时间,/mʌnθ/,/mʌnθ/,I hope I’ll have finished the work by the end of the month .,我希望我这个月底能完成工作。
en:moon:noun:1,moon,noun,月亮；月球；月光；卫星,n 月亮；月球；月光；卫星；v 闲荡；出神,/mun/,/muːn/,the craters on the surface of the moon,月球表面的环形山
en:morning:noun:1,morning,noun,早晨；黎明；初期,n 早晨；黎明；初期,/'mɔrnɪŋ/,/'mɔːnɪŋ/,I hated those cold winter mornings.,我讨厌冬天里寒冷的早晨。
en:mother:noun:1,mother,noun,母亲；大娘；女修道院院长,n 母亲；大娘；女修道院院长；v 生下；养育；像母亲般关怀或照管；adj 母亲的；出生地的,/'mʌðɚ/,/'mʌðə/,His mother and father are both doctors.,他的父母都是医生。
en:motorcycle:noun:1,motorcycle,noun,摩托车；机动车,n 摩托车；机动车；v 骑摩托车,/'motɚ'saɪkl/,/'məʊtəsaɪk(ə)l/,You'd better encash your motorcycle at once.,你最好马上卖掉摩托车换成现款。
en:mountain:noun:1,mountain,noun,山；山脉,n 山；山脉,/ˈmaʊntn/,/ˈmaʊntən/,the highest mountain in Austria,奥地利最高的山
en:mouth:noun:1,mouth,noun,口，嘴；河口,n 口，嘴；河口；v 做作地说，装腔作势地说；喃喃地说出,/maʊθ/,/maʊθ/,He lifted his glass to his mouth.,他把玻璃杯举到嘴边。
en:move:noun:1,move,noun,移动；步骤；迁居；策略,n 移动；步骤；迁居；策略；v 移动；搬家，迁移；离开,/muv/,/muːv/,Good gymnasts rehearse their moves mentally before a competition.,优秀的体操运动员赛前都会在心中默默地把动作过一遍。
en:movie:noun:1,movie,noun,电影；电影院；电影业,n 电影；电影院；电影业；adj 电影的,/'muvi/,/'muːvɪ/,It was like one of those old John Wayne movies.,这部电影有点像约翰•韦恩演的一部老片子。
en:murder:verb:1,murder,verb,谋杀，凶杀,v 谋杀，凶杀；n 谋杀，凶杀,/'mɝdɚ/,/'mɜːdə/,He was convicted of murdering a policeman.,他被判谋杀一名警察的罪名成立。
en:museum:noun:1,museum,noun,博物馆,n 博物馆,/mju'ziəm/,/mjuː'zɪəm/,the Museum of Modern Art,现代艺术博物馆
en:music:noun:1,music,noun,音乐，乐曲,n 音乐，乐曲,/'mjuzɪk/,/'mjuːzɪk/,I often listen to classic music when I’m in the car.,我在车上经常听古典音乐。
en:must:auxiliary:1,must,auxiliary,必须，一定；可以，应当；很可能,aux 必须，一定；可以，应当；很可能；n 绝对必要的事物；未发酵葡萄汁,/mʌst/,/mʌst/,Warm clothes are a must in the mountains.,御寒衣物在山里是必不可少的。
en:my:pronoun:1,my,pronoun,我的,pron 我的；int 哎呀（表示惊奇等）；喔唷；n (My)人名；(越)美；(老、柬)米,/maɪ/,/maɪ/,All my friends do not smoke.,我的朋友并不全都吸烟。
en:myself:pronoun:1,myself,pronoun,我自己；我亲自；我的正常的健康状况和正常情绪,pron 我自己；我亲自；我的正常的健康状况和正常情绪,/maɪ'sɛlf/,/maɪ'self/,I blame myself for what has happened.,发生这一切都怪我自己。
en:name:noun:1,name,noun,名称，名字；姓名；名誉,n 名称，名字；姓名；名誉；v 命名，任命；指定；称呼；提名；叫出；adj 姓名的；据以取名的,/nem/,/neɪm/,Her name is Mandy Wilson.,她的名字是曼迪•威尔逊。
en:national:adjective:1,national,adjective,国家的；国民的；民族的；国立的,adj 国家的；国民的；民族的；国立的；n 国民,/'næʃnəl/,/'næʃ(ə)n(ə)l/,Religion matters very much at a national level.,宗教事务在全国都非常重要。
en:natural:adjective:1,natural,adjective,自然的；物质的；天生的；不做作的,adj 自然的；物质的；天生的；不做作的；n 自然的事情；白痴；本位音,/'nætʃrəl/,/'nætʃ(ə)r(ə)l/,the study of the natural world,对自然界的研究
en:nature:noun:1,nature,noun,自然；性质；本性；种类,n 自然；性质；本性；种类,/'netʃɚ/,/'neɪtʃə/,"We grew up in the countryside, surrounded by the beauties of nature.",我们在乡村长大，周围是美丽的大自然。
en:near:adjective:1,near,adjective,近的；亲近的；近似的,adj 近的；亲近的；近似的；adv 近；接近；prep 靠近；近似于,/nɪr/,/nɪə/,It’s a beautiful house but it’s 20 miles away from the nearest town.,房子很漂亮，但离最近的城镇也有20英里。
en:nearly:adverb:1,nearly,adverb,差不多，几乎；密切地,adv 差不多，几乎；密切地,/'nɪrli/,/'nɪəlɪ/,It took nearly two hours to get here.,到这里花了将近两小时。
en:necessary:adjective:1,necessary,adjective,必要的；必需的；必然的,adj 必要的；必需的；必然的；n 必需品,/ˈnɛsəˌsɛri/,/ˈnɛsɪsərɪ/,The booklet provides all the necessary information about the college.,这本小册子提供了关于那所学院的所有必需信息。
en:neck:noun:1,neck,noun,脖子；衣领；海峡,n 脖子；衣领；海峡；v 搂著脖子亲吻；变狭窄,/nɛk/,/nek/,Mike rubbed the back of his neck.,迈克揉了揉后颈。
en:need:noun:1,need,noun,需要，要求；缺乏；必要之物,n 需要，要求；缺乏；必要之物；v 需要,/nid/,/niːd/,She works to provide for her family’s basic needs.,她工作是为了维持家里的基本生计。
en:neither:conjunction:1,neither,conjunction,也不；既不,conj 也不；既不；adv 两个都不；既不……也不；adj 两者都不的；pron 两者都不,/ˈniðɚ; ˈnaɪðɚ/,/ˈnaɪðə; ˈniːðə/,Neither Oleg’s mother nor his father spoke English.,奥列格的父母都不会说英语。
en:nervous:adjective:1,nervous,adjective,神经的；紧张不安的；强健有力的,adj 神经的；紧张不安的；强健有力的,/'nɝvəs/,/'nɜːvəs/,I wish you’d stop looking at me like that. You’re making me nervous.,我希望你不要再那样看着我了，你让我紧张。
en:never:adverb:1,never,adverb,从未；决不,adv 从未；决不,/'nɛvɚ/,/'nevə/,He’s never been to Australia.,他从未去过澳大利亚。
en:new:adjective:1,new,adjective,新的，新鲜的；更新的；初见的,adj 新的，新鲜的；更新的；初见的；adv 新近；n (New)人名；(英)纽,/nu/,/njuː/,the city’s new hospital,市里新建的医院
en:news:noun:1,news,noun,新闻，消息；新闻报导,n 新闻，消息；新闻报导,/nuz/,/njuːz/,I hope to have some good news for you soon.,我希望很快就能给你好消息。
en:newspaper:noun:1,newspaper,noun,报纸,n 报纸,/'nuzpepɚ/,/'njuːzpeɪpə; 'njuːs-/,She had read about it in the newspapers.,关于这件事她已经在报纸上看到了。
en:next:adverb:1,next,adverb,然后；下次；其次,adv 然后；下次；其次；adj 下一个的；其次的；贴近的；n 下一个；prep 靠近；居于…之后,/nɛkst/,/nekst/,When I next saw her she completely ignored me.,我再次见到她时，她压根儿没有理我。
en:nice:adjective:1,nice,adjective,精密的；美好的；细微的；和蔼的,adj 精密的；美好的；细微的；和蔼的；n (Nice)人名；(英)尼斯,/naɪs/,/naɪs/,They’ve got a very nice house.,他们的房子真漂亮。
en:night:noun:1,night,noun,夜晚，晚上；黑暗，黑夜,n 夜晚，晚上；黑暗，黑夜；adj 夜晚的，夜间的,/naɪt/,/naɪt/,It was a cold moonlit night.,那是个寒冷的月夜。
en:nine:noun:1,nine,noun,九，九个,n 九，九个；num 九；九个；adj 九的，九个的,/naɪn/,/naɪn/,He’s only been in this job for nine months.,他干这份工作才九个月。
en:nineteen:numeral:1,nineteen,numeral,十九,num 十九,"/,naɪn'tin/",/naɪn'tiːn; 'naɪntiːn/,It was nineteen minutes past seven.,当时是7点19分。
en:ninety:noun:1,ninety,noun,九十,n 九十；adj 九十的；九十岁的；num 九十,/'naɪnti/,/'naɪntɪ/,America was far richer in the nineties.,90年代的美国要富裕得多。
en:ninth:numeral:1,ninth,numeral,第九,num 第九；adj 第九的；九分之一的；n 九分之一,/naɪnθ/,/'naɪnθ/,"In that region, Chile went from ninth to first, overall, as Chilean mobile web use increased by 3200% over the past year.",智利从这一地区的第九跃升到第一位，因为智利的移动网络用户在过去一年增长了 3200% 。
en:no:adverb:1,no,adverb,不,adv 不；adj 没有；不是；n 不；否决票；abbr 数字（number）；元素锘（nobelium）的符号,/no/,/nəʊ/,"‘Are you Italian?’ ‘No, I’m Spanish.’",“你是意大利人吗？”“不，我是西班牙人。”
en:nobody:pronoun:1,nobody,pronoun,无人，没有人；没有任何人,pron 无人，没有人；没有任何人；n 无名小卒；小人物,"/'nəubədi, -bɔdi/",/'nəʊbədɪ/,I knocked on the door but nobody answered.,我敲了敲门，但没人应门。
en:nod:noun:1,nod,noun,点头；打盹；摆动,n 点头；打盹；摆动；v 点头；点头表示,/nɑd/,/nɒd/,The woman greeted us with a nod of the head.,那个女人向我们点点头打招呼。
en:noise:noun:1,noise,noun,[环境] 噪音；响声；杂音,n [环境] 噪音；响声；杂音；v 谣传,/nɔɪz/,/nɒɪz/,What’s that noise?,那是什么声音？
en:none:pronoun:1,none,pronoun,没有人；一个也没有；没有任何东西,pron 没有人；一个也没有；没有任何东西；adj 没有的，一点没有的；adv 决不，一点也不；n (None)人名；(葡、罗)诺内；(日)野根(姓),/nʌn/,/nʌn/,I wish I could offer you some cake but there’s none left.,我真想能请你吃些蛋糕，但一点也没剩的了。
en:noodle:noun:1,noodle,noun,面条；笨蛋,n 面条；笨蛋,/'nʊdl/,/'nuːd(ə)l/,Serve the meat with rice or noodles.,肉配米饭或面条一起上。
en:noon:noun:1,noon,noun,中午；正午；全盛期,n 中午；正午；全盛期,/nun/,/nuːn/,We met at 12 noon.,我们中午12点见了面。
en:nor:conjunction:1,nor,conjunction,也不；也不是,conj 也不；也不是；adv 也不；也没有；n (Nor)人名；(中)挪(广东话·威妥玛)；(马来、俄)诺尔；(柬)诺,/nɔr/,/nɔː; nə/,He can neither read nor write (= he cannot read or write ).,他既不会读也不会写。
en:normal:adjective:1,normal,adjective,正常的；正规的，标准的,adj 正常的；正规的，标准的；n 正常；标准；常态,/'nɔrml/,/'nɔːm(ə)l/,A normal working week is 40 hours.,一个正常的工作周是40小时。
en:north:noun:1,north,noun,北，北方,n 北，北方；adj 北方的；朝北的；adv 在北方，向北方,/nɔrθ/,/nɔːθ/,Which way is north?,哪边是北？
en:northern:adjective:1,northern,adjective,北部的；北方的,adj 北部的；北方的；n 北部方言,/'nɔrðɚn/,/'nɔːð(ə)n/,a man with a northern accent,带有北方口音的男子
en:nose:noun:1,nose,noun,鼻子；嗅觉；突出的部分；探问,n 鼻子；嗅觉；突出的部分；探问；v 嗅；用鼻子触,/noz/,/nəʊz/,Someone punched him on the nose.,有人一拳打在他的鼻子上。
en:not:adverb:1,not,adverb,表示否定，不,adv 表示否定，不；n “非”（计算机中逻辑运算的一种）,/nɑt/,/nɒt/,Most of the stores do not open until 10 am.,大多数商店要到上午10点才开始营业。
en:note:noun:1,note,noun,笔记；音符；票据；注解；纸币；便笺；照会；调子,n 笔记；音符；票据；注解；纸币；便笺；照会；调子；v 注意；记录；注解,/not/,/nəʊt/,Can I borrow your lecture notes?,我能不能借用一下你的课堂笔记？
en:notebook:noun:1,notebook,noun,笔记本，笔记簿；手册,n 笔记本，笔记簿；手册,/'notbʊk/,/'nəʊtbʊk/,He brought out a notebook and pen from his pocket.,他从口袋里掏出了一个笔记本和一支钢笔。
en:nothing:noun:1,nothing,noun,没什么；毫不,neg 没什么；毫不；n 无；零；不关紧要之事；adv 毫不；决不；pron 无事；无物；int 什么也没有,/'nʌθɪŋ/,/'nʌθɪŋ/,I owe him nothing.,我不欠他什么。
en:notice:noun:1,notice,noun,通知，布告；注意；公告,n 通知，布告；注意；公告；v 通知；注意到；留心,/'notɪs/,/'nəʊtɪs/,I waved but they took no notice.,我挥了挥手，可是他们没有注意到。
en:november:noun:1,November,noun,十一月,n 十一月,/no'vɛmbɚ/,/nə(ʊ)'vembə/,And again in November.,在十一月又一次。
en:now:adverb:1,now,adverb,现在；如今；立刻,adv 现在；如今；立刻；adj 现在的；n 现在；目前；conj 由于；既然,/naʊ/,/naʊ/,She's a widow now.,她现在是一个寡妇。
en:number:noun:1,number,noun,数；（杂志等的）期；号码；数字；算术,n 数；（杂志等的）期；号码；数字；算术；v 计入；总数达到,/'nʌmbɚ/,/'nʌmbə/,They wrote various numbers on a large sheet of paper.,他们在一张大纸上写下了很多不同的数字。
en:nurse:verb:1,nurse,verb,看护，护理；照顾；培养；给…喂奶,v 看护，护理；照顾；培养；给…喂奶；n 护士；奶妈，保姆,/nɝs/,/nɜːs/,"Shaw has been nursing an injury, and will not play on Sunday.",肖一直在养伤，星期天将不参加比赛。
en:object:noun:1,object,noun,目标；物体；客体；宾语,n 目标；物体；客体；宾语；v 提出…作为反对的理由,/'ɑbdʒɛkt/,/'ɒbdʒɪkt; -dʒekt/,an everyday object such as a spoon,调羹之类的日常用品
en:october:noun:1,October,noun,[天] 十月,n [天] 十月,/ɑk'tobɚ/,/ɒk'təʊbə/,Most seasonal hiring is done in early October.,多数季节性招聘是在10月初进行。
en:of:preposition:1,of,preposition,关于；属于；…的；由…组成的,prep 关于；属于；…的；由…组成的,/ʌv; əv/,/ɒv; (ə)v/,the back of the house,房子的后部
en:off:preposition:1,off,preposition,离开；脱落,prep 离开；脱落；adv 切断；走开；adj 远离的；空闲的,/ɔf/,/ɒf/,How are you off for sports equipment? (= do you have enough? ),你的体育运动装备够不够？
en:offer:verb:1,offer,verb,提供；出价；试图,v 提供；出价；试图；n 提议；出价；意图；录取通知书,/'ɔfɚ/,/'ɒfə/,A number of groups offer their services free of charge.,一些团体免费提供服务。
en:office:noun:1,office,noun,办公室；政府机关；官职；营业处,n 办公室；政府机关；官职；营业处,/'ɔfɪs/,/'ɒfɪs/,the manager’s office,经理办公室
en:officer:noun:1,officer,noun,军官，警官；公务员，政府官员；船长,n 军官，警官；公务员，政府官员；船长；v 指挥,/'ɔfɪsɚ/,/'ɒfɪsə/,a commanding officer of the SAS,英国空军特种部队的一名指挥官
en:often:adverb:1,often,adverb,常常，时常,adv 常常，时常,/'ɔf(tə)n; 'ɑf(tə)n/,/'ɒf(tə)n/,She often works at the weekend.,她周末经常要上班。
en:oil:noun:1,oil,noun,油；石油；油画颜料,n 油；石油；油画颜料；v 加油；涂油；使融化,/ɔɪl/,/ɒɪl/,a rise in the price of oil,石油价格的上涨
en:ok:adjective:1,OK,adjective,好的；不错的,adj 好的；不错的；adv 行；很好；int 好；可以；v 对…表示同意；n 同意,,,"‘How was the film?’ ‘It was okay, but not brilliant.’",“电影怎么样？”“还算可以，但谈不上很好。”
en:old:adjective:1,old,adjective,陈旧的，古老的；年老的,adj 陈旧的，古老的；年老的；n 古时,/old/,/əʊld/,a pair of old shoes,一双旧鞋
en:on:adverb:1,on,adverb,向前地；作用中，行动中；继续着,adv 向前地；作用中，行动中；继续着；prep 向，朝……；关于；在……之上；在……时候；adj 开着的；发生着的，正在进行中；n (On)人名；(日)温(姓、名)；(缅、柬、印)翁,/ɑn/,/ɒn/,I wanted to punch him on the nose.,我真想一拳打到他鼻子上。
en:once:adverb:1,once,adverb,一次；曾经,adv 一次；曾经；conj 一旦；n 一次，一回,/wʌns/,/wʌns/,I’ve only met her once.,我只见过她一面。
en:one:pronoun:1,one,pronoun,一个人；任何人,pron 一个人；任何人；adj 一的；唯一的；n 一；num 一；一个,/wʌn/,/wʌn/,‘Have you got a camera?’ ‘No.’ ‘You should buy one’ (= buy a camera ).,“你有照相机吗？”“没有。”“你应该买一架。”
en:oneself:pronoun:1,oneself,pronoun,自己；亲自,pron 自己；亲自,/wʌn'sɛlf/,/wʌn'self/,It is only through study that one really begins to know oneself.,只有通过学习，一个人才能真正了解自己。
en:only:adverb:1,only,adverb,只，仅仅；不料,adv 只，仅仅；不料；adj 唯一的，仅有的；最合适的；conj 但是；不过；可是,/'onli/,/'əʊnlɪ/,Naomi was only 17 when she got married.,娜奥米结婚时才17岁。
en:open:adjective:1,open,adjective,公开的；敞开的；空旷的；坦率的；营业着的,adj 公开的；敞开的；空旷的；坦率的；营业着的；v 开始；展现；n 公开；空旷；户外,/'opən/,/'əʊp(ə)n/,He threw the door open and ran down the stairs.,他猛地打开门，往楼下跑去。
en:operation:noun:1,operation,noun,操作；经营；[外科] 手术；[数][计] 运算,n 操作；经营；[外科] 手术；[数][计] 运算,"/,ɑpə'reʃən/",/ɒpə'reɪʃ(ə)n/,Many small businesses fail in the first year of operation.,许多小企业在经营的第一年就倒闭了。
en:or:conjunction:1,or,conjunction,或，或者；还是,conj 或，或者；还是；n (Or)人名；(中)柯(广东话·威妥玛)；(柬)奥；(土、匈、土库、阿塞、瑞典)奥尔,/ɔr/,/ɔː/,Shall we go out to the cinema or stay at home?,我们是出去看电影还是待在家里？
en:orange:adjective:1,orange,adjective,橙色的；橘色的,adj 橙色的；橘色的；n 橙；橙色；桔子,/'ɔrɪndʒ/,/'ɒrɪn(d)ʒ/,orange juice,橙汁
en:order:noun:1,order,noun,命令；顺序；规则；[贸易] 定单,n 命令；顺序；规则；[贸易] 定单；v 命令；整理；定购,/'ɔrdɚ/,/'ɔːdə/,There seemed to be no logical order to the sections.,这几部分似乎没有逻辑顺序。
en:other:adjective:1,other,adjective,其他的，另外的,adj 其他的，另外的；pron 另外一个,/'ʌðɚ/,/'ʌðə/,They were just like any other young couple.,他们那时就和其他任何年轻夫妇一样。
en:our:pronoun:1,our,pronoun,我们的,pron 我们的,/aʊr/,/aʊə/,They partook of our triumph.,他们分享我们的胜利。
en:ours:pronoun:1,ours,pronoun,我们的,pron 我们的；n (Ours)人名；(法)乌尔斯,/ɑrz/,/aʊəz/,I’ll show you to your room. Ours is next door.,我带你去你的房间，我们的房间在你的隔壁。
en:ourselves:pronoun:1,ourselves,pronoun,我们自己；我们亲自,pron 我们自己；我们亲自,/ɑr'sɛlvz/,/aʊə'selvz/,We prepared ourselves for the long journey ahead.,我们为将要开始的长途旅行做好了准备。
en:out:adverb:1,out,adverb,出现；在外；出局；出声地；不流行地,adv 出现；在外；出局；出声地；不流行地；adj 外面的；出局的；下台的；n 出局；prep 向；离去；v 出来；暴露,/aʊt/,/aʊt/,Many of the homeless have been sleeping out for years.,许多无家可归者常年露宿街头。
en:outside:adjective:1,outside,adjective,外面的，外部的；外来的,adj 外面的，外部的；外来的；n 外部；外观；adv 在外面，向外面；在室外；prep 在…范围之外,"/,aʊt'saɪd/",/aʊt'saɪd; 'aʊtsaɪd/,We turned off the outside lights and went to bed.,我们关掉外头的电灯，上床睡觉了。
en:over:adverb:1,over,adverb,结束；越过；从头到尾,adv 结束；越过；从头到尾；prep 越过；在…之上；遍于…之上；adj 结束的；上面的；vt 越过；n (Over)人名；(俄、西、土)奥韦尔,/'ovɚ/,/'əʊvə/,You really should come over and see our new house.,你真的该过来看看我们的新房子。
en:overcoat:noun:1,overcoat,noun,大衣，外套,n 大衣，外套,/'ovɚkot/,/'əʊvəkəʊt/,I sprang 400 pounds for her overcoat.,给她买那件大衣，我花了400镑。
en:own:verb:1,own,verb,拥有；承认,v 拥有；承认；adj 自己的；特有的；n 自己的,/on/,/əʊn/,The building is owned by the local council.,这幢大楼归地方议会所有。
en:owner:noun:1,owner,noun,[经] 所有者；物主,n [经] 所有者；物主,/'onɚ/,/'əʊnə/,He was now the proud owner of a bright red sports car.,他现在拥有了一辆亮红色跑车，很是自豪。
en:pacific:adjective:1,pacific,adjective,和平的；温和的；平静的,adj 和平的；温和的；平静的；n 太平洋,/pə'sɪfɪk/,/pə'sɪfɪk/,a normally pacific community,平日里静悄悄的社区
en:package:noun:1,package,noun,包，包裹；套装软件，[计] 程序包,n 包，包裹；套装软件，[计] 程序包；adj 一揽子的；v 打包；将…包装,/'pækɪdʒ/,/'pækɪdʒ/,There’s a package here for a Miami Lakes address.,这里有一个寄往迈阿密湖的包裹。
en:page:noun:1,page,noun,页；记录；大事件，时期；男侍者,n 页；记录；大事件，时期；男侍者；v 给…标页码,,/peɪdʒ/,The full address is given on page 15.,详细地址见第15页。
en:paint:verb:1,paint,verb,油漆；绘画；装饰；涂色于；描绘；（用语言，文字等）描写；擦脂粉等,v 油漆；绘画；装饰；涂色于；描绘；（用语言，文字等）描写；擦脂粉等；n 油漆；颜料，涂料；绘画作品；胭脂等化妆品；色彩，装饰,,/peɪnt/,The ceiling needs painting.,天花板需要粉刷了。
en:pair:noun:1,pair,noun,一对，一双，一副,n 一对，一双，一副；v 把…组成一对,/pɛr/,/peə/,"earrings, £5 a pair",耳环，5英镑一副
en:palace:noun:1,palace,noun,宫殿；宅邸；豪华住宅,n 宫殿；宅邸；豪华住宅,/'pælis/,/'pælɪs/,Buckingham Palace,白金汉宫
en:pancake:noun:1,pancake,noun,薄烤饼；粉饼；平降（全称pancake landing）,n 薄烤饼；粉饼；平降（全称pancake landing）；vi 平坠着陆；平展；vt 使平坠著陆；使平展,/'pænkek/,/'pænkeɪk/,,
en:panda:noun:1,panda,noun,熊猫；猫熊,n 熊猫；猫熊,/'pændə/,/'pændə/,The caged panda chafed against the bars.,笼子里的大熊猫贴在栅栏上蹭它的身体。
en:paper:noun:1,paper,noun,纸；论文；文件；报纸,n 纸；论文；文件；报纸；adj 纸做的；v 用纸糊；用纸包装,/'pepɚ/,/'peɪpə/,I’ll get you a piece of paper so you can write the number down.,我给你找张纸，你好把号码写下来。
en:pardon:noun:1,pardon,noun,原谅；赦免；宽恕,n 原谅；赦免；宽恕；v 原谅；赦免；宽恕,/'pɑrdn/,/ˈpɑːdn/,Walter begged her pardon for all the pain he had caused her.,沃尔特请求她原谅自己给她造成那么多痛苦。
en:parent:noun:1,parent,noun,父亲（或母亲）；父母亲；根源,n 父亲（或母亲）；父母亲；根源,/'pɛrənt/,/'peər(ə)nt/,Children under 14 should be accompanied by a parent.,14 岁以下儿童须由一位家长陪同。
en:park:noun:1,park,noun,公园；[交] 停车场,n 公园；[交] 停车场；v 停放；放置；寄存,/pɑrk/,/pɑːk/,Let’s go for a walk in the park.,我们去公园散步吧。
en:part:noun:1,part,noun,部分；角色；零件；一些；片段,n 部分；角色；零件；一些；片段；v 分离；分配；分开；adv 部分地；adj 部分的,/pɑrt/,/pɑːt/,"For part of the day, you will be outside doing practical work.",你们每天将有一部分时间在户外实际操作。
en:party:noun:1,party,noun,政党，党派；聚会，派对；当事人 [复数 parties],n 政党，党派；聚会，派对；当事人 [复数 parties]；v 参加社交聚会 [ 过去式 partied 过去分词 partied 现在分词 partying ],/'pɑrti/,/'pɑːtɪ/,We’re having a small party this evening to celebrate our wedding anniversary.,我们今晚有个小聚会，庆祝我们的结婚纪念日。
en:pass:noun:1,pass,noun,及格；经过；护照；途径；传球,n 及格；经过；护照；途径；传球；v 经过；传递；变化；终止,/pæs/,/pɑːs/,You will need at least three passes to get onto the course.,你至少需要三门及格才能上这门课。
en:passage:noun:1,passage,noun,一段（文章）；走廊；通路,n 一段（文章）；走廊；通路,/'pæsɪdʒ/,/'pæsɪdʒ/,My office is just along the passage.,我的办公室就在过道旁边。
en:passenger:noun:1,passenger,noun,旅客；乘客；过路人；碍手碍脚的人,n 旅客；乘客；过路人；碍手碍脚的人,/'pæsɪndʒɚ/,/'pæsɪndʒə/,Neither the driver nor the passengers were hurt.,司机和乘客均未受伤。
en:passport:noun:1,passport,noun,护照，通行证；手段,n 护照，通行证；手段,/'pæspɔrt/,/'pɑːspɔːt/,I have an Irish passport.,我持爱尔兰护照。
en:past:noun:1,past,noun,过去；往事,n 过去；往事；adj 过去的；结束的；prep 越过；晚于；adv 过；经过,/pæst/,/pɑːst/,You mustn’t think about it. It’s all in the past now.,你千万不要再想那件事，现在一切都过去了。
en:path:noun:1,path,noun,道路；小路；轨道,n 道路；小路；轨道,/pæθ/,/pɑːθ/,I walked nervously up the garden path towards the front door.,我提心吊胆地沿着花园的小道向前门走去。
en:patient:adjective:1,patient,adjective,有耐心的，能容忍的,adj 有耐心的，能容忍的；n 病人；患者,/'peʃnt/,/'peɪʃ(ə)nt/,You’ll just have to be patient and wait till I’m off the phone.,你只能耐心点，等我打完电话。
en:peace:noun:1,peace,noun,和平；平静；和睦；秩序,n 和平；平静；和睦；秩序,/pis/,/piːs/,The country is at peace with its neighbours for the first time in years.,这是多年来该国与其邻国第一次和平共处。
en:pear:noun:1,pear,noun,[园艺] 梨树；梨子,n [园艺] 梨树；梨子,/pɛr/,/peə/,I took this apple for a pear until I tasted it.,我误将这个苹果当作梨子，直到我尝了才知道。
en:pen:noun:1,pen,noun,钢笔；作家；围栏,n 钢笔；作家；围栏；v 写；关入栏中,/pɛn/,/pen/,a ballpoint pen,圆珠笔
en:pencil:noun:1,pencil,noun,铅笔；笔状物,n 铅笔；笔状物；v 用铅笔写；用眉笔涂,/'pɛnsl/,/'pens(ə)l; -sɪl/,a sharp pencil,尖尖的铅笔
en:people:noun:1,people,noun,人；人类；民族；公民,n 人；人类；民族；公民；v 居住于；使住满人,/'pipl/,/'piːp(ə)l/,How many people were at the meeting?,有多少人到会？
en:percent:noun:1,percent,noun,百分比，百分率；部分；百分数,n 百分比，百分率；部分；百分数；adj 百分之…的；adv 以百分之…地,/pɚ'sɛnt/,/pə'sent/,"But there are billions more people out there who are not in the top one percent, and they’re not in the top two or three either.",但是还有十亿多的人不在其中，他们不在其中的百分之一，也不再其中的两百分之一或者三百分之一的其中。
en:perfect:adjective:1,perfect,adjective,完美的；最好的；精通的,adj 完美的；最好的；精通的；v 使完美；使熟练；n 完成式,/ˈpɝfɪkt; (for v.) pɝˈfɛkt/,/ˈpəːfɪkt; (for v.) pəˈfekt/,His English was perfect.,他的英语很地道。
en:perhaps:adverb:1,perhaps,adverb,或许；（表示不确定）也许；（用于粗略的估计）或许；（表示勉强同意或其实不赞成）也许；可能,adv 或许；（表示不确定）也许；（用于粗略的估计）或许；（表示勉强同意或其实不赞成）也许；可能；n 假定；猜想；未定之事,/pɚ'hæps/,/pə'hæps/,Perhaps she’s next door.,她也许在隔壁。
en:period:noun:1,period,noun,周期，期间；时期；月经；课时；（语法学）句点，句号,n 周期，期间；时期；月经；课时；（语法学）句点，句号；adj 某一时代的,/'pɪrɪəd/,/'pɪərɪəd/,Tomorrow’s weather will be dry with sunny periods.,明天天气干燥，间或晴朗。
en:person:noun:1,person,noun,人；身体；容貌，外表；人称,n 人；身体；容貌，外表；人称,/'pɝsn/,/'pɜːs(ə)n/,"He was a very nice person, always pleasant and friendly.",他是个很好的人，始终彬彬有礼。
en:personal:adjective:1,personal,adjective,个人的；身体的；亲自的,adj 个人的；身体的；亲自的；n 人事消息栏；人称代名词,/'pɝsənl/,/'pɜːs(ə)n(ə)l/,My personal view is that we shouldn’t offer him the job.,我个人认为我们不该给他这份工作。
en:pet:noun:1,pet,noun,宠物；生气；受宠爱的人,n 宠物；生气；受宠爱的人；v 宠爱；adj 宠爱的,/pɛt/,/pet/,They have two pets – a cat and a dog.,他们有两只宠物，一只猫和一只狗。
en:physics:noun:1,physics,noun,物理学；物理现象,n 物理学；物理现象,/'fɪzɪks/,/'fɪzɪks/,...the laws of physics.,…物理学定律。
en:piano:noun:1,piano,noun,钢琴,n 钢琴,/pɪ'æno/,/pɪ'ænəʊ/,Jean accompanied her on the piano .,琼为她钢琴伴奏。
en:pick:verb:1,pick,verb,挑选；采摘；挖,v 挑选；采摘；挖；n 选择；鹤嘴锄；挖；掩护,/pɪk/,/pɪk/,Students have to pick three courses from a list of 15.,学生必须从15门课中选修3门。
en:picnic:noun:1,picnic,noun,野餐,n 野餐；v 去野餐,/'pɪknɪk/,/'pɪknɪk/,We decided to have a picnic down by the lake.,我们决定在湖边野餐。
en:picture:noun:1,picture,noun,照片，图画；影片；景色；化身,n 照片，图画；影片；景色；化身；v 画；想像；描写,/'pɪktʃɚ/,/'pɪktʃə/,The room had several pictures on the walls.,那个房间墙上有几幅画。
en:pie:noun:1,pie,noun,馅饼；饼图；爱说话的人,n 馅饼；饼图；爱说话的人；vt 使杂乱,/paɪ/,/paɪ/,I had a steak and kidney pie with chips.,我吃了一份牛肉腰子馅饼加薯条。
en:piece:noun:1,piece,noun,块；件；篇；硬币,n 块；件；篇；硬币；v 修补；接合；凑合,/pis/,/piːs/,Cut off a piece of wood 5 cm in length.,截下一段五厘米长的木头。
en:pig:noun:1,pig,noun,猪；猪肉,n 猪；猪肉；v 生小猪；像猪一样过活,/pɪɡ/,/pɪg/,He kept pigs and poultry.,他养过猪和家禽。
en:pilot:noun:1,pilot,noun,飞行员；领航员,n 飞行员；领航员；adj 试点的；v 驾驶；领航；试用,/'paɪlət/,/'paɪlət/,an airline pilot,航空公司飞行员
en:pink:noun:1,pink,noun,粉红色；化身，典范；石竹花；头面人物,n 粉红色；化身，典范；石竹花；头面人物；v 扎，刺，戳；使…变粉红色；使…面红耳赤；adj 粉红的；比较激进的；石竹科的；脸色发红的,/pɪŋk/,/pɪŋk/,Her room was decorated in bright pinks and purples.,她的房间装饰成明亮的粉红色和紫色。
en:pioneer:noun:1,pioneer,noun,先锋；拓荒者,n 先锋；拓荒者；v 开辟；倡导；提倡,"/,paɪə'nɪr/",/paɪə'nɪə/,the early pioneers of the Dakota territory,达科他地区的早期拓荒者
en:pity:noun:1,pity,noun,怜悯，同情；遗憾,n 怜悯，同情；遗憾；v 对……表示怜悯；对……感到同情,/'pɪti/,/'pɪtɪ/,It’s a great pity Joyce wasn’t invited.,乔伊斯没有受到邀请太遗憾了。
en:place:noun:1,place,noun,地方；住所；座位,n 地方；住所；座位；v 放置；任命；寄予,/ples/,/pleɪs/,Make sure you keep the key in a safe place.,一定要把钥匙放在安全的地方。
en:plain:adjective:1,plain,adjective,平的；简单的；朴素的；清晰的,adj 平的；简单的；朴素的；清晰的；n 平原；无格式；朴实无华的东西；adv 清楚地；平易地,/plen/,/pleɪn/,"The document, written in plain English, tells you about your new policy.",这份文件用简明的英语写成，解释了你们的新政策。
en:plan:noun:1,plan,noun,计划；平面图,n 计划；平面图；v 计划；设计；打算,/plæn/,/plæn/,His plan is to get a degree in economics and then work abroad for a year.,他计划先取得经济学学位，然后去国外工作一年。
en:plane:noun:1,plane,noun,飞机；平面；程度，水平,n 飞机；平面；程度，水平；v 刨；乘飞机旅行；翱翔；adj 平的；平面的,/plen/,/pleɪn/,It is a big airline with a large fleet of planes.,这是一家大航空公司，拥有庞大的机群。
en:planet:noun:1,planet,noun,行星,n 行星,/'plænɪt/,/'plænɪt/,The picture shows six of the nine planets in the solar system.,这张图片展示太阳系9个行星中的6个行星。
en:plant:noun:1,plant,noun,工厂，车间；植物；设备；庄稼,n 工厂，车间；植物；设备；庄稼；v 种植；培养；栽培；安置,/plænt/,/plɑːnt/,Don’t forget to water the plants.,别忘记给植物浇水。
en:plastic:adjective:1,plastic,adjective,塑料的；（外科）造型的；可塑的,adj 塑料的；（外科）造型的；可塑的；n 塑料制品；整形；可塑体,/'plæstɪk/,/'plæstɪk/,a plastic spoon,塑料汤匙
en:plate:noun:1,plate,noun,碟；金属板；金属牌；感光底片,n 碟；金属板；金属牌；感光底片；v 电镀；给…装甲,/pleɪt/,/pleɪt/,The brass plate on the door said ‘Dr Rackman’.,黄铜门牌上写着“雷克曼博士”。
en:play:verb:1,play,verb,游戏；扮演；演奏；播放；同…比赛,v 游戏；扮演；演奏；播放；同…比赛；n 游戏；比赛；剧本,/ple/,/pleɪ/,He’s learning to play the piano.,他在学习弹钢琴。
en:playground:noun:1,playground,noun,运动场，操场；游乐场,n 运动场，操场；游乐场,/'ple'graʊnd/,/'pleɪgraʊnd/,children shouting and running in the playground,在操场上叫嚷奔跑的孩子们
en:pleasant:adjective:1,pleasant,adjective,令人愉快的，舒适的；讨人喜欢的，和蔼可亲的,adj 令人愉快的，舒适的；讨人喜欢的，和蔼可亲的；n (Pleasant)人名；(英)普莱曾特,/'plɛznt/,/'plez(ə)nt/,It had been a pleasant evening.,那是个愉快的夜晚。
en:please:verb:1,please,verb,使喜欢；使高兴，使满意,v 使喜欢；使高兴，使满意；int 请（礼貌用语）,/pliz/,/pliːz/,a business that wants to please its customers,希望让顾客满意的一家公司
en:pleasure:noun:1,pleasure,noun,快乐；希望；娱乐；令人高兴的事,n 快乐；希望；娱乐；令人高兴的事；vt 使高兴；使满意；vi 高兴；寻欢作乐,/ˈplɛʒɚ/,/'pleʒə/,the simple pleasures of life,生活中的简单乐趣
en:plenty:noun:1,plenty,noun,丰富，大量；充足,n 丰富，大量；充足；adj 足够的，很多的；adv 足够,/'plɛnti/,/'plentɪ/,a land of plenty,一片富饶的土地
en:pocket:noun:1,pocket,noun,口袋；钱；容器,n 口袋；钱；容器；v 隐藏；忍受；将…放入衣袋；adj 小型的，袖珍的；金钱上的,/'pɑkɪt/,/'pɒkɪt/,Luke came in with his hands in his pockets.,卢克走了进来，双手插在口袋里。
en:poem:noun:1,poem,noun,诗,n 诗,/'poəm/,/'pəʊɪm/,...a book of love poems.,…一本爱情诗集。
en:point:noun:1,point,noun,要点；得分；标点；[机] 尖端,n 要点；得分；标点；[机] 尖端；v 指向；弄尖；加标点于,/pɔɪnt/,/pɒɪnt/,That’s a very interesting point.,那个观点很有趣。
en:police:noun:1,police,noun,警察，警方；治安,n 警察，警方；治安；v 监督；管辖；维持治安；为…配备警察；adj 警察的；有关警察的,/pə'lis/,/pə'liːs/,Police surrounded the courthouse.,警察围在法院大楼四周。
en:policy:noun:1,policy,noun,政策，方针；保险单,n 政策，方针；保险单,/'pɑləsi/,/'pɒləsɪ/,an insurance policy,保险单
en:polite:adjective:1,polite,adjective,有礼貌的，客气的；文雅的；上流的；优雅的,adj 有礼貌的，客气的；文雅的；上流的；优雅的,/pə'laɪt/,/pə'laɪt/,She’s always very polite.,她总是很有礼貌。
en:pond:verb:1,pond,verb,筑成池塘,vt 筑成池塘；vi 筑成池塘；n 池塘,/pɑnd/,/pɒnd/,The path descends to the pond.,小路下斜通到池塘。
en:pool:noun:1,pool,noun,联营；撞球；水塘；共同资金,n 联营；撞球；水塘；共同资金；v 联营，合伙经营,/pul/,/puːl/,pools of water with tiny fish in them,有小鱼的一个个水池
en:poor:adjective:1,poor,adjective,贫穷的；可怜的；贫乏的；卑鄙的,adj 贫穷的；可怜的；贫乏的；卑鄙的；n (Poor)人名；(英、伊朗)普尔,/pʊr/,/pɔː; pʊə/,"Poor kid, he’s had a rough day.",可怜的孩子，今天他真倒霉。
en:popular:adjective:1,popular,adjective,流行的，通俗的；受欢迎的；大众的；普及的,adj 流行的，通俗的；受欢迎的；大众的；普及的,/'pɑpjəlɚ/,/'pɒpjʊlə/,Hilary was popular at school.,希拉里在学校里很受欢迎。
en:population:noun:1,population,noun,人口；[生物] 种群，[生物] 群体；全体居民,n 人口；[生物] 种群，[生物] 群体；全体居民,"/,pɑpju'leʃən/",/pɒpjʊ'leɪʃ(ə)n/,Nearly 70 percent of the population still live in the countryside.,人口中差不多有70%仍住在乡村。
en:pork:noun:1,pork,noun,猪肉,n 猪肉；vt 与女子性交,/pɔrk/,/pɔːk/,pork chops,猪排
en:position:noun:1,position,noun,位置，方位；职位，工作；姿态；站位,n 位置，方位；职位，工作；姿态；站位；v 安置；把……放在适当位置,/pə'zɪʃən/,/pə'zɪʃ(ə)n/,Lie in a comfortable position .,以一个舒服的姿势躺下。
en:possible:adjective:1,possible,adjective,可能的；合理的；合适的,adj 可能的；合理的；合适的；n 可能性；合适的人；可能的事物,/'pɑsəbl/,/'pɒsɪb(ə)l/,Is it possible toget tickets for the game?,有没有可能弄到比赛的门票？
en:post:noun:1,post,noun,岗位；邮件；标杆,n 岗位；邮件；标杆；v 张贴；公布；邮递；布置,/post/,/pəʊst/,Was there any post for me today?,今天有我的邮件吗？
en:postcard:noun:1,postcard,noun,明信片,n 明信片,/'post'kɑrd/,/'pəʊs(t)kɑːd/,Don’t forget to send us a postcard!,别忘了给我们寄张明信片！
en:postman:noun:1,postman,noun,邮递员；邮差,n 邮递员；邮差,/'postmən/,/'pəʊs(t)mən/,That postman is in charge of this route.,那个邮递员负责这条投递线路。
en:potato:noun:1,potato,noun,[作物] 土豆，[作物] 马铃薯,n [作物] 土豆，[作物] 马铃薯,/pə'teto/,/pə'teɪtəʊ/,"Marie stood at the sink, peeling potatoes (= cutting off the skin ) .",玛丽站在洗涤槽边削土豆皮。
en:pound:noun:1,pound,noun,英镑；重击，重击声；兽栏；拘留所,n 英镑；重击，重击声；兽栏；拘留所；v 捣烂；敲打；监禁，拘留,/paʊnd/,/paʊnd/,They spent over a thousand pounds.,他们花了一千多英镑。
en:practice:noun:1,practice,noun,实践；练习；惯例,n 实践；练习；惯例；v 练习；实习；实行,/'præktɪs/,/'præktɪs/,It takes hours of practice to learn to play the guitar.,学习弹吉他需要长时间的练习。
en:praise:noun:1,praise,noun,赞扬；称赞；荣耀；崇拜,n 赞扬；称赞；荣耀；崇拜；v 赞美，歌颂；表扬,/prez/,/preɪz/,It’s important to give children plenty of praise and encouragement.,对小孩子多加表扬和鼓励是很重要的。
en:prepare:verb:1,prepare,verb,准备；使适合；装备；起草,v 准备；使适合；装备；起草,/prɪ'pɛr/,/prɪ'peə/,The prosecution wanted more time to prepare their case.,原告想要有更多的时间来准备诉讼。
en:present:verb:1,present,verb,提出；介绍；呈现；赠送,v 提出；介绍；呈现；赠送；adj 现在的；出席的；n 现在；礼物；瞄准,/'prɛznt/,/'prez(ə)nt/,She was presented with an award .,她被授予一个奖项。
en:president:noun:1,president,noun,总统；董事长；校长；主席,n 总统；董事长；校长；主席,/'prɛzɪdənt/,/'prezɪd(ə)nt/,President Bush,布什总统
en:pretty:adjective:1,pretty,adjective,漂亮的；可爱的；优美的,adj 漂亮的；可爱的；优美的；adv 相当地；颇；n 有吸引力的事物（尤指饰品）；漂亮的人,/'prɪti/,/'prɪtɪ/,a pretty little girl,漂亮的小姑娘
en:prevent:verb:1,prevent,verb,预防，防止；阻止,v 预防，防止；阻止,/pri'vɛnt/,/prɪ'vent/,The rules are intended to prevent accidents.,这些规定旨在预防事故。
en:price:noun:1,price,noun,价格；价值；代价,n 价格；价值；代价；v 给……定价；问……的价格,/praɪs/,/praɪs/,They may pay a high price for their few years of glory.,为了短短几年的辉煌，他们也许要付出高昂的代价。
en:pride:noun:1,pride,noun,自豪；骄傲；自尊心,n 自豪；骄傲；自尊心；v 使得意，以…自豪,/praɪd/,/praɪd/,He wore his medals with pride.,他自豪地戴着奖章。
en:primary:adjective:1,primary,adjective,主要的；初级的；基本的,adj 主要的；初级的；基本的；n 原色；最主要者,/'praɪmɛri/,/'praɪm(ə)rɪ/,Our primary concern is to provide the refugees with food and health care.,我们的头等大事是向难民提供食品和医疗。
en:print:noun:1,print,noun,印刷业；印花布；印刷字体；印章；印记,n 印刷业；印花布；印刷字体；印章；印记；v 印刷；打印；刊载；用印刷体写；在…印花样,/prɪnt/,/prɪnt/,There was no print at all on the backs of the tickets.,门票背面没有印任何文字。
en:prison:noun:1,prison,noun,监狱；监禁；拘留所,n 监狱；监禁；拘留所；vt 监禁，关押,/'prɪzn/,/'prɪz(ə)n/,He visits his dad in prison every week.,他每周都去探望狱中的父亲。
en:prisoner:noun:1,prisoner,noun,囚犯，犯人；俘虏；刑事被告,n 囚犯，犯人；俘虏；刑事被告,/'prɪznɚ/,/'prɪz(ə)nə/,Relationships between the staff and the prisoners are good.,狱警和犯人相处良好。
en:private:adjective:1,private,adjective,私人的；私有的；私下的,adj 私人的；私有的；私下的；n 列兵；二等兵,/'praɪvət/,/'praɪvət/,Morris has a private jet.,莫里斯拥有一架私人喷气式飞机。
en:prize:noun:1,prize,noun,奖品；奖赏；战利品,n 奖品；奖赏；战利品；v 珍视；捕获；估价；adj 获奖的,/praɪz/,/praɪz/,"In this month’s competition you could win a prize worth £3,000.","在本月的竞赛中您可以赢得价值3,000英镑的奖品。"
en:problem:noun:1,problem,noun,难题；引起麻烦的人,n 难题；引起麻烦的人；adj 成问题的；难处理的,/'prɑbləm/,/'prɒbləm/,"She was older than me, but that wasn’t really a problem.",她比我年长，不过那不算什么问题。
en:produce:verb:1,produce,verb,生产；引起；创作；生育，繁殖,v 生产；引起；创作；生育，繁殖；n 农产品，产品,/prə'dus/,/prə'djuːs/,New drugs are producing remarkable results .,新药正在产生显著的效果。
en:progress:noun:1,progress,noun,进步，发展；前进,n 进步，发展；前进；v 前进，进步；进行,/'prɑɡrɛs/,/'prəʊgres/,We made good progress despite the snow.,尽管下雪，我们的行程还是很顺利。
en:promise:noun:1,promise,noun,许诺，允诺；希望,n 许诺，允诺；希望；v 允诺，许诺；给人以…的指望或希望,/'prɑmɪs/,/'prɒmɪs/,"If you make a promise, you should keep it.",如果你许下一个诺言，你就应该遵守它。
en:pronounce:verb:1,pronounce,verb,发音；宣判；断言,v 发音；宣判；断言,/prə'naʊns/,/prə'naʊns/,The scheme was pronounced a failure.,该方案宣告失败。
en:pronunciation:noun:1,pronunciation,noun,发音；读法,n 发音；读法,"/prə,nʌnsɪ'eʃən/","/prə,nʌnsɪ'eɪʃ(ə)n/",She gave the word its French pronunciation.,她给出了这个单词的法语发音。
en:proper:adjective:1,proper,adjective,适当的；本身的；特有的；正派的,adj 适当的；本身的；特有的；正派的；adv 完全地；n (Proper)人名；(英、德)普罗珀,/'prɑpɚ/,/'prɒpə/,Everything was in its proper place (= where it should be ) .,每样东西都放在恰当的位置。
en:protect:verb:1,protect,verb,保护，防卫；警戒,v 保护，防卫；警戒,/prə'tɛkt/,/prə'tekt/,Are we doing enough to protect the environment?,我们在保护环境方面做得够吗？
en:proud:adjective:1,proud,adjective,自豪的；得意的；自负的,adj 自豪的；得意的；自负的；n (Proud)人名；(英)普劳德,/praʊd/,/praʊd/,Seth was the proud owner of a new sports car.,赛思因为有了新跑车而扬扬得意。
en:prove:verb:1,prove,verb,证明；检验；显示,v 证明；检验；显示,/pruv/,/pruːv/,"You’re wrong, and I can prove it.",你错了，我可以证明。
en:provide:verb:1,provide,verb,提供；规定；准备；装备,v 提供；规定；准备；装备,/prə'vaɪd/,/prə'vaɪd/,Tea and biscuits will be provided.,有茶水和饼干供应。
en:public:adjective:1,public,adjective,公众的；政府的；公用的；公立的,adj 公众的；政府的；公用的；公立的；n 公众；社会；公共场所,/'pʌblɪk/,/'pʌblɪk/,We have to show that publishing this story is in the public interest (= helpful or useful to ordinary people ) .,我们必须证明刊登这篇报道有利于公众。
en:pull:verb:1,pull,verb,拉；拔；拖,v 拉；拔；拖；n 拉，拉绳；拉力，牵引力；拖,/pʊl/,/pʊl/,Mom! Davey’s pulling my hair!,妈妈! 戴维拽我的头发！
en:punish:verb:1,punish,verb,惩罚；严厉对待；贪婪地吃喝,v 惩罚；严厉对待；贪婪地吃喝,/'pʌnɪʃ/,/'pʌnɪʃ/,Smacking is not an acceptable way of punishing a child.,要惩罚孩子，不应该用打的方式。
en:pupil:noun:1,pupil,noun,学生；[解剖] 瞳孔；未成年人,n 学生；[解剖] 瞳孔；未成年人,/pjupl/,/'pjuːpɪl; -p(ə)l/,About 20 pupils study music here.,大约20名小学生在这里学习音乐。
en:purple:adjective:1,purple,adjective,紫色的；帝王的；华而不实的,adj 紫色的；帝王的；华而不实的；n 紫色；紫袍；v 变成紫色,/'pɝpl/,/'pɜːp(ə)l/,His face turned purple with rage.,他气得脸色发紫。
en:purse:noun:1,purse,noun,(女士)手提袋；(国家、家庭、团体等的) 财力,n (女士)手提袋；(国家、家庭、团体等的) 财力；v （嘴巴）皱起，使缩拢；撅嘴,/pɝs/,/pɜːs/,I locked the door and dropped the keys in my purse.,我锁上门，然后把钥匙丢进手提包里。
en:push:verb:1,push,verb,推动，增加；对…施加压力，逼迫；按；说服,v 推动，增加；对…施加压力，逼迫；按；说服；n 推，决心；大规模攻势；矢志的追求,/pʊʃ/,/pʊʃ/,"It didn’t move, so she pushed harder.",它一动不动，因此她加力去推。
en:quarter:noun:1,quarter,noun,四分之一；地区；季度；一刻钟；两角五分；节,n 四分之一；地区；季度；一刻钟；两角五分；节；v 住宿；驻扎；num 四分之一,/'kwɔrtɚ/,/'kwɔːtə/,It’s about a page and a quarter.,大概是一又四分之一页。
en:queen:noun:1,queen,noun,女王，王后；（纸牌中的）皇后；（蜜蜂等的）蜂王,n 女王，王后；（纸牌中的）皇后；（蜜蜂等的）蜂王；v 使…成为女王或王后,/kwin/,/kwiːn/,the queen of diamonds,方块Q，方块王后
en:question:noun:1,question,noun,问题，疑问；询问；疑问句,n 问题，疑问；询问；疑问句；v 询问；怀疑；审问,/'kwɛstʃən/,/'kwestʃ(ə)n/,Can I ask you a question?,我能问你个问题吗？
en:quick:noun:1,quick,noun,核心；伤口的嫩肉,n 核心；伤口的嫩肉；adj 快的；迅速的，敏捷的；灵敏的；adv 迅速地，快,/kwɪk/,/kwɪk/,Her nails were bitten to the quick.,她的指甲都咬到肉里了。
en:quiet:adjective:1,quiet,adjective,安静的；安定的；不动的；温顺的,adj 安静的；安定的；不动的；温顺的；n 安静；和平；v 使平息；安慰,/'kwaɪət/,/'kwaɪət/,We’ll have to be quiet so as not to wake the baby.,我们得安静点，免得吵醒宝宝。
en:quite:adverb:1,quite,adverb,很；相当；完全,adv 很；相当；完全,/kwaɪt/,/kwaɪt/,I felt quite bitter about it at the time.,当时我对此感到相当痛苦。
en:rabbit:noun:1,rabbit,noun,兔子，野兔,n 兔子，野兔；v 让…见鬼去吧,/'ræbɪt/,/'ræbɪt/,The rabbit disappeared in the bushes.,那只兔子消失在树丛中。
en:race:noun:1,race,noun,属，种；种族，人种；家庭，门第,n 属，种；种族，人种；家庭，门第；v 使参加比赛；和…竞赛；使急走，使全速行进,/res/,/reɪs/,The school welcomes children of all races .,该校欢迎各种族的学生就读。
en:radio:noun:1,radio,noun,收音机；无线电广播设备,n 收音机；无线电广播设备；v 用无线电进行通信,/'redɪo/,/'reɪdɪəʊ/,The last 12 months have been difficult ones for local radio.,最近的12个月对地方广播电台来说是艰难的。
en:railway:noun:1,railway,noun,（英）铁路；轨道；铁道部门,n （英）铁路；轨道；铁道部门；vi 乘火车旅行,/'relwe/,/'reɪlweɪ/,a railway company,铁路公司
en:rain:noun:1,rain,noun,雨；下雨；雨天；雨季,n 雨；下雨；雨天；雨季；v 下雨；降雨,/reɪn/,/reɪn/,a night of wind and rain,风雨交加的夜晚
en:raincoat:noun:1,raincoat,noun,（美）雨衣,n （美）雨衣,/ˈreɪnkoʊt/,/'reɪnkəʊt/,He dipped in his raincoat pocket.,他把手深深地伸进雨衣口袋里。
en:rainy:adjective:1,rainy,adjective,下雨的；多雨的,adj 下雨的；多雨的；n (Rainy)人名；(英)雷尼,/'reni/,/'reɪnɪ/,a cold rainy day in October,十月里一个寒冷的雨天
en:raise:verb:1,raise,verb,提高；筹集；养育；升起,v 提高；筹集；养育；升起；n 高地；上升；加薪,/rez/,/reɪz/,Can you raise the lamp so I can see?,你能把灯举高点好让我看清吗？
en:rapid:adjective:1,rapid,adjective,迅速的，急促的；飞快的；险峻的,adj 迅速的，急促的；飞快的；险峻的；n 急流；高速交通工具，高速交通网,/'ræpɪd/,/'ræpɪd/,The patient made a rapid recovery.,病人迅速康复。
en:rat:noun:1,rat,noun,鼠；卑鄙小人，叛徒,n 鼠；卑鄙小人，叛徒；v 捕鼠；背叛，告密,/ræt/,/ræt/,"But you promised to help us, you rat!",可你答应过要帮我们的，你这小人！
en:rather:adverb:1,rather,adverb,宁可，宁愿；相当,adv 宁可，宁愿；相当；int 当然啦（回答问题时用）；n (Rather)人名；(英)拉瑟,/'ræðɚ/,/'rɑːðə/,I grew up in rather unusual circumstances.,我在相当不寻常的环境中长大。
en:reach:verb:1,reach,verb,达到；延伸；伸出手；传开,v 达到；延伸；伸出手；传开；n 范围；延伸；河段；横风行驶,/ritʃ/,/riːtʃ/,Chelsea could reach the final of the European Cup.,切尔西队会进入欧洲杯决赛。
en:ready:adjective:1,ready,adjective,准备好；现成的；迅速的；情愿的；快要…的,adj 准备好；现成的；迅速的；情愿的；快要…的；n 现款；预备好的状态；adv 迅速地；预先；v 使准备好,/'rɛdi/,/'redɪ/,Come on. Aren’t you ready yet?,快点，你还没准备好吗？
en:real:adjective:1,real,adjective,实际的；真实的；实在的,adj 实际的；真实的；实在的；adv 真正地；确实地；n 现实；实数,/'riəl/,/riːl/,There is a real danger that the disease might spread.,这种疾病确实有蔓延的危险。
en:receive:verb:1,receive,verb,收到；接待；接纳,v 收到；接待；接纳,/rɪ'siv/,/rɪ'siːv/,All the children will receive a small gift.,每个孩子都会收到一份小礼物。
en:recent:adjective:1,recent,adjective,最近的；近代的,adj 最近的；近代的,/'risnt/,/'riːs(ə)nt/,Irving’s most recent book,欧文最新的书
en:recite:verb:1,recite,verb,背诵；叙述；列举,v 背诵；叙述；列举,/rɪ'saɪt/,/rɪ'saɪt/,She recited a poem that she had learnt at school.,她背诵了一首学校里学的诗。
en:record:verb:1,record,verb,记录，记载；标明；将录音,v 记录，记载；标明；将录音；n 档案，履历；唱片；最高纪录；adj 创纪录的,/(for v.) rɪˈkɔrd; (for n. adj.) ˈrɛkɚd/,/(for v.)rɪˈkɔːd; (for n.) ˈrekɔːd/,Her husband made her record every penny she spent.,她丈夫要她把花的每分钱都记下来。
en:recorder:noun:1,recorder,noun,录音机；记录器；记录员；八孔直笛,n 录音机；记录器；记录员；八孔直笛,/rɪ'kɔrdɚ/,/rɪ'kɔːdə/,Rodney put the recorder on the desk top and pushed the play button.,罗德尼把录音机放在桌面上，按下了播放键。
en:red:noun:1,red,noun,红色，红颜料；赤字,n 红色，红颜料；赤字；adj 红色的；红肿的，充血的,/rɛd/,/red/,I like the way the artist uses red in this painting.,我喜欢画家在这幅作品中对红色的运用。
en:refuse:noun:1,refuse,noun,垃圾；废物,n 垃圾；废物；v 拒绝；不愿；抵制,/ri'fjʊz/,/rɪ'fjuːz/,a refuse dump,垃圾场
en:regard:noun:1,regard,noun,注意；尊重；问候；凝视,n 注意；尊重；问候；凝视；v 注重，考虑；看待；尊敬；把…看作；与…有关,/rɪ'ɡɑrd/,/rɪ'gɑːd/,My husband sends his regards .,我丈夫向你问好。
en:regret:noun:1,regret,noun,遗憾；抱歉；悲叹,n 遗憾；抱歉；悲叹；v 后悔；惋惜；哀悼,/rɪ'ɡrɛt/,/rɪ'gret/,It is with great regret that I must decline your offer.,很遗憾，我不得不谢绝你的好意。
en:relation:noun:1,relation,noun,关系；叙述；故事；亲属关系,n 关系；叙述；故事；亲属关系,/rɪ'leʃən/,/rɪ'leɪʃ(ə)n/,The price the meat is sold for bears no relation to (= is not connected to ) the price the farmer receives.,肉的售价和农民拿到的价格无关。
en:relax:verb:1,relax,verb,放松，休息；松懈，松弛；变从容；休养,v 放松，休息；松懈，松弛；变从容；休养,/rɪ'læks/,/rɪ'læks/,I just want to sit down and relax.,我只想坐下来休息一下。
en:remain:verb:1,remain,verb,保持；依然；留下；剩余；逗留；残存,v 保持；依然；留下；剩余；逗留；残存；n 遗迹；剩余物，残骸,/rɪ'men/,/rɪ'meɪn/,Please remain seated until all the lights are on.,请留在座位上，直到灯全都亮起。
en:remember:verb:1,remember,verb,记得；牢记；纪念；代…问好,v 记得；牢记；纪念；代…问好,/rɪ'mɛmbɚ/,/rɪ'membə/,Do you remember Rosa Davies?,你记得罗莎·戴维斯吗？
en:repair:verb:1,repair,verb,修理；修复,v 修理；修复；n 修理，修补；修补部位,/rɪ'pɛr/,/rɪ'peə/,"Dad was up the ladder, repairing the roof.",爸爸在梯子上修补屋顶。
en:repeat:verb:1,repeat,verb,重复；复制；背诵,v 重复；复制；背诵；n 重复；副本,/rɪ'pit/,/rɪ'piːt/,Repeat the exercises twice a day.,这套操每天做两次。
en:reply:verb:1,reply,verb,回答；[法] 答辩；回击,v 回答；[法] 答辩；回击；n 回答；[法] 答辩,/rɪ'plai/,/rɪ'plaɪ/,"I asked Clive where he was going, but he didn’t reply.",我问克莱夫到哪儿去，但他没有回答。
en:report:noun:1,report,noun,报告；报道；成绩单,n 报告；报道；成绩单；v 报告；报导；使报到,/rɪ'pɔrt/,/rɪ'pɔːt/,"According to recent news reports , two of the victims are Americans.",根据近期的新闻报道，受害者中有两名是美国人。
en:require:verb:1,require,verb,需要；要求；命令,v 需要；要求；命令,/rɪ'kwaɪr/,/rɪ'kwaɪə/,Campbell’s broken leg will probably require surgery.,坎贝尔的一条腿骨折，可能需要手术。
en:research:noun:1,research,noun,研究；调查,n 研究；调查；v 研究；调查,/'risɝtʃ/,/rɪ'sɜːtʃ; 'riːsɜːtʃ/,Gould was helped in his researches by local naturalists.,古尔德在研究过程中得到了当地博物学家的帮助。
en:rest:verb:1,rest,verb,使休息，使轻松；把…寄托于,v 使休息，使轻松；把…寄托于；n 休息，静止；休息时间；剩余部分；支架,/rɛst/,/rest/,"If you’re tired, we’ll stop and rest for a while.",如果你累了，我们就停下来歇一会儿。
en:restaurant:noun:1,restaurant,noun,餐馆；[经] 饭店,n 餐馆；[经] 饭店,/ˈrɛstəˌrɑnt; ˈrɛstərənt; ˈrɛsˌtrɑnt/,/ˈrɛstəˌrɒŋ; ˈrɛstrɒŋ; -rɒnt/,He took her out for a five-course dinner in a fancy restaurant.,他带她到一家豪华餐厅吃了一顿有五道菜的晚餐。
en:result:noun:1,result,noun,结果；成绩；答案；比赛结果,n 结果；成绩；答案；比赛结果；v 结果；导致；产生,/rɪ'zʌlt/,/rɪ'zʌlt/,High unemployment is a direct result of the recession.,高失业率是经济衰退的直接后果。
en:retell:verb:1,retell,verb,复述；再讲；重述,v 复述；再讲；重述,"/,ri'tɛl/",/riː'tel/,Lucilla often asks her sisters to retell the story.,陆希拉经常叫她的姐姐们重讲那个故事。
en:return:verb:1,return,verb,返回；报答,v 返回；报答；n 返回；归还；回球；adj 报答的；回程的；返回的,/rɪ'tɝn/,/rɪ'tɜːn/,It was forty five minutes before she returned.,过了45分钟她才回来。
en:review:noun:1,review,noun,回顾；复习；评论；检讨；检阅,n 回顾；复习；评论；检讨；检阅；v 回顾；检查；复审,/rɪ'vju/,/rɪ'vjuː/,The policy comes up for review (= will be reviewed ) in April.,这项政策将在4月份予以审议。
en:rice:noun:1,rice,noun,稻；米饭,n 稻；米饭；v 把…捣成米糊状,/raɪs/,/raɪs/,a tasty sauce served with rice or pasta,配米饭或意面的美味酱汁
en:rich:adjective:1,rich,adjective,富有的；肥沃的；昂贵的,adj 富有的；肥沃的；昂贵的；n (Rich)人名；(丹)里克；(捷)里赫；(英、西)里奇；(葡、法)里什,/rɪtʃ/,/rɪtʃ/,Rich mineral deposits have been found in the sea bed.,海底发现有丰富的矿床。
en:riddle:verb:1,riddle,verb,解谜；给出谜；充满于,v 解谜；给出谜；充满于；n 谜语；粗筛；谜一般的人、东西、事情等,/'rɪdl/,/'rɪd(ə)l/,See if you can solve this riddle .,看看你能不能猜出这个谜语。
en:right:adjective:1,right,adjective,正确的；直接的；右方的,adj 正确的；直接的；右方的；v 复正；恢复平稳；n 正确；右边；正义；adv 正确地；恰当地；彻底地,/raɪt/,/raɪt/,"Yes, that’s the right answer .",对，回答正确。
en:risk:noun:1,risk,noun,风险；危险；冒险,n 风险；危险；冒险；v 冒…的危险,/rɪsk/,/rɪsk/,"It was a risk, sending a letter to my house.",将信寄到我家是冒险。
en:river:noun:1,river,noun,河，江,n 河，江,/'rɪvɚ/,/'rɪvə/,the Mississippi River,密西西比河
en:road:noun:1,road,noun,公路，马路；道路；手段,n 公路，马路；道路；手段；vt （狗）沿臭迹追逐（猎物）；adj （美）巡回的,/rod/,/rəʊd/,65 Maple Road,枫树路65号
en:robot:noun:1,robot,noun,机器人；遥控设备，自动机械；机械般工作的人,n 机器人；遥控设备，自动机械；机械般工作的人,/'robɑt/,/'rəʊbɒt/,cars built by robots,机器人制造的汽车
en:rock:noun:1,rock,noun,岩石；摇滚乐；暗礁,n 岩石；摇滚乐；暗礁；v 摇动；使摇晃,/rɑk/,/rɒk/,"the late rock star, Freddie Mercury",已故摇滚乐明星弗雷迪·默丘利
en:role:noun:1,role,noun,角色；任务,n 角色；任务,/rol/,/rəʊl/,She has just landed the lead role in their latest production.,她刚在他们最新的作品中取得了主角。
en:room:noun:1,room,noun,房间；空间；余地；机会；房间里所有的人,n 房间；空间；余地；机会；房间里所有的人；v 为…提供住处；租房，合住；投宿，住宿；留…住宿,/rum/,/ruːm; rʊm/,I looked around the room.,我四下看了看房间。
en:rope:noun:1,rope,noun,绳，绳索,n 绳，绳索；v 捆，绑,/rop/,/rəʊp/,They tied a rope around my waist and pulled me up.,他们在我腰间系了一根粗绳子，把我拉了上去。
en:rose:noun:1,rose,noun,玫瑰；粉红色；蔷薇（花）；粉红色的葡萄酒,n 玫瑰；粉红色；蔷薇（花）；粉红色的葡萄酒；adj 玫瑰花的；玫瑰色的；粉红色的；带有玫瑰香味的；vt 使成玫瑰色，使（面颊）发红；使有玫瑰香味；vi 起义( rise的过去式)；升起；（数量）增加；休会,/roz/,/rəʊz/,a dozen red roses,一打红玫瑰
en:round:noun:1,round,noun,圆；循环；一回合；圆形物,n 圆；循环；一回合；圆形物；adj 圆的；完全的；大概的；肥胖的；adv 在周围；迂回地；朝反方向；挨个；v 完成；围捕；绕行；弄圆；prep 附近；绕过；大约；在…周围,/raʊnd/,/raʊnd/,I played a round of golf on Sunday morning.,星期天早上我打了一场高尔夫球。
en:row:noun:1,row,noun,行，排；划船；街道；吵闹,n 行，排；划船；街道；吵闹；v 划船；使……成排,/ro/,/rəʊ/,(= many rows ) of shelves stacked with books,一排又一排堆满书的架子
en:rubber:noun:1,rubber,noun,橡胶；橡皮；合成橡胶；按摩师,n 橡胶；橡皮；合成橡胶；按摩师；adj 橡胶制成的；v 涂橡胶于；用橡胶制造,/'rʌbɚ/,/'rʌbə/,a rubber ball,橡皮球
en:rubbish:noun:1,rubbish,noun,垃圾，废物；废话,n 垃圾，废物；废话；adj 毫无价值的,/'rʌbɪʃ/,/'rʌbɪʃ/,a rubbish bin,垃圾桶
en:rule:verb:1,rule,verb,统治；管辖；裁定,v 统治；管辖；裁定；n 统治；规则,/rul/,/ruːl/,Queen Victoria ruled England for 64 years.,维多利亚女王统治英格兰64年。
en:ruler:noun:1,ruler,noun,尺；统治者；[测] 划线板，划线的人,n 尺；统治者；[测] 划线板，划线的人,/'rulɚ/,/'ruːlə/,a 12-inch ruler,一把12英寸的尺子
en:rush:noun:1,rush,noun,冲进；匆促；急流；灯心草,n 冲进；匆促；急流；灯心草；adj 急需的；v 使冲；突袭；匆忙地做；飞跃,/rʌʃ/,/rʌʃ/,At five past twelve there was a mad rush to the dinner hall.,12点零5分，人们疯狂地冲向餐厅。
en:rusia:unknown:1,Rusia,unknown,鲁西亚（地名）,鲁西亚（地名）,,,Jose Nazario of Arbor Networks in Lexington noticed a stream of data directed at Georgian government sites containing the message: “win+love+in+Rusia.”,"位于列克星敦的网络安全公司Arbor Networks的工作人员Jose Nazario曾发现一条含有“win+love+in+Rusia""字节信息的数据流向了格鲁吉亚政府网站。"
en:russian:adjective:1,Russian,adjective,俄国的；俄语的,adj 俄国的；俄语的；n 俄语；俄国人,/'rʌʃən/,/'rʌʃ(ə)n/,...the Russian parliament.,...俄罗斯国会。
en:sad:adjective:1,sad,adjective,难过的；悲哀的，令人悲痛的；凄惨的，阴郁的（形容颜色）,adj 难过的；悲哀的，令人悲痛的；凄惨的，阴郁的（形容颜色）,/sæd/,/sæd/,Sorry to hear the sad news .,听到这令人伤心的消息我很难过。
en:safe:adjective:1,safe,adjective,安全的；可靠的；平安的,adj 安全的；可靠的；平安的；n 保险箱；冷藏室；纱橱,/sef/,/seɪf/,She doesn’t feel safe in the house on her own.,她独自一人在家感到不安全。
en:safety:noun:1,safety,noun,安全；保险；安全设备；保险装置；安打,n 安全；保险；安全设备；保险装置；安打,/'sefti/,/'seɪftɪ/,"You shouldn’t travel alone, for safety’s sake .",为安全起见，不要独自一人旅行。
en:sail:verb:1,sail,verb,航行；启航，开船,v 航行；启航，开船；n 帆，篷；航行,/sel/,/seɪl/,Three tall ships sailed past.,三艘大船驶了过去。
en:salad:noun:1,salad,noun,色拉；尤指莴苣,n 色拉；尤指莴苣,/'sæləd/,/'sæləd/,Would you like some salad with your pasta?,你的意大利面要配些色拉吗？
en:sale:noun:1,sale,noun,销售；出售；拍卖；销售额；廉价出售,n 销售；出售；拍卖；销售额；廉价出售,/sel/,/seɪl/,Harvey gets a $50 commission every time he makes a sale (= sells something as part of his job ) .,哈维每做成一笔生意可得到50美元的佣金。
en:salt:noun:1,salt,noun,盐；风趣，刺激性,n 盐；风趣，刺激性；adj 咸水的；含盐的，咸味的；盐腌的；猥亵的；v 用盐腌；给…加盐；将盐撒在道路上使冰或雪融化,/sɔlt/,/sɔːlt; sɒlt/,This might need some salt and pepper.,这里面也许要加点盐和胡椒粉。
en:same:adjective:1,same,adjective,相同的；同一的；上述的（通常与the连用）；无变化的,adj 相同的；同一的；上述的（通常与the连用）；无变化的；pron 同样的事物或人（通常与the连用）；adv 同样地（通常与the连用）；n (Same)人名；(意)萨梅,/sem/,/seɪm/,Her perfume has always had the same effect on me.,她身上的香水给我的感觉一如既往。
en:sand:noun:1,sand,noun,沙；沙地；沙洲；沙滩；沙子,n 沙；沙地；沙洲；沙滩；沙子；v 撒沙于；以沙掩盖；用砂纸等擦平或磨光某物；使撒沙似地布满；给…掺沙子,/sænd/,/sænd/,a mixture of sand and cement,沙和水泥的混合物
en:sandwich:verb:1,sandwich,verb,夹入；挤进；把做成三明治,v 夹入；挤进；把做成三明治；n 三明治；夹心面包,/'sænwɪtʃ/,/'sæn(d)wɪdʒ; -wɪtʃ/,"Carefully split the sponge ring, then sandwich the two halves together with whipped cream.",小心地切开海绵蛋糕圈，然后在两半中间夹上生奶油。
en:saturday:noun:1,Saturday,noun,星期六,n 星期六,/sætɚdɪ; -de/,/ˈsætədɪ; -deɪ/,The festivities begin Saturday.,庆祝活动从星期六开始。
en:sausage:noun:1,sausage,noun,香肠；腊肠；装香肠的碎肉,n 香肠；腊肠；装香肠的碎肉,/'sɔsɪdʒ/,/'sɒsɪdʒ/,pork sausages,猪肉香肠
en:save:verb:1,save,verb,节省；保存；储蓄；解救,v 节省；保存；储蓄；解救；prep 除之外；n 救援,/sev/,/seɪv/,He managed to save enough to buy a small house.,他想办法攒够钱买了一幢小房子。
en:scarf:noun:1,scarf,noun,围巾；嵌接，嵌接处；头巾领巾,n 围巾；嵌接，嵌接处；头巾领巾；v 披嵌接；用围巾围,/skɑrf/,/skɑːf/,He reached up to loosen the scarf around his neck.,他伸出手松开围在脖子上的围巾。
en:school:noun:1,school,noun,学校；学院；学派；鱼群,n 学校；学院；学派；鱼群；v 教育,/skul/,/skuːl/,His mother always used to pick him up from school.,他母亲以前一直去学校接他。
en:schoolbag:noun:1,schoolbag,noun,书包,n 书包,/ˈskulˌbæɡ/,/'skuːlbæɡ/,She ran back to the classroom to get her schoolbag.,她跑回教室去取书包。
en:science:noun:1,science,noun,科学；技术；学科；理科,n 科学；技术；学科；理科,/'saɪəns/,/'saɪəns/,Many leading scientists do not consider that science can give absolutely reliable knowledge.,许多杰出科学家都不认为科学能够提供绝对可靠的知识。
en:scientist:noun:1,scientist,noun,科学家,n 科学家,/'saɪəntɪst/,/'saɪəntɪst/,Scientists say they've already collected more data than had been expected.,科学家们说他们已经搜集到比预期更多的数据。
en:score:noun:1,score,noun,分数；二十；配乐；刻痕,n 分数；二十；配乐；刻痕；v 获得；评价；划线，刻划；把…记下,/skɔ/,/skɔː/,a musical score,乐谱
en:screen:noun:1,screen,noun,屏，幕；屏风,n 屏，幕；屏风；v 筛；拍摄；放映；掩蔽,/skrin/,/skriːn/,a computer with an 18-inch colour screen,带18英寸彩色屏幕的电脑
en:sea:noun:1,sea,noun,海；海洋；许多；大量,n 海；海洋；许多；大量,/si/,/siː/,Jay stripped his clothes off and ran into the sea.,杰伊脱光衣服奔入海里。
en:search:verb:1,search,verb,搜寻；调查；探求,v 搜寻；调查；探求；n 搜寻；探究，查究,/sɝtʃ/,/sɜːtʃ/,It was too dark to search further.,天太暗，无法继续寻找。
en:season:noun:1,season,noun,时期；季节；赛季,n 时期；季节；赛季；v 给…调味；使适应,/'sizn/,/'siːz(ə)n/,the effect on plants as the seasons start to change,换季对植物的影响
en:seat:noun:1,seat,noun,座位；所在地；职位,n 座位；所在地；职位；v 使…坐下；可容纳…的；使就职,/sit/,/siːt/,I was in the back seat and Jo was driving.,我在后座，乔开车。
en:second:noun:1,second,noun,秒；第二名；瞬间；二等品,n 秒；第二名；瞬间；二等品；v 支持；adj 第二的；次要的；附加的；num 第二；adv 第二；其次；居第二位,/'sɛkənd/,/'sek(ə)nd/,Hold your breath for six seconds.,请你屏气6秒钟。
en:secret:noun:1,secret,noun,秘密；秘诀；机密,n 秘密；秘诀；机密；adj 秘密的；机密的,/'sikrɪt/,/'siːkrɪt/,I can’t tell you. It’s a secret .,我不能告诉你，这是个秘密。
en:secretary:noun:1,secretary,noun,秘书；书记；部长；大臣,n 秘书；书记；部长；大臣,/'sɛkrətɛrɪ/,/'sekrɪt(ə)rɪ/,My secretary will fax you all the details.,我的秘书会把所有的细节发传真给你。
en:seem:verb:1,seem,verb,似乎；像是；装作,v 似乎；像是；装作；n (Seem)人名；(英)西姆,/sim/,/siːm/,Ann didn’t seem very sure.,安看来并不十分肯定。
en:seldom:adverb:1,seldom,adverb,很少，不常,adv 很少，不常,/'sɛldəm/,/'seldəm/,Karen had seldom seen him so angry.,卡伦很少见他这么生气过。
en:sense:noun:1,sense,noun,感觉，功能；观念；道理；理智,n 感觉，功能；观念；道理；理智；v 感觉到；检测,/sɛns/,/sens/,"Cats have a very acute sense of hearing (= very good, so that they can hear even the smallest sound ) .",猫的听觉非常敏锐。
en:sentence:noun:1,sentence,noun,[语][计] 句子，命题；宣判，判决,n [语][计] 句子，命题；宣判，判决；v 判决，宣判,/'sɛntəns/,/'sent(ə)ns/,His voice dropped at the end of the sentence.,到句子结尾处，他压低了嗓音。
en:separate:verb:1,separate,verb,使分离；使分开；使分居,v 使分离；使分开；使分居；adj 单独的；分开的；不同的；各自的；；n 分开；抽印本,/(for v.) sɛpəˌret; (for adj.) sɛprɪt/,/(for v.) ˈsepəreɪt; (for adj.) ˈseprət/,This will keep your dressing from separating.,这样可以防止调味汁分层。
en:september:noun:1,September,noun,九月,n 九月,/sɛp'tɛmbɚ/,/sep'tembə/,"Her son, Jerome, was born in September.",她的儿子杰罗姆出生于9月。
en:serious:adjective:1,serious,adjective,严肃的，严重的；认真的；庄重的；危急的,adj 严肃的，严重的；认真的；庄重的；危急的,/'sɪrɪəs/,/'sɪərɪəs/,the serious problem of unemployment,严重的失业问题
en:servant:noun:1,servant,noun,仆人，佣人；公务员；雇工,n 仆人，佣人；公务员；雇工,/'sɝvənt/,/'sɜːv(ə)nt/,Many young girls became domestic servants .,许多年轻姑娘成了家仆。
en:service:noun:1,service,noun,服务，服侍；服役；仪式,n 服务，服侍；服役；仪式；adj 服务性的；耐用的；服现役的；v 维修，检修；保养,/'sɝvɪs/,/'sɜːvɪs/,the health service,医疗保健服务
en:seven:numeral:1,seven,numeral,七个，七,num 七个，七；n 七个，七；adj 七的；七个的,/'sɛvn/,/'sev(ə)n/,The women visited cities in seven states.,这些女性访问了七个州的城市。
en:seventeen:noun:1,seventeen,noun,十七，十七个,n 十七，十七个；adj 十七岁的；十七的，十七个的；num 十七,"/,sɛvn'tin/",/sev(ə)n'tiːn; 'sev(ə)ntiːn/,a group of seventeen American military officers,由17名美国军官组成的团体
en:seventh:noun:1,seventh,noun,第七；七分之一,n 第七；七分之一；adj 第七的；七分之一的；adv 居第七位地,/'sɛvənθ/,/'sev(ə)nθ/,"Both will meet in your seventh house of partnerships, so to unlock your good fortune, you need to collaborate with a partner.",它们将在你表合作关系的第七宫会面，如果你有一个合作伙伴的话，它们将合作释放出你的好运气。
en:seventy:noun:1,seventy,noun,七十；七十个；七十岁；七十年代,n 七十；七十个；七十岁；七十年代；adj 七十的；七十个的；七十岁的；num 七十,/'sɛvnti/,/'sev(ə)ntɪ/,We lost touch during the seventies.,我们在70年代失去了联系。
en:several:adjective:1,several,adjective,几个的；各自的,adj 几个的；各自的；pron 几个；数个,/ˈsevrəl/,/ˈsevrəl/,They shook hands and went their several ways (= went in different directions ) .,他们握了握手便各自走了。
en:shame:noun:1,shame,noun,羞耻，羞愧；憾事，带来耻辱的人,n 羞耻，羞愧；憾事，带来耻辱的人；v 使丢脸，使羞愧,/ʃem/,/ʃeɪm/,He felt a deep sense of shame.,他深深地感到羞愧。
en:shape:noun:1,shape,noun,形状；模型；身材；具体化,n 形状；模型；身材；具体化；v 形成；塑造，使成形；使符合,/ʃep/,/ʃeɪp/,What shape is the table?,那张桌子是什么形状的？
en:share:verb:1,share,verb,分享，分担；分配,v 分享，分担；分配；n 份额；股份,/ʃɛr/,/ʃeə/,As a kid he’d never share his toys.,他小时候从不肯与人分享他的玩具。
en:she:pronoun:1,she,pronoun,她（主格）；它（用来指雌性动物或国家、船舶、地球、月亮等）,pron 她（主格）；它（用来指雌性动物或国家、船舶、地球、月亮等）；n 女人；雌性动物,/ʃi/,/ʃiː/,You could always ask Beth – she’s got plenty of money.,你总是可以去问贝丝——她有很多钱。
en:ship:verb:1,ship,verb,运送，乘船；以船运送,v 运送，乘船；以船运送；n 船；舰；太空船,/ʃɪp/,/ʃɪp/,We'll ship your order to the address we print on your cheques.,我们将把你预订的货物送到我们印在你单据上的地址。
en:shirt:noun:1,shirt,noun,衬衫；汗衫，内衣,n 衬衫；汗衫，内衣,/ʃɝt/,/ʃɜːt/,I have to wear a shirt and tie to work.,我上班要穿衬衫打领带。
en:shoe:noun:1,shoe,noun,鞋；蹄铁；外胎,n 鞋；蹄铁；外胎；v 给……穿上鞋；穿……鞋,/ʃu/,/ʃuː/,I sat down and took off my shoes and socks.,我坐下来脱掉鞋子和袜子。
en:shop:noun:1,shop,noun,商店；店铺,n 商店；店铺；v 购物,/ʃɑp/,/ʃɒp/,a barber’s shop,理发店
en:short:adjective:1,short,adjective,短的；不足的；矮的，低的,adj 短的；不足的；矮的，低的；n 短；缺乏；短路；短裤；adv 不足；突然；唐突地,/ʃɔrt/,/ʃɔːt/,a short meeting,一个短会
en:shorts:noun:1,shorts,noun,短裤,n 短裤,/ʃɔrts/,/ʃɔːts/,"I like your shorts, Jake.",杰克， 我喜欢你的短裤。
en:should:auxiliary:1,should,auxiliary,应该；就；可能；将要,aux 应该；就；可能；将要,/ʃəd; strong form ʃʊd/,/ʃəd; strong form ʃʊd/,should be,应该是
en:shoulder:noun:1,shoulder,noun,肩，肩膀；肩部,n 肩，肩膀；肩部；v 肩负，承担,/'ʃoldɚ/,/'ʃəʊldə/,She tapped the driver on the shoulder.,她拍拍司机的肩。
en:shout:verb:1,shout,verb,呼喊；喊叫；大声说,v 呼喊；喊叫；大声说；n 呼喊；呼叫,/ʃaʊt/,/ʃaʊt/,There’s no need to shout! I can hear you!,用不着大声喊叫！我听得见！
en:show:verb:1,show,verb,显示；说明；演出；展出,v 显示；说明；演出；展出；n 显示；表演；炫耀,/ʃo/,/ʃəʊ/,"The man grinned, showing bad teeth.",那男人咧着嘴笑，露出一口坏牙。
en:shower:noun:1,shower,noun,淋浴；（倾泻般出现的）一阵，一大批；阵雨,n 淋浴；（倾泻般出现的）一阵，一大批；阵雨；v 大量地给予；把……弄湿,/'ʃaʊɚ/,/'ʃaʊə/,Why does the phone always ring when I’m in the shower?,为什么电话铃总是在我洗澡的时候响？
en:shy:adjective:1,shy,adjective,害羞的；畏缩的，胆怯的,adj 害羞的；畏缩的，胆怯的；v 投；畏缩；惊退；厌恶；n 投掷；惊跳,/ʃaɪ/,/ʃaɪ/,He was a quiet shy man.,他是个话不多、害羞的男人。
en:sick:adjective:1,sick,adjective,厌恶的；病态的；不舒服；渴望的；恶心的 ；生病的,adj 厌恶的；病态的；不舒服；渴望的；恶心的 ；生病的；n 病人；v 使狗去咬；呕吐；追击,/sɪk/,/sɪk/,His mother’s very sick.,他母亲病得很重。
en:side:noun:1,side,noun,方面；侧面；旁边,n 方面；侧面；旁边；v 支持；赞助；偏袒；adj 旁的，侧的,/saɪd/,/saɪd/,Fuel is cheaper on the French side of the border.,燃料在边境那边的法国要便宜些。
en:sight:noun:1,sight,noun,视力；景象；眼界；见解,n 视力；景象；眼界；见解；v 看见；瞄准；adj 见票即付的；即席的,/saɪt/,/saɪt/,Anne’s sight is very good for someone of her age.,安妮的视力对于她这个年龄的人来说算是非常好的。
en:silence:noun:1,silence,noun,沉默；寂静；缄默；不谈；无声状态,n 沉默；寂静；缄默；不谈；无声状态；v 使沉默；使安静；压制；消除噪音；int 安静！；别作声！,/'saɪləns/,/'saɪləns/,There was a brief silence before anyone answered.,沉默了片刻才有人回答。
en:silent:adjective:1,silent,adjective,沉默的；寂静的；无记载的,adj 沉默的；寂静的；无记载的；n 无声电影,/'saɪlənt/,/'saɪlənt/,The large house was silent and lonely.,这幢大房子寂静荒凉。
en:silk:noun:1,silk,noun,丝绸；蚕丝；丝织物,n 丝绸；蚕丝；丝织物；adj 丝的；丝绸的；丝制的；vi （玉米）处于长须的阶段中,/sɪlk/,/sɪlk/,pure silk stockings,生丝面料的漂亮连衣裙
en:silly:adjective:1,silly,adjective,愚蠢的；不明事理的；没头脑的,adj 愚蠢的；不明事理的；没头脑的；n 傻瓜,/'sɪli/,/'sɪlɪ/,Stop asking silly questions.,别再问傻问题了。
en:similar:adjective:1,similar,adjective,相似的,adj 相似的；n 类似物,/'sɪməlɚ/,/'sɪmɪlə/,We have similar tastes in music.,我们对音乐的品位相近。
en:simple:adjective:1,simple,adjective,简单的；单纯的；天真的,adj 简单的；单纯的；天真的；n 笨蛋；愚蠢的行为；出身低微者,/'sɪmpl/,/'sɪmp(ə)l/,a simple but effective solution to the problem,对这个问题简单而有效的解决办法
en:since:conjunction:1,since,conjunction,因为；由于；既然；自…以来；自…以后,conj 因为；由于；既然；自…以来；自…以后；prep 自…以来；自…以后；adv 后来,/sɪns/,/sɪns/,We’ve been waiting here since two o’clock.,我们从两点钟开始就在这里等了。
en:single:adjective:1,single,adjective,单一的；单身的；单程的,adj 单一的；单身的；单程的；n 一个；单打；单程票；v 选出,/'sɪŋɡl/,/'sɪŋg(ə)l/,A single tree gave shade from the sun.,唯有一棵树遮阴。
en:sir:noun:1,sir,noun,先生；（用于姓名前）爵士；阁下；（中小学生对男教师的称呼）先生；老师,n 先生；（用于姓名前）爵士；阁下；（中小学生对男教师的称呼）先生；老师,/sɝ/,/sɜː/,"‘Report back to me in an hour, sergeant.’ ‘Yes, sir.’",“一小时后向我报告，中士。”“是，长官。”
en:sister:noun:1,sister,noun,姐妹；（称志同道合者）姐妹；修女；护士,n 姐妹；（称志同道合者）姐妹；修女；护士；adj 姐妹般的；同类型的,/'sɪstɚ/,/'sɪstə/,Janet and Abby are sisters.,珍妮特和阿比是两姐妹。
en:situation:noun:1,situation,noun,情况；形势；处境；位置,n 情况；形势；处境；位置,"/,sɪtʃu'eʃən/",/sɪtjʊ'eɪʃ(ə)n/,I explained the situation to everyone.,我向大家介绍了一下情况。
en:six:numeral:1,six,numeral,六，六个,num 六，六个；n 六，六个,/sɪks/,/sɪks/,six months ago,六个月前
en:sixteen:adjective:1,sixteen,adjective,十六的，十六个的,adj 十六的，十六个的；num 十六,"/,sɪks'tin/",/sɪks'tiːn; 'sɪkstiːn/,"But it contained one very interesting piece of data: in 2008, for the first time in sixteen years, the finance and insurance industry shrank.",但是，这份报告里有一项非常耐人寻味的数据：在2008年，金融保险业出现近十六年来的首次萎缩。
en:sixth:noun:1,sixth,noun,月的第六日，（与the连用的）第六个；六分之一,n 月的第六日，（与the连用的）第六个；六分之一；adj （与 the 连用）第六的，第六个的；六分之一的,/sɪksθ/,/sɪksθ/,About one sixth of the children admitted to taking drugs.,大约六分之一的儿童承认吸毒。
en:sixty:numeral:1,sixty,numeral,六十；六十个,num 六十；六十个,/'sɪksti/,/'sɪkstɪ/,sixty years ago,六十年前
en:size:noun:1,size,noun,大小；尺寸,n 大小；尺寸；adj 一定尺寸的；v 依大小排列,/saɪz/,/saɪz/,"He’s a small boy, about John’s size.",他是个小男孩，个子和约翰差不多。
en:skate:verb:1,skate,verb,滑冰；滑过,v 滑冰；滑过；n 溜冰；冰鞋,/sket/,/skeɪt/,The children skated on the frozen pond.,孩子们在结冰的池塘上滑冰。
en:skill:noun:1,skill,noun,技能，技巧；本领，技术,n 技能，技巧；本领，技术,/skɪl/,/skɪl/,Reading and writing are two different skills.,阅读和写作是两种不同的技能。
en:skirt:noun:1,skirt,noun,裙子,n 裙子；v 绕过，回避；位于…边缘,/skɝt/,/skɜːt/,She wore a white blouse and a plain black skirt.,她穿着白衬衣和纯黑的裙子。
en:sky:noun:1,sky,noun,天空；顶点,n 天空；顶点；v 把…投向空中；把…挂得过高,/skaɪ/,/skaɪ/,"The sky grew dark, and a cold rain began to fall.",天色转暗，开始下起冰冷的雨来。
en:sleepy:adjective:1,sleepy,adjective,欲睡的；困乏的；不活跃的,adj 欲睡的；困乏的；不活跃的,/'slipi/,/'sliːpɪ/,The warmth from the fire made her feel sleepy.,暖洋洋的炉火使她昏昏欲睡。
en:slow:adjective:1,slow,adjective,慢的；减速的；迟钝的,adj 慢的；减速的；迟钝的；v 变慢；变萧条；adv 慢慢地；迟缓地；n (Slow)人名；(英)斯洛,/sloʊ/,/sləʊ/,The car was travelling at a very slow speed.,汽车正以非常慢的速度行驶。
en:small:adjective:1,small,adjective,少的，小的；微弱的；几乎没有的；不重要的；幼小的,adj 少的，小的；微弱的；几乎没有的；不重要的；幼小的；adv 小小地；卑鄙地；n 小件物品；矮小的人,/smɔl/,/smɔːl/,a small piece of paper,一小片纸
en:smart:adjective:1,smart,adjective,聪明的；巧妙的；敏捷的；厉害的；潇洒的；剧烈的；时髦的,adj 聪明的；巧妙的；敏捷的；厉害的；潇洒的；剧烈的；时髦的；n (Smart)人名；(法)斯马尔；(英、德)斯马特,/smɑrt/,/smɑːt/,The smart kids get good grades and go off to college.,聪明的孩子成绩好，可以去上大学。
en:smile:verb:1,smile,verb,微笑,v 微笑；n 微笑；笑容；喜色,/smaɪl/,/smaɪl/,her smiling face,她的笑脸
en:smoke:noun:1,smoke,noun,烟；抽烟；无常的事物,n 烟；抽烟；无常的事物；v 冒烟，吸烟；抽烟；弥漫,/smok/,/sməʊk/,cigarette smoke,香烟的烟雾
en:smooth:adjective:1,smooth,adjective,顺利的；光滑的；平稳的,adj 顺利的；光滑的；平稳的；v 使光滑；消除（障碍等）；使优雅；缓和；n 平滑部分；一块平地；adv 光滑地；平稳地；流畅地,/smʊð/,/smuːð/,Her skin felt smooth and cool.,她的皮肤摸上去又滑又凉。
en:snake:noun:1,snake,noun,蛇；阴险的人,n 蛇；阴险的人；v 迂回前进,/snek/,/sneɪk/,A snake slithered across our path.,一条蛇蜿蜒爬过我们的小路。
en:snow:noun:1,snow,noun,雪，积雪；下雪,n 雪，积雪；下雪；v 降雪,/sno/,/snəʊ/,Snow was falling heavily as we entered the village.,我们进村的时候雪下得正大。
en:snowy:adjective:1,snowy,adjective,下雪的，多雪的；被雪覆盖的；洁白无瑕的,adj 下雪的，多雪的；被雪覆盖的；洁白无瑕的,/'snoɪ/,/'snəʊɪ/,the snowy fields,被雪覆盖的田野
en:so:adverb:1,so,adverb,如此，这么；确是如此,adv 如此，这么；确是如此；conj 所以；因此；pron 这样；n (So)人名；(柬)索,/so/,/səʊ/,The troops will not advance until ordered to do so .,在接到命令之前，部队不会前进。
en:soap:noun:1,soap,noun,肥皂,n 肥皂；v 将肥皂涂在……上；对……拍马屁（俚语）,/sop/,/səʊp/,Wash thoroughly with soap and water .,用肥皂和水彻底洗一洗。
en:social:adjective:1,social,adjective,社会的，社交的；群居的,adj 社会的，社交的；群居的；n 联谊会；联欢会,/'soʃl/,/'səʊʃ(ə)l/,"social issues, such as unemployment and education",失业和教育之类的社会问题
en:society:noun:1,society,noun,社会；交往；社团；社交界,n 社会；交往；社团；社交界,/sə'saɪəti/,/sə'saɪətɪ/,technology and its effects on modern society,科技及其对现代社会的影响
en:socks:noun:1,socks,noun,袜子（sock的复数）,n 袜子（sock的复数）,/sɑks/,/sɒks/,...a pair of knee-high socks.,…一双齐膝的短袜。
en:sofa:noun:1,sofa,noun,沙发；长椅,n 沙发；长椅,/'sofə/,/'səʊfə/,He sprang up from the sofa.,他从沙发上猛然跳了起来。
en:soft:adjective:1,soft,adjective,软的，柔软的；温柔的，温和的；软弱的；笨的,adj 软的，柔软的；温柔的，温和的；软弱的；笨的；adv 柔软地；温和地；n 柔性；柔软的东西；柔软部分,/sɔft/,/sɒft/,a baby’s soft skin,婴儿细嫩的皮肤
en:soldier:noun:1,soldier,noun,军人；[昆] 兵蚁；懒汉；一片烤面包,n 军人；[昆] 兵蚁；懒汉；一片烤面包；v 当兵；磨洋工；坚持干；假称害病,/'soldʒɚ/,/'səʊldʒə/,A British soldier was wounded in the fighting.,战斗中，有一名英国士兵受了伤。
en:solid:adjective:1,solid,adjective,固体的；可靠的；立体的；结实的；一致的,adj 固体的；可靠的；立体的；结实的；一致的；n 固体；立方体,/'sɑlɪd/,/'sɒlɪd/,The lake was frozen solid .,湖水冻得结结实实。
en:some:adjective:1,some,adjective,一些；某个；大约；相当多的,adj 一些；某个；大约；相当多的；pron 一些；若干；其中的一部分；（数量不确切时用）有些人；adv 非常；相当；<美>稍微,/səm/,/sʌm; s(ə)m/,I’ve just made a pot of coffee. Would you like some?,我刚煮了一壶咖啡，你想喝点吗？
en:somebody:noun:1,somebody,noun,大人物；重要人物,n 大人物；重要人物；pron 有人；某人,/'sʌmbədi/,/'sʌmbədɪ/,There’s somebody waiting to see you.,有人等着要见你。
en:someone:pronoun:1,someone,pronoun,有人，某人,pron 有人，某人,/'sʌmwʌn/,/'sʌmwʌn/,What would you do if someone tried to rob you in the street?,要是有人在街上抢劫你，你会怎么办？
en:something:pronoun:1,something,pronoun,某事；某物,pron 某事；某物；n 重要的人；值得重视的事；adv 非常；有点；大约；adj 大约；有点象,/'sʌmθɪŋ/,/'sʌmθɪŋ/,There’s something in my eye.,我眼睛里有什么东西。
en:sometimes:adverb:1,sometimes,adverb,有时，间或,adv 有时，间或,/'sʌmtaɪmz/,/'sʌmtaɪmz/,I sometimes have to work late.,我有时得工作到很晚。
en:somewhere:adverb:1,somewhere,adverb,在某处；到某处,adv 在某处；到某处；n 某个地方,/'sʌmwɛr/,/'sʌmweə/,My wallet must be around here somewhere.,我的钱包肯定是在这里的什么地方。
en:son:noun:1,son,noun,儿子；孩子（对年轻人的称呼）；男性后裔,n 儿子；孩子（对年轻人的称呼）；男性后裔,/sʌn/,/sʌn/,Her son Sean was born in 1983.,她的儿子肖恩出生于 1983 年。
en:song:noun:1,song,noun,歌曲；歌唱；诗歌；鸣声,n 歌曲；歌唱；诗歌；鸣声,/sɔŋ/,/sɒŋ/,the song of the lark,云雀的鸣唱
en:soon:adverb:1,soon,adverb,快；不久，一会儿；立刻；宁愿,adv 快；不久，一会儿；立刻；宁愿,/sun/,/suːn/,It will be dark soon.,天很快就要黑了。
en:sorry:adjective:1,sorry,adjective,遗憾的；对不起的，抱歉的,adj 遗憾的；对不起的，抱歉的；int 对不起，抱歉（表示委婉的拒绝等）,/'sɔri/,/'sɒrɪ/,She was very sorry about all the trouble she'd caused.,她对自己造成的麻烦感到很内疚。
en:sort:noun:1,sort,noun,种类；方式；品质,n 种类；方式；品质；v 分类；协调；交往,/sɔrt/,/sɔːt/,Most of the victims developed psychological problems of one sort or another (= of various different types ) .,大多数受害者都出现了这样那样的心理问题。
en:sound:verb:1,sound,verb,听（诊）；测量，测…深；使发声；试探；宣告,v 听（诊）；测量，测…深；使发声；试探；宣告；n 声音，语音；噪音；海峡；吵闹；听力范围；[医] 探条；adj 健全的，健康的；合理的；可靠的；有效彻底的；adv 彻底地，充分地,/saʊnd/,/saʊnd/,Several earlier studies had sounded similar warnings .,早先的几次研究也提出过类似的警告。
en:soup:noun:1,soup,noun,汤，羹；马力,n 汤，羹；马力；v 加速；增加马力,/sup/,/suːp/,homemade tomato soup,自制的番茄汤
en:sour:adjective:1,sour,adjective,酸的；发酵的；刺耳的；酸臭的；讨厌的,adj 酸的；发酵的；刺耳的；酸臭的；讨厌的；v 发酵；变酸；厌烦；n 酸味；苦事,/'saʊɚ/,/saʊə/,Rachel sampled the wine. It was sour.,雷切尔尝了尝葡萄酒，是酸的。
en:south:noun:1,south,noun,南方，南边；南部,n 南方，南边；南部；adv 在南方，向南方；adj 南的，南方的,/saʊθ/,/saʊθ/,Which way is south?,哪面是南？
en:southern:adjective:1,southern,adjective,南的；南方的,adj 南的；南方的；n 南方人,/'sʌðɚn/,/'sʌð(ə)n/,a southern accent,南部口音
en:space:noun:1,space,noun,空间；太空；距离,n 空间；太空；距离；v 留间隔,/spes/,/speɪs/,How much space is there on each disk?,每张磁盘有多大容量？
en:speaker:noun:1,speaker,noun,演讲者；扬声器；说话者；说某种语言的人,n 演讲者；扬声器；说话者；说某种语言的人,/'spikɚ/,/'spiːkə/,"The keynote speaker (= main or most important speaker ) was Robert Venturi, the architect.",主要发言人是建筑师罗伯特·文图里。
en:special:noun:1,special,noun,特使，特派人员；特刊；特色菜；专车；特价商品,n 特使，特派人员；特刊；特色菜；专车；特价商品；adj 特别的；专门的，专用的,/'spɛʃl/,/'speʃ(ə)l/,a lunch special for $4.99,4.99 美元的特惠午餐
en:speech:noun:1,speech,noun,演讲；讲话；[语] 语音；演说,n 演讲；讲话；[语] 语音；演说,/spitʃ/,/spiːtʃ/,He has to make a lot of after-dinner speeches .,他经常要发表席后演说。
en:speed:verb:1,speed,verb,超速，加速；加速，迅速前行；兴隆,v 超速，加速；加速，迅速前行；兴隆；n 速度，速率；迅速，快速；昌盛，繁荣,/spid/,/spiːd/,I got caught speeding on the A40 yesterday.,昨天我在 A40 号干线公路上超速行驶被逮到。
en:spirit:noun:1,spirit,noun,精神；心灵；情绪；志气；烈酒,n 精神；心灵；情绪；志气；烈酒；v 鼓励；鼓舞；诱拐,/'spɪrɪt/,/'spɪrɪt/,His spirits were so low (= he was so sad ) that he refused to answer his phone.,他情绪非常低落，连电话也不愿接。
en:spoon:noun:1,spoon,noun,匙，勺子；一杓的量,n 匙，勺子；一杓的量；v 用匙舀；使成匙状,/spʊn/,/spuːn/,He spooned instant coffee into two of the mugs.,他用勺把速溶咖啡舀进了两个杯子里。
en:spring:noun:1,spring,noun,春天；弹簧；泉水；活力；跳跃,n 春天；弹簧；泉水；活力；跳跃；adj 春天的；v 生长；涌出；跃出；裂开,/sprɪŋ/,/sprɪŋ/,spring flowers,春花
en:square:adjective:1,square,adjective,平方的；正方形的；直角的；正直的,adj 平方的；正方形的；直角的；正直的；v 使成方形；与…一致；n 平方；广场；正方形；adv 成直角地,/skwɛr/,/skweə/,a large square room,一个正方形的大房间
en:stairs:noun:1,stairs,noun,楼梯；梯级（stair的复数）,n 楼梯；梯级（stair的复数）,/stɛrz/,/stɛəz/,The boy thumped down the stairs.,小男孩咚咚地跑下楼梯。
en:stamp:noun:1,stamp,noun,邮票；印记；标志；跺脚,n 邮票；印记；标志；跺脚；v 铭记；标出；盖章于…；贴邮票于…；用脚踩踏,/stæmp/,/stæmp/,a 29-cent stamp,一枚 29 美分的邮票
en:standard:noun:1,standard,noun,标准；水准；旗；度量衡标准,n 标准；水准；旗；度量衡标准；adj 标准的；合规格的；公认为优秀的,/'stændɚd/,/'stændəd/,Students have to reach a certain standard or they won’t pass.,学生必须达到某一标准，否则无法通过。
en:start:verb:1,start,verb,开始；启动,v 开始；启动；n 开始；起点,/stɑrt/,/stɑːt/,There’s so much to do. I don’t know where to start.,有那么多的事情要做，我都不知道从哪里开始。
en:state:noun:1,state,noun,国家；州；情形,n 国家；州；情形；v 规定；声明；陈述；adj 国家的；州的；正式的,/stet/,/steɪt/,She was in an extremely confused state of mind .,她思绪纷乱。
en:station:noun:1,station,noun,车站；驻地；地位；身份,n 车站；驻地；地位；身份；v 配置；安置；驻扎,/ˈsteɪʃən/,/'steɪʃ(ə)n/,I want to get off at the next station.,我要在下一站下车。
en:stay:verb:1,stay,verb,停留；坚持；暂住；停下,v 停留；坚持；暂住；停下；n 逗留；停止；支柱,/ste/,/steɪ/,They stayed all afternoon chatting.,他们待了整个下午聊天。
en:steam:verb:1,steam,verb,蒸，散发；用蒸汽处理,v 蒸，散发；用蒸汽处理；n 蒸汽；精力；adj 蒸汽的,/stim/,/stiːm/,A pot was steaming on top of the cooker.,锅在炉子上冒着热气。
en:steel:noun:1,steel,noun,钢铁；钢制品；坚固,n 钢铁；钢制品；坚固；v 钢化；使冷酷；adj 钢制的；钢铁业的；坚强的,/stil/,/stiːl/,a steel bridge,钢铁大桥
en:step:noun:1,step,noun,步，脚步；步骤；步伐；梯级,n 步，脚步；步骤；步伐；梯级；v 踏，踩；走,/stɛp/,/step/,a video of baby’s first steps,一盒婴儿学步的录像带
en:still:adverb:1,still,adverb,仍然；更；静止地,adv 仍然；更；静止地；adj 静止的，不动的；寂静的，平静的；不起泡的；n 寂静；剧照；蒸馏室；conj 仍然；但是；尽管如此；v 蒸馏；使…静止；使…平静下来,/stɪl/,/stɪl/,I still haven’t finished painting the spare room.,我还没粉刷完那间空房间。
en:stomach:noun:1,stomach,noun,胃；腹部；胃口,n 胃；腹部；胃口；v 忍受；吃下,/'stʌmək/,/'stʌmək/,I was so hungry my stomach hurt.,我饿得胃都痛了。
en:stone:noun:1,stone,noun,石头；结石；[宝] 宝石,n 石头；结石；[宝] 宝石；adj 石的，石制的；v 向扔石块；用石头铺,/ston/,/stəʊn/,a stone wall,石墙
en:stop:verb:1,stop,verb,停止；堵塞；断绝,v 停止；堵塞；断绝；n 停止；车站；障碍；逗留,/stɑp/,/stɒp/,Stop throwing those stones!,别再扔那些石头了！
en:store:noun:1,store,noun,商店；储备，贮藏；仓库,n 商店；储备，贮藏；仓库；v 贮藏，储存,/stɔr/,/stɔː/,At Christmas the stores stay open late.,在圣诞节期间，商店营业到很晚。
en:storm:noun:1,storm,noun,暴风雨；大动荡,n 暴风雨；大动荡；v 起风暴；横冲直撞；狂怒咆哮,/stɔrm/,/stɔːm/,The weather forecast is for severe storms tonight.,天气预报说今晚有强暴风雨。
en:story:noun:1,story,noun,故事；小说；新闻报道；来历；假话,n 故事；小说；新闻报道；来历；假话；vt 用历史故事画装饰；vi 说谎,/'stɔri/,/'stɔːrɪ/,a book of short stories,短篇小说集
en:strange:adjective:1,strange,adjective,奇怪的；陌生的；外行的,adj 奇怪的；陌生的；外行的；adv 奇怪地；陌生地，冷淡地；n (Strange)人名；(英)斯特兰奇；(瑞典、塞)斯特朗格,/strendʒ/,/streɪn(d)ʒ/,strange noises,奇怪的噪声
en:stranger:noun:1,stranger,noun,陌生人；外地人；局外人,n 陌生人；外地人；局外人,/'strendʒɚ/,/'streɪn(d)ʒə/,Children must not talk to strangers.,小孩子千万不要同陌生人说话。
en:strawberry:noun:1,strawberry,noun,草莓；草莓色,n 草莓；草莓色,/'strɔbɛri/,/'strɔːb(ə)rɪ/,...strawberries and cream.,…奶油草莓。
en:stream:noun:1,stream,noun,溪流；流动；潮流；光线,n 溪流；流动；潮流；光线；v 流；涌进；飘扬,/strim/,/striːm/,A stream of cold air rushed through the open door.,一股冷气穿过敞开的门直冲进来。
en:street:noun:1,street,noun,街道,n 街道；adj 街道的,/strit/,/striːt/,We moved to Center Street when I was young.,在我小时候，我们搬到了中心大街。
en:strict:adjective:1,strict,adjective,严格的；绝对的；精确的；详细的,adj 严格的；绝对的；精确的；详细的,/strɪkt/,/strɪkt/,a strict teacher,严格的老师
en:strong:adjective:1,strong,adjective,坚强的；强壮的；牢固的；擅长的,adj 坚强的；强壮的；牢固的；擅长的；adv 强劲地；猛烈地；n (Strong)人名；(英)斯特朗,/strɔŋ/,/strɒŋ/,He was a big strong man.,他高大健壮。
en:student:noun:1,student,noun,学生；学者,n 学生；学者,/'studnt/,/'stjuːd(ə)nt/,Warren's eldest son is an art student.,沃伦的长子是一名学艺术的学生。
en:study:noun:1,study,noun,学习，研究；课题；书房；学问,n 学习，研究；课题；书房；学问；v 学习；考虑；攻读；细察,/'stʌdi/,/'stʌdɪ/,Recent studies show that women still get paid a lot less than men.,最近的调查表明，女性的薪水仍比男性的要低很多。
en:stupid:adjective:1,stupid,adjective,愚蠢的；麻木的；乏味的,adj 愚蠢的；麻木的；乏味的；n 傻瓜，笨蛋,/'stupɪd/,/'stjuːpɪd/,stupid mistakes,愚蠢的错误
en:subject:noun:1,subject,noun,主题；科目；[语] 主语；国民,n 主题；科目；[语] 主语；国民；adj 服从的；易患…的；受制于…的；v 使…隶属；使屈从于…,/ˈsʌbdʒekt/,/ˈsʌbdʒɪkt/,Paul has strong opinions on most subjects.,保罗在大多数问题上观点激烈。
en:succeed:verb:1,succeed,verb,成功；继承；继任；兴旺,v 成功；继承；继任；兴旺,/sək'sid/,/sək'siːd/,"She wanted to be the first woman to climb Mount Qomolangma, and she almost succeeded.",她本想成为第一位登上珠穆朗玛峰的女性，而且差一点就成功了。
en:success:noun:1,success,noun,成功，成就；胜利；大获成功的人或事物,n 成功，成就；胜利；大获成功的人或事物,/sək'sɛs/,/sək'ses/,The experiment was a big success.,实验非常成功。
en:successful:adjective:1,successful,adjective,成功的；一帆风顺的,adj 成功的；一帆风顺的,/sək'sɛsfl/,/sək'sesfʊl; -f(ə)l/,The operation was successful.,手术成功了。
en:such:adjective:1,such,adjective,这样的，如此的,adj 这样的，如此的；n (Such)人名；(英)萨奇；(德)祖赫,/sʌtʃ/,/sʌtʃ/,How dared they do such a thing?,他们怎么敢做出这样的事?
en:sudden:adjective:1,sudden,adjective,突然的，意外的；快速的,adj 突然的，意外的；快速的；n 突然发生的事,/'sʌdn/,/'sʌd(ə)n/,a sudden change in the weather,天气的突然变化
en:sugar:noun:1,sugar,noun,糖；食糖；甜言蜜语,n 糖；食糖；甜言蜜语；v 加糖于；粉饰,/'ʃʊgɚ/,/'ʃʊgə/,Do you take sugar in your coffee?,你的咖啡加糖吗？
en:suggest:verb:1,suggest,verb,提议，建议；启发；使人想起；显示；暗示,v 提议，建议；启发；使人想起；显示；暗示,/sə'dʒɛst/,/sə'dʒest/,The zoo asked its visitors to suggest a name for the new baby panda.,动物园请游客提建议，给刚出生的大熊猫起一个名字。
en:suggestion:noun:1,suggestion,noun,建议；示意；微量，细微的迹象,n 建议；示意；微量，细微的迹象,/sə'dʒɛstʃən/,/sə'dʒestʃ(ə)n/,Any suggestions would be welcome.,任何建议都欢迎。
en:sun:noun:1,sun,noun,太阳,n 太阳；v 使晒,/sʌn/,/sʌn/,The sky was blue and the sun was shining.,天空蔚蓝，阳光明媚。
en:sunday:noun:1,Sunday,noun,星期日；礼拜日,n 星期日；礼拜日,/ˈsʌnde; ˈsʌndi/,/ˈsʌndeɪ; ˈsʌndi/,What are you doing Sunday?,你星期天做什么？
en:sunny:adjective:1,sunny,adjective,阳光充足的，和煦的；快活的；性情开朗的,adj 阳光充足的，和煦的；快活的；性情开朗的,/'sʌni/,/'sʌnɪ/,a warm sunny day,温暖晴朗的一天
en:supermarket:noun:1,supermarket,noun,超级市场；自助售货商店,n 超级市场；自助售货商店,/'sʊpɚ'mɑrkɪt/,/'suːpəmɑːkɪt; 'sjuː-/,Most of us do our food shopping in the supermarket.,我们大多数人在这家超市采购食品。
en:supper:noun:1,supper,noun,晚餐，晚饭；夜宵,n 晚餐，晚饭；夜宵,/'sʌpɚ/,/'sʌpə/,Why don’t you come over for supper on Friday?,周五为什么不过来吃晚饭呢？
en:supply:noun:1,supply,noun,供给，补给；供应品,n 供给，补给；供应品；v 供给，提供；补充,/sə'plaɪ/,/sə'plaɪ/,The nation’s fuel supplies will not last forever.,这个国家的燃料供应不会无穷无尽。
en:suppose:verb:1,suppose,verb,假设；认为；让（虚拟语气）；推想,v 假设；认为；让（虚拟语气）；推想；conj 假使…结果会怎样,/sə'poz/,/sə'pəʊz/,There were many more deaths than was first supposed.,死亡人数远远超过最初的预料。
en:sure:adjective:1,sure,adjective,确信的；可靠的；必定的,adj 确信的；可靠的；必定的；adv 当然；的确；n (Sure)人名；(英)休尔,/ʃʊər; ʃʊr/,/ʃɔ:(r)/,‘That’s Sarah’s cousin.’ ‘Are you sure?’,“那是萨拉的表妹。”“你肯定吗？”
en:surface:noun:1,surface,noun,表面；表层；外观,n 表面；表层；外观；adj 表面的，肤浅的；v 浮出水面,/'sɝfɪs/,/'sɜːfɪs/,Nearly 10% of the Earth’s surface is covered by ice.,地球表面将近 10% 被冰层覆盖。
en:surprise:noun:1,surprise,noun,惊奇，诧异；突然袭击,n 惊奇，诧异；突然袭击；v 使惊奇；奇袭；adj 令人惊讶的,/sɚ'praɪz/,/sə'praɪz/,The man had a look of surprise on his face.,那人脸上一副惊讶的表情。
en:sweater:noun:1,sweater,noun,毛线衣，运动衫；大量出汗的人，发汗剂,n 毛线衣，运动衫；大量出汗的人，发汗剂,/'swɛtɚ/,/'swetə/,Somebody pinched my sweater.,有人偷了我的运动衫。
en:sweet:adjective:1,sweet,adjective,甜的；悦耳的；芳香的；亲切的,adj 甜的；悦耳的；芳香的；亲切的；n 糖果；乐趣；芳香；宝贝,/swit/,/swiːt/,This tea is too sweet.,这茶太甜了。
en:swimming:noun:1,swimming,noun,游泳；目眩,n 游泳；目眩；adj 游泳的；游泳用的；善于游泳的；晕眩的；v 游泳；漂浮；旋转（swim的ing形式）,/'swɪmɪŋ/,/'swɪmɪŋ/,Swimming is great exercise.,游泳是很好的锻炼。
en:swing:noun:1,swing,noun,摇摆；摆动；秋千；音律；涨落,n 摇摆；摆动；秋千；音律；涨落；v 摇摆；转向；悬挂；大摇大摆地行走；adj 旋转的；悬挂的；强节奏爵士音乐的,/swɪŋ/,/swɪŋ/,kids playing on the swings,荡秋千的孩子们
en:symbol:noun:1,symbol,noun,象征；符号；标志,n 象征；符号；标志,/'sɪmbl/,/'sɪmb(ə)l/,The symbol on the packet is a guarantee that the food has been produced organically.,包装盒上的这个标识保证这种食物是有机生产的。
en:table:noun:1,table,noun,桌子；表格；平地层,n 桌子；表格；平地层；v 制表；搁置；嵌合；adj 桌子的,/'tebl/,/'teɪb(ə)l/,The food was served on long tables.,食物放在长餐桌上供应。
en:tail:noun:1,tail,noun,尾巴；踪迹；辫子；燕尾服,n 尾巴；踪迹；辫子；燕尾服；v 尾随；装上尾巴；adj 从后面而来的；尾部的,/tel/,/teɪl/,The dog wagged its tail .,那条狗摇了摇尾巴。
en:tale:noun:1,tale,noun,故事；传说；叙述；流言蜚语,n 故事；传说；叙述；流言蜚语,/tel/,/teɪl/,a book of old Japanese folk tales,日本古老民间故事书
en:talk:verb:1,talk,verb,说；谈话；讨论,v 说；谈话；讨论；n 谈话；演讲；空谈,/tɔk/,/tɔːk/,I could hear Sarah and Andy talking in the next room.,我听到萨拉和安迪在隔壁讲话。
en:tall:adjective:1,tall,adjective,高的；长的；过分的；夸大的,adj 高的；长的；过分的；夸大的；adv 夸大地；n (Tall)人名；(马里、阿拉伯)塔勒；(芬、罗、瑞典)塔尔；(英)托尔；(土)塔勒,/tɔl/,/tɔːl/,He was young and tall.,他年轻，身材高大。
en:tape:noun:1,tape,noun,胶带；磁带；带子；卷尺,n 胶带；磁带；带子；卷尺；v 录音；用带子捆扎；用胶布把…封住,/tep/,/teɪp/,a photo stuck to the wall with tape,用胶布贴在墙上的照片
en:task:verb:1,task,verb,分派任务,v 分派任务；n 工作，作业；任务,/tæsk/,/tɑːsk/,Jen was tasked with running a charity basketball tournament.,珍被委以举办一场慈善篮球赛的任务。
en:taste:noun:1,taste,noun,味道；品味；审美,n 味道；品味；审美；v 尝；体验,/test/,/teɪst/,The medicine had a slightly bitter taste.,这药略带苦味。
en:taxi:verb:1,taxi,verb,乘出租车；滑行,v 乘出租车；滑行；n 出租汽车,/'tæksi/,/'tæksɪ/,The plane taxied to a halt.,飞机滑行一段距离后停下来。
en:tea:noun:1,tea,noun,茶叶；茶树；茶点,n 茶叶；茶树；茶点；vt 给…沏茶；vi 喝茶；进茶点,/ti/,/tiː/,Would you like a cup of tea or coffee?,你想来一杯茶还是咖啡？
en:teacher:noun:1,teacher,noun,教师；导师,n 教师；导师,/'titʃɚ/,/'tiːtʃə/,a primary school teacher,小学教师
en:team:noun:1,team,noun,队；组,n 队；组；v 使合作,/tim/,/tiːm/,Which team do you support?,你支持哪个队？
en:technology:noun:1,technology,noun,技术；工艺；术语,n 技术；工艺；术语,/tɛk'nɑlədʒi/,/tek'nɒlədʒɪ/,Modern technology makes moving money around much easier than it used to be.,现代科技使货币流动比以前便捷得多。
en:telephone:noun:1,telephone,noun,（美）电话；电话机；电话耳机,n （美）电话；电话机；电话耳机；v 打电话,/'tɛlə'fon/,/'telɪfəʊn/,The telephone rang just as I was leaving.,我正要走，电话铃响了。
en:television:noun:1,television,noun,电视，电视机；电视业,n 电视，电视机；电视业,/'tɛlɪvɪʒn/,/'telɪvɪʒ(ə)n; telɪ'vɪʒ(ə)n/,Lucy turned on the television to watch the evening news.,露西打开电视收看晚间新闻。
en:temperature:noun:1,temperature,noun,温度；体温；气温；发烧,n 温度；体温；气温；发烧,/'tɛmprətʃɚ/,/temprətʃə(r)/,The temperature of the water was just right for swimming.,这水温游泳正好。
en:ten:numeral:1,ten,numeral,十个，十,num 十个，十；n (Ten)人名；(英)坦恩；(意)泰恩；(柬)登,/tɛn/,/ten/,Snow had been falling steadily for ten days.,雪已经连续下了10天了。
en:tenth:numeral:1,tenth,numeral,第十；十分之一,num 第十；十分之一；adj 十分之一的；第十个的,/tɛnθ/,/tenθ/,in the tenth century,在10世纪
en:tent:noun:1,tent,noun,帐篷；住处；帷幕,n 帐篷；住处；帷幕；v 用帐篷遮盖；使在帐篷里住宿,/tɛnt/,/tent/,We looked for a flat spot where we could pitch our tent (= put up our tent ) .,我们寻找一个平缓的地方搭帐篷。
en:term:noun:1,term,noun,术语；学期；期限；条款；(代数式等的)项,n 术语；学期；期限；条款；(代数式等的)项；v 把…叫做,/tɝm/,/tɜːm/,Teachers often feel overworked in term time (= during the term ) .,教师在学期内经常觉得工作担子过重。
en:terrible:adjective:1,terrible,adjective,可怕的；很糟的；令人讨厌的,adj 可怕的；很糟的；令人讨厌的；adv 很，非常,/'tɛrəbl/,/'terɪb(ə)l/,The hotel was absolutely terrible.,这家宾馆糟糕透了。
en:test:noun:1,test,noun,试验；检验,n 试验；检验；v 试验；测试,/tɛst/,/test/,Did you get a good mark in the test?,你这次测验成绩好吗？
en:text:noun:1,text,noun,[计] 文本；课文；主题,n [计] 文本；课文；主题；v 发短信,/tɛkst/,/tekst/,a chemistry text,化学课本
en:than:conjunction:1,than,conjunction,比（用于形容词、副词的比较级之后）；除…外（用于other等之后）；与其…（用于 rather等之后）；一…就（用于 no sooner等之后）,conj 比（用于形容词、副词的比较级之后）；除…外（用于other等之后）；与其…（用于 rather等之后）；一…就（用于 no sooner等之后）；prep 比；超过；n (Than)人名；(老、柬、德)坦；(缅)丹,/ðæn/,/ðæn; ð(ə)n/,Natalie was prettier than her sister.,纳塔莉比她姐姐漂亮。
en:thank:verb:1,thank,verb,感谢,v 感谢；n 感谢；int 谢谢,/θæŋk/,/θæŋk/,I haven’t had a chance to thank him yet.,我还没有机会向他表示谢意。
en:that:pronoun:1,that,pronoun,那；那个,pron 那；那个；adv 那么；那样；conj 因为；以至于；adj 那；那个；n (That)人名；(德)塔特,/ðæt/,/ðæt; ðət/,He deliberated with them over that question.,他和他们商量了那个问题。
en:the:article:1,the,article,这；那,art 这；那；adv 更加（用于比较级，最高级前）,/ðə/,/ðə/,He described the scene to me.,他向我描述了那个情景。
en:their:pronoun:1,their,pronoun,他们的，她们的；它们的,pron 他们的，她们的；它们的；n (Their)人名；(英)蒂尔；(芬、瑞典)泰尔,/ðɛr/,/ðeə/,They talked her round to their position.,他们说服她同意他们的看法。
en:theirs:pronoun:1,theirs,pronoun,他们的；她们的；它们的,pron 他们的；她们的；它们的,/ðɛrz/,/ðeəz/,"When our washing machine broke, our neighbours let us use theirs.",我们的洗衣机坏了的时候，邻居就让我们用他们的。
en:them:pronoun:1,them,pronoun,他们；它们；她们,pron 他们；它们；她们；n (Them)人名；(老)探,/ðɛm; ðəm/,/ðem; ðəm/,Has anyone seen my keys? I can’t find them anywhere.,有人见到我的钥匙吗？我哪儿都找不到。
en:themselves:pronoun:1,themselves,pronoun,他们自己；他们亲自,pron 他们自己；他们亲自,/ðɛm'sɛlvz/,/ð(ə)m'selvz/,Teachers have no choice but to take measures to protect themselves.,教师们别无选择，只能采取措施来保护自己。
en:then:adverb:1,then,adverb,然后；那么；于是；当时；此外,adv 然后；那么；于是；当时；此外；n 那时；conj 然后，当时,/ðɛn/,/ðen/,I wish I had known then what I know now.,我真希望那时我就知道现在所知道的一切。
en:there:adverb:1,there,adverb,在那里；在那边；在那点上,adv 在那里；在那边；在那点上；int 你瞧；n 那个地方,/ðɛr/,/ðeə; ðə/,We could go back to my cottage and have lunch there.,我们可以回到我的小屋去吃午饭。
en:these:pronoun:1,these,pronoun,这些,pron 这些；adj 这些的,/ðiz; ðɪs/,/ðiːz/,We all defer to her in these matters.,在这些事情上我们都听她的。
en:they:pronoun:1,they,pronoun,他们；它们；她们,pron 他们；它们；她们,/ðe/,/ðeɪ/,Bob and Sue said they wouldn’t be able to come.,鲍勃和休说他们来不了。
en:thick:noun:1,thick,noun,最拥挤部分；活动最多部分；事物的粗大浓密部分,n 最拥挤部分；活动最多部分；事物的粗大浓密部分；adj 厚的；浓的；粗大的；adv 密集地；浓浓地，厚厚地,/θɪk/,/θɪk/,Brown hopes to be back in the thick of the action as soon as possible.,布朗希望尽快回去，参与到最紧要的行动中。
en:thin:adjective:1,thin,adjective,薄的；瘦的；稀薄的；微弱的,adj 薄的；瘦的；稀薄的；微弱的；v 使瘦；使淡；使稀疏；adv 稀疏地；微弱地；n 细小部分,/θɪn/,/θɪn/,a thin gold chain,一条细细的金链
en:thing:noun:1,thing,noun,事情；东西；事物；情况,n 事情；东西；事物；情况,/θɪŋ/,/θɪŋ/,People say things they don’t mean when they are angry.,人生气时就会口不择言。
en:third:numeral:1,third,numeral,第三；三分之一,num 第三；三分之一；adj 第三的；三分之一的,/θɝd/,/θɜːd/,Divide it into thirds.,把它分成三等份。
en:thirsty:adjective:1,thirsty,adjective,口渴的，口干的；渴望的，热望的,adj 口渴的，口干的；渴望的，热望的,/'θɝsti/,/'θɜːstɪ/,Can I have a glass of water? I’m really thirsty.,我能喝一杯水吗？ 我太渴了。
en:thirteen:noun:1,thirteen,noun,十三；十三岁；十三个,n 十三；十三岁；十三个；num 十三；adj 十三的；十三个的,/'θɝ'tin/,/θɜː'tiːn; 'θɜːtiːn/,They’ve only sold thirteen tickets so far.,到目前为止他们仅仅售出13张票。
en:thirty:noun:1,thirty,noun,三十年代,n 三十年代；num 三十；adj 三十个的,/'θɝti/,/'θɜːtɪ/,"In the thirties, air travel really began to take off.",在30年代，乘飞机旅行迅速流行了起来。
en:this:pronoun:1,this,pronoun,这；这个；这里,pron 这；这个；这里；adj 这；本；这个；今；adv 这样地；这么；n (This)人名；(法)蒂斯,/ðɪs/,/ðɪs/,The table’s about this high and this wide.,那桌子大约有这么高，这么宽。
en:those:adjective:1,those,adjective,那些的,adj 那些的；pron 那些（that的复数）,/ðoz/,/ðəʊz/,He dotted down those notes.,他匆匆记下了那些注解。
en:though:adverb:1,though,adverb,可是，虽然；不过；然而,adv 可是，虽然；不过；然而；conj 虽然；尽管；prep 但,/ðo/,/ðəʊ/,"Two heart attacks in a year. It hasn’t stopped him smoking, though.",一年里心脏病发作了两次，可是那也没让他把烟戒掉。
en:thought:noun:1,thought,noun,思想；思考；想法；关心,n 思想；思考；想法；关心；v 想，思考；认为（think的过去式和过去分词）,/θɔt/,/θɔːt/,It’s an interesting thought.,这想法很有趣。
en:thousand:noun:1,thousand,noun,一千；一千个；许许多多,n 一千；一千个；许许多多；adj 成千的；无数的,/'θaʊznd/,/'θaʊz(ə)nd/,a journey of almost a thousand miles,"将近1,000英里的旅程"
en:thread:noun:1,thread,noun,线；螺纹；思路；衣服；线状物；玻璃纤维；路线,n 线；螺纹；思路；衣服；线状物；玻璃纤维；路线；v 穿过；穿线于；使交织,/θrɛd/,/θred/,I’m looking for a needle and thread.,我在找针线。
en:three:noun:1,three,noun,三，三个,n 三，三个；num 三；adj 三的，三个的,/θri/,/θriː/,They’ve won their last three games.,他们赢了最近三场比赛。
en:through:preposition:1,through,preposition,通过；穿过；凭借,prep 通过；穿过；凭借；adv 彻底；从头至尾；adj 直达的；过境的；完结的,/θru/,/θruː/,She smiled at him as he walked through the door.,他从门口进来时，她朝他笑了。
en:thursday:noun:1,Thursday,noun,星期四,n 星期四,/ˈθɝzde; ˈθɝzdɪ/,/'θɜːzdeɪ; -dɪ/,She was working Thursday.,她星期四在工作。
en:ticket:noun:1,ticket,noun,票；入场券，标签；（美）候选人名单；证明书；交通罚款单,n 票；入场券，标签；（美）候选人名单；证明书；交通罚款单；v 加标签于；指派；对…开出交通违规罚单,/'tɪkɪt/,/'tɪkɪt/,How much does it say on the price ticket ?,价签上标明的价格是多少？
en:tidy:adjective:1,tidy,adjective,整齐的；相当大的,adj 整齐的；相当大的；v 整理；收拾；弄整齐；n 椅子的背罩,/'taɪdi/,/'taɪdɪ/,a tidy desk,整洁的书桌
en:tie:verb:1,tie,verb,系；约束；打结；与…成平局,v 系；约束；打结；与…成平局；n 领带；平局；鞋带；领结；不分胜负,/taɪ/,/taɪ/,He tied the ends of the plastic bag together.,他把塑料袋的两头系在一起。
en:tiger:noun:1,tiger,noun,老虎；凶暴的人,n 老虎；凶暴的人,/'taɪɡɚ/,/'taɪgə/,The trainer backed away from the enraged tiger.,驯兽师从被激怒的老虎身旁往后退。
en:till:noun:1,till,noun,[地理][水文] 冰碛；放钱的抽屉；备用现金,n [地理][水文] 冰碛；放钱的抽屉；备用现金；prep 直到；conj 直到为止；v 耕种；犁,/tɪl/,/tɪl/,You keep as much money as you need in the till to run your operations.,你做业务要储备足够的钱。
en:time:noun:1,time,noun,时间；时代；次数；节拍；倍数,n 时间；时代；次数；节拍；倍数；v 计时；测定…的时间；安排…的速度；adj 定时的；定期的；分期的,/taɪm/,/taɪm/,Einstein changed the way we think about space and time.,爱因斯坦改变了我们的时空概念。
en:tiny:adjective:1,tiny,adjective,微小的；很少的,adj 微小的；很少的；n (Tiny)人名；(葡、印)蒂尼,/'taɪni/,/'taɪnɪ/,a tiny community in the Midwest,中西部地区一个极小的社区
en:tired:adjective:1,tired,adjective,疲倦的；厌倦的，厌烦的,adj 疲倦的；厌倦的，厌烦的；v 疲倦；对…腻烦（tire的过去分词形式）,/'taɪɚd/,/taɪəd/,He looks tired out (= very tired ) .,他看起来累坏了。
en:to:adverb:1,to,adverb,向前；（门等）关上,adv 向前；（门等）关上；prep 到；向；（表示时间、方向）朝…方向；n (To)人名；(柬)多；(中)脱(普通话·威妥玛),/tə;tu;tuː/,/tə;tu;tuː/,The wind blew the door to.,风把门吹上了。
en:today:adverb:1,today,adverb,今天；现今,adv 今天；现今；n 今天；现今,/tə'de/,/tə'deɪ/,I couldn’t go shopping yesterday so I’ll have to go today.,我昨天没能去买东西，所以今天我必须去。
en:together:adverb:1,together,adverb,一起；同时；相互；连续地；总共,adv 一起；同时；相互；连续地；总共；adj 新潮的；情绪稳定的，做事有效率的,/tə'ɡɛðɚ/,/tə'geðə/,We’ve very much enjoyed working together .,我们在一起工作非常开心。
en:toilet:noun:1,toilet,noun,厕所，盥洗室；梳妆，打扮,n 厕所，盥洗室；梳妆，打扮；vi 梳妆，打扮；vt 给…梳妆打扮,/'tɔɪlət/,/ˈtɔɪlɪt/,public toilets,公共厕所
en:tomato:noun:1,tomato,noun,番茄，西红柿,n 番茄，西红柿,/tə'meto/,/tə'mɑːtəʊ/,He staked his tomato vines with bamboo.,他用竹竿支撑起西红柿秧。
en:tomorrow:noun:1,tomorrow,noun,明天；未来,n 明天；未来；adv 明天；未来地（等于to-morrow）,/tə'mɔro/,/tə'mɒrəʊ/,I’ll see you at tomorrow’s meeting.,明天会上见。
en:ton:noun:1,ton,noun,吨；很多，大量,n 吨；很多，大量,/tʌn/,/tʌn/,I’ve got tons of work to do.,我有很多工作要做。
en:tongue:noun:1,tongue,noun,舌头；语言,n 舌头；语言；v 舔；斥责；用舌吹,/tʌŋ/,/tʌŋ/,Joe ran his tongue over his dry lips.,乔舔了舔干燥的嘴唇。
en:tonight:adverb:1,tonight,adverb,在今晚,adv 在今晚；n 今晚,/tə'naɪt/,/tə'naɪt/,I think I’ll go to bed early tonight.,我想今晚我会早点上床睡觉。
en:too:adverb:1,too,adverb,太；也；很；还；非常；过度,adv 太；也；很；还；非常；过度,/tu/,/tuː/,Do you think the music’s too loud?,你觉得音乐太响了吗？
en:tool:noun:1,tool,noun,工具，用具；器械，机床；手段,n 工具，用具；器械，机床；手段；v 使用工具；用机床装备工厂,/tul/,/tuːl/,I don’t have the right tools to start fiddling around with the engine.,我没有合适的工具来摆弄发动机。
en:toothache:noun:1,toothache,noun,[口腔] 牙痛,n [口腔] 牙痛,/'tuθek/,/'tuːθeɪk/,I’ve got toothache .,我牙痛。
en:toothbrush:noun:1,toothbrush,noun,牙刷,n 牙刷,/'tuθbrʌʃ/,/'tuːθbrʌʃ/,How do you choose your toothbrush?,你是如何选择你的牙刷的？
en:toothpaste:noun:1,toothpaste,noun,牙膏,n 牙膏,/'tuθpest/,/'tuːθpeɪst/,"Shaving supplies, toothpaste, and soap were found inside.",在里面找到了剃须用品、牙膏和肥皂。
en:top:noun:1,top,noun,顶部，顶端；上部；首席；陀螺,n 顶部，顶端；上部；首席；陀螺；v 高出，超越；结束；达到顶点；adj 最高的，顶上的；头等的,/tɑp/,/tɒp/,a low wooden table with a glass top,玻璃桌面的矮木桌
en:total:adjective:1,total,adjective,全部的；完全的；整个的,adj 全部的；完全的；整个的；v 总数达；n 总数，合计,/'totl/,/'təʊt(ə)l/,a total ban on cigarette advertising,香烟广告的全面禁止
en:touch:verb:1,touch,verb,接触；触动；使轻度受害,v 接触；触动；使轻度受害；n 接触；触觉；格调；少许,/tʌtʃ/,/tʌtʃ/,"As our glasses touched, he said ‘Cheers!’",我们的酒杯相碰时，他说了声:“干杯！”
en:tourist:noun:1,tourist,noun,旅行者，观光客,n 旅行者，观光客；adj 旅游的；vt 在旅行参观；vi 旅游；观光；adv 坐旅游车厢；坐经济舱,/'tʊrɪst/,/'tʊərɪst/,Cambridge is always full of tourists in the summer.,剑桥在夏季总是挤满了游客。
en:towel:noun:1,towel,noun,毛巾，手巾；[纸] 纸巾,n 毛巾，手巾；[纸] 纸巾；v 用毛巾擦,/'taʊəl/,/'taʊəl/,Have you got a clean towel I could use?,你有没有干净毛巾给我用？
en:tower:noun:1,tower,noun,塔；高楼；堡垒,n 塔；高楼；堡垒；v 高耸；超越,/'taʊɚ/,/'taʊə/,the Eiffel Tower,埃菲尔铁塔
en:town:noun:1,town,noun,城镇，市镇；市内商业区,n 城镇，市镇；市内商业区,/taʊn/,/taʊn/,an industrial town in the Midlands,英格兰中部的一座工业城镇
en:toy:noun:1,toy,noun,玩具；小装饰品；不值钱的东西,n 玩具；小装饰品；不值钱的东西；v 玩弄；调情；随随便便地对待；adj 作为玩具的；玩物似的,/tɔɪ/,/tɒɪ/,some toys for the baby,宝宝玩的一些玩具
en:trade:noun:1,trade,noun,贸易，交易；行业；职业,n 贸易，交易；行业；职业；v 交易，买卖；以物易物,/tred/,/treɪd/,international trade agreements,国际贸易协定
en:traditional:adjective:1,traditional,adjective,传统的；惯例的,adj 传统的；惯例的,/trə'dɪʃənl/,/trə'dɪʃ(ə)n(ə)l/,traditional Italian cooking,传统的意大利烹饪
en:traffic:noun:1,traffic,noun,交通；运输；贸易；[通信] 通信量,n 交通；运输；贸易；[通信] 通信量；v 用…作交换；在…通行,/'træfɪk/,/'træfɪk/,There wasn’t much traffic on the roads.,路上车辆不多。
en:train:noun:1,train,noun,火车；行列；长队；裙裾,n 火车；行列；长队；裙裾；v 培养；训练；瞄准,/tren/,/treɪn/,We went all the way to Inverness by train.,我们一路坐火车到因弗内斯。
en:training:noun:1,training,noun,训练；培养；瞄准；整枝,n 训练；培养；瞄准；整枝；v 训练；教养（train的ing形式）,/'trenɪŋ/,/'treɪnɪŋ/,Police drivers have to undergo intensive training .,警察驾驶员都得接受强化训练。
en:translate:verb:1,translate,verb,翻译；转化；解释；转变为；调动,v 翻译；转化；解释；转变为；调动,/træns'let/,/træns'leɪt; trɑːns-; -nz-/,Poetry doesn’t usually translate well.,诗歌通常都译不好。
en:treasure:noun:1,treasure,noun,财富，财产；财宝；珍品,n 财富，财产；财宝；珍品；v 珍爱；珍藏,/'trɛʒɚ/,/'treʒə/,The Book of Kells is Trinity College’s greatest treasure.,《凯尔经》是三一学院的镇院之宝。
en:treatment:noun:1,treatment,noun,治疗，疗法；处理；对待,n 治疗，疗法；处理；对待,/'tritmənt/,/'triːtm(ə)nt/,"Just lately, Kyra has been giving me the silent treatment (= refusing to speak to me because she is angry with me ) .",就在最近，凯拉一直对我不理不睬。
en:tree:noun:1,tree,noun,树；木料；树状物,n 树；木料；树状物；v 把赶上树,/tri/,/triː/,"As a kid, I loved to climb trees.",小时候，我喜欢爬树。
en:trip:verb:1,trip,verb,绊倒；远足；犯错误；轻快地走,v 绊倒；远足；犯错误；轻快地走；n 旅行；绊倒；差错,/trɪp/,/trɪp/,He tripped and fell .,他绊了一下，摔倒了。
en:trouble:noun:1,trouble,noun,麻烦；烦恼；故障；动乱,n 麻烦；烦恼；故障；动乱；v 麻烦；使烦恼；折磨,/'trʌbl/,/'trʌb(ə)l/,Recent stock market losses point to trouble ahead.,最近股市的下跌预示着未来将有麻烦。
en:trousers:noun:1,trousers,noun,裤子，长裤,n 裤子，长裤,/'traʊzɚz/,/'traʊzəz/,His trousers were slightly too short.,他的裤子有点短。
en:truck:noun:1,truck,noun,卡车；交易；手推车,n 卡车；交易；手推车；v 驾驶卡车；以物易物；adj （美）运货汽车的,/trʌk/,/trʌk/,a truck driver,卡车司机
en:true:adjective:1,true,adjective,真实的；正确的,adj 真实的；正确的；adv 真实地；准确地；n 真实；准确；v 装准,/tru/,/truː/,"No, honestly, it’s a true story .",不，真的，这是一个真实的故事。
en:trust:noun:1,trust,noun,信任，信赖；责任；托拉斯,n 信任，信赖；责任；托拉斯；v 信任，信赖；盼望；赊卖给,/trʌst/,/trʌst/,At first there was a lack of trust between them.,起初，他们之间缺乏信任。
en:truth:noun:1,truth,noun,真理；事实；诚实；实质,n 真理；事实；诚实；实质,/trʊθ/,/truːθ/,How do we know you’re telling us the truth?,我们怎么知道你告诉我们的是真话？
en:try:verb:1,try,verb,试图，努力；试验；审判；考验,v 试图，努力；试验；审判；考验；n 尝试；努力；试验,/traɪ/,/traɪ/,Let’s have a rest and then we’ll try again.,我们休息一下，然后再试。
en:tuesday:noun:1,Tuesday,noun,星期二,n 星期二,"/ˈtuzdi, -ˌde, ˈtjuz-/",/'tjuːzdeɪ; -dɪ/,I’ll see you Tuesday.,星期二见。
en:turn:verb:1,turn,verb,转动，使旋转；转弯；翻过来；兑换,v 转动，使旋转；转弯；翻过来；兑换；n 转弯；变化；(损害或有益于别人的)行为，举动，举止,/tɝn/,/tɜːn/,Ricky turned and walked away.,里基转身走了。
en:twelfth:adjective:1,twelfth,adjective,第十二的，第十二个的；十二分之一的,adj 第十二的，第十二个的；十二分之一的；n 第十二；月的第十二日,/twɛlfθ/,/twelfθ/,He poled his twelfth home run in the sixth inning.,在第六回合他打出了他的第十二次本垒打。
en:twelve:noun:1,twelve,noun,十二；十二个,n 十二；十二个；num 十二；十二个；adj 十二的；十二个的,/twɛlv/,/twelv/,He received a twelve-month jail sentence.,他获刑12个月。
en:twentieth:noun:1,twentieth,noun,二十分之一,n 二十分之一；adj 第二十的；二十分之一的；num 第二十,/ˈtwentiəθ/,/ˈtwentiəθ/,One twentieth of the total output was exported.,产量中有二十分之一出口。
en:twenty:noun:1,twenty,noun,二十；二十年代,n 二十；二十年代；num 二十；adj 二十的,/'twɛnti/,/'twentɪ/,a small village twenty miles from Nairobi,距内罗毕20英里的一个小村庄
en:twice:adverb:1,twice,adverb,两次；两倍,adv 两次；两倍,/twaɪs/,/twaɪs/,He was questioned by police twice yesterday.,他昨天被警察审问了两次。
en:two:noun:1,two,noun,两个,n 两个；adj 两个的；num 二,/tu/,/tuː/,"I’d like you to line up in twos, please.",请你们两个一组排好队。
en:ugly:adjective:1,ugly,adjective,丑陋的；邪恶的；令人厌恶的,adj 丑陋的；邪恶的；令人厌恶的,/'ʌɡli/,/'ʌglɪ/,a very ugly man,非常丑陋的男子
en:umbrella:noun:1,umbrella,noun,雨伞；保护伞；庇护；伞形结构,n 雨伞；保护伞；庇护；伞形结构,/ʌm'brɛlə/,/ʌm'brelə/,"It started to rain, so Tricia stopped to put up her umbrella.",开始下雨了，所以特里西娅停下来撑起雨伞。
en:uncle:noun:1,uncle,noun,叔叔；伯父；伯伯；舅父；姨丈；姑父,n 叔叔；伯父；伯伯；舅父；姨丈；姑父,/'ʌŋkl/,/'ʌŋk(ə)l/,I went to stay with my uncle and aunt for a few days.,我去和叔叔婶婶住了几天。
en:under:preposition:1,under,preposition,低于，少于；在之下,prep 低于，少于；在之下；adv 在下面；在下方；adj 下面的；从属的,/'ʌndɚ/,/'ʌndə/,These toys are not suitable for children under five.,这些玩具不适合五岁以下的儿童玩。
en:underground:adverb:1,underground,adverb,在地下；秘密地,adv 在地下；秘密地；adj 地下的；秘密的；先锋派的；n 地下；地铁；地道；地下组织；秘密活动；先锋派团体,/ʌndɚˈɡraʊnd/,/ʌndə'graʊnd/,This animal spends most of its life underground.,这种动物一生中的大部分时间都待在地下。
en:unit:noun:1,unit,noun,单位，单元；装置；[军] 部队；部件,n 单位，单元；装置；[军] 部队；部件,/'junɪt/,/'juːnɪt/,The man is in the hospital’s intensive care unit.,那名男子在医院的重症监护室。
en:university:noun:1,university,noun,大学；综合性大学；大学校舍,n 大学；综合性大学；大学校舍,"/,junɪ'vɝsəti/",/juːnɪ'vɜːsɪtɪ/,normal university,师范大学
en:unless:conjunction:1,unless,conjunction,除非，如果不,conj 除非，如果不；prep 除…之外,/ən'lɛs/,/ʌn'les/,"Unless some extra money is found, the theatre will close.",要是不能找到更多资金，剧院将要关闭。
en:until:conjunction:1,until,conjunction,在…以前；直到…时,conj 在…以前；直到…时；prep 在…以前；到…为止,/ən'tɪl/,/ən'tɪl/,The ticket is valid until March.,这张票的有效期一直到 3 月份。
en:up:adverb:1,up,adverb,起来；上涨；向上,adv 起来；上涨；向上；prep 在…之上；向…的较高处；adj 涨的；起床的；向上的；n 上升；繁荣,/ʌp/,/ʌp/,We walked slowly up the hill.,我们慢慢地爬上山。
en:upstairs:adverb:1,upstairs,adverb,在楼上，向楼上；上楼；往楼上,adv 在楼上，向楼上；上楼；往楼上；adj 楼上的；n 楼上,"/,ʌp'stɛrz/",/ʌp'steəz/,I went upstairs and had a shower.,我上楼冲了个澡。
en:us:pronoun:1,us,pronoun,我们,pron 我们,/juːɛs/,/juːɛs/,Please help us.,请帮助我们。
en:use:noun:1,use,noun,使用；用途；发挥,n 使用；用途；发挥；v 利用；耗费,/juz/,/juːz/,an exit for use in emergencies,紧急出口
en:used:adjective:1,used,adjective,习惯的；二手的，使用过的,adj 习惯的；二手的，使用过的；v 用（use的过去式）；（used to）过去常做,/juzd/,/juːzd/,"I do the dishes every day, so I’m used to it.",我每天洗盘子，所以习惯了。
en:useful:adjective:1,useful,adjective,有用的，有益的；有帮助的,adj 有用的，有益的；有帮助的,/'jusfl/,/'juːsfʊl; -f(ə)l/,useful information,有用的信息
en:useless:adjective:1,useless,adjective,无用的；无效的,adj 无用的；无效的,/'jusləs/,/ˈju:sləs/,The editor killed a few useless lines.,编辑删掉了几行无用的文字。
en:usual:adjective:1,usual,adjective,通常的，惯例的；平常的,adj 通常的，惯例的；平常的,/'juʒuəl/,/'juːʒʊəl/,Make a cheese sauce in the usual way.,按通常的做法做奶酪酱。
en:vacation:noun:1,vacation,noun,假期；（房屋）搬出,n 假期；（房屋）搬出；v 休假，度假,/vəˈkeɪʃn; veɪ-/,/vəˈkeɪʃn; veɪ-/,We’re planning a vacation in Europe.,我们正计划去欧洲度假。
en:value:noun:1,value,noun,值；价值；价格；重要性；确切涵义,n 值；价值；价格；重要性；确切涵义；v 评价；重视；估价,/'vælju/,/'væljuː/,the nutritional value of cereal,谷类食物的营养价值
en:vcd:adjective:1,VCD,adjective,视频高密光盘（Video Compact Disc）；可变电容二极管（Variable Capacitance Diode）,abbr 视频高密光盘（Video Compact Disc）；可变电容二极管（Variable Capacitance Diode）,,,,
en:vegetable:noun:1,vegetable,noun,蔬菜；植物；植物人,n 蔬菜；植物；植物人；adj 蔬菜的；植物的,/ˈvɛdʒtəbəl; ˈvɛdʒətəbəl/,/'vedʒtəb(ə)l; 'vedʒɪtə-/,fresh fruit and vegetables,新鲜果蔬
en:vehicle:noun:1,vehicle,noun,[车辆] 车辆；工具；交通工具；运载工具；传播媒介；媒介物,n [车辆] 车辆；工具；交通工具；运载工具；传播媒介；媒介物,/'viːɪkl/,/ˈviːɪk(ə)l/,a description of the stolen vehicle,对被盗车辆的描述
en:very:adjective:1,very,adjective,恰好是，正是；甚至；十足的；特有的,adj 恰好是，正是；甚至；十足的；特有的；adv 非常，很；完全；n (Very)人名；(英)维里,/'vɛri/,/'verɪ/,He died in this very room.,他就是在这个房间里去世的。
en:victory:noun:1,victory,noun,胜利；成功；克服,n 胜利；成功；克服,/'vɪktəri/,/'vɪkt(ə)rɪ/,Union leaders are heading for victory in their battle over workplace rights.,工会领袖们在争取工作场所权利的斗争中正迈向胜利。
en:video:noun:1,video,noun,[电子] 视频；录像，录像机；电视,n [电子] 视频；录像，录像机；电视；adj 视频的；录像的；电视的；v 录制,/'vɪdɪo/,/'vɪdɪəʊ/,Let’s stay at home and watch a video.,我们待在家里看录像吧。
en:village:noun:1,village,noun,村庄；村民；（动物的）群落,n 村庄；村民；（动物的）群落,/'vɪlɪdʒ/,/'vɪlɪdʒ/,a little fishing village,一座小渔村
en:violin:noun:1,violin,noun,小提琴；小提琴手,n 小提琴；小提琴手,"/,vaɪə'lɪn/",/vaɪə'lɪn; 'vaɪəlɪn/,violin concerto,小提琴协奏曲
en:visit:noun:1,visit,noun,访问；参观；逗留,n 访问；参观；逗留；v 访问；参观；视察,/'vɪzɪt/,/'vɪzɪt/,We’re just here on a short visit.,我们只在这儿作短暂逗留。
en:visitor:noun:1,visitor,noun,访问者，参观者；视察者；候鸟,n 访问者，参观者；视察者；候鸟,/'vɪzɪtɚ/,/'vɪzɪtə/,Times Square attracts more than 30 million visitors annually.,时代广场每年吸引三千多万游客。
en:voice:noun:1,voice,noun,声音；嗓音；发言权；愿望,n 声音；嗓音；发言权；愿望；v 表达；吐露,/vɔɪs/,/vɒɪs/,He recognized her voice instantly.,他立刻听出了她的声音。
en:volleyball:noun:1,volleyball,noun,排球,n 排球,/'vɑlɪbɔl/,/'vɒlɪbɔːl/,I like playing beach volleyball.,我喜欢打沙滩排球。
en:wait:verb:1,wait,verb,等候；推迟；延缓,v 等候；推迟；延缓；n 等待；等候,/wet/,/weɪt/,Hurry up! Everyone’s waiting.,快点！大家在等着呢。
en:walk:noun:1,walk,noun,步行，走；散步,n 步行，走；散步；v 散步；走过,/wɔk/,/wɔːk/,It’s a long walk. Maybe we should get the bus.,走着去很远，或许我们应该乘公共汽车。
en:wall:noun:1,wall,noun,墙壁，围墙；似墙之物,n 墙壁，围墙；似墙之物；v 用墙围住，围以墙；adj 墙壁的,/wɔl/,/wɔːl/,the Great Wall of China,中国的长城
en:want:verb:1,want,verb,需要；希望；应该；缺少,v 需要；希望；应该；缺少；n 需要；缺乏；贫困；必需品,/wɑnt/,/wɒnt/,I really want a drink.,我很想喝一杯。
en:war:noun:1,war,noun,战争，斗争；军事，战术；冲突，对抗，竞争,n 战争，斗争；军事，战术；冲突，对抗，竞争；v 打仗，作战；对抗,/wɔr/,/wɔː/,the Vietnam War,越南战争
en:warm:adjective:1,warm,adjective,温暖的；热情的,adj 温暖的；热情的；v 同情；激动；变温暖；n 取暖；加热,/wɔrm/,/wɔːm/,The house was lovely and warm.,那房子漂亮温暖。
en:warn:verb:1,warn,verb,警告，提醒；通知,v 警告，提醒；通知；n (Warn)人名；(英)沃恩；(德)瓦恩,/wɔrn/,/wɔːn/,"‘Be careful, the rocks are slippery,’ Alex warned.",“小心，岩石很滑。”亚历克斯提醒说。
en:wash:noun:1,wash,noun,洗涤；洗的衣服；化妆水；冲积物,n 洗涤；洗的衣服；化妆水；冲积物；v 洗涤；洗刷；冲走；拍打,/wɑːʃ/,/wɒʃ/,Those jeans need a good wash (= a thorough wash ).,那条牛仔裤要好好洗一洗了。
en:waste:noun:1,waste,noun,浪费；废物；荒地；损耗；地面风化物,n 浪费；废物；荒地；损耗；地面风化物；v 浪费；消耗；使荒芜；adj 废弃的；多余的；荒芜的,/west/,/weɪst/,excessive waste in state spending,政府支出方面的过度浪费
en:watch:verb:1,watch,verb,观察；注视；看守；警戒,v 观察；注视；看守；警戒；n 手表；监视；守护；值班人,/wɑtʃ/,/wɒtʃ/,Do you mind if I watch?,你介意我看着吗？
en:water:noun:1,water,noun,水；海水；雨水；海域，大片的水,n 水；海水；雨水；海域，大片的水；v 使湿；供以水；给…浇水,/ˈwɔtɚ; ˈwɑtɚ/,/'wɔːtə/,There’s water all over the bathroom floor.,浴室地面上都是水。
en:watermelon:noun:1,watermelon,noun,西瓜,n 西瓜,/'wɔtɚmɛlən/,/'wɔːtəmelən/,"Oh, what a big watermelon!",喔唷， 这么大的西瓜!
en:way:noun:1,way,noun,方法；道路；方向；行业；习惯,n 方法；道路；方向；行业；习惯；adv 大大地；远远地；adj 途中的,/we/,/weɪ/,There are several different ways we can tackle this problem.,我们可以用几种不同的方法处理这个问题。
en:we:pronoun:1,we,pronoun,我们（主格）；笔者，本人（作者或演讲人使用）；朕，寡人,pron 我们（主格）；笔者，本人（作者或演讲人使用）；朕，寡人；n (We)人名；(缅)韦,/wi/,/wiː/,"‘Did you go into the supermarket?’ ‘No, we didn’t.’",“你们进超级市场了吗？”“我们没有进去。”
en:weak:adjective:1,weak,adjective,[经] 疲软的；虚弱的；无力的；不牢固的,adj [经] 疲软的；虚弱的；无力的；不牢固的,/wik/,/wiːk/,The illness left her feeling weak.,疾病使她感到身体虚弱。
en:wealth:noun:1,wealth,noun,财富；大量；富有,n 财富；大量；富有,/wɛlθ/,/welθ/,The country’s wealth comes from its oil.,这个国家的财富来自石油。
en:weather:noun:1,weather,noun,天气；气象；气候；处境,n 天气；气象；气候；处境；v 经受住；使风化；侵蚀；使受风吹雨打；adj 露天的；迎风的,/'wɛðɚ/,/'weðə/,What’s the weather like today?,今天天气如何？
en:website:noun:1,website,noun,网站（全球资讯网的主机站）,n 网站（全球资讯网的主机站）,,,"For more information on weight loss and healthy eating, visit our website.",有关减肥和健康饮食的更多信息，请访问我们的网站。
en:wednesday:noun:1,Wednesday,noun,星期三,n 星期三,/'wɛnzde/,/ˈwɛnzdeɪ/,"Come and have supper with us on Wednesday, if you're free.",星期三过来和我们一起吃晚饭，如果有空的话。
en:week:noun:1,week,noun,周，星期,n 周，星期,/wik/,/wiːk/,I can’t see you this week.,我这星期不能见你。
en:weekday:noun:1,weekday,noun,平日，普通日；工作日,n 平日，普通日；工作日,/'wikde/,/'wiːkdeɪ/,"If you want to avoid the crowds, it's best to come on a weekday.",如果你想避开人流，最好在工作日来。
en:weekend:noun:1,weekend,noun,周末，周末休假；周末聚会,n 周末，周末休假；周末聚会；adj 周末的，周末用的；v 度周末,/ˈwikend/,/wiːkˈɛnd/,Are you doing anything nice this weekend?,这个周末你有什么好的安排？
en:weigh:verb:1,weigh,verb,权衡；考虑；称…重量,v 权衡；考虑；称…重量；n 权衡；称重量,/weɪ/,/weɪ/,The young birds weigh only a few grams.,雏鸟重量只有几克。
en:weight:noun:1,weight,noun,重量，重力；负担；砝码；重要性,n 重量，重力；负担；砝码；重要性；v 加重量于，使变重,/wet/,/weɪt/,The average weight of a baby at birth is just over seven pounds.,婴儿的平均出生体重是七磅多一点。
en:welcome:adjective:1,welcome,adjective,受欢迎的,adj 受欢迎的；n 欢迎；v 欢迎；int 欢迎,/ˈwelkəm/,/ˈwɛlkəm/,I had the feeling I wasn’t really welcome.,我感觉到我其实不受欢迎。
en:west:noun:1,west,noun,西；西方；西部,n 西；西方；西部；adj 西方的；朝西的；adv 在西方；向西方；自西方,/wɛst/,/west/,There’s a slight chance of some sunshine in the west.,西部地区见晴的可能性不大。
en:western:adjective:1,western,adjective,西方的，西部的；有西方特征的,adj 西方的，西部的；有西方特征的；n 西方人；西部片，西部小说,/'wɛstɚn/,/'west(ə)n/,the western end of the bay,海湾的西端
en:wet:adjective:1,wet,adjective,[气象][物] 潮湿的；有雨的,adj [气象][物] 潮湿的；有雨的；n 雨天；湿气；v 弄湿,/wɛt/,/wet/,I’ve washed your shirt but it’s still wet.,我把你的衬衫洗过了，不过现在还是湿的。
en:whale:verb:1,whale,verb,猛揍；使惨败,v 猛揍；使惨败；n 鲸；巨大的东西,/wel/,/weɪl/,a whale of a,[美国口语]了不起的，非常大的，极大的；极好的，精彩的
en:what:pronoun:1,what,pronoun,什么；多么；多少,pron 什么；多么；多少；adj 什么；多么；何等；adv 到什么程度，在哪一方面；int 什么；多么,/hwʌt; hwɑt; wʌt; wɑt/,/wɒt/,What are you doing?,你在做什么？
en:whatever:adjective:1,whatever,adjective,不管什么样的,adj 不管什么样的；pron 无论什么；诸如此类；conj 无论什么,/wət'ɛvɚ/,/wɒt'evə/,or whatever,等等；诸如此类的事
en:wheat:noun:1,wheat,noun,小麦；小麦色,n 小麦；小麦色,/wit/,/wiːt/,a field of wheat,小麦地
en:wheel:noun:1,Wheel,noun,车轮；方向盘；转动,n 车轮；方向盘；转动；v 转动；使变换方向；给…装轮子,/wil/,/wiːl/,The car wheels spun and slipped on some oil on the road.,小汽车的车轮在路面的油迹上空转打了滑。
en:when:conjunction:1,when,conjunction,考虑到；既然；当…时；在…时；如果,conj 考虑到；既然；当…时；在…时；如果；adv 什么时候，何时；（用于时间的表达方式之后）在那时；其时；当时；pron 那时；什么时侯；n 时间，时候；日期；场合,/wɛn/,/wɛn/,When are we leaving?,我们什么时候走？
en:whenever:conjunction:1,whenever,conjunction,每当；无论何时,conj 每当；无论何时；adv 不论何时；随便什么时候,/wɛn'ɛvɚ/,/wen'evə/,They were always there by you， whenever you needed them.,无论何时你需要他们，他们总是在你身边。
en:where:adverb:1,where,adverb,在哪里,adv 在哪里；pron 哪里；conj 在…的地方；n 地点,/wɛr/,/weə/,Where are you going?,你要到哪儿去？
en:whether:conjunction:1,whether,conjunction,是否；不论,conj 是否；不论；pron 两个中的哪一个,/'wɛðɚ/,/'weðə/,Maurice asked me whether I needed any help.,莫里斯问我是否需要帮助。
en:which:pronoun:1,which,pronoun,哪/那一个；哪/那一些,pron 哪/那一个；哪/那一些；adj 哪一个；哪一些,/wɪtʃ/,/wɪtʃ/,which one,哪一个
en:while:conjunction:1,while,conjunction,虽然；然而；当……的时候,conj 虽然；然而；当……的时候；n 一会儿；一段时间；v 消磨；轻松地度过,/waɪl/,/wʌɪl/,They arrived while we were having dinner.,他们来时我们正在吃饭。
en:white:adjective:1,white,adjective,白色的；白种的；纯洁的,adj 白色的；白种的；纯洁的；n 白色；洁白；白种人,/waɪt/,/wʌɪt/,a white dress,白色连衣裙
en:who:pronoun:1,who,pronoun,谁；什么人,pron 谁；什么人,/hu/,/huː; hʊ/,Who locked the door?,谁锁的门？
en:whole:adjective:1,whole,adjective,完整的；纯粹的,adj 完整的；纯粹的；n 整体；全部,/hol/,/həʊl/,You have your whole life ahead of you!,你有一辈子要过呢！
en:whom:pronoun:1,whom,pronoun,谁（who的宾格）,pron 谁（who的宾格）,/hum/,/huːm/,From whom shall I get comfort?,我从谁那儿能得到安慰呢?
en:whose:pronoun:1,whose,pronoun,谁的（疑问代词）,pron 谁的（疑问代词）,/huz/,/huːz/,The word “dentist”denotes a doctor whose work is the care of teeth.,“牙科医生”一词意谓其工作是医治牙齿的医生。
en:why:interjection:1,why,interjection,哎呀！什么？,int 哎呀！什么？；adv 为什么,/hwaɪ/,/waɪ/,"Why, look who’s here!",哎呀，看看这是谁！
en:wide:adjective:1,wide,adjective,广泛的；宽的，广阔的；张大的；远离目标的,adj 广泛的；宽的，广阔的；张大的；远离目标的；adv 广泛地；广阔地；充分地；n 大千世界,/waɪd/,/waɪd/,a man with a wide experience of foreign affairs,外交事务经验丰富的人
en:wife:noun:1,wife,noun,妻子，已婚妇女；夫人,n 妻子，已婚妇女；夫人,/wʌɪf/,/wʌɪf/,Have you met my wife?,你见过我的妻子吗？
en:wind:noun:1,wind,noun,风；呼吸；气味；卷绕,n 风；呼吸；气味；卷绕；v 缠绕；上发条；使弯曲；吹号角；绕住或缠住某人,/wɪnd; (for v.) waɪnd/,/wɪnd; (for v.) waɪnd/,The wind blew from the northeast.,风从东北方向吹来。
en:window:noun:1,window,noun,窗；窗口；窗户,n 窗；窗口；窗户,/'wɪndo/,/'wɪndəʊ/,Television provides us with a useful window on the world.,电视为我们提供了了解世界的有用渠道。
en:windy:adjective:1,windy,adjective,多风的，有风的；腹胀的；吹牛的,adj 多风的，有风的；腹胀的；吹牛的,/'wɪndi/,/'wɪndɪ/,It’s too windy for a picnic.,风太大，不适合野餐。
en:wine:noun:1,wine,noun,酒，葡萄酒；紫红色,n 酒，葡萄酒；紫红色；v 喝酒,/waɪn/,/waɪn/,a glass of wine,一杯葡萄酒
en:wing:noun:1,wing,noun,翼；翅膀；飞翔；派别；侧厅，耳房，厢房,n 翼；翅膀；飞翔；派别；侧厅，耳房，厢房；v 使飞；飞过；空运；增加…速度；装以翼,/wɪŋ/,/wɪŋ/,The bird flapped its wings furiously.,那只鸟使劲地拍打着翅膀。
en:winner:noun:1,winner,noun,胜利者,n 胜利者,/'wɪnɚ/,/'wɪnə/,Five lucky winners will each receive a signed copy of the album.,五位幸运的获胜者每人将得到一张签名专辑。
en:winter:noun:1,winter,noun,冬季；年岁；萧条期,n 冬季；年岁；萧条期；v 过冬；adj 冬天的；越冬的,/'wɪntɚ/,/'wɪntə/,Soon it will be winter.,很快要到冬天了。
en:wise:adjective:1,wise,adjective,明智的；聪明的；博学的,adj 明智的；聪明的；博学的；v 使知道；教导；n (Wise)人名；(英)怀斯,/waɪz/,/waɪz/,a wise precaution,明智的预防措施
en:wish:noun:1,wish,noun,希望；祝福；心愿,n 希望；祝福；心愿；v 祝愿；渴望；向…致问候语,/wɪʃ/,/wɪʃ/,Close your eyes and make a wish.,闭上眼睛许个愿。
en:with:preposition:1,with,preposition,用；随着；支持；和…在一起,prep 用；随着；支持；和…在一起；n (With)人名；(德、芬、丹、瑞典)维特,/wɪð; wɪθ/,/wɪð/,I saw Bob in town with his girlfriend.,我看到鲍勃与他的女朋友一起在镇上。
en:without:preposition:1,without,preposition,没有；超过；在…外面,prep 没有；超过；在…外面；adv 户外；在外面；没有或不显示某事物；n 外部；外面,/wɪðˈaʊt/,/wɪˈðaʊt/,After the storm we were without electricity for five days.,暴风雨之后我们断电了五天。
en:wonder:noun:1,wonder,noun,惊奇；奇迹；惊愕,n 惊奇；奇迹；惊愕；v 怀疑；想知道；惊讶；adj 奇妙的；非凡的,/'wʌndɚ/,/'wʌndə/,It’s a wonder no one got hurt.,竟然没有人受伤，真是奇迹。
en:wonderful:adjective:1,wonderful,adjective,极好的，精彩的，绝妙的；奇妙的；美妙；胜；神妙,adj 极好的，精彩的，绝妙的；奇妙的；美妙；胜；神妙,/ˈwʌndərfl/,/'wʌndəfʊl; -f(ə)l/,It’s wonderful what doctors can do nowadays.,如今医生的本领着实令人称奇。
en:wood:noun:1,wood,noun,木材；木制品；树林,n 木材；木制品；树林；vi 收集木材；vt 植林于；给…添加木柴,/wʊd/,/wʊd/,Put some more wood on the fire.,往火上再添些木柴。
en:word:noun:1,word,noun,[语] 单词；话语；消息；诺言；命令,n [语] 单词；话语；消息；诺言；命令；v 用言辞表达,/wɝd/,/wɜːd/,Write an essay of about five hundred words.,写一篇约500字的文章。
en:work:noun:1,work,noun,工作；[物] 功；产品；操作；职业；行为；事业；工厂；著作；文学、音乐或艺术作品,n 工作；[物] 功；产品；操作；职业；行为；事业；工厂；著作；文学、音乐或艺术作品；v 使工作；操作；经营；使缓慢前进,/wɝk/,/wɜːk/,There isn’t a lot of work at this time of the year.,每年这个时候工作机会都不多。
en:worker:noun:1,worker,noun,工人；劳动者；职蚁,n 工人；劳动者；职蚁,/'wɝkɚ/,/'wɜːkə/,the workers’ revolution,工人阶级革命
en:world:noun:1,world,noun,世界；领域；世俗；全人类；物质生活,n 世界；领域；世俗；全人类；物质生活,/wɝld/,/wɜːld/,Tuberculosis is still common in some parts of the world .,结核病在世界上某些地区仍很常见。
en:worry:noun:1,worry,noun,担心；烦恼；撕咬,n 担心；烦恼；撕咬；v 担心；发愁；折磨,/ˈwɜːri/,/'wʌrɪ/,He’s been a constant source of worry .,他总是让人担心。
en:worth:adjective:1,worth,adjective,值…的,adj 值…的；n 价值；财产,/wɝθ/,/wɜːθ/,You should not deprecate your own worth.,你不应该贬低你自己的价值。
en:would:auxiliary:1,would,auxiliary,将，将要；愿意,aux 将，将要；愿意；v will的过去式,/wʊd/,/wʊd; wəd/,"Would you shut the window, please?",请把窗户关上，好吗？
en:wound:noun:1,wound,noun,创伤，伤口,n 创伤，伤口；v 使受伤,/wund/,/wuːnd/,A nurse cleaned and bandaged the wound.,护士把伤口清洗包扎好。
en:write:verb:1,write,verb,写，写字；写作，作曲；写信,v 写，写字；写作，作曲；写信,/raɪt/,/raɪt/,"I wrote her several letters , but she didn’t reply.",我给她写了几封信，可是她没有回复。
en:wrong:adverb:1,wrong,adverb,错误地；邪恶地，不正当地,adv 错误地；邪恶地，不正当地；n 坏事；不公正；adj 错误的；失常的；不适当的；v 委屈；无理地对待；诽谤,/rɔŋ/,/rɒŋ/,You’ve spelt my name wrong.,你把我的名字拼错了。
en:yard:noun:1,yard,noun,院子；码（英制中丈量长度单位，1码=3英尺）；庭院；帆桁,n 院子；码（英制中丈量长度单位，1码=3英尺）；庭院；帆桁；vt 把…关进或围在畜栏里,/jɑrd/,/jɑːd/,a hundred yards away,100码外
en:year:noun:1,year,noun,年；年度；历年；年纪；一年的期间；某年级的学生,n 年；年度；历年；年纪；一年的期间；某年级的学生,/yir/,/jɪə; jɜː/,I arrived here two years ago.,我两年前来到这里。
en:yellow:adjective:1,yellow,adjective,黄色的；黄皮肤的,adj 黄色的；黄皮肤的；n 黄色；黄种人；黄色颜料；v 使变黄或发黄,/'jeloʊ/,/'jeləʊ/,yellow flowers,黄花
en:yes:adverb:1,yes,adverb,"是, 是的","adv 是, 是的；n 是（表示肯定）",/jɛs/,/jes/,"‘Would you like a sandwich?’ ‘Yes, please.’",“你想来个三明治吗？”“好的，谢谢。”
en:yesterday:noun:1,yesterday,noun,昨天；往昔,n 昨天；往昔；adv 昨天,/ˈjɛstədi/,/ˈjɛstədeɪ/,yesterday’s meeting,昨天的会议
en:yet:adverb:1,yet,adverb,还；但是；已经,adv 还；但是；已经；conj 但是；然而；n (Yet)人名；(东南亚国家华语)一,/jɛt/,/jet/,"‘When’s your holiday?’ ‘Oh, not for ages yet.’",“你什么时候去休假？”“噢，不知何年何月呢。”
en:you:pronoun:1,you,pronoun,你；你们,pron 你；你们；n (You)人名；(柬)尤；(东南亚国家华语)猷,/ju/,/juː/,"Hi, Kelly. How are you?",嗨，凯利，你好吗？
en:young:adjective:1,young,adjective,年轻的；初期的；没有经验的,adj 年轻的；初期的；没有经验的；n 年轻人；（动物的）崽，仔,/jʌŋ/,/jʌŋ/,a young child,幼儿
en:your:pronoun:1,your,pronoun,你的，你们的,pron 你的，你们的,"/jʊr, jɔr, jor,jə/",/jɔː; jʊə/,You should keep in with your colleagues.,你应当与你的同事友好相处。
en:yours:pronoun:1,yours,pronoun,你（们）的东西；你的责任[义务]；你的家属；来信，尊函,pron 你（们）的东西；你的责任[义务]；你的家属；来信，尊函；adj 你（们）的（东西）；信末署名前用语,/jʊrz/,/jɔːz; jʊəz/,"This is our room, and yours is just across the hall.",这是我们的房间，你们的在走廊那边。
en:yourself:pronoun:1,yourself,pronoun,你自己,pron 你自己,/jɔr'sɛlf/,/jɔː'self; jʊə-; jə-/,Look at yourself in the mirror.,照照镜子吧。
en:yourselves:pronoun:1,yourselves,pronoun,你们自己；你们本人（yourself的复数）,pron 你们自己；你们本人（yourself的复数）,/jʊə'sɛlvz/,/jɔː'selvz/,Believe in yourselves.,相信你们自己。
en:zebra:noun:1,zebra,noun,[脊椎] 斑马,n [脊椎] 斑马；adj 有斑纹的,/'zɛbrə; 'zi-/,/'zebrə; 'ziːbrə/,The neck of the zebra was nipped by a lion.,狮子咬断了那头斑马的脖子。
en:zero:noun:1,zero,noun,零点，零度,n 零点，零度；num 零,/ˈzɪərəʊ/,/'zɪərəʊ/,Make x greater than or equal to zero.,设x大于或等于零。
en:zoo:noun:1,zoo,noun,动物园,n 动物园,/zu/,/zuː/,The road to the zoo turns off here.,通向动物园的路由这儿拐弯。
en:cancel:verb:2,cancel,verb,取消， 废除； 抵消； 删去， 划掉,v 取消， 废除； 抵消； 删去， 划掉,/'kænsl/,/'kænsl/,Our flight was cancelled.,我们的航班取消了。
en:prepare:verb:2,prepare,verb,准备， 预备,v 准备， 预备,/prɪ'pɛr/,/prɪ'peə(r)/,The prosecution wanted more time to prepare their case.,原告想要有更多的时间来准备诉讼。
en:half:adverb:1,half,adverb,一半,adv 一半；adj 一半的，半个的；n 半，一半,/hæf/,/hɑːf/,"He’s half English, half Swiss.",他有一半英格兰血统，一半瑞士血统。
en:fifty:numeral:1,fifty,numeral,五十,num 五十,/'fɪfti/,/'fɪfti/,Standards of living rose in the fifties.,50年代生活水平提高了。
en:england:noun:2,England,noun,英格兰， 英国,n 英格兰， 英国,/'iŋɡlənd/,/'ɪŋglənd/,We study English every day. So of course we should know something about England.,我们每天都学习英语，因此我们当然应该知道一些有关英国的事。
en:hall:noun:2,hall,noun,门厅； 礼堂， 会堂； 办公大楼,n 门厅； 礼堂， 会堂； 办公大楼,/hɔl/,/hɔːl/,a concert at Carnegie Hall,卡内基音乐厅的一场音乐会
en:your:pronoun:2,your,pronoun,你的， 你们的,pron 你的， 你们的,/jʊər; jʊr/,/jɔː(r)/,Why do you like your major?,你为什么喜欢你的主修科目?。
en:pollution:noun:1,pollution,noun,污染,n 污染,/pə'luʃən/,/pə'luːʃn/,California’s tough anti-pollution laws,加利福尼亚州严厉的反污染法
en:pretend:verb:1,pretend,verb,假装， 佯作,v 假装， 佯作,/prɪ'tɛnd/,/prɪ'tend/,Let’s pretend we’re on the moon.,我们假装自己是在月球上吧。
en:without:preposition:2,without,preposition,无， 没有,prep 无， 没有,/wɪðˈaʊt/,/wɪ'ðaut/,After the storm we were without electricity for five days.,暴风雨之后我们断电了五天。
en:these:pronoun:2,these,pronoun,这些,pron 这些,/ðiz/,/ði:z/,I like these and he likes those.,我喜欢这些，他喜欢那些。
en:tea:noun:2,tea,noun,茶； 茶点,n 茶； 茶点,/ti/,/tiː/,...a cup of tea.,…一杯茶。
en:postman:noun:2,postman,noun,邮递员,n 邮递员,/'postmən/,/'pəustmən/,"Is he a tall postman? Yes, he is.",他是一个高的邮递员吗？是的，他是。
en:pick:verb:2,pick,verb,挑选，选择；采摘,v 挑选，选择；采摘；n 挑选； 选中的人,/pɪk/,/pɪk/,Students have to pick three courses from a list of 15.,学生必须从15门课中选修3门。
en:rabbit:noun:2,rabbit,noun,兔子,n 兔子,/'ræbɪt/,/'ræbɪt/,Is that your rabbit?,那是你的兔子吗?。
en:ten:numeral:2,ten,numeral,十， 十个,num 十， 十个,/tɛn/,/ten/,Snow had been falling steadily for ten days.,雪已经连续下了10天了。
en:prison:noun:2,prison,noun,监狱,n 监狱,/'prɪzn/,/prɪzn/,He visits his dad in prison every week.,他每周都去探望狱中的父亲。
en:sister:noun:2,sister,noun,姐， 妹,n 姐， 妹,/'sɪstɚ/,/'sɪstə(r)/,Janet and Abby are sisters.,珍妮特和阿比是两姐妹。
en:energy:noun:2,energy,noun,干劲， 精力； 能量； 能源,n 干劲， 精力； 能量； 能源,/'ɛnɚdʒi/,/'enədʒi/,The water is heated using energy from the sun.,水是利用太阳能加热的。
en:mystery:noun:1,mystery,noun,秘密， 神秘的事物,n 秘密， 神秘的事物,/ˈmɪstri/,/'mɪstri/,"Twenty years after the event, his death remains a mystery .",事情过去二十年了，他的死仍然是个谜。
en:solid:adjective:2,solid,adjective,固体的；实心的；结实的，稳固的；可靠的；纯质的，纯色的,adj 固体的；实心的；结实的，稳固的；可靠的；纯质的，纯色的；n 固体,/'sɑlɪd/,/'sɒlɪd/,The lake was frozen solid .,湖水冻得结结实实。
en:require:verb:2,require,verb,需要； 要求， 命令； 规定,v 需要； 要求， 命令； 规定,/rɪ'kwaɪr/,/rɪ'kwaɪə(r)/,Campbell’s broken leg will probably require surgery.,坎贝尔的一条腿骨折，可能需要手术。
en:yourselves:pronoun:2,yourselves,pronoun,你们自己； 你们亲自,pron 你们自己； 你们亲自,/jʊə'sɛlvz/,/jɔː'selvz/,Back to back! Wrap yourselves up!,背对背！把你们自己包起来！
en:lion:noun:2,lion,noun,狮子,n 狮子,/'laɪən/,/'laɪən/,So they sent me a… lion!,于是他们又送我一头…狮子！
en:size:verb:1,size,verb,按大小排列,v 按大小排列；n 大小，尺寸，尺码；规模,/saɪz/,/saɪz/,Shrimp are sized and selected for canning.,虾按大小分类制成罐头。
en:left:adverb:1,left,adverb,在左边，向左,adv 在左边，向左；adj 左边的，左侧的；n 左边， 左侧； 左派， 左翼,/lɛft/,/left/,Turn left just after the school.,过了那所学校马上左转。
en:eleven:numeral:1,eleven,numeral,十一,num 十一,/ɪ'lɛvn/,/ɪ'levn/,She was sent to jail for eleven months.,她被判入狱11个月。
en:wine:noun:2,wine,noun,酒,n 酒,/waɪn/,/waɪn/,a glass of wine,一杯葡萄酒
en:object:verb:1,object,verb,反对， 不赞成； 反对， 不赞成,v 反对， 不赞成； 反对， 不赞成,/'ɑbdʒɛkt/,/'ɒbdʒɪkt; -dʒekt/,"If no one objects, I would like Mrs Harrison to be present.",如果没人反对的话，我想请哈里森夫人出席。
en:newspaper:noun:2,newspaper,noun,报纸,n 报纸,/'nuzpepɚ/,/'njuːzpeɪpə(r)/,She had read about it in the newspapers.,关于这件事她已经在报纸上看到了。
en:flight:noun:1,flight,noun,航班， 班机； 飞行， 飞翔,n 航班， 班机； 飞行， 飞翔,/flaɪt/,/flaɪt/,He immediately booked a flight to Toulouse.,他当即就订了去图卢兹的航班。
en:eraser:noun:2,eraser,noun,橡皮,n 橡皮,/ɪ'resɚ/,/ɪ'reɪzə(r)/,"Yes, I have your eraser, too.",是的，我还拿了你的橡皮。
en:hang:verb:1,hang,verb,[hung-hung] 悬挂， 吊； 徘徊； [hanged-hanged] 吊,v [hung-hung] 悬挂， 吊； 徘徊； [hanged-hanged] 吊,/hæŋ/,/hæŋ/,Philip hung his coat on a hook behind the door.,菲利普把自己的大衣挂在门后的钩子上。
en:role:noun:2,role,noun,作用； 职责； 角色； 任务,n 作用； 职责； 角色； 任务,/rol/,/rəul/,Until now scientists had very little clear evidence about the drug's role in preventing more serious effects of infection.,到目前为止，科学家们几乎没有该药物在防止更严重的感染后果的功能的明确证据。
en:achieve:verb:2,achieve,verb,实现， 完成； 获得， 达到,v 实现， 完成； 获得， 达到,/ə'tʃiv/,/ə'tʃiːv/,Frances achieved very good exam results.,弗朗西丝考试取得了优异成绩。
en:anybody:pronoun:1,anybody,pronoun,任何人； 随便哪一个人,pron 任何人； 随便哪一个人,/'ɛnɪbɑdi/,/'enibɒdi/,anybody else,n. 别人
en:yellow:adjective:2,yellow,adjective,黄的,adj 黄的；n 黄色,/ˈjɛlo/,/'jeləu/,yellow flowers,黄花
en:i:pronoun:2,I,pronoun,我,pron 我,,/aɪ/,I moved to this city six years ago.,六年前我搬到了这个城市。
en:turn:verb:2,turn,verb,转动， 旋转； 扭转， 转向； 变化， 变成,v 转动， 旋转； 扭转， 转向； 变化， 变成,/tɝn/,/tɜːn/,Ricky turned and walked away.,里基转身走了。
en:example:noun:2,example,noun,例子， 实例； 榜样， 楷模,n 例子， 实例； 榜样， 楷模,/ɪg'zæmpl/,/ɪg'zɑːmpl/,"Many countries, for example Mexico and Japan, have a lot of earthquakes.",许多国家，例如墨西哥和日本，经常发生地震。
en:result:noun:2,result,noun,结果； 效果； 成绩， 成果,n 结果； 效果； 成绩， 成果,/rɪ'zʌlt/,/rɪ'zʌlt/,High unemployment is a direct result of the recession.,高失业率是经济衰退的直接后果。
en:same:pronoun:1,same,pronoun,同样的人,pron 同样的人；adj 同一的；相同的，同样的,/sem/,/seɪm/,"If it’s all the same to you, I’ll go this weekend.",如果你无所谓的话，我这个周末去。
en:after:adverb:2,after,adverb,在…以后， 在…后面,adv&prep&conj 在…以后， 在…后面,/'æftɚ/,/'ɑːftə(r)/,After the war many soldiers stayed in France.,战后，许多士兵留在法国。
en:quiet:adjective:2,quiet,adjective,轻声的， 安静的， 沉默的； 平静的， 寂静的；,adj 轻声的， 安静的， 沉默的； 平静的， 寂静的；,/'kwaɪət/,/'kwaɪət/,We’ll have to be quiet so as not to wake the baby.,我们得安静点，免得吵醒宝宝。
en:connect:verb:2,connect,verb,连接， 衔接； 联合， 关联； 接通电话,v 连接， 衔接； 联合， 关联； 接通电话,/kə'nɛkt/,/kə'nekt/,We’d like two rooms with connecting doors (= doors that join the rooms ) .,我们想要两个有门相通的房间。
en:hand:verb:1,hand,verb,交， 给,v 交， 给；n 手；指针；帮助，援助；手艺，技能,/hænd/,/hænd/,"To communicate with her, you have to spell words out on her hand.",跟她交流，你必须把字一个个地在她手心里拼写出来。
en:a:indefinite-article:1,a,indefinite article,一，一个〔用于未曾提及或对方不知道的人或物的名称前〕,indefinite article 一，一个〔用于未曾提及或对方不知道的人或物的名称前〕,/ə; e/,/ə ; æn/,We have a problem.,我们遇到了一个麻烦。
en:salt:verb:1,salt,verb,腌， 盐渍； 撒盐于,v 腌， 盐渍； 撒盐于；n 盐,/sɔlt/,/sɔːlt/,The meat is salted to store it through the winter.,肉用盐腌着以存放一冬。
en:address:noun:1,address,noun,地址,n 地址,/əˈdrɛs;(for n)ˈædres; ædrɛs/,/ə'dres; 'ædres/,What’s your new address?,你的新地址是什么？
en:nineteen:numeral:2,nineteen,numeral,十九， 十九个,num 十九， 十九个,"/,naɪn'tin/",/ˌnaɪn'tiːn/,It was nineteen minutes past seven.,当时是7点19分。
en:blood:noun:2,blood,noun,血， 血液； 血统， 家族,n 血， 血液； 血统， 家族,/blʌd/,/blʌd/,Her body was found in a pool of blood.,她的尸体被发现倒在血泊之中。
en:straight:adjective:1,straight,adjective,直的， 笔直的； 连续的， 不间断的； 直率的； 整齐的， 端正的； 正直的,adj 直的， 笔直的； 连续的， 不间断的； 直率的； 整齐的， 端正的； 正直的,/stret/,/streɪt/,"a long, straight road",一条笔直的长路
en:the:article:2,the,article,这；那,art 这；那；adv 更加（用于比较级，最高级前）,/ðə; ði/,/ðə/,What should I do with the token?,我该怎么用这个辅币呢？
en:ninety:numeral:1,ninety,numeral,九十， 九十个,num 九十， 九十个,/'naɪnti/,/'naɪnti/,America was far richer in the nineties.,90年代的美国要富裕得多。
en:sale:noun:2,sale,noun,出售， 上市； 贱卖， 廉价出售； 销售额,n 出售， 上市； 贱卖， 廉价出售； 销售额,/sel/,/seɪl/,Harvey gets a $50 commission every time he makes a sale (= sells something as part of his job ) .,哈维每做成一笔生意可得到50美元的佣金。
en:photograph:verb:1,photograph,verb,拍照,v 拍照；n 照片，相片,/'fotəɡræf/,/'fəutəgrɑːf/,Kate agreed to let me photograph her.,凯特同意让我为她拍照。
en:police:noun:2,police,noun,警方， 警察； 治安,n 警方， 警察； 治安,/pə'lis/,/pə'liːs/,Police surrounded the courthouse.,警察围在法院大楼四周。
en:blue:adjective:1,blue,adjective,蓝色的；沮丧的，忧郁的；下流的，色情的,adj 蓝色的；沮丧的，忧郁的；下流的，色情的；n 蓝色,/blu/,/bluː/,the blue waters of the lake,蓝蓝的湖水
en:throw:verb:1,throw,verb,[threw-thrown] 投， 扔， 抛； 使突然陷入； 使困惑， 使吃惊,v [threw-thrown] 投， 扔， 抛； 使突然陷入； 使困惑， 使吃惊,/θro/,/θrəu/,The bus stopped suddenly and we were all thrown forwards.,公共汽车猛地停住，我们都往前栽。
en:thank:verb:2,thank,verb,感谢，向…表示谢意,v 感谢，向…表示谢意,/θæŋk/,/θæŋk/,I haven’t had a chance to thank him yet.,我还没有机会向他表示谢意。
en:fifth:numeral:1,fifth,numeral,第五,num 第五；n 五分之一,/fɪfθ/,/'fɪfθ/,a fifth of bourbon,五分之一加仑的波旁威士忌酒
en:information:noun:2,information,noun,信息， 资料； 通知， 告知,n 信息， 资料； 通知， 告知,/'ɪnfɚ'meʃən/,/ˌɪnfə'meɪʃn/,I need more information.,我需要更多信息。
en:yours:pronoun:2,yours,pronoun,你的,pron 你的,/jʊrz/,/jɔːz/,"This is our room, and yours is just across the hall.",这是我们的房间，你们的在走廊那边。
en:discuss:verb:2,discuss,verb,谈论， 讨论， 论述,v 谈论， 讨论， 论述,/dɪ'skʌs/,/dɪ'skʌs/,Littman refused to discuss the case publicly.,利特曼拒绝公开讨论此案。
en:standard:adjective:1,standard,adjective,标准的,adj 标准的；n 标准，规则,/'stændɚd/,/'stændəd/,We paid them the standard rate.,我们付给他们标准工资。
en:correct:adjective:1,correct,adjective,正确的，对的；合适的，符合的,adj 正确的，对的；合适的，符合的；v 改正， 纠正； 校准,/kə'rɛkt/,/kə'rekt/,"If my calculations are correct, we’re about ten miles from Exeter.",如果我计算得没错的话，我们离埃克塞特大约十英里。
en:nobody:pronoun:2,nobody,pronoun,没有人，无人,pron 没有人，无人；n 无足轻重的人,"/'nəubədi, -bɔdi/",/'nəubədi/,I knocked on the door but nobody answered.,我敲了敲门，但没人应门。
en:empty:adjective:2,empty,adjective,空的；空闲的；空虚的,adj 空的；空闲的；空虚的；v 空， 倒出,/ˈɛmptɪ/,/'empti/,an empty box,空盒子
en:wish:verb:1,wish,verb,希望， 想要； 但愿； 祝， 祝愿； 盼望， 企求,v 希望， 想要； 但愿； 祝， 祝愿； 盼望， 企求,/wɪʃ/,/wɪʃ/,If you wish to discuss this matter further please do not hesitate to contact me.,如果你想进一步讨论此事，请尽管和我联系。
en:tie:verb:2,tie,verb,[tying] 拴， 扎， 捆； 把…打结， 系上； 连接， 使有关联； 不分胜负,v [tying] 拴， 扎， 捆； 把…打结， 系上； 连接， 使有关联； 不分胜负,/taɪ/,/taɪ/,He tied the ends of the plastic bag together.,他把塑料袋的两头系在一起。
en:wise:adjective:2,wise,adjective,有智慧的， 聪明的； 英明的， 明智的； 博学的， 贤明的,adj 有智慧的， 聪明的； 英明的， 明智的； 博学的， 贤明的,/waɪz/,/waɪz/,a wise precaution,明智的预防措施
en:serious:adjective:2,serious,adjective,严重的， 危急的； 重要的， 重大的； 认真的， 严肃的， 庄重的,adj 严重的， 危急的； 重要的， 重大的； 认真的， 严肃的， 庄重的,/'sɪrɪəs/,/'sɪəriəs/,the serious problem of unemployment,严重的失业问题
en:laugh:verb:1,laugh,verb,笑,v 笑；n 笑， 笑声,/læf/,/lɑːf/,Maria looked at him and laughed.,玛丽亚看着他大笑起来。
en:conversation:noun:2,conversation,noun,交谈， 谈话,n 交谈， 谈话,"/,kɑnvɚ'seʃən/",/ˌkɒnvə'seɪʃn/,a telephone conversation,电话交谈
en:area:noun:2,area,noun,面积； 地区， 地方； 领域， 范围,n 面积； 地区， 地方； 领域， 范围,/'ɛrɪə/,/'eəriə/,Only cheeses made in this area may be labelled ‘Roquefort.’,只有这个地区出产的干酪才能被称作“罗克福尔干酪”。
en:pay:verb:1,pay,verb,付钱，支付，交纳,v 付钱，支付，交纳；n 工资， 薪金,/pe/,/peɪ/,How would you like to pay?,你想怎么付款？
en:check:verb:2,check,verb,检查,v 检查；n 检查； 支票,/tʃɛk/,/tʃek/,Check the tiles carefully before you buy them.,购买之前要把瓷砖仔细检查一下。
en:list:verb:1,list,verb,把…编列成表； 列举,v 把…编列成表； 列举；n 表；目录，名单,/lɪst/,/lɪst/,"The guidebook lists 1,000 hotels and restaurants.","旅游手册上列有1,000家宾馆和餐厅。"
en:european:adjective:2,European,adjective,欧洲的，欧洲人的,adj 欧洲的，欧洲人的；n 欧洲人,/'jʊrə'piən/,/ˌjuərə'piːən/,European languages,欧洲的语言
en:strange:adjective:2,strange,adjective,奇怪的， 奇异的； 陌生的， 生疏的； 外地的， 异乡的,adj 奇怪的， 奇异的； 陌生的， 生疏的； 外地的， 异乡的,/strendʒ/,/streɪndʒ/,"As a child, she’d been taught never to speak to strange men.",她从小就受到教育绝对不要和陌生男人说话。
en:sand:verb:1,sand,verb,用砂纸磨光,v 用砂纸磨光；n 沙；,/sænd/,/sænd/,Sand the surface softly and carefully.,轻轻地、小心地用砂纸打磨表面。
en:toast:verb:1,toast,verb,烘， 烤； 敬酒， 为…干杯,v 烘， 烤； 敬酒， 为…干杯；n 烤面包，吐司；祝酒，祝酒词,/tost/,/təust/,I toasted the cheese sandwiches.,我烤了干酪三明治。
en:frustrate:verb:1,frustrate,verb,使沮丧， 使灰心； 失败,v 使沮丧， 使灰心； 失败,/'frʌstret/,/'frʌstreɪt/,The fact that he’s working with amateurs really frustrates him.,与生手共事着实让他沮丧。
en:success:noun:2,success,noun,成就， 成功； 成功的事物， 取得成就的人,n 成就， 成功； 成功的事物， 取得成就的人,/sək'sɛs/,/sək'ses/,The experiment was a big success.,实验非常成功。
en:authority:noun:1,authority,noun,权力，管辖权；,n 权力，管辖权；,/ə'θɔrəti/,/ɔ'θɒrəti/,an agreement between the US and Colombian authorities,美国和哥伦比亚当局的一份协议
en:creature:noun:1,creature,noun,生物， 动物， 人； 创造物， 产物,n 生物， 动物， 人； 创造物， 产物,/'kritʃɚ/,/'kriːtʃə(r)/,all the living creatures in the sea,海洋中所有的生物
en:child:noun:1,child,noun,儿童，小孩,n 儿童，小孩,/tʃaɪld/,/'tʃaɪld/,The hotel is ideal for families with young children.,这家宾馆对带小孩的家庭再合适不过。
en:outgoing:adjective:1,outgoing,adjective,外出的， 离开的； 即将离职的； 友好的， 好交际的； 外向的,adj 外出的， 离开的； 即将离职的； 友好的， 好交际的； 外向的,/'aʊt'goɪŋ/,/'autgəuɪŋ/,We’re looking for someone with an outgoing personality.,我们在找一个性格外向的人。
en:young:adjective:2,young,adjective,年轻的，青年的；没有经验的；初期的,adj 年轻的，青年的；没有经验的；初期的；n 青年人,/jʌŋ/,/jʌŋ/,a young child,幼儿
en:rope:verb:1,rope,verb,用绳捆,v 用绳捆；n 绳索，线缆,/rop/,/rəup/,The calves are roped and branded.,用绳套捉住牛犊后将其打上烙印。
en:instrument:noun:1,instrument,noun,乐器； 仪器， 器械,n 乐器； 仪器， 器械,/'ɪnstrəmənt/,/'ɪnstrəmənt/,surgical instruments,外科(手术)器械
en:medium:adjective:1,medium,adjective,中等的；平均的,adj 中等的；平均的；n 媒介， 工具； 手段， 方法,/'midɪəm/,/'miːdiəm/,"What size shirt does he wear – small, medium or large?",他穿多大尺码的衬衫——小号、中号还是大号？
en:pear:noun:2,pear,noun,梨,n 梨,/pɛr/,/peə(r)/,"Pick an orange, pick a pear.",摘一个橙子，摘一个梨子。
en:society:noun:2,society,noun,社会； 阶层； 社交界； 社团； 协会,n 社会； 阶层； 社交界； 社团； 协会,/səˈsaɪətɪ/,/sə'saɪəti/,technology and its effects on modern society,科技及其对现代社会的影响
en:root:verb:1,root,verb,生根， 扎根,v 生根， 扎根；n 根；根本，根源；,/rut/,/ruːt/,New shrubs will root easily in summer.,新灌木在夏季容易生根。
en:treasure:verb:1,treasure,verb,珍爱， 珍视,v 珍爱， 珍视；n 财宝，珍品,/'trɛʒɚ/,/'treʒə(r)/,Jim treasured the gold pocket watch that his grandfather had given him.,吉姆十分珍爱祖父送给他的金怀表。
en:hard:adjective:2,hard,adjective,坚硬的， 坚固的； 困难的， 艰苦的； 勤勉的， 刻苦,adj 坚硬的， 坚固的； 困难的， 艰苦的； 勤勉的， 刻苦,/hɑrd/,/hɑːd/,a hard wooden chair,一把硬木椅
en:airline:noun:2,airline,noun,航空公司； 航线,n 航空公司； 航线,/'ɛrlaɪn/,/'eəlaɪn/,an airline pilot,航空公司飞行员
en:lend:verb:1,lend,verb,[lent-lent] 把…借给， 出借； 贷,v [lent-lent] 把…借给， 出借； 贷,/lɛnd/,/lend/,The bank is reassessing its criteria for lending money.,银行正在重新评估其贷款标准。
en:november:noun:2,November,noun,十一月,n 十一月,/no'vɛmbɚ/,/nəu'vembə(r)/,Too much snow in November.,太多的大雪在十一月。
en:ticket:noun:2,ticket,noun,票， 入场券， 车票； 罚款传票； 候选,n 票， 入场券， 车票； 罚款传票； 候选,/'tɪkɪt/,/'tɪkɪt/,He ran for governor on the Republican ticket.,他作为共和党的候选人竞选州长。
en:umbrella:noun:2,umbrella,noun,伞， 雨伞,n 伞， 雨伞,/ʌm'brɛlə/,/ʌm'brelə/,"It started to rain, so Tricia stopped to put up her umbrella.",开始下雨了，所以特里西娅停下来撑起雨伞。
en:perform:verb:1,perform,verb,做， 履行， 完成； 演出， 表演,v 做， 履行， 完成； 演出， 表演,/pɚ'fɔrm/,/pə'fɔːm/,Chenier and the band are performing at the Silver Palace tomorrow.,车尼尔和乐队明天将在银宫演出。
en:name:noun:2,name,noun,名字， 名称； 名声， 名誉,n 名字， 名称； 名声， 名誉,/nem/,/neɪm/,Her name is Mandy Wilson.,她的名字是曼迪•威尔逊。
en:concentrate:verb:1,concentrate,verb,全神贯注，全力以赴；集中，聚集；浓缩,v 全神贯注，全力以赴；集中，聚集；浓缩；n 浓缩物， 浓缩液,/'kɑnsn'tret/,/'kɒnsntreɪt/,Construction of the aircraft is being concentrated at Prestwick.,飞机制造正在向普雷斯特威克集中。
en:cheer:verb:2,cheer,verb,使振奋，使高兴；为…欢呼，为…喝彩,v 使振奋，使高兴；为…欢呼，为…喝彩；n 欢呼， 喝彩,/tʃɪr/,/tʃɪə(r)/,Everybody cheered when the firemen arrived.,消防员到达时，大家都欢呼起来。
en:room:noun:2,room,noun,房间， 室； 空间， 地方； 余地,n 房间， 室； 空间， 地方； 余地,/rum/,/ruːm/,I looked around the room.,我四下看了看房间。
en:better:adverb:1,better,adverb,更， 更好地,adv 更， 更好地；adj 更好的；有好转的,/'bɛtɚ/,/'betə(r)/,He can speak French a lot better than I can.,他法语讲得比我好多了。
en:with:pronoun:1,with,pronoun,和…一起， 跟， 同； 具有， 带有； 用， 以， 藉； 对…， 关于； 随着,pron 和…一起， 跟， 同； 具有， 带有； 用， 以， 藉； 对…， 关于； 随着,/wɪð; wɪθ/,/wɪð/,with the,与
en:service:noun:2,service,noun,公共设施， 公共事业； 公用机构， 服务机构； 服务， 劳务； 维修， 保养,n 公共设施， 公共事业； 公用机构， 服务机构； 服务， 劳务； 维修， 保养,/'sɝvɪs/,/'sɜːvɪs/,the health service,医疗保健服务
en:coffee:noun:2,coffee,noun,咖啡， 咖啡豆； 咖啡树； 咖啡色,n 咖啡， 咖啡豆； 咖啡树； 咖啡色,/'kɔfi/,/'kɒfi/,Do you want a cup of coffee?,你要来杯咖啡吗？
en:there:adverb:2,there,adverb,在那里， 往那里； 在那方面， 在那点上,adv 在那里， 往那里； 在那方面， 在那点上,/ðɛr/,/ðeə(r)/,We could go back to my cottage and have lunch there.,我们可以回到我的小屋去吃午饭。
en:lady:noun:2,lady,noun,女士， 小姐； 举止文雅的女子， 淑女,n 女士， 小姐； 举止文雅的女子， 淑女,/'ledi/,/'leɪdi/,She knows how to behave like a lady.,她知道怎么做一个淑女。
en:well:adverb:1,well,adverb,好； 妥善地， 有利地； 令人满意地； 完全地； 充分地， 足够地； 很， 相当,adv 好； 妥善地， 有利地； 令人满意地； 完全地； 充分地， 足够地； 很， 相当,/wɛl/,/wel/,Did you sleep well?,你睡得好吗？
en:suitable:adjective:1,suitable,adjective,适当的， 相配的； 合适的， 适宜的,adj 适当的， 相配的； 合适的， 适宜的,/'sutəbl/,/'suːtəbl/,We are hoping to find a suitable school.,我们希望能找到一所合适的学校。
en:magazine:noun:2,magazine,noun,杂志， 期刊,n 杂志， 期刊,/'mæɡəzin/,/'mægəziːn/,a magazine article,杂志中的文章
en:pocket:verb:1,pocket,verb,把…装入口袋,v 把…装入口袋；adj 袖珍的， 小型的；n 衣袋，口袋；容器,/'pɑkɪt/,/'pɒkɪt/,Maggie locked the door and pocketed the keys.,玛吉锁上门，把钥匙放进口袋里。
en:pioneer:verb:1,pioneer,verb,开拓， 开创,v 开拓， 开创；n 先驱者，倡导者,"/,paɪə'nɪr/",/ˌpaɪə'nɪə(r)/,The new cancer treatment was pioneered in the early eighties by Dr Sylvia Bannerjee.,这种新的癌症治疗方法是由西尔维娅·班纳基医生在80年代初期开创的。
en:experiment:verb:2,experiment,verb,进行试验， 做实验,v 进行试验， 做实验；n 实验，试验,/ɪk'sperɪmənt/,/ɪk'sperɪmənt/,The teacher provided some different materials and left the children to experiment.,老师提供了几种不同的材料让孩子们试验。
en:pen:noun:2,pen,noun,钢笔； 圆珠笔； 围栏,n 钢笔； 圆珠笔； 围栏,/pɛn/,/pen/,a ballpoint pen,圆珠笔
en:hate:verb:2,hate,verb,憎恨，不喜欢,v 憎恨，不喜欢；n 厌恶， 憎恨,/het/,/heɪt/,It’s the kind of movie you either love or hate.,这是那种你要么喜欢要么讨厌的电影。
en:block:verb:1,block,verb,阻碍；堵塞,v 阻碍；堵塞；n 大块； 一排房屋； 街区,/blɑk/,/blɒk/,A fallen tree is blocking the road.,一棵倒下的树把路阻断了。
en:write:verb:2,write,verb,[wrote-written] 写， 书写， 写字； 写作， 作曲； 写,v [wrote-written] 写， 书写， 写字； 写作， 作曲； 写,/raɪt/,/raɪt/,"I wrote her several letters , but she didn’t reply.",我给她写了几封信，可是她没有回复。
en:pet:adjective:1,pet,adjective,宠爱的， 表示亲昵的,adj 宠爱的， 表示亲昵的；n 宠物；宠儿,/pɛt/,/pet/,He would not stand by and let his pet project be killed off.,他不会袖手旁观，任由自己钟爱的项目被否决。
en:period:noun:2,period,noun,时间， 时期， 时代； 学时， 课时； 句号， 句点,n 时间， 时期， 时代； 学时， 课时； 句号， 句点,/'pɪrɪəd/,/'pɪəriəd/,Tomorrow’s weather will be dry with sunny periods.,明天天气干燥，间或晴朗。
en:bulb:noun:1,bulb,noun,植物的球茎； 灯泡,n 植物的球茎； 灯泡,/bʌlb/,/bʌlb/,a 100-watt bulb,一个100瓦的灯泡
en:understand:verb:1,understand,verb,[understood-understood] 理解， 懂； 了解， 意识到； 认为， 以为,v [understood-understood] 理解， 懂； 了解， 意识到； 认为， 以为,/'ʌndɚ'stænd/,/ˌʌndə'stænd/,She doesn’t understand English.,她不懂英语。
en:birth:noun:2,birth,noun,出生， 分娩； 出身； 起源， 根源,n 出生， 分娩； 出身； 起源， 根源,/bɝθ/,/bɜːθ/,Congratulations on the birth of your daughter!,恭喜你生了个女儿！
en:dismiss:verb:2,dismiss,verb,不予考虑， 不接受； 解雇， 开除； 解散， 遣散； 驳回， 不受理,v 不予考虑， 不接受； 解雇， 开除； 解散， 遣散； 驳回， 不受理,/dɪs'mɪs/,/dɪs'mɪs/,The government has dismissed criticisms that the country’s health policy is a mess.,有人认为国家医疗政策一塌糊涂，政府对这种批评持否认态度。
en:picnic:verb:1,picnic,verb,"[picnicked-picnicked, picnicking] 去野餐","v [picnicked-picnicked, picnicking] 去野餐；n 野餐",/'pɪknɪk/,/'pɪknɪk/,We picnicked on the beach.,我们在海滩上野餐。
en:heaven:noun:2,heaven,noun,天堂，,n 天堂，,/ˈhɛvən/,/'hevən/,He looked up towards the heavens.,他仰望苍穹。
en:alright:adverb:1,alright,adverb,好， 好吧,adv 好， 好吧,/ɔːl'raɪt/,/ɔːl'raɪt/,Caretaker: You are alright?,看守人：你还好吧？
en:loving:adjective:1,loving,adjective,爱的； 充满爱的； 钟爱的,adj 爱的； 充满爱的； 钟爱的,/'lʌvɪŋ/,/'lʌvɪŋ/,What that child needs is plenty of loving care .,那孩子所需要的是大量的关爱。
en:ever:adverb:2,ever,adverb,在任何时候， 从来； 曾经,adv 在任何时候， 从来； 曾经,/'ɛvɚ/,/'evə(r)/,Nothing ever seems to upset him.,似乎从来没有什么事情会使他烦恼。
en:unhappy:adjective:1,unhappy,adjective,不快乐的； 不幸的， 悲惨的,adj 不快乐的； 不幸的， 悲惨的,/ʌn'hæpi/,/ʌn'hæpi/,"If you’re so unhappy, why don’t you change jobs?",你要是那么不开心，为什么不换个工作呢？
en:million:numeral:1,million,numeral,百万,num 百万,/'mɪljən/,/'mɪljən/,The book sold more than a million copies.,这本书售出了一百多万册。
en:even:adverb:1,even,adverb,甚至；即使,adv 甚至；即使；adj 平的； 均匀的， 平稳的； 相等的， 均衡的； 偶数的,/'ivən/,/'iːvn/,"Most companies have suffered a drop in their profits, even very large companies.",大多数公司的利润都出现下滑，甚至连很大的公司也不例外。
en:crazy:adjective:2,crazy,adjective,精神失常的； 疯狂的； 迷恋的， 狂热爱好的,adj 精神失常的； 疯狂的； 迷恋的， 狂热爱好的,/'krezi/,/'kreɪzi/,The neighbours must think we’re crazy.,邻居一定会认为我们疯了。
en:volleyball:noun:2,volleyball,noun,排球,n 排球,/'vɑlɪbɔl/,/'vɒlibɔːl/,"I have a volleyball , But he one.",我没有排球，但他有一个。
en:coach:noun:2,coach,noun,教练， 指导； 长途公共汽车； 经济,n 教练， 指导； 长途公共汽车； 经济,/kotʃ/,/kəutʃ/,a tennis coach,网球教练
en:southeast:adverb:1,southeast,adverb,向东南,adv 向东南；adj 东南方的， 东南部的， 来自东南的；n 东南，东南,"/,saʊθ'ist/",/ˌsau'θiːst/,"I know we have to go southeast, more or less.",我知道我们大概得往东南方向走。
en:champion:verb:1,champion,verb,拥护,v 拥护；n 冠军；拥护者,/'tʃæmpɪən/,/'tʃæmpiən/,She championed the cause of religious freedom.,她捍卫宗教自由事业。
en:hundred:noun:2,hundred,noun,百，一百个；,n 百，一百个；,/'hʌndrəd/,/'hʌndrəd/,I’m not a hundred percent sure where she lives.,我不能完全确定她住在哪里。
en:pink:adjective:1,pink,adjective,粉红色的，桃红色的,adj 粉红色的，桃红色的；n 粉红色， 桃红色,/pɪŋk/,/pɪŋk/,Hannah’s face went pink.,汉娜的脸上泛起了红晕。
en:wait:verb:2,wait,verb,等，等候；服侍，侍候,v 等，等候；服侍，侍候；n 等待， 等待的时间,/wet/,/weɪt/,Hurry up! Everyone’s waiting.,快点！大家在等着呢。
en:woman:noun:1,woman,noun,成年女子，妇女,n 成年女子，妇女,/'wʊmən/,/'wumən/,I was talking to a woman I met on the flight.,我正和一个在飞机上认识的女子交谈。
en:queen:noun:2,queen,noun,女王， 王后,n 女王， 王后,/kwin/,/kwiːn/,the queen of diamonds,方块Q，方块王后
en:save:verb:2,save,verb,救助，搭救，拯救；储蓄；贮存，保存,v 救助，搭救，拯救；储蓄；贮存，保存；prep 除…之外,/sev/,/seɪv/,Emergency aid could save millions threatened with starvation.,紧急援助可以拯救数百万受到饥饿威胁的人。
en:matter:verb:1,matter,verb,要紧， 有关系,v 要紧， 有关系；n 事情，情况；物质；麻烦事，毛病,/'mætɚ/,/'mætə(r)/,"If I have to stay late at work tonight, it won’t matter because we can go out another night.",如果今晚我必须工作到很晚的话，那也没关系，我们可以改天晚上再出去。
en:ton:noun:2,ton,noun,吨； 大量， 许多,n 吨； 大量， 许多,/tʌn/,/tʌn/,Hundreds of tons of oil spilled into the ocean.,数百吨石油溢出流入大海。
en:conjunction:noun:1,conjunction,noun,联合； 连词,n 联合； 连词,/kən'dʒʌŋkʃən/,/kən'dʒʌŋkʃn/,in conjunction with,连同，共同；与…协力
en:top:noun:2,top,noun,顶， 顶端； 上部， 上端； 首位， 最高位,n 顶， 顶端； 上部， 上端； 首位， 最高位,/tɑp/,/tɒp/,a low wooden table with a glass top,玻璃桌面的矮木桌
en:too:adverb:2,too,adverb,也， 还； 太， 过于； 很， 非常,adv 也， 还； 太， 过于； 很， 非常,/tu/,/tuː/,Do you think the music’s too loud?,你觉得音乐太响了吗？
en:have:verb:1,have,verb,有； 进行， 从事； 享受， 经受； 使， 让； 必须， 不得不,v 有； 进行， 从事； 享受， 经受； 使， 让； 必须， 不得不,/həv;hæv/,/hæv/,Our guests have arrived.,我们的客人到了。
en:documentary:adjective:1,documentary,adjective,文件的，文献的,adj 文件的，文献的；n 纪录片,/'dɑkjə'mɛntri/,/ˌdɒkju'mentri/,documentary films,纪录影片
en:toy:verb:1,toy,verb,漫不经心地考虑； 摆弄,v 漫不经心地考虑； 摆弄；n 玩具,/tɔɪ/,/tɔɪ/,some toys for the baby,宝宝玩的一些玩具
en:product:noun:1,product,noun,产品， 产物； 乘积,n 产品， 产物； 乘积,/'prɑdʌkt/,/'prɒdʌkt/,The London factory assembles the finished product .,伦敦工厂组装成品。
en:famous:adjective:2,famous,adjective,著名的， 出名的,adj 著名的， 出名的,/'feməs/,/'feɪməs/,a famous actor,著名演员
en:question:noun:2,question,noun,问题， 议题； 疑问； 询问； 难题， 需讨论(或考,n 问题， 议题； 疑问； 询问； 难题， 需讨论(或考,/'kwɛstʃən/,/'kwestʃən/,Can I ask you a question?,我能问你个问题吗？
en:peel:verb:1,peel,verb,削…的皮，剥…的壳,v 削…的皮，剥…的壳；n 皮； 外衣,/pil/,/piːl/,Peel and dice the potatoes.,把马铃薯去皮并切成丁。
en:spirit:noun:2,spirit,noun,精神；灵魂，幽灵；勇气，气概；,n 精神；灵魂，幽灵；勇气，气概；,/'spɪrɪt/,/'spɪrɪt/,His spirits were so low (= he was so sad ) that he refused to answer his phone.,他情绪非常低落，连电话也不愿接。
en:cheap:adjective:2,cheap,adjective,便宜的， 廉价的； 劣质的， 低劣的； 卑鄙的， 低级的,adj 便宜的， 廉价的； 劣质的， 低劣的； 卑鄙的， 低级的,/tʃip/,/tʃiːp/,cheap rail fares,便宜的火车票
en:produce:verb:2,produce,verb,生产， 制造； 展现， 出示； 上演， 制作,v 生产， 制造； 展现， 出示； 上演， 制作；n 产品；农产品,/prəˈdus;(for n.)ˈprɒdus; prɑdus/,/prə'djuːs/,New drugs are producing remarkable results .,新药正在产生显著的效果。
en:picture:noun:2,picture,noun,画， 图片， 照片； 描绘； 电影； 头脑中的情景， 印象 v,n 画， 图片， 照片； 描绘； 电影； 头脑中的情景， 印象 v,/'pɪktʃɚ/,/'pɪktʃə(r)/,The room had several pictures on the walls.,那个房间墙上有几幅画。
en:cheat:verb:2,cheat,verb,欺骗，骗取；作弊,v 欺骗，骗取；作弊；n 欺骗， 欺骗行为； 骗子,/tʃit/,/tʃiːt/,He had cheated in the test by using a calculator.,他在考试时作弊，用了计算器。
en:regard:verb:1,regard,verb,把…看作， 认为； 考虑； 注视， 打量； 注意； 尊敬， 尊重,v 把…看作， 认为； 考虑； 注视， 打量； 注意； 尊敬， 尊重,/rɪ'ɡɑrd/,/rɪ'gɑːd/,She stood back and regarded him coldly.,她退后站着，冷冷地看着他。
en:rose:noun:2,rose,noun,玫瑰， 蔷薇,n 玫瑰， 蔷薇,/roz/,/rəuz/,a dozen red roses,一打红玫瑰
en:thousand:numeral:1,thousand,numeral,一千，一千个,num 一千，一千个,/'θaʊznd/,/'θauznd/,a journey of almost a thousand miles,"将近1,000英里的旅程"
en:tonight:adverb:2,tonight,adverb,今晚,adv&n 今晚,/tə'naɪt/,/tə'naɪt/,I think I’ll go to bed early tonight.,我想今晚我会早点上床睡觉。
en:capital:adjective:1,capital,adjective,首要的， 重要的； 死罪的； 大写的,adj 首要的， 重要的； 死罪的； 大写的；n 资本，资金；首都，首府；大写字母,/'kæpɪtl/,/'kæpɪtl/,capital ‘B’,大写的B
en:con:noun:1,con,noun,反对票， 反对论,n 反对票， 反对论,/kɑn/,/kɒn/,Much has been written on the subject pro and con.,对那问题已有很多赞成和反对的文章。
en:almost:adverb:2,almost,adverb,几乎， 差不多,adv 几乎， 差不多,/'ɔlmost/,/'ɔːlməust/,Have you almost finished?,你差不多完成了吗？
en:cow:noun:2,cow,noun,母牛； 奶牛,n 母牛； 奶牛,/kaʊ/,/kau/,a herd of cows,一群牛
en:manner:noun:1,manner,noun,方式，方法；态度，举止；,n 方式，方法；态度，举止；,/'mænɚ/,/'mænə(r)/,He felt some guilt over the manner of her death.,她以这种方式死去，他心里有些内疚。
en:upon:preposition:1,upon,preposition,在…之上,prep 在…之上,/ə'pɑn/,/ə'pɒn/,an honour bestowed upon the association,授予该协会的荣誉
en:lab:noun:2,lab,noun,实验室,n 实验室,/læb/,/læb/,the school science lab,学校的科学实验室
en:pie:noun:2,pie,noun,派， 馅饼,n 派， 馅饼,/paɪ/,/paɪ/,I had a steak and kidney pie with chips.,我吃了一份牛肉腰子馅饼加薯条。
en:wake:verb:1,wake,verb,[woke-waken] 醒来， 唤醒； 激起， 唤起； 警觉， 振奋,v [woke-waken] 醒来， 唤醒； 激起， 唤起； 警觉， 振奋,/wek/,/weɪk/,"When she woke, the sun was streaming through the windows.",她醒来时，阳光泻入窗内。
en:charity:noun:1,charity,noun,慈善， 施舍； 慈善机构,n 慈善， 施舍； 慈善机构,/'tʃærəti/,/'tʃærəti/,Several charities sent aid to the flood victims.,有几家慈善机构已向洪灾灾民送去了救援物资。
en:whether:conjunction:2,whether,conjunction,是否， 会不会； 不管， 无论,conj 是否， 会不会； 不管， 无论,/'wɛðɚ/,/'weðə(r)/,Maurice asked me whether I needed any help.,莫里斯问我是否需要帮助。
en:raise:verb:2,raise,verb,举起， 提高； 增加； 筹集， 征集； 唤起， 引起， 激起； 提出； 养育， 饲养， 种植,v 举起， 提高； 增加； 筹集， 征集； 唤起， 引起， 激起； 提出； 养育， 饲养， 种植,/rez/,/reɪz/,Can you raise the lamp so I can see?,你能把灯举高点好让我看清吗？
en:west:adjective:1,west,adjective,西方的， 西部的， 来自西方,adj 西方的， 西部的， 来自西方；n 西，西方，西部,/wɛst/,/west/,the west door of the church,教堂的西门
en:spoon:verb:1,spoon,verb,用匙舀,v 用匙舀；n 匙，勺，调羹,/spun/,/spuːn/,He spooned instant coffee into two of the mugs.,他用勺把速溶咖啡舀进了两个杯子里。
en:quite:adverb:2,quite,adverb,相当， 颇； 实际上， 真正地； 完全， 十分,adv 相当， 颇； 实际上， 真正地； 完全， 十分,/kwaɪt/,/kwaɪt/,I felt quite bitter about it at the time.,当时我对此感到相当痛苦。
en:lap:noun:1,lap,noun,腰以下到膝为止的大腿部； 一圈； 一段旅程,n 腰以下到膝为止的大腿部； 一圈； 一段旅程,/læp/,/læp/,Rubens Barrichello finished a lap ahead of his team-mate.,鲁本斯·巴里切罗领先队友一圈跑完全程。
en:tower:verb:1,tower,verb,高于， 优于,v 高于， 优于；n 塔；高楼,/'taʊɚ/,/'tauə(r)/,the Eiffel Tower,埃菲尔铁塔
en:traffic:verb:1,traffic,verb,交易,v 交易；n 流动的车辆或行人，交通；交易,/'træfɪk/,/'træfɪk/,The traffic accident had nothing to do with him.,这交通事故和他一点关系也没有。
en:law:noun:2,law,noun,法律， 法规； 法学； 律师行业； 规律， 法则,n 法律， 法规； 法学； 律师行业； 规律， 法则,/lɔ/,/lɔː/,Elected officials ought to obey the law.,民选官员理应遵守法律。
en:everyone:pronoun:2,everyone,pronoun,每人， 人人， 各人,pron 每人， 人人， 各人,/'ɛvrɪwʌn/,/'evriwʌn/,"If everyone is ready, I’ll begin.",如果大家都准备好了，我就开始。
en:lay:verb:2,lay,verb,放置， 放下； 铺， 砌； 下， 产； 设置， 布置； 使处于,v 放置， 放下； 铺， 砌； 下， 产； 设置， 布置； 使处于,/le/,/leɪ/,He laid his hand on my shoulder.,他把一只手搭在我的肩上。
en:plenty:noun:2,plenty,noun,丰富， 充足， 大量,n 丰富， 充足， 大量,/'plɛnti/,/'plenti/,a land of plenty,一片富饶的土地
en:less:adverb:1,less,adverb,更少地， 更小地,adv 更少地， 更小地；adj 更少的，更小的,/lɛs/,/les/,Maybe he would worry less if he understood the situation.,他要是了解情况，也许就不会那么担心了。
en:tutor:verb:1,tutor,verb,辅导,v 辅导；n 导师；家庭教师,/'tʊtɚ/,/'tjuːtə(r)/,He was privately tutored.,他是由家庭教师教的。
en:girlfriend:noun:1,girlfriend,noun,女朋友； 女性朋友,n 女朋友； 女性朋友,/'ɡɝlfrɛnd/,/'gɜːlfrend/,He’s never had a girlfriend.,他从来没有交过女朋友。
en:condition:verb:1,condition,verb,训练， 使适应； 对…有重要影响,v 训练， 使适应； 对…有重要影响；n 状况，状态；,/kən'dɪʃən/,/kən'dɪʃn/,People are conditioned by society.,人们受到社会的影响。
en:thirsty:adjective:2,thirsty,adjective,口渴的； 渴望的， 渴求的,adj 口渴的； 渴望的， 渴求的,/'θɝsti/,/'θɜːsti/,Can I have a glass of water? I’m really thirsty.,我能喝一杯水吗？ 我太渴了。
en:improve:verb:2,improve,verb,改进， 改善,v 改进， 改善,/ɪm'pruv/,/ɪm'pruːv/,a course for students wishing to improve their English,为想提高英语水平的学生开设的一门课
en:snow:verb:1,snow,verb,下雪； 用雪覆盖,v 下雪； 用雪覆盖；n 雪,/sno/,/snəu/,It snowed all night.,下了一整夜雪。
en:try:verb:2,try,verb,试图， 努力； 试验， 试用； 审讯， 审理； 考验， 磨炼,v 试图， 努力； 试验， 试用； 审讯， 审理； 考验， 磨炼,/traɪ/,/traɪ/,Let’s have a rest and then we’ll try again.,我们休息一下，然后再试。
en:lake:noun:2,lake,noun,湖,n 湖,/lek/,/leɪk/,Lake Michigan,密歇根湖
en:chicken:noun:2,chicken,noun,小鸡； 鸡肉,n 小鸡； 鸡肉,/ˈtʃɪkɪn/,/'tʃɪkɪn/,roast chicken,烤鸡
en:bush:noun:1,bush,noun,灌木， 灌木丛,n 灌木， 灌木丛,,/buʃ/,a rose bush,玫瑰丛
en:university:noun:2,university,noun,大学,n 大学,"/,junɪ'vɝsəti/",/ˌjuːnɪ'vɜːsəti/,Why do you go to university?,你为什么上大学呢？
en:fruit:noun:2,fruit,noun,水果， 果实； 成果， 结果,n 水果， 果实； 成果， 结果,/frut/,/fruːt/,Try to eat plenty of fresh fruit .,尽量多吃新鲜水果。
en:cause:verb:1,cause,verb,使发生， 引起； 使遭受； 给…带来,v 使发生， 引起； 使遭受； 给…带来；n 原因，理由,/kɔz/,/kɔːz/,Heavy traffic is causing delays on the freeway.,交通拥挤使高速公路通行不畅。
en:wound:verb:1,wound,verb,使受伤， 伤害,v 使受伤， 伤害；n 创伤，伤口,/wund/,/wʊːnd/,A nurse cleaned and bandaged the wound.,护士把伤口清洗包扎好。
en:teacher:noun:2,teacher,noun,教师,n 教师,/'titʃɚ/,/'tiːtʃə(r)/,a primary school teacher,小学教师
en:twentieth:numeral:1,twentieth,numeral,第二十,num 第二十；n 二十分之一,/ˈtwɛntɪɪθ/,/'twentiθ/,He came in twentieth.,他得了第二十名。
en:design:verb:1,design,verb,设计； 预订， 指定； 谋划， 构思,v 设计； 预订， 指定； 谋划， 构思；n 设计，构想；图样，图案；企图，图谋,/dɪ'zaɪn/,/dɪ'zaɪn/,The tower was designed by Gilbert Scott.,这座塔楼是吉尔伯特·斯科特设计的。
en:extra:adverb:1,extra,adverb,特别地,adv 特别地；adj 额外的；特别的；n 额外的事物， 另外收费的事物,/'ɛkstrə/,/'ekstrə/,You’re going to have to work extra hard to pass the exam.,你要格外用功才能通过考试。
en:busy:adjective:2,busy,adjective,忙的； 专心的； 繁忙的， 热闹的； 正在被占用的,adj 忙的； 专心的； 繁忙的， 热闹的； 正在被占用的,/ˈbɪzɪ/,/'bɪzi/,She’s busy now – can you phone later?,她现在正忙，你稍后打来好吗？
en:land:verb:1,land,verb,靠岸， 登陆； 降落,v 靠岸， 登陆； 降落；n 陆地，地面；土地，田地；国家，国土,/lænd/,/lænd/,Flight 846 landed five minutes ago.,846次航班五分钟之前降落了。
en:department:noun:1,department,noun,部， 局， 处， 科； 系,n 部， 局， 处， 科； 系,/dɪ'pɑrtmənt/,/dɪ'pɑːtmənt/,the personnel department,人事部
en:floor:noun:2,floor,noun,地面， 地板； 楼层； 发言权； (海,n 地面， 地板； 楼层； 发言权； (海,/flɔr/,/flɔː(r)/,a polished wooden floor,上过蜡的木地板
en:exhibition:noun:1,exhibition,noun,展览,n 展览,/ˌɛksəˈbɪʃən/,/ˌeksɪ'bɪʃn/,...an exhibition of expressionist art.,…一场印象主义艺术展览会。
en:burn:verb:1,burn,verb,[burnt/burned-burnt/burned] 燃烧， 点燃；,v [burnt/burned-burnt/burned] 燃烧， 点燃；,/bɝn/,/bɜːn/,The boiler burns oil to produce heat.,锅炉烧油产生热量。
en:modern:adjective:2,modern,adjective,现代的， 新式的,adj 现代的， 新式的,/'mɑdɚn/,/'mɒdn/,Such companies must change if they are to compete in the modern world .,此类公司如果想在现代社会中与别人竞争，就必须有所改变。
en:lamp:noun:2,lamp,noun,灯,n 灯,/læmp/,/læmp/,She switched on the bedside lamp.,她打开了床头灯。
en:cry:verb:2,cry,verb,哭，哭泣；叫喊，鸣，叫；大声地说,v 哭，哭泣；叫喊，鸣，叫；大声地说；n 哭； 哭声； 叫喊； 叫声,/kraɪ/,/kraɪ/,"Don’t cry, Laura. It’ll be OK.",不要哭，劳拉，没事的。
en:doctor:noun:1,doctor,noun,医生； 博士,n 医生； 博士,/'dɑktɚ/,/'dɒktə(r)/,She was treated by her local doctor.,她由她的本区医生治疗。
en:english:adjective:2,English,adjective,英语的； 英国的,adj 英语的； 英国的；n 英语,/'ɪŋɡlɪʃ/,/'ɪŋglɪʃ/,the English countryside,英格兰乡村
en:obey:verb:1,obey,verb,服从， 听从,v 服从， 听从,/ə'be/,/ə'beɪ/,The little boy made no effort to obey.,这小男孩不肯服从。
en:lamb:noun:2,lamb,noun,羔羊， 小羊； 羔羊肉,n 羔羊， 小羊； 羔羊肉,/læm/,/læm/,roast lamb,烤羊肉
en:fantastic:adjective:2,fantastic,adjective,极好的， 极出色的； 了不起的； 异想天开的， 不实际的； 奇异的， 古怪的,adj 极好的， 极出色的； 了不起的； 异想天开的， 不实际的； 奇异的， 古怪的,/fæn'tæstɪk/,/fæn'tæstɪk/,You look fantastic!,你看上去棒极了！
en:unfamiliar:adjective:1,unfamiliar,adjective,不熟悉的,adj 不熟悉的,"/,ʌnfə'mɪlɪɚ/",/ˌʌnfə'mɪliə(r)/,a crowd of unfamiliar faces,一群陌生的面孔
en:spoken:adjective:1,spoken,adjective,口头的， 口语的,adj 口头的， 口语的,/'spokən/,/'spəukən/,How do you think of your proficiency in written and spoken English?,你认为你的书面英语和口头英语熟练程度如何？
en:tidy:adjective:2,tidy,adjective,整洁的，整齐的,adj 整洁的，整齐的；v 整洁， 整齐,/'taɪdi/,/'taɪdi/,a tidy desk,整洁的书桌
en:wall:verb:1,wall,verb,筑墙围住， 用墙隔开,v 筑墙围住， 用墙隔开；n 墙，壁，围墙,/wɔl/,/wɔːl/,the Great Wall of China,中国的长城
en:sport:verb:1,sport,verb,炫耀， 卖弄,v 炫耀， 卖弄；n 运动；,/spɔrt/,/spɔːt/,Eric was sporting a new camelhair coat.,埃里克得意地穿了一件新的驼绒大衣。
en:walk:verb:1,walk,verb,步行， 散步； 陪…走， 护送…走,v 步行， 散步； 陪…走， 护送…走,/wɔk/,/wɔːk/,‘How did you get here?’ ‘We walked.’,“你们是怎么来这里的？”“我们是步行来的。”
en:marry:verb:2,marry,verb,娶， 嫁， 和…结婚,v 娶， 嫁， 和…结婚,/'mæri/,/'mæri/,He married Bea in 1925.,他在1925年娶了贝亚。
en:concert:noun:2,concert,noun,音乐会， 演奏会,n 音乐会， 演奏会,/'kɑnsɚt/,/'kɒnsɜːt/,a rock concert,摇滚音乐会
en:pity:noun:2,pity,noun,同情， 怜悯； 可惜， 遗憾,n&v 同情， 怜悯； 可惜， 遗憾,/'pɪti/,/'pɪti/,It’s a great pity Joyce wasn’t invited.,乔伊斯没有受到邀请太遗憾了。
en:discussion:noun:2,discussion,noun,讨论， 谈论,n 讨论， 谈论,/dɪ'skʌʃən/,/dɪ'skʌʃn/,class discussions,课堂讨论
en:supply:verb:1,supply,verb,供给， 供应； 满足， 弥补,v 供给， 供应； 满足， 弥补；n 供给，供应；存货，必需品,/sə'plaɪ/,/sə'plaɪ/,Paint for the project was supplied by the city.,该项目所用油漆由市政府提供。
en:unimportant:adjective:1,unimportant,adjective,不重要的， 琐碎的,adj 不重要的， 琐碎的,/'ʌnɪm'pɔrtnt/,/ˌʌnɪm'pɔːtnt/,unimportant details,无关紧要的细枝末节
en:leg:noun:2,leg,noun,腿， 腿部； 腿， 支柱,n 腿， 腿部； 腿， 支柱,/lɛɡ/,/leg/,a young boy with skinny legs,双腿干瘦的小男孩
en:beautiful:adjective:2,beautiful,adjective,美丽的； 完美的； 出色的,adj 美丽的； 完美的； 出色的,/'bjʊtəfəl/,/'bjuːtɪfl/,She was even more beautiful than I had remembered.,她比我记忆中更美。
en:recycle:verb:1,recycle,verb,回收利用， 再应用,v 回收利用， 再应用,"/,ri'saɪkl/",/ˌriː'saɪkl/,We take all our bottles to be recycled.,我们把我们所有的瓶子都回收利用。
en:let:verb:1,let,verb,[let-let] 允许， 让； 假设； 出租； 排放,v [let-let] 允许， 让； 假设； 出租； 排放,/lɛt/,/let/,I can’t come out tonight – my dad won’t let me.,今天晚上我不能出来，我爸爸不允许。
en:state:verb:1,state,verb,陈述， 说明,v 陈述， 说明；n 状态，情况；国家，政府；州,/stet/,/steɪt/,Please state your name and address.,请说出你的姓名和地址。
en:press:verb:1,press,verb,压， 按， 挤； 压榨， 压迫； 催促， 逼迫,v 压， 按， 挤； 压榨， 压迫； 催促， 逼迫；n 报刊，报界，新闻界；出版社；压，按,/prɛs/,/pres/,Manville kept his back pressed flat against the wall.,曼维尔后背紧紧地贴在墙上。
en:welcome:verb:1,welcome,verb,迎接，欢迎〔刚到达的人〕,v 迎接，欢迎〔刚到达的人〕；adj 〔某人〕受欢迎的；n 欢迎，迎接；interjection 欢迎〔用于对刚刚到达的人表示欢迎〕,/ˈwɛlkəm/,/'welkəm/,I must be there to welcome my guests.,我必须在那里迎接我的客人。
en:meeting:noun:2,meeting,noun,会议， 集会； 会合， 相会； 运动会,n 会议， 集会； 会合， 相会； 运动会,/'mitɪŋ/,/'miːtɪŋ/,We’re having a meeting next week to discuss the matter.,我们下周将开会讨论此事。
en:want:verb:2,want,verb,想要； 希望； 需要,v 想要； 希望； 需要,/wɔ:nt; wɔnt/,/wɒnt/,I really want a drink.,我很想喝一杯。
en:africa:noun:1,Africa,noun,非洲,n 非洲,/ˈæfrɪkə/,/'æfrikə/,Can you tell us something about your experiences in Africa?,你能告诉我们一些有关你在非洲的经历吗？
en:opposite:adjective:1,opposite,adjective,对面的，对立的，相反的,adj 对面的，对立的，相反的；n 对立面； 对立物,/ˈɑpəzɪt; ˈɑpəsɪt/,/'ɒpəzɪt/,"I thought the medicine would make him sleep, but it had the opposite effect.",我以为这药会让他睡觉，但是它却起了反作用。
en:pack:verb:1,pack,verb,捆扎， 打包； 挤在一起； 塞满,v 捆扎， 打包； 挤在一起； 塞满,/pæk/,/pæk/,I forgot to pack my razor.,我忘记把剃须刀放入行李包了。
en:each:pronoun:1,each,pronoun,各个， 每个,pron&adv 各个， 每个,/itʃ/,/iːtʃ/,"The children were given one each, handed to them or placed on their plates.",孩子们每人给一个，递给他们或者放在他们的盘子里。
en:bamboo:noun:2,bamboo,noun,竹， 竹子,n 竹， 竹子,"/,bæm'bu/",/ˌbæm'buː/,...huts with walls of bamboo.,…竹墙小屋。
en:mr.:noun:1,Mr.,noun,先生,n 先生,,/'mɪstə(r)/,...Mr. Grant.,…格兰特先生。
en:difference:noun:2,difference,noun,差别， 差异； 差， 差额； 分歧,n 差别， 差异； 差， 差额； 分歧,/'dɪfrəns/,/'dɪfrəns/,(= there’s a very big difference ) between us.,我们之间有着天壤之别。
en:offend:verb:1,offend,verb,冒犯， 得罪； 伤害…的感情； 使厌恶， 使不舒服； 违犯， 违反,v 冒犯， 得罪； 伤害…的感情； 使厌恶， 使不舒服； 违犯， 违反,/ə'fɛnd/,/ə'fend/,His remarks deeply offended many Scottish people.,他的话严重冒犯了许多苏格兰人。
en:circle:verb:1,circle,verb,围着， 圈出； 环绕…移动； 盘旋， 环行,v 围着， 圈出； 环绕…移动； 盘旋， 环行；n 圆，圆圈；圈子，界；阶层,/'sɝkl/,/'sɜːkl/,The plane circled the airport before landing.,飞机着陆前在机场上空盘旋。
en:thirty:numeral:1,thirty,numeral,三十， 三十个,num 三十， 三十个,/'θɝti/,/'θɜːti/,"In the thirties, air travel really began to take off.",在30年代，乘飞机旅行迅速流行了起来。
en:cup:noun:2,cup,noun,杯子； 杯； 奖杯,n 杯子； 杯； 奖杯,/kʌp/,/kʌp/,Mathew picked up the cup and sipped his coffee.,马修拿起杯子抿了口咖啡。
en:polite:adjective:2,polite,adjective,有礼貌的， 客气的； 有教养的， 文雅的,adj 有礼貌的， 客气的； 有教养的， 文雅的,/pə'laɪt/,/pə'laɪt/,She’s always very polite.,她总是很有礼貌。
en:cut:verb:1,cut,verb,"[cut-cut, cutting] 切， 剪； 修剪， 剪短； 割破， 划破； 减少， 削减； 中断， 停止","v [cut-cut, cutting] 切， 剪； 修剪， 剪短； 割破， 划破； 减少， 削减； 中断， 停止",/kʌt/,/kʌt/,They’re introducing CCTV cameras in an attempt to cut street crime in the area.,为了减少该地区的街头犯罪，他们安装了闭路电视摄像机。
en:probably:adverb:1,probably,adverb,大概， 或许， 很可能,adv 大概， 或许， 很可能,/'prɑbəbli/,/'prɒbəbli/,The White House probably won't make this plan public until July.,白宫可能要到7月份才会公布这项计划。
en:entertainment:noun:1,entertainment,noun,娱乐； 表演会； 招待， 款待,n 娱乐； 表演会； 招待， 款待,/ˌɛntɚ'tenmənt/,/ˌentə'teɪnmənt/,the entertainment of friends,招待朋友
en:battery:noun:1,battery,noun,电池， 蓄电池； 排炮， 炮组； 一系列， 一套,n 电池， 蓄电池； 排炮， 炮组； 一系列， 一套,/'bæt(ə)rɪ/,/'bætri/,You have to take the top off to change the batteries .,你得把顶盖拿掉才能更换电池。
en:prize:adjective:1,prize,adjective,第一流的，了不起的,adj 第一流的，了不起的；v 珍视，；n 奖赏，奖金，奖品；值得追求的东西,/praɪz/,/praɪz/,He has spent months cultivating what he hopes are prize flowers.,他花了几个月培育他认为有望获奖的花卉品种。
en:two:numeral:1,two,numeral,二，两个,num 二，两个；n 两个,/tu/,/tuː/,I’ll be away for almost two weeks.,我要离开差不多两周时间。
en:chase:verb:1,chase,verb,追捕； 追求； 寻求,v 追捕； 追求； 寻求,,/tʃeɪs/,The dogs saw him running and chased him.,那些狗看到他在跑就追他。
en:accident:noun:2,accident,noun,意外遭遇， 事故,n 意外遭遇， 事故,/'æksədənt/,/'æksɪdənt/,Ken had an accident at work and had to go to hospital.,肯在工作中出了事故，不得不去医院。
en:anyway:adverb:2,anyway,adverb,不管怎么说， 无论如何； 不论以何种方式， 无论从什么角度,adv 不管怎么说， 无论如何； 不论以何种方式， 无论从什么角度,/'ɛnɪ'we/,/'eniweɪ/,"Catherine wasn’t sure the book was the right one, but she bought it anyway.",凯瑟琳不能确定就是这本书，但她还是买了。
en:pop:verb:1,pop,verb,突然[出人意料]地从〔某物〕中出来，蹦出，离开，脱落,v 突然[出人意料]地从〔某物〕中出来，蹦出，离开，脱落；n 流行音乐，流行歌曲,/pɑp/,/pɒp/,The lid popped open and juice spilled all over the floor.,盖子噗的一声弹开，果汁溅了一地。
en:found:verb:1,found,verb,创立， 创办， 创建,v 创立， 创办， 创建,/faʊnd/,/faund/,"Founded in 1935 in Ohio, Alcoholics Anonymous is now a world-wide organization.",嗜酒者互诫协会1935年创立于俄亥俄州，现在是一个世界性的组织。
en:excuse:verb:1,excuse,verb,原谅， 宽恕； 使免除； 为…辩解， 作为开脱…的理由,v 原谅， 宽恕； 使免除； 为…辩解， 作为开脱…的理由,/ɪkˈskjus; ɪkˈskjuz/,/ɪk'skjuːz/,"I’ll excuse you this time, but don’t be late again.",这次我原谅你，但别再迟到了。
en:shout:verb:2,shout,verb,呼喊，呼叫,v 呼喊，呼叫；n 呼喊， 喊叫声,/ʃaʊt/,/ʃaut/,There’s no need to shout! I can hear you!,用不着大声喊叫！我听得见！
en:kitchen:noun:2,kitchen,noun,厨房； 炊具,n 厨房； 炊具,/'kɪtʃɪn/,/'kɪtʃɪn/,Sam went into the kitchen to make a pot of tea.,萨姆走进厨房去沏一壶茶。
en:escape:verb:1,escape,verb,逃脱，逃走；避免，躲避,v 逃脱，逃走；避免，躲避；n 逃脱， 逃跑； 逃避,/ɪˈskep/,/ɪ'skeɪp/,He broke down the locked door and escaped.,他砸开上锁的门，逃走了。
en:funny:adjective:2,funny,adjective,有趣的， 可笑的,adj 有趣的， 可笑的,/'fʌni/,/'fʌni/,the funniest man in Britain,英国最滑稽的男人
en:situation:noun:2,situation,noun,形势， 局面， 处境； 环境， 状况； 位置， 地点， 场所； 职位， 职务,n 形势， 局面， 处境； 环境， 状况； 位置， 地点， 场所； 职位， 职务,/ˌsɪtʃʊˈeʃən/,/ˌsɪtʃu'eɪʃn/,I explained the situation to everyone.,我向大家介绍了一下情况。
en:latest:adjective:1,latest,adjective,最近的,adj 最近的,/'letɪst/,/'leɪtɪst/,all the latest gossip,最近所有的流言蜚语
en:think:verb:1,think,verb,想，认为，以为,v 想，认为，以为,/θɪŋk/,/θɪŋk/,I thought I heard something.,我觉得我听到了什么声音。
en:receive:verb:2,receive,verb,收到， 接到； 受到， 遭到； 接待； 接见； 欢迎,v 收到， 接到； 受到， 遭到； 接待； 接见； 欢迎,/rɪ'siv/,/rɪ'siːv/,All the children will receive a small gift.,每个孩子都会收到一份小礼物。
en:team:verb:1,team,verb,合作； 结成一队,v 合作； 结成一队；n 队，组,/tim/,/tiːm/,Which team do you support?,你支持哪个队？
en:tragedy:noun:1,tragedy,noun,惨事， 灾难； 悲剧,n 惨事， 灾难； 悲剧,/'trædʒədi/,/'trædʒədi/,The tragedy happened as they were returning home from a night out.,悲剧发生在他们夜里外出归来的路上。
en:watch:verb:2,watch,verb,注视，观看；看守，监视，照看；小心，当心,v 注视，观看；看守，监视，照看；小心，当心；n 表； 看管， 监视,/wɑtʃ/,/wɒtʃ/,Do you mind if I watch?,你介意我看着吗？
en:speech:noun:2,speech,noun,讲话， 演说； 言语， 言论； 说话方式,n 讲话， 演说； 言语， 言论； 说话方式,/spitʃ/,/spiːtʃ/,He has to make a lot of after-dinner speeches .,他经常要发表席后演说。
en:clap:noun:1,clap,noun,"[clapped-clapped, clapping] 拍手， 鼓掌","n&v [clapped-clapped, clapping] 拍手， 鼓掌",/klæp/,/klæp/,"One man began to clap, and others joined in.",一个人鼓起了掌，其他人也跟着鼓掌。
en:purple:noun:1,purple,noun,紫色,n&adj 紫色,/'pɝpl/,/'pɜːpl/,His face turned purple with rage.,他气得脸色发紫。
en:nice:adjective:2,nice,adjective,好的； 令人愉快的； 友好的， 好心的； 细致的,adj 好的； 令人愉快的； 友好的， 好心的； 细致的,/naɪs/,/naɪs/,They’ve got a very nice house.,他们的房子真漂亮。
en:jew:noun:1,Jew,noun,犹太人； 犹太教徒,n 犹太人； 犹太教徒,/dʒu:/,/dʒuː/,"The disciple was a Jew . ""What good work shall I do to be acceptable to God ""?",一个犹太人门徒问：“我应该做什么样工作才能让上帝接受?”（合上帝之意?。
en:thing:noun:2,thing,noun,事， 事情， 事件； 物， 东西； 局面， 情况， 事态； 所有物， 用品,n 事， 事情， 事件； 物， 东西； 局面， 情况， 事态； 所有物， 用品,/θɪŋ/,/θɪŋ/,What’s that red thing?,那个红色的东西是什么？
en:fashion:noun:1,fashion,noun,流行款式， 时兴式样； 时尚， 时兴,n 流行款式， 时兴式样； 时尚， 时兴,/'fæʃən/,/'fæʃn/,Young people are very concerned with fashion,年轻人很关注时尚。
en:medical:adjective:2,medical,adjective,医学的， 医疗的,adj 医学的， 医疗的,/'mɛdɪkl/,/'medɪkl/,medical research,医学研究
en:friendship:noun:2,friendship,noun,友谊， 友好,n 友谊， 友好,/'frɛndʃɪp/,/'frendʃɪp/,her close friendship with her aunt,她与姑母的亲密友谊
en:till:preposition:1,till,preposition,直到,prep&conj 直到,/tɪl/,/tɪl/,I didn’t have a boyfriend till I was 17.,我直到17岁才有男朋友。
en:fridge:noun:2,fridge,noun,电冰箱,n 电冰箱,/frɪdʒ/,/frɪdʒ/,"No, but a fridge and a stove.",没有，但有一台冰箱和一个电炉。
en:lie:verb:2,lie,verb,"[lay-lain, lying] 躺， 平放； 位于； 处于(某种状","v [lay-lain, lying] 躺， 平放； 位于； 处于(某种状",,/laɪ/,The town lies in a small wooded valley.,该城镇坐落于一个林木茂盛的山谷中。
en:anymore:adverb:1,anymore,adverb,再， 更， 还； 目前， 现在， 今后,adv 再， 更， 还； 目前， 现在， 今后,/ɛnɪ'mɔr/,/'eniˌmɒ:(r)/,Nick doesn’t live here anymore.,尼克不再住在这里了。
en:smell:noun:1,smell,noun,气味,n 气味；v 闻出，闻到，嗅到,/smɛl/,/smel/,What’s that horrible smell?,是什么味道，这么难闻？
en:unable:adjective:1,unable,adjective,不能的， 不会的,adj 不能的， 不会的,/ʌn'ebl/,/ʌn'eɪbl/,The military may feel unable to hand over power to a civilian president next year.,军方可能觉得无法在明年把政权移交给一位民选总统。
en:late:adjective:2,late,adjective,迟的， 晚的； 末期的， 晚期的； 最近的， 新近的； 已故的； 以前的,adj 迟的， 晚的； 末期的， 晚期的； 最近的， 新近的； 已故的； 以前的,/let/,/leɪt/,Sorry I’m late – I overslept.,对不起，来晚了——我睡过头了。
en:ham:noun:2,ham,noun,火腿,n 火腿,/hæm/,/hæm/,a ham sandwich,火腿三明治
en:school:noun:2,school,noun,学校； 学院， 系； 学业， 上课； 学派， 流派,n 学校； 学院， 系； 学业， 上课； 学派， 流派,/skul/,/skuːl/,His mother always used to pick him up from school.,他母亲以前一直去学校接他。
en:continue:verb:2,continue,verb,继续； 延续； 延伸,v 继续； 延续； 延伸,/kən'tɪnju/,/kən'tɪnjuː/,He will be continuing his education in the US.,他将在美国继续求学。
en:avenue:noun:1,avenue,noun,林荫道； 道路， 大街,n 林荫道； 道路， 大街,/'ævənu/,/'ævənjuː/,Fifth Avenue,第五大街
en:hat:noun:2,hat,noun,帽子,n 帽子,/hæt/,/hæt/,Maria was wearing a beautiful new hat.,玛丽亚戴着一顶漂亮的新帽子。
en:shoot:verb:1,shoot,verb,[shot-shot] 发射， 射击； 投， 射门， 投篮； 拍摄； 射杀， 射伤； 发芽,v [shot-shot] 发射， 射击； 投， 射门， 投篮； 拍摄； 射杀， 射伤； 发芽,/ʃut/,/ʃuːt/,Police shot one suspect when he pulled a gun on them.,警方在一名嫌疑人拔枪指着他们时击毙了他。
en:realize:verb:1,realize,verb,认识到； 了解； 实现,v 认识到； 了解； 实现,/ˈriəˌlaɪz/,/'riːəlaɪz/,"As soon as we realized something was wrong, we moved the children away.",我们一意识到出了问题，就立即把孩子们转移开了。
en:chest:noun:2,chest,noun,胸， 胸腔； 柜子， 橱,n 胸， 胸腔； 柜子， 橱,/tʃɛst/,/tʃest/,Her heart was pounding in her chest.,她的心在胸口怦怦直跳。
en:eastern:adjective:1,eastern,adjective,东方的， 东部的,adj 东方的， 东部的,/'istɚn/,/'iːstən/,the eastern shore of the island,岛的东岸
en:chess:noun:2,chess,noun,国际象棋， 棋,n 国际象棋， 棋,/tʃɛs/,/tʃes/,They meet fairly often to play chess .,他们经常在一起下国际象棋。
en:marathon:noun:1,marathon,noun,马拉松长跑； 持久比赛； 〈喻〉拖时长久令人,n 马拉松长跑； 持久比赛； 〈喻〉拖时长久令人,"/'mærə,θɑn/",/'mærəθən/,the Boston Marathon,波士顿马拉松赛
en:last:adjective:1,last,adjective,刚过去的， 紧接前面的； 最后的， 最后剩下的； 最不可能的， 最不合适,adj 刚过去的， 紧接前面的； 最后的， 最后剩下的； 最不可能的， 最不合适,/læst/,/lɑːst/,Much has changed since my last visit.,自我上次来访后，变化很大。
en:wash:verb:1,wash,verb,洗， 洗去； 冲， 冲掉； 洗衣， 洗脸,v 洗， 洗去； 冲， 冲掉； 洗衣， 洗脸,/wɔʃ/,/wɒʃ/,This shirt needs washing.,这件衬衫该洗洗了。
en:doubt:verb:1,doubt,verb,怀疑， 不相信,v 怀疑， 不相信；n 疑惑，怀疑,/daʊt/,/daut/,Kim never doubted his story.,金对于他讲的事情从不怀疑。
en:weight:noun:2,weight,noun,重量， 体重； 砝码， 秤砣； 重压， 负担； 重要性， 重大,n 重量， 体重； 砝码， 秤砣； 重压， 负担； 重要性， 重大,/wet/,/weɪt/,The average weight of a baby at birth is just over seven pounds.,婴儿的平均出生体重是七磅多一点。
en:jacket:noun:2,jacket,noun,短上衣， 夹克,n 短上衣， 夹克,/'dʒækɪt/,/'dʒækɪt/,Gene has to wear a jacket and tie to work.,吉恩上班得穿西装打领带。
en:uncomfortable:adjective:1,uncomfortable,adjective,不舒服的； 不舒适的； 感到不安的， 不自在的,adj 不舒服的； 不舒适的； 感到不安的， 不自在的,/ʌn'kʌmftəbl/,/ʌn'kʌmftəbl/,This sofa is so uncomfortable.,这张沙发太不舒服了。
en:develop:verb:2,develop,verb,发展； 开发； 研制； 成长； 患； 详尽阐述， 发挥； 使显影,v 发展； 开发； 研制； 成长； 患； 详尽阐述， 发挥； 使显影,/dɪ'vɛləp/,/dɪ'veləp/,Knowledge in the field of genetics has been developing very rapidly.,遗传学领域的知识发展非常迅速。
en:pro:noun:1,pro,noun,〔相对于业余爱好者而言的〕专业人士，职业人员〔尤指职业运动员〕,n 〔相对于业余爱好者而言的〕专业人士，职业人员〔尤指职业运动员〕；adj 职业性的；专业的；prep 赞成的，支持的,/pro/,/prəu/,a tennis pro,职业网球运动员
en:warn:verb:2,warn,verb,警告， 告诫； 注意， 通知,v 警告， 告诫； 注意， 通知,/wɔrn/,/wɔːn/,"‘Be careful, the rocks are slippery,’ Alex warned.",“小心，岩石很滑。”亚历克斯提醒说。
en:warm:adjective:2,warm,adjective,温暖的， 暖和的； 热情的， 热心的； 暖的,adj 温暖的， 暖和的； 热情的， 热心的； 暖的,/wɔrm/,/wɔːm/,The house was lovely and warm.,那房子漂亮温暖。
en:district:noun:1,district,noun,地区， 区域； 管区， 行政区,n 地区， 区域； 管区， 行政区,/'dɪstrɪkt/,/'dɪstrɪkt/,a postal district,邮政区
en:chalk:noun:1,chalk,noun,粉笔,n 粉笔,/tʃɔk/,/tʃɔːk/,a box of coloured chalks,一盒彩色粉笔
en:page:noun:2,page,noun,页， 张,n 页， 张,,/peɪdʒ/,The full address is given on page 15.,详细地址见第15页。
en:swim:verb:1,swim,verb,游水，游泳,v 游水，游泳；n 游泳,/swɪm/,/swɪm/,Let’s go swimming this afternoon.,今天下午我们游泳去吧。
en:full:adjective:2,full,adjective,满的， 装满的； 完全的， 完整的,adj 满的， 装满的； 完全的， 完整的,/fʊl/,/ful/,The train was completely full.,火车坐得满满的。
en:memory:noun:2,memory,noun,记忆； 回忆； 纪念； 存储,n 记忆； 回忆； 纪念； 存储,/'mɛməri/,/'meməri/,He has lots of happy memories of his stay in Japan.,他对在日本逗留的那段时光有许多美好的回忆。
en:away:adverb:2,away,adverb,向远处，离开,adv 向远处，离开；adj 不在的； 离开的,/əˈwe/,/ə'weɪ/,Go away!,走开！
en:scientist:noun:2,scientist,noun,科学家,n 科学家,/'saɪəntɪst/,/'saɪəntɪst/,Scientists say they've already collected more data than had been expected.,科学家们说他们已经搜集到比预期更多的数据。
en:impossible:adjective:1,impossible,adjective,不可能的， 办不到的,adj 不可能的， 办不到的,/ɪm'pɑsəbl/,/ɪm'pɒsəbl/,‘I want to speak to Mr Franks.’ ‘I’m afraid that’s impossible.’,“我想和弗兰克斯先生谈谈。”“恐怕不行。”
en:effort:noun:2,effort,noun,努力， 尝试； 努力的成果， 成就,n 努力， 尝试； 努力的成果， 成就,/'ɛfɚt/,/'efət/,"Lou lifted the box easily, without using much effort.",卢没费多大力气就把箱子搬了起来。
en:video:adjective:1,video,adjective,录像的,adj 录像的；v 制作…的录像；n 录像；录像带,/'vɪdɪo/,/'vɪdiəu/,video production,录像制作
en:house:verb:1,house,verb,供宿， 给…房子住,v 供宿， 给…房子住；n 房屋，住宅；[H-]议院,/haʊs/,/haus/,...homes that house up to nine people.,…最多可容纳9人的住处。
en:wave:verb:1,wave,verb,挥手示意； 波动， 飘动； 高潮， 高涨,v 挥手示意； 波动， 飘动； 高潮， 高涨；n 波，波浪；挥动,/wev/,/weɪv/,Enid waved at us and we waved back.,伊妮德向我们挥手，我们也向她挥手。
en:anything:pronoun:2,anything,pronoun,无论什么东西， 随便什么事情； 任何东西， 任何事情,pron 无论什么东西， 随便什么事情； 任何东西， 任何事情,/'ɛnɪ'θɪŋ/,/'eniθɪŋ/,You can buy anything you want.,你想要什么都可以买。
en:yesterday:adverb:1,yesterday,adverb,昨天,adv&n 昨天,/ˈjɛstɚdɪ;-de/,/'jestədeɪ/,What did you do yesterday?,昨天你做了什么？
en:schoolwork:noun:1,schoolwork,noun,学校作业， 课堂作业； 家庭作业,n 学校作业， 课堂作业； 家庭作业,"/'skʊl,wɝk/",/'skuːlwɜːk/,My mother would help me with my schoolwork.,我的母亲会帮我做功课。
en:furry:adjective:1,furry,adjective,毛皮的， 盖着毛皮的,adj 毛皮的， 盖着毛皮的,/ˈfɜri/,/'fɜːri/,furry kittens,毛茸茸的小猫
en:early:adverb:1,early,adverb,在开始阶段， 在初期； 提前， 提早,adv 在开始阶段， 在初期； 提前， 提早；adj 早期的；提早的，提前的,/'ɝli/,/'ɜːli/,We arrived early.,我们提早到了。
en:pain:verb:1,pain,verb,使痛苦,v 使痛苦；n 痛，疼痛；痛苦，悲痛；,/pen/,/peɪn/,This public acknowledgment of Ted's disability pained my mother.,特德残疾的公开使我母亲感到痛苦。
en:disease:noun:2,disease,noun,疾病， 病患； 不健全， 弊端,n 疾病， 病患； 不健全， 弊端,/dɪ'ziz/,/dɪ'ziːz/,His father died of heart disease.,他父亲死于心脏病。
en:yes:adverb:2,yes,adverb,是， 是的,adv&n 是， 是的,/jɛs/,/jes/,"‘Would you like a sandwich?’ ‘Yes, please.’",“你想来个三明治吗？”“好的，谢谢。”
en:center:verb:1,center,verb,集中于,v 集中于；n 圆心，正中；中心,/'sɛntɚ/,/'sentə(r)/,"In this example, you rotate a square on its center, but do not fill the square.",在这个例子中，您会以中心为原点旋转一个正方形，但不填充这个正方形。
en:start:verb:2,start,verb,发动； 创办， 开办； 开始， 着手； 动身， 出发； 吃惊， 惊奇,v 发动； 创办， 开办； 开始， 着手； 动身， 出发； 吃惊， 惊奇,/stɑrt/,/stɑːt/,There’s so much to do. I don’t know where to start.,有那么多的事情要做，我都不知道从哪里开始。
en:most:adverb:1,most,adverb,最；极其，十分,adv 最；极其，十分；adj 最多的， 最大的； 大多数的， 大部分的,/most/,/məust/,She’s one of the most experienced teachers in the district.,她是该地区最有经验的教师之一。
en:yet:adverb:2,yet,adverb,还，尚，仍然；已经；甚至，更,adv 还，尚，仍然；已经；甚至，更；conj 然而， 但是,/jɛt/,/jet/,You can’t give up yet!,你还不能放弃！
en:teen:adjective:1,teen,adjective,青少年的,adj 青少年的；n 少年男女，青少年,/tin/,/'tiːn/,a rock star and teen idol,一位摇滚歌星兼青春偶像
en:engineer:noun:2,engineer,noun,工程师， 机械师,n 工程师， 机械师,"/,ɛndʒɪ'nɪr/",/ˌendʒɪ'nɪə(r)/,"He trained as a civil engineer (= one who designs and builds roads, bridges etc ).",他接受过土木工程师培训。
en:supper:noun:2,supper,noun,晚餐,n 晚餐,/'sʌpɚ/,/'sʌpə(r)/,Why don’t you come over for supper on Friday?,周五为什么不过来吃晚饭呢？
en:pair:verb:1,pair,verb,成对， 配对,v 成对， 配对；n 一双，一对，一副；一对夫妇，一对情侣,/pɛr/,/peə(r)/,The trainees will then be paired with experienced managers.,这些实习生之后将被配给有经验的经理们。
en:lifestyle:noun:1,lifestyle,noun,生活方式,n 生活方式,/'laɪfstaɪl/,/'laɪfstaɪl/,Regular exercise is part of a healthy lifestyle.,经常锻炼身体是健康生活方式的一部分。
en:manage:verb:2,manage,verb,管理， 控制； 操纵， 应付； 设法做到,v 管理， 控制； 操纵， 应付； 设法做到,/'mænɪdʒ/,/'mænɪdʒ/,He was asked to manage a new department.,他被要求去管理一个新的部门。
en:short:adverb:1,short,adverb,简短地； 突然地， 唐突地,adv 简短地； 突然地， 唐突地；adj 短的，矮的；简短的；短缺的，不足的,/ʃɔrt/,/ʃɔːt/,"Seeing her tears, he stopped short.",看到她在流泪，他吃惊地停了下来。
en:time:noun:2,time,noun,时间， 时刻； 次， 回； 时机， 机会； 倍； 时代， 时期,n 时间， 时刻； 次， 回； 时机， 机会； 倍； 时代， 时期,/taɪm/,/taɪm/,Einstein changed the way we think about space and time.,爱因斯坦改变了我们的时空概念。
en:cabbage:noun:2,cabbage,noun,卷心菜， 洋白菜,n 卷心菜， 洋白菜,/ˈkæbɪdʒ/,/'kæbɪdʒ/,I like peas more than cabbage .,比起卷心菜我更喜欢豌豆。
en:national:adjective:2,national,adjective,国家的， 全国的； 民族的； 国有的， 国立的,adj 国家的， 全国的； 民族的； 国有的， 国立的,/'næʃnəl/,/'næʃnəl/,Religion matters very much at a national level.,宗教事务在全国都非常重要。
en:happy:adjective:2,happy,adjective,快乐的， 愉快的； 幸福的； 令人满意的,adj 快乐的， 愉快的； 幸福的； 令人满意的,/'hæpɪ/,/'hæpi/,It’s a lovely house and we’ve been very happy here.,房子很漂亮，我们住在这里非常开心。
en:program:noun:1,program,noun,节目单； 节目， 表演， 演出； 计划， 方案； 程序,n 节目单； 节目， 表演， 演出； 计划， 方案； 程序,/'proɡræm/,/'prəugræm/,a word processing program,文字处理程序
en:myself:pronoun:2,myself,pronoun,我自己； 我亲自， 我本人,pron 我自己； 我亲自， 我本人,/maɪ'sɛlf/,/maɪ'self/,I blame myself for what has happened.,发生这一切都怪我自己。
en:three:numeral:1,three,numeral,三， 三个,num 三， 三个,/θri/,/θriː/,They’ve won their last three games.,他们赢了最近三场比赛。
en:put:verb:1,put,verb,"[put-put, putting] 放， 摆， 使处于； 说， 表达； 提出， 提交； 记下，","v [put-put, putting] 放， 摆， 使处于； 说， 表达； 提出， 提交； 记下，",/pʊt/,/put/,"So it was an accident, an ‘act of God’ if you want to put it like that .",那么这是个意外，是 上帝的作为”，如果你想那么说的话。
en:climb:verb:2,climb,verb,攀登， 爬； 上升， 增长,v 攀登， 爬； 上升， 增长,/klaɪm/,/'klaɪm/,Harry climbed the stairs.,哈里爬上楼梯。
en:hen:noun:2,hen,noun,母鸡； 雌禽,n 母鸡； 雌禽,/hɛn/,/hen/,She does not like the hen that pecks all day.,她不喜欢这个整天啄来啄去的母鸡。
en:her:pronoun:2,her,pronoun,她,pron 她；adj 她的,/hɚ/,/hə(r)/,Jane? I don’t really know her.,简？我不太认识她。
en:season:noun:2,season,noun,季节,n 季节,/'sizn/,/'siːzn/,the effect on plants as the seasons start to change,换季对植物的影响
en:specifically:adverb:1,specifically,adverb,明确地， 特定地， 具体地,adv 明确地， 特定地， 具体地,/spə'sɪfɪkli/,/spə'sɪfɪkli/,advertising that specifically targets children,专门针对儿童的广告
en:enter:verb:2,enter,verb,进入； 参加， 加入,v 进入； 参加， 加入,/'ɛntɚ/,/'entə(r)/,He entered the election as the clear favourite.,他参加竞选时显然最有希望获胜。
en:lonely:adjective:2,lonely,adjective,孤独的， 寂寞的； 荒凉的， 人迹稀少的,adj 孤独的， 寂寞的； 荒凉的， 人迹稀少的,/'lonli/,/'ləunli/,a lonely old man,一个孤单的老人
en:hey:interjection:1,hey,interjection,嘿,int 嘿,/he/,/heɪ/,"Hey, wait a minute!",喂，等一下！
en:gallery:noun:1,gallery,noun,画廊， 美术馆； 楼座； 廊台， 走廊,n 画廊， 美术馆； 楼座； 廊台， 走廊,/'gæləri/,/'gæləri/,an exhibition of African art at the Hayward Gallery,海沃德美术馆的非洲艺术展览
en:lesson:noun:2,lesson,noun,课； 教学单元； 一堂课， 一节课； 教训， 经验,n 课； 教学单元； 一堂课， 一节课； 教训， 经验,/'lɛsn/,/'lesn/,piano lessons,钢琴课
en:destroy:verb:1,destroy,verb,破坏， 毁灭,v 破坏， 毁灭,/dɪ'strɔɪ/,/dɪ'strɔɪ/,companies that are polluting and destroying the environment,污染和破坏环境的公司
en:moon:noun:2,moon,noun,月球， 月亮； 卫星,n 月球， 月亮； 卫星,/mun/,/muːn/,the craters on the surface of the moon,月球表面的环形山
en:creative:adjective:1,creative,adjective,创造性的， 具有创造力的,adj 创造性的， 具有创造力的,/krɪ'etɪv/,/kri'eɪtɪv/,This job is so boring. I wish I could do something more creative.,这工作太单调了，我希望能做些更有创造性的事情。
en:provide:verb:2,provide,verb,供应， 提供,v 供应， 提供,/prə'vaɪd/,/prə'vaɪd/,Tea and biscuits will be provided.,有茶水和饼干供应。
en:light:adjective:1,light,adjective,光线充足的， 明亮的； 淡,adj 光线充足的， 明亮的； 淡；n 光，光亮；光源，灯；火,/laɪt/,/laɪt/,You look nice in light colours.,你穿浅色衣服很好看。
en:passenger:noun:2,passenger,noun,乘客， 旅客,n 乘客， 旅客,/pæsndʒɚ/,/'pæsɪndʒə(r)/,Neither the driver nor the passengers were hurt.,司机和乘客均未受伤。
en:tiny:adjective:2,tiny,adjective,极小的， 微小的,adj 极小的， 微小的,/'taɪni/,/'taɪni/,a tiny community in the Midwest,中西部地区一个极小的社区
en:primary:adjective:2,primary,adjective,最初的， 最早的； 首要的， 根本的,adj 最初的， 最早的； 首要的， 根本的,/'praɪmɛri/,/'praɪməri/,Our primary concern is to provide the refugees with food and health care.,我们的头等大事是向难民提供食品和医疗。
en:artist:noun:1,artist,noun,艺术家， 画家； 能手,n 艺术家， 画家； 能手,/'ɑrtɪst/,/'ɑːtɪst/,an exhibition of paintings by local artists,当地画家的画展
en:lazy:adjective:2,lazy,adjective,懒惰的， 懒散的； 慢吞吞的,adj 懒惰的， 懒散的； 慢吞吞的,/ˈlezɪ/,/'leɪzi/,the laziest boy in the class,班上最懒的男孩
en:bright:adjective:2,bright,adjective,明亮的， 光明的； 聪明的， 机灵的； 欢快的； 鲜艳的； 清晰的,adj 明亮的， 光明的； 聪明的， 机灵的； 欢快的； 鲜艳的； 清晰的,/braɪt/,/braɪt/,Her eyes were hurting from the bright lights.,明亮的光线刺痛了她的眼睛。
en:alien:adjective:1,alien,adjective,外国的；外星的；陌生的；格格不入的,adj 外国的；外星的；陌生的；格格不入的；n 外国人； 外星人,"/ˈeliən,ˈeljən/",/'eɪliən/,the alien environment of the city,城里陌生的环境
en:smart:adjective:2,smart,adjective,聪明的，精明的，高明的；漂亮的,adj 聪明的，精明的，高明的；漂亮的；n 剧痛,/smɑrt/,/smɑːt/,The smart kids get good grades and go off to college.,聪明的孩子成绩好，可以去上大学。
en:lot:noun:2,lot,noun,许多， 大量； 签， 抽签； 一块地， 场地,n 许多， 大量； 签， 抽签； 一块地， 场地,/lɑt/,/lɒt/,We’ve spent a lot on the children’s education.,我们在孩子的教育上花费甚多。
en:tourist:noun:2,tourist,noun,旅游者， 观光者,n 旅游者， 观光者,/'tʊrɪst/,/'tuərɪst/,Cambridge is always full of tourists in the summer.,剑桥在夏季总是挤满了游客。
en:low:adjective:2,low,adjective,低的， 矮的； 低下的， 低等的； 粗劣的， 低俗的； 不充分的， 缺乏的； 意气,adj 低的， 矮的； 低下的， 低等的； 粗劣的， 低俗的； 不充分的， 缺乏的； 意气,,/ləu/,Their safety standards seem to be pretty low.,他们的安全标准似乎相当低。
en:theme:noun:1,theme,noun,主题， 题目； 【音】主旋律,n 主题， 题目； 【音】主旋律,/θim/,/θiːm/,The book’s theme is the conflict between love and duty.,本书的主题是爱与责任之间的冲突。
en:wealth:noun:2,wealth,noun,财富， 财产； 丰富， 大量,n 财富， 财产； 丰富， 大量,/wɛlθ/,/welθ/,The country’s wealth comes from its oil.,这个国家的财富来自石油。
en:wallet:noun:1,wallet,noun,皮夹子,n 皮夹子,/'wɑlɪt/,/'wɒlɪt/,He took a credit card out of his wallet.,他从钱包里拿出一张信用卡。
en:doll:noun:2,doll,noun,玩偶， 玩具娃娃,n 玩偶， 玩具娃娃,/dɑl/,/dɒl/,a small wooden doll,一个小木玩偶
en:chair:verb:1,chair,verb,担任主席,v 担任主席；n 椅子；主席，主席席位,/tʃɛr/,/tʃeə(r)/,The inquiry was chaired by a judge.,这次调查由一名法官主持。
en:centre:verb:2,centre,verb,集中于,v 集中于；n 圆心，正中；中心,/sɛntɚ/,/'sentə(r)/,"The title isn’t quite centred on the page, is it?",标题并不在这页的正中间，是吗？
en:tennis:noun:1,tennis,noun,网球,n 网球,/ˈtɛnɪs/,/'tenɪs/,She excels all of us at tennis.,她的网球比我们打得都好。
en:chat:noun:1,chat,noun,"[chatted-chatted, chatting] 闲谈， 聊天","n&v [chatted-chatted, chatting] 闲谈， 聊天",/tʃæt/,/tʃæt/,She was enjoying their friendly little chat .,她很喜欢他们那种友好的闲聊。
en:fetch:verb:2,fetch,verb,拿来； 请来， 叫来,v 拿来； 请来， 叫来,/fɛtʃ/,/fetʃ/,Quick! Go and fetch a doctor.,快！去请医生来。
en:choice:noun:2,choice,noun,选择， 选择权； 供选择的东西； 被选中的东西,n 选择， 选择权； 供选择的东西； 被选中的东西,/tʃɔɪs/,/tʃɔɪs/,He has to make some important choices.,他得作出一些重要的抉择。
en:travel:verb:1,travel,verb,旅行； 行进； 被传送， 被传播； 走过， 驶过,v 旅行； 行进； 被传送， 被传播； 走过， 驶过；n 旅行，游历,/'trævl/,/'trævl/,Light travels faster than sound.,光比声音传播得快。
en:small:adjective:2,small,adjective,小的； 少的； 不重要的,adj 小的； 少的； 不重要的,/smɔl/,/smɔːl/,a small piece of paper,一小片纸
en:door:noun:2,door,noun,门， 出入口； 家， 户,n 门， 出入口； 家， 户,/dɔr/,/dɔː(r)/,Could you open the door for me?,请你帮我开门好吗？
en:quick:adverb:1,quick,adverb,快， 迅速地,adv 快， 迅速地；adj 快的，迅速的；灵敏的，敏捷的；性急的，不耐烦的,/kwɪk/,/kwɪk/,Come quick! Larry’s on TV!,快来！ 拉里上电视了！
en:fiction:noun:1,fiction,noun,小说,n 小说,/'fɪkʃən/,/'fɪkʃn/,romantic fiction,爱情小说
en:before:conjunction:1,before,conjunction,在…以前,conj 在…以前；prep 在…以前；在…之前，先于；在…前面，在…面前,/bɪ'fɔr/,/bɪ'fɔː(r)/,Say goodbye before you go.,你走之前要告别。
en:dad:noun:1,dad,noun,爸爸,n 爸爸,/dæd/,/dæd/,She lives with her mom and dad.,她和爸爸妈妈一起住。
en:sixteenth:numeral:1,sixteenth,numeral,第十六,num 第十六；n 十六分之一,/'sɪks'tinθ/,/'sɪks'tiːnθ/,From the sixteenth of January to the seventh of February is our Winter Holiday.,我们的寒假放假时间是从一月十六号截至到二月七日。
en:tell:verb:1,tell,verb,[told-told] 讲， 告诉； 吩咐， 命令； 说明， 显示； 分辨， 区分,v [told-told] 讲， 告诉； 吩咐， 命令； 说明， 显示； 分辨， 区分,,/tel/,I’ll tell you all about it when I get back.,我回来再告诉你这一切。
en:stomach:verb:1,stomach,verb,承受， 忍受； 吃得下,v 承受， 忍受； 吃得下；n 胃，胃口；肚子，腹部,/'stʌmək/,/'stʌmək/,A 26% water rate increase is more than most residents can stomach .,水费涨 26% 让大多数居民无法接受。
en:husband:noun:1,husband,noun,丈夫,n 丈夫,/'hʌzbənd/,/'hʌzbənd/,Have you met my husband Roy?,你见过我的丈夫罗伊吗？
en:appointment:noun:1,appointment,noun,约会； 约定； 任命， 委派； 职务， 职位,n 约会； 约定； 任命， 委派； 职务， 职位,/ə'pɔɪntmənt/,/ə'pɔɪntmənt/,All consultations are by appointment only .,就诊必须预约。
en:experience:verb:1,experience,verb,经历， 体验， 感受,v 经历， 体验， 感受；n 经历，阅历；经验，体验,/ɪk'spɪrɪəns/,/ɪk'spɪəriəns/,Children need to experience things for themselves in order to learn from them.,儿童需要亲身经历事情以便从中学习。
en:him:pronoun:2,him,pronoun,他,pron 他,/hɪm/,/hɪm/,Are you in love with him?,你爱上他了吗？
en:listen:verb:2,listen,verb,听； 听信,v 听； 听信,/'lɪsn/,/'lɪsn/,Listen! There’s a strange noise in the engine.,听！引擎发出奇怪的声音。
en:hit:verb:1,hit,verb,[hit-hit; hitting] 打， 击中； 碰撞,v [hit-hit; hitting] 打， 击中； 碰撞,/hɪt/,/hɪt/,He raised the hammer and hit the bell.,他举起钟锤敲钟。
en:his:pronoun:2,his,pronoun,他的,pron 他的,/hɪz/,/hɪz/,That should be his mother.,那大概是他的母亲。
en:major:adjective:1,major,adjective,较大的；主要的,adj 较大的；主要的；v 主修， 专攻；n 专业；少校,/'medʒɚ/,/'meɪdʒə(r)/,There is a major problem with parking in London.,在伦敦，停车是个很大的问题。
en:beat:verb:1,beat,verb,[beat-beaten] 打， 击， 敲； 打败， 胜过； 跳动,v [beat-beaten] 打， 击， 敲； 打败， 胜过； 跳动,/bit/,/biːt/,Brazil were beaten 2–1.,巴西队以1比2告负。
en:worldwide:adverb:1,worldwide,adverb,在世界各地， 在全世界,adv 在世界各地， 在全世界；adj 世界范围的，全世界的,/'wɝldwaɪd/,/'wɜːldwaɪd/,His books have sold more than 20 million copies worldwide.,他的书在全世界卖出了两千多万本。
en:bear:verb:2,bear,verb,忍受，忍耐，经受住,v 忍受，忍耐，经受住；n 熊,/bɛr/,/beə(r)/,She was afraid she wouldn’t be able to bear the pain.,她恐怕自己忍受不了这种痛苦。
en:eighty:numeral:1,eighty,numeral,八十,num 八十,/ˈeti/,/'eɪti/,The band was incredibly successful in the eighties.,这支乐队在80年代红透半边天。
en:consider:verb:1,consider,verb,考虑， 细想； 认为， 把…看作； 关心， 照顾,v 考虑， 细想； 认为， 把…看作； 关心， 照顾,/kən'sɪdɚ/,/kən'sɪdə(r)/,We will have to consider your offer carefully .,我们得仔细考虑你的提议。
en:day:noun:2,day,noun,天， 一昼夜； 白昼， 白天； 时期， 时代； 工作日；,n 天， 一昼夜； 白昼， 白天； 时期， 时代； 工作日；,/de/,/deɪ/,We spent three days in Paris.,我们在巴黎度过了三天。
en:housework:noun:2,housework,noun,家务劳动,n 家务劳动,/'haʊs'wɝk/,/'hauswɜːk/,Men are doing more housework nowadays.,现今男人正在承担越来越多的家务。
en:banana:noun:2,banana,noun,香蕉,n 香蕉,/bə'nænə/,/bə'nɑːnə/,...a bunch of bananas.,…一串香蕉。
en:island:noun:2,island,noun,岛， 岛屿,n 岛， 岛屿,/'aɪlənd/,/'aɪlənd/,The Cayman Islands,开曼群岛
en:tree:noun:2,tree,noun,树,n 树,/tri/,/triː/,"As a kid, I loved to climb trees.",小时候，我喜欢爬树。
en:particular:adjective:1,particular,adjective,特定的， 某一的； 不寻常的， 特别的， 特有的； 讲究的， 挑剔的；,adj 特定的， 某一的； 不寻常的， 特别的， 特有的； 讲究的， 挑剔的；,/pɚ'tɪkjəlɚ/,/pə'tɪkjələ(r)/,"In this particular case, no one else was involved.",这件事没有其他人牵涉其中。
en:water:noun:2,water,noun,水，雨水，,n 水，雨水，,/ˈwɔtɚ/,/'wɔːtə(r)/,There’s water all over the bathroom floor.,浴室地面上都是水。
en:august:noun:1,August,noun,八月,n 八月,/ɔˈɡʌst/,/'ɔːgəst/,The world premiere took place in August 1956.,全球首映是在1956年8月。
en:square:adjective:2,square,adjective,正方形的；平方的；直角的,adj 正方形的；平方的；直角的；v 求平方； 求…的面；n 正方形；平方；广场,/skwɛr/,/skweə(r)/,a large square room,一个正方形的大房间
en:careless:adjective:2,careless,adjective,粗心的； 草率的； 随便的； 不关心的， 满不在乎的,adj 粗心的； 草率的； 随便的； 不关心的， 满不在乎的,/'kɛrləs/,/'keələs/,It was careless of him to leave the door unlocked.,他忘了锁门，真是粗心大意。
en:twice:adverb:2,twice,adverb,两倍； 两次,adv 两倍； 两次,/twaɪs/,/twaɪs/,He was questioned by police twice yesterday.,他昨天被警察审问了两次。
en:soap:noun:2,soap,noun,肥皂,n 肥皂,/sop/,/səup/,Wash thoroughly with soap and water .,用肥皂和水彻底洗一洗。
en:morning:noun:2,morning,noun,早晨， 上午,n 早晨， 上午,/'mɔrnɪŋ/,/'mɔːnɪŋ/,I hated those cold winter mornings.,我讨厌冬天里寒冷的早晨。
en:part:noun:2,part,noun,一部分， 部分； 零件； 角色； 职责， 作用； 器官，,n 一部分， 部分； 零件； 角色； 职责， 作用； 器官，,/pɑrt/,/pɑːt/,"For part of the day, you will be outside doing practical work.",你们每天将有一部分时间在户外实际操作。
en:their:adjective:1,their,adjective,他们的,adj&pron 他们的,/ðɛr/,/ðeə(r)/,They have their compensations.,他们有他们的报酬。
en:percent:adjective:1,percent,adjective,百分之…,adj 百分之…；n 百分比，百分率,/pɚ'sɛnt/,/pə'sent/,I agree with you a hundred percent.,我百分之百同意你的看法。
en:thirteen:numeral:1,thirteen,numeral,十三， 十三个,num 十三， 十三个,/'θɝ'tin/,/ˌθɜː'tiːn/,They’ve only sold thirteen tickets so far.,到目前为止他们仅仅售出13张票。
en:point:noun:2,point,noun,要点； 观点； 点； 小数点； 时刻， 地点； 尖， 尖端； 分数， 得分,n 要点； 观点； 点； 小数点； 时刻， 地点； 尖， 尖端； 分数， 得分,/pɔɪnt/,/pɔɪnt/,That’s a very interesting point.,那个观点很有趣。
en:bike:noun:2,bike,noun,自行车,n 自行车,/baɪk/,/baɪk/,Let’s go for a bike ride .,我们去骑会儿自行车吧。
en:general:adjective:2,general,adjective,一般的，普通的；普遍的，全体的；笼统的，大体的,adj 一般的，普通的；普遍的，全体的；笼统的，大体的；n 将军； 一般原则,/'dʒɛnrəl/,/'dʒenrəl/,a general introduction to computing,计算机应用概论
en:east:adverb:1,east,adverb,向东方,adv 向东方；adj 东方的；来自东方的；n 东，东部,/ist/,/iːst/,We drove east along Brooklyn Avenue.,我们沿布鲁克林大街往东行驶。
en:sixteen:numeral:1,sixteen,numeral,十六， 十六个,num 十六， 十六个,"/,sɪks'tin/",/ˌsɪks'tiːn/,sixteen years later,16年后
en:hospital:noun:2,hospital,noun,医院,n 医院,/'hɑspɪtl/,/'hɒspɪtl/,They are building a new hospital.,他们正在建一家新医院。
en:park:verb:1,park,verb,停放,v 停放；n 公园；停车场,/pɑrk/,/pɑːk/,You can’t park here - it’s private property.,不能把车停在这里——这是私人宅邸。
en:eighth:numeral:1,eighth,numeral,第八,num 第八；n 八分之一,/etθ/,/'eɪtθ/,On the eighth day of Christmas.,在圣诞节的第八天。
en:clear:adverb:1,clear,adverb,清晰地， 清楚地,adv 清晰地， 清楚地；adj 清楚的，明白的；无疑的，确信的；晴朗的；清澈的,/klɪr/,/klɪə(r)/,Snowplows have been out clearing the roads.,扫雪机已经出动，去清扫路面了。
en:clean:adjective:2,clean,adjective,清洁的， 干净的； 爱清洁的； 清白的， 公正的；,adj 清洁的， 干净的； 爱清洁的； 清白的， 公正的；,/klin/,/kliːn/,Are your hands clean?,你的手干净吗？
en:meal:noun:2,meal,noun,膳食， 一餐， 一顿； 进餐,n 膳食， 一餐， 一顿； 进餐,/mil/,/miːl/,We must have a meal together some time.,我们一定要找个时间一起吃顿饭。
en:sock:verb:1,sock,verb,重击，痛打,v 重击，痛打,/sɑk/,/sɒk/,He socked her in the face.,他猛地一拳打在她脸上。
en:someone:pronoun:2,someone,pronoun,有人， 某人,pron 有人， 某人,/'sʌmwʌn/,/'sʌmwʌn/,What would you do if someone tried to rob you in the street?,要是有人在街上抢劫你，你会怎么办？
en:third:numeral:2,third,numeral,第三,num 第三；n 三分之一,/θɝd/,/θɜːd/,Divide it into thirds.,把它分成三等份。
en:build:verb:1,build,verb,建筑，建造，盖；造,v 建筑，建造，盖；造；n 体格；体形，身材,/bɪld/,/bɪld/,The purpose is to build new houses for local people.,目的是要为当地居民建造新的住宅。
en:mean:verb:1,mean,verb,[meant-meant] 表示…的意思； 意欲， 打算； 意指， 意味着,v [meant-meant] 表示…的意思； 意欲， 打算； 意指， 意味着,/min/,/miːn/,What does ‘patronizing’ mean?,patronizing是什么意思？
en:meat:noun:2,meat,noun,肉,n 肉,/mit/,/miːt/,I gave up eating meat a few months ago.,我几个月以前开始不吃肉了。
en:chew:verb:1,chew,verb,咀嚼； 咬住， 不停地啃,v 咀嚼； 咬住， 不停地啃,/tʃʊ/,/tʃuː/,This meat’s so tough I can hardly chew it!,这肉太老了，我几乎嚼不动！
en:hurry:verb:1,hurry,verb,使加快，催促；急运，急派；匆忙，赶紧,v 使加快，催促；急运，急派；匆忙，赶紧；n 急忙， 匆忙， 仓促,/'hɝrɪ/,/'hʌri/,"If we hurry, we’ll get there in time.",要是赶紧的话，我们能及时到那里。
en:schoolbag:noun:2,schoolbag,noun,书包,n 书包,/ˈskulˌbæɡ/,/'skuːlbæg/,What do you have in your schoolbag?,你书包里有什么东西呢？
en:chopsticks:noun:2,chopsticks,noun,筷子,n 筷子,"/'tʃɑp,stɪks/",/'tʃɒpstɪks/,"Yes, I like using chopsticks.",是的，我喜欢用筷子。
en:path:noun:2,path,noun,小路， 小径； 路线， 途径， 路径,n 小路， 小径； 路线， 途径， 路径,/pæθ/,/pɑːθ/,I walked nervously up the garden path towards the front door.,我提心吊胆地沿着花园的小道向前门走去。
en:trip:noun:1,trip,noun,旅游；旅行，出行,n 旅游；旅行，出行；v 绊；绊倒,/trɪp/,/trɪp/,Two lucky employees won a round-the-world trip.,两名幸运的雇员赢得一次环游世界的机会。
en:casually:adverb:1,casually,adverb,偶然地； 随便地； 临时地,adv 偶然地； 随便地； 临时地,/'kæʒjʊrlɪ/,/'kæʒuəli/,,
en:record:noun:1,record,noun,记录， 记载； 唱片； 最高纪录， 最佳成绩； 记录， 记载； 唱片； 最高纪录， 最佳成绩,n 记录， 记载； 唱片； 最高纪录， 最佳成绩； 记录， 记载； 唱片； 最高纪录， 最佳成绩,/(for v.) rɪˈkɔrd; (for n.) ˈrekərd;ˈrɛkɚd/,/(for v.)rɪˈkɔːd; (for n.) ˈrekɔːd/,"According to official records, five people were killed last year near that road junction.",据官方记录，去年有五人在那个路口附近丧生。
en:railway:noun:2,railway,noun,铁道， 铁路,n 铁道， 铁路,/'relwe/,/'reɪlweɪ/,a railway company,铁路公司
en:strict:adjective:2,strict,adjective,严格的， 严厉的； 严谨的， 精确的； 完全的，,adj 严格的， 严厉的； 严谨的， 精确的； 完全的，,/strɪkt/,/strɪkt/,a strict teacher,严格的老师
en:modest:adjective:1,modest,adjective,谦虚的， 谨慎的； 适度的,adj 谦虚的， 谨慎的； 适度的,/'mɑdɪst/,/'mɒdɪst/,You’re too modest! You’ve been a huge help to us.,你太谦虚了！你帮了我们大忙呢。
en:you:pronoun:2,you,pronoun,你， 你们,pron 你， 你们,/ju/,/ju/,"Hi, Kelly. How are you?",嗨，凯利，你好吗？
en:jump:noun:2,jump,noun,跳跃， 跳过； 猛涨， 激增,n&v 跳跃， 跳过； 猛涨， 激增,/dʒʌmp/,/dʒʌmp/,The cats jumped down and came to meet us.,这些猫跳下来，过来迎接我们。
en:happen:verb:2,happen,verb,发生； 碰巧， 恰好,v 发生； 碰巧， 恰好,/'hæpən/,/'hæpən/,When did the accident happen?,事故什么时候发生的？
en:sofa:noun:2,sofa,noun,沙发,n 沙发,/'sofə/,/'səufə/,She sat down next to him on the sofa.,她紧挨着他在沙发上坐下了。
en:pass:verb:1,pass,verb,经过， 穿过； 传递， 传送； 度过； 通过； 批准,v 经过， 穿过； 传递， 传送； 度过； 通过； 批准,/pæs/,/pɑːs/,The crowd parted to let the truck pass.,人群分开让卡车通过。
en:past:adjective:1,past,adjective,以前的，过去的；结束了的，不复存在的,adj 以前的，过去的；结束了的，不复存在的；prep 晚于，在…之后；n 昔日，,/pæst/,/pɑːst/,"Judging by her past performance, Jane should do very well.",从以往的表现来看，简应该会干得很好。
en:festival:noun:2,festival,noun,节， 节日， 喜庆日,n 节， 节日， 喜庆日,/ˈfɛstəvl/,/'festɪvl/,Christmas is one of the main festivals in the Christian Calendar.,圣诞节是基督教历的重大节日之一。
en:mile:noun:2,mile,noun,英里,n 英里,/maɪl/,/maɪl/,It’s 40 miles from here to the Polish border.,从这里到波兰边界有40英里。
en:shock:noun:1,shock,noun,震动， 冲击； 震惊， 惊愕； 电震， 电击， 触电,n 震动， 冲击； 震惊， 惊愕； 电震， 电击， 触电,/ʃɑk/,/ʃɒk/,She was shaking with shock and humiliation.,她又是震惊，又是羞辱，身体直发抖。
en:milk:verb:1,milk,verb,挤,v 挤；n 牛奶,/mɪlk/,/mɪlk/,I helped to milk the cows.,我帮忙挤牛奶。
en:opportunity:noun:1,opportunity,noun,机会， 良机,n 机会， 良机,/ˌɑpɚˈtunətɪ/,/ˌɒpə'tjuːnəti/,There are fewer opportunities for new graduates this year.,今年新毕业的大学生就业机会较少。
en:bill:noun:2,bill,noun,账单； 议案， 法案； 纸币， 钞票； 单子， 节目单； 招贴， 海报,n 账单； 议案， 法案； 纸币， 钞票； 单子， 节目单； 招贴， 海报,/bɪl/,/bɪl/,Have you paid the phone bill?,电话费你付了吗？
en:pancake:noun:2,pancake,noun,薄煎饼， 烙饼,n 薄煎饼， 烙饼,/'pænkek/,/'pænkeɪk/,,
en:active:adjective:2,active,adjective,活跃的； 积极的； 主动的； 起作用的,adj 活跃的； 积极的； 主动的； 起作用的,/'æktɪv/,/'æktɪv/,games for active youngsters,活跃好动的年轻人玩的游戏
en:court:verb:1,court,verb,献殷勤； 追求， 求爱； 招致， 导致,v 献殷勤； 追求， 求爱； 招致， 导致；n 法庭，法院；宫廷，朝廷；球场,/kɔrt/,/kɔːt/,That was back in the 1960s when we were courting.,那还是20世纪60年代我们在谈恋爱的时候。
en:easy:adjective:2,easy,adjective,容易的， 不费力的； 舒适的， 安逸的； 随和的， 友善的,adj 容易的， 不费力的； 舒适的， 安逸的； 随和的， 友善的,/'izi/,/'iːzi/,The test was easy.,考试很容易。
en:whose:pronoun:2,whose,pronoun,谁的； 那个的， 那些的,pron 谁的； 那个的， 那些的,/huz/,/huːz/,,
en:population:noun:2,population,noun,人口； 某领域的生物； 族群； 人口,n 人口； 某领域的生物； 族群； 人口,"/,pɑpju'leʃən/",/ˌpɒpju'leɪʃn/,Nearly 70 percent of the population still live in the countryside.,人口中差不多有70%仍住在乡村。
en:route:noun:1,route,noun,路线， 路程,n 路线， 路程,/raʊt/,/ruːt/,the most direct route home,最直接的回家路线
en:monday:noun:2,Monday,noun,星期一,n 星期一,/ˈmʌnde; ˈmʌndɪ/,/'mʌndeɪ; -di/,The president announced Monday that he would cancel the debt.,总统周一宣布他会取消这笔债务。
en:adult:adjective:1,adult,adjective,发育成熟的； 成熟的， 成人的,adj 发育成熟的； 成熟的， 成人的；n 成年人；成年动物,/'ædʌlt/,/'ædʌlt; ə'dʌlt/,an adult lion,一头成年的狮子
en:relative:adjective:1,relative,adjective,相对的；比较的；有关的，相关的,adj 相对的；比较的；有关的，相关的；n 亲属， 亲戚,/'rɛlətɪv/,/'relətɪv/,The relative merits of both approaches have to be considered.,两种方法的相对优点都得考虑在内。
en:attitude:noun:1,attitude,noun,态度； 看法， 意见,n 态度； 看法， 意见,/'ætɪtʊd/,/'ætɪtjuːd/,"As soon as they found out I was a doctor, their whole attitude changed.",他们一听说我是医生，态度就完全改变了。
en:treatment:noun:2,treatment,noun,治疗， 疗法； 对待， 待遇； 处理,n 治疗， 疗法； 对待， 待遇； 处理,/'tritmənt/,/'triːtmənt/,"Just lately, Kyra has been giving me the silent treatment (= refusing to speak to me because she is angry with me ) .",就在最近，凯拉一直对我不理不睬。
en:mirror:verb:1,mirror,verb,反映； 反射， 映照,v 反映； 反射， 映照；n 镜子,/'mɪrɚ/,/'mɪrə(r)/,"Despite the fact that I have tried to be objective, the book inevitably mirrors my own interests and experiences.",尽管我曾努力做到客观，但这本书还是不可避免地反映出了我自己的兴趣和经历。
en:compare:noun:2,compare,noun,比较； 比喻,n&v 比较； 比喻,/kəm'pɛr/,/kəm'peə(r)/,The report compares the different types of home computer available.,这份报告比较了市场上不同类型的家用计算机。
en:bottle:noun:2,bottle,noun,瓶子,n 瓶子,/'bɑtl/,/'bɒtl/,an empty bottle,一个空瓶子
en:hot:adjective:2,hot,adjective,热的； 辣的； 激烈的， 热烈的； 急躁的， 易发怒的； 最新的， 热,adj 热的； 辣的； 激烈的， 热烈的； 急躁的， 易发怒的； 最新的， 热,/hɑt/,/hɔt/,a hot curry,一种辛辣的咖喱
en:how:adverb:2,how,adverb,怎么， 怎样； 多么， 多少,adv 怎么， 怎样； 多么， 多少,/haʊ/,/hau/,How do you spell your name?,你的名字怎么拼写？
en:october:noun:2,October,noun,十月,n 十月,/ɑk'tobɚ/,/ɒk'təubə(r)/,Most seasonal hiring is done in early October.,多数季节性招聘是在10月初进行。
en:hotel:noun:2,hotel,noun,旅馆， 宾馆,n 旅馆， 宾馆,/ho'tɛl/,/həu'tel/,I’ve booked the flights and the hotel.,我已订好机票和酒店。
en:term:noun:2,term,noun,措词，术语；期限，任期；学期；,n 措词，术语；期限，任期；学期；,/tɝm/,/tɜːm/,Teachers often feel overworked in term time (= during the term ) .,教师在学期内经常觉得工作担子过重。
en:spare:adjective:1,spare,adjective,备用的；多余的；空闲的,adj 备用的；多余的；空闲的；v 留出， 抽出； 饶恕， 不伤害； 使免遭，,/spɛr/,/speə(r)/,Have you got any spare boxes?,你有没有多余的盒子？
en:mine:pronoun:1,mine,pronoun,我的,pron 我的；v 开矿， 采矿；n 矿，矿山；地雷；水雷,/maɪn/,/maɪn/,"It was Glen’s idea, not mine.",这是格伦的主意，不是我的。
en:mind:noun:2,mind,noun,头脑， 精神， 理智； 智力； 注意力， 心思； 意向， 想法,n 头脑， 精神， 理智； 智力； 注意力， 心思； 意向， 想法,/maɪnd/,/maɪnd/,It is impossible to understand the complex nature of the human mind .,要想了解人类思维复杂的特性是不可能的。
en:chip:verb:1,chip,verb,削下,v 削下；n 碎片；芯片,/tʃɪp/,/tʃɪp/,Archaeologists were carefully chipping away at the rock.,考古学家正小心地在岩石上铲凿。
en:business:noun:2,business,noun,交易， 生意； 营业； 商业； 工作， 任务； 事务,n 交易， 生意； 营业； 商业； 工作， 任务； 事务,/ˈbɪznɪs/,/'bɪznəs/,Students on the course learn about all aspects of business.,这门课程的学生要学习商业活动的各个方面。
en:tail:verb:1,tail,verb,附于其后； 尾随， 跟踪,v 附于其后； 尾随， 跟踪；n 尾巴，尾状物；后部，尾部；踪迹,/tel/,/teɪl/,Officers had tailed the gang during a major undercover operation.,警方在一次重大的秘密行动中跟踪过这个团伙。
en:staff:verb:1,staff,verb,为…配备人员， 任职于,v 为…配备人员， 任职于；n 全体职工，工作人员；杠，棒；参谋部,/stæf/,/stɑːf/,The centre is staffed mainly by volunteers.,在该中心工作的主要是志愿者。
en:possible:adjective:2,possible,adjective,可能的， 做得到的； 可接受的， 合理的,adj 可能的， 做得到的； 可接受的， 合理的,/'pɑsəbl/,/'pɒsəbl/,Is it possible toget tickets for the game?,有没有可能弄到比赛的门票？
en:right:adjective:2,right,adjective,正确的； 正当的， 公正的； 右边的； 合适的； 健康的， 正常的； 直的,adj 正确的； 正当的， 公正的； 右边的； 合适的； 健康的， 正常的； 直的,/raɪt/,/raɪt/,I think you’ve made the right decision.,我认为你作出了正确的决定。
en:march:verb:1,march,verb,行军，前进；游行示威,v 行军，前进；游行示威；n 行进， 行军； 游行示威； 进行， 进展； [M-] 三月,/mɑrtʃ/,/mɑːtʃ/,"An estimated 5,000 people marched through the city to demonstrate against the factory closures.",大约有五千人在市里游行示威，抗议关闭工厂。
en:meet:verb:1,meet,verb,[met-met] 遇见， 碰到； 接； 和…见面， 和…会面,v [met-met] 遇见， 碰到； 接； 和…见面， 和…会面,/mit/,/miːt/,Meet me at 8.00.,八点钟来见我。
en:answer:verb:2,answer,verb,回答， 答复； 解答， 解决； 作,v 回答， 答复； 解答， 解决； 作；n 回答，答复；答案，解决办法,/'ænsɚ/,/'ɑːnsə(r)/,She thought for a moment before answering.,她想了一会儿才回答。
en:stage:noun:1,stage,noun,舞台， 后台； 平台， 高台； 楼层， 楼架,n 舞台， 后台； 平台， 高台； 楼层， 楼架,/stedʒ/,/steɪdʒ/,I wanted to go on the stage (= become an actor ) .,我想去当演员。
en:borrow:verb:2,borrow,verb,借， 借入； 借用， 采用,v 借， 借入； 借用， 采用,/'bɑro/,/'bɒrəu/,Can I borrow your pen for a minute?,我可以借你的笔用一下吗？
en:junk:verb:1,junk,verb,丢弃， 废弃,v 丢弃， 废弃；n 废旧物品，破烂,/dʒʌŋk/,/dʒʌŋk/,Consumers will not have to junk their old cassettes to use the new format.,消费者们将不必为了使用新制式而丢掉他们的老盒式磁带。
en:waiter:noun:1,waiter,noun,侍者， 服务员,n 侍者， 服务员,/'wetɚ/,/'weɪtə(r)/,We have a job for you as a waiter.,我们可以为你提供一份服务员的工作。
en:under:preposition:2,under,preposition,在…下面， 在…底下； 少于； 低于； 在…管辖下， 在…影响下,prep 在…下面， 在…底下； 少于； 低于； 在…管辖下， 在…影响下,/'ʌndɚ/,/'ʌndə(r)/,Wendy had hidden the box under her bed.,温迪把盒子藏在了自己的床底下。
en:purse:noun:2,purse,noun,钱包； 女用小包,n 钱包； 女用小包,/pɝs/,/pɜːs/,Julie opened her handbag and took out her purse.,朱莉打开手袋，拿出钱包。
en:spotlight:verb:1,spotlight,verb,用聚光灯照； 特别关注； 突出报道,v 用聚光灯照； 特别关注； 突出报道；n 聚光灯；公众的注意,/'spɑtlaɪt/,/'spɒtlaɪt/,The article spotlights the problems of the homeless.,文章专门探讨了无家可归者的种种问题。
en:represent:verb:1,represent,verb,作为…的代表； 描述； 表示； 象征； 描绘， 表现； 阐明， 说明； 扮演,v 作为…的代表； 描述； 表示； 象征； 描绘， 表现； 阐明， 说明； 扮演,"/,rɛprɪ'zɛnt/",/ˌreprɪ'zent/,Mr Kobayashi was chosen to represent the company at the conference.,小林先生被选中代表公司出席会议。
en:quarter:noun:2,quarter,noun,四分之一；季，季度；一刻钟；25分的硬币；,n 四分之一；季，季度；一刻钟；25分的硬币；,/'kwɔrtɚ/,/'kwɔːtə(r)/,It’s about a page and a quarter.,大概是一又四分之一页。
en:die:verb:2,die,verb,[dying] 死， 死亡； 消失； 停止运行； 渴望； 消,v [dying] 死， 死亡； 消失； 停止运行； 渴望； 消,/daɪ/,/daɪ/,He died in 1985 at the age of 76.,他1985年去世，终年76岁。
en:dig:verb:1,dig,verb,挖（土等），掘（洞）,v 挖（土等），掘（洞）；n 挖苦，嘲讽,/dɪɡ/,/dɪg/,freshly dug carrots,刚挖出来的胡萝卜
en:sometimes:adverb:2,sometimes,adverb,不时； 有时， 间或,adv 不时； 有时， 间或,/'sʌmtaɪmz/,/'sʌmtaɪmz/,I sometimes have to work late.,我有时得工作到很晚。
en:promise:verb:1,promise,verb,允诺，答应；有…可能，有希望,v 允诺，答应；有…可能，有希望；n 承诺， 诺言； 可能性， 希望,/'prɑmɪs/,/'prɒmɪs/,Last night the headmaster promised a full investigation.,校长昨晚允诺进行全面调查。
en:down:adverb:2,down,adverb,向下，在下面；处于低等地位，处于潦倒状况,adv 向下，在下面；处于低等地位，处于潦倒状况；adj 沮丧；prep 沿着…而下,/daʊn/,/daun/,David bent down to tie his shoelace.,戴维弯腰系鞋带。
en:hold:verb:1,hold,verb,[held-held] 拿， 握； 使保持某种状态；,v [held-held] 拿， 握； 使保持某种状态；,/hold/,/həuld/,Lift your head off the floor and hold this position for five seconds.,把头抬离地面，保持这个姿势五秒钟。
en:tale:noun:2,tale,noun,故事， 传说,n 故事， 传说,/tel/,/teɪl/,a book of old Japanese folk tales,日本古老民间故事书
en:later:adverb:1,later,adverb,后来；过一会儿,adv 后来；过一会儿；adj 后来的， 以后的， 后面的； 新近的； 晚年的,/'letɚ/,/'leɪtə(r)/,I’m going out for a bit – I’ll see you later.,我出去一会儿——回头见。
en:passport:noun:2,passport,noun,护照,n 护照,/'pæspɔrt/,/'pɑːspɔːt/,I have an Irish passport.,我持爱尔兰护照。
en:lookout:noun:1,lookout,noun,警戒， 监视； ■望台， 监视哨； ■望员， 监视者； 与个人有关的事情， 任务,n 警戒， 监视； ■望台， 监视哨； ■望员， 监视者； 与个人有关的事情， 任务,/'lʊk'aʊt/,/'lukaut/,We’re always on the lookout for new business opportunities.,我们一直在留意，等待新的商机。
en:bird:noun:2,bird,noun,鸟； 禽,n 鸟； 禽,/bɝd/,/bɜːd/,wild birds,野鸟
en:club:noun:2,club,noun,俱乐部， 社团,n 俱乐部， 社团,/klʌb/,/klʌb/,Manchester United Football Club,曼联（队）足球俱乐部
en:talk:verb:2,talk,verb,说， 讲话； 交谈， 谈论,v 说， 讲话； 交谈， 谈论,/tɔk/,/tɔːk/,I could hear Sarah and Andy talking in the next room.,我听到萨拉和安迪在隔壁讲话。
en:tall:adjective:2,tall,adjective,高的， 身材高的； 难以置信的； 难以办成的,adj 高的， 身材高的； 难以置信的； 难以办成的,/tɔl/,/tɔːl/,He was young and tall.,他年轻，身材高大。
en:reply:noun:1,reply,noun,回答， 答复， 以…作答,n&v 回答， 答复， 以…作答,/rɪ'plai/,/rɪ'plaɪ/,"I asked Clive where he was going, but he didn’t reply.",我问克莱夫到哪儿去，但他没有回答。
en:train:verb:1,train,verb,训练； 培养,v 训练； 培养；n 列车，火车；一连串，一系列；行列,/tren/,/treɪn/,a highly trained workforce,训练有素的劳动力
en:possibly:adverb:1,possibly,adverb,大概， 也许,adv 大概， 也许,/'pɑsəbli/,/'pɒsəbli/,This last task is possibly the most difficult.,这最后一项任务也许是最难的。
en:test:noun:2,test,noun,试验， 测试； 检验,n&v 试验， 测试； 检验,/tɛst/,/test/,Did you get a good mark in the test?,你这次测验成绩好吗？
en:planet:noun:2,planet,noun,行星,n 行星,/'plænɪt/,/'plænɪt/,The picture shows six of the nine planets in the solar system.,这张图片展示太阳系9个行星中的6个行星。
en:count:verb:2,count,verb,点…的数目， 计算； 把…算入； 认为， 看作； 值得考虑， 有重要意义,v 点…的数目， 计算； 把…算入； 认为， 看作； 值得考虑， 有重要意义,/kaʊnt/,/kaunt/,I was amazed at the number of plants - I counted 147.,我对植物的数量之多感到惊讶，我数了有147棵。
en:brown:adjective:2,brown,adjective,棕色的，褐色的,adj 棕色的，褐色的；n 棕色， 褐色,/braʊn/,/braun/,dark brown hair,深褐色的头发
en:take:verb:1,take,verb,[took-taken] 带， 携带； 需要， 花费； 拿， 取得； 接受； 吃， 喝， 服(药,v [took-taken] 带， 携带； 需要， 花费； 拿， 取得； 接受； 吃， 喝， 服(药,/tek/,/teɪk/,Would you mind taking Susie home ?,请你带苏茜回家好吗？
en:misleading:adjective:1,misleading,adjective,令人误解的， 导致错误结论的； 引入歧途的； 欺骗的； 迷惑人的,adj 令人误解的， 导致错误结论的； 引入歧途的； 欺骗的； 迷惑人的,"/,mɪs'lidɪŋ/",/ˌmɪs'liːdɪŋ/,"The article was misleading, and the newspaper has apologized.",那篇文章具有误导性，那家报纸已致歉。
en:final:adjective:2,final,adjective,最后的，最终的；决定性的，确定性的,adj 最后的，最终的；决定性的，确定性的；n 期末考试； 决赛,/'faɪnl/,/'faɪnl/,The final episode will be shown tonight.,最后一集将于今晚播出。
en:some:adverb:1,some,adverb,大约； 稍微,adv 大约； 稍微；pron 一些，若干；adj 一些，若干，有些；某个，某一,/sʌm;səm/,/sʌm/,She gained some 25 pounds in weight during pregnancy.,她在怀孕期间体重差不多增加了 25 磅。
en:blank:adjective:1,blank,adjective,空白的， 空着的； 茫然的， 无表情的,adj 空白的， 空着的； 茫然的， 无表情的,/blæŋk/,/blæŋk/,Leave the last page blank .,最后一页留空。
en:rather:adverb:2,rather,adverb,相当； 有点儿； 宁愿， 宁可； 更确切地说,adv 相当； 有点儿； 宁愿， 宁可； 更确切地说,/'ræðɚ/,/'rɑːðə(r)/,"Twenty million years ago, Idaho was not the arid place it is now. Rather, it was warm and damp, populated by dense primordial forest.",2000万年前，爱达荷州不像现在这样干旱。确切地说，它那时温暖潮湿，生长着茂密的原始森林。
en:importance:noun:1,importance,noun,重要,n 重要,/ɪm'pɔrtns/,/ɪm'pɔːtns/,He was full of his own importance (= he behaved in an annoying way which showed that he thought he was very important ).,他自以为很了不起。
en:back:adverb:1,back,adverb,回原处，回原状；向后，后仰着；还；以前；回，往回,adv 回原处，回原状；向后，后仰着；还；以前；回，往回；n 背， 背部； 后面，,/bæk/,/bæk/,I’ll be back in a minute.,我马上回来。
en:miss:verb:1,miss,verb,未击中， 未达到； 未赶上， 错过； 思念， 想念； 未明白； 避免， 逃脱,v 未击中， 未达到； 未赶上， 错过； 思念， 想念； 未明白； 避免， 逃脱；n 小姐,/mɪs/,/mɪs/,I’m absolutely starving – I missed lunch.,我饿坏了——我没吃上午饭。
en:pound:verb:1,pound,verb,强烈打击， 猛击； 心怦怦跳； 费力地移动,v 强烈打击， 猛击； 心怦怦跳； 费力地移动；n 磅；英镑,/paʊnd/,/paund/,He began pounding the keyboard of his computer.,他开始猛敲电脑键盘。
en:company:noun:2,company,noun,公司， 商号； 陪伴， 交往； 同伴， 朋友； 客人； 群， 伙,n 公司， 商号； 陪伴， 交往； 同伴， 朋友； 客人； 群， 伙,/'kʌmpəni/,/'kʌmpəni/,Which company do you work for?,你在哪家公司上班？
en:just:adverb:2,just,adverb,正好， 恰恰正是； 只是， 仅仅； 刚才； 确实， 真正地； 非常； 勉强地,adv 正好， 恰恰正是； 只是， 仅仅； 刚才； 确实， 真正地； 非常； 勉强地,/dʒʌst/,/dʒʌst/,A good strong cup of coffee is just what I need right now.,我现在正需要喝一杯浓浓的咖啡。
en:human:adjective:2,human,adjective,人的；人性的；有人情味的，有人性的,adj 人的；人性的；有人情味的，有人性的；n 人,/'hjumən/,/'hjuːmən/,There are many different cell types in the human body .,人体中有许多种不同的细胞类型。
en:notice:verb:1,notice,verb,注意到，察觉到,v 注意到，察觉到；n 注意， 察觉； 通知， 布告,/'notɪs/,/'nəutɪs/,He noticed a woman in a black dress sitting across from him.,他看到有位黑衣女子坐在他的对面。
en:owner:noun:2,owner,noun,物主， 所有人,n 物主， 所有人,/'onɚ/,/'əunə(r)/,He was now the proud owner of a bright red sports car.,他现在拥有了一辆亮红色跑车，很是自豪。
en:hometown:adjective:1,hometown,adjective,家乡的,adj 家乡的；n 家乡,/'homtaʊn/,/'həum'taun/,Do you like your hometown?,你喜欢你的家乡吗？
en:relax:verb:2,relax,verb,放松， 松弛； 放宽， 缓和,v 放松， 松弛； 放宽， 缓和,/rɪ'læks/,/rɪ'læks/,I just want to sit down and relax.,我只想坐下来休息一下。
en:custom:noun:1,custom,noun,习惯，风俗；惯例；,n 习惯，风俗；惯例；,/'kʌstəm/,/'kʌstəm/,"He awoke early, as was his custom.",他很早醒来，这是他的习惯。
en:permission:noun:1,permission,noun,许可， 允许,n 许可， 允许,/pɚ'mɪʃən/,/pə'mɪʃn/,He asked permission to leave the room.,他请求离开房间的许可。
en:home:adjective:1,home,adjective,家庭的； 家用的； 国内的,adj 家庭的； 家用的； 国内的；n 家乡；家，家庭；原产地，发源地,/hom/,/həum/,These children need a proper home life .,这些孩子需要正常的家庭生活。
en:hole:noun:1,hole,noun,洞， 孔眼； 漏洞， 缺陷,n 洞， 孔眼； 漏洞， 缺陷,/hol/,/həul/,I began digging a hole for the plant.,我开始挖洞种那棵植物。
en:print:verb:1,print,verb,印刷， 出版； 用印刷体写； 冲洗,v 印刷， 出版； 用印刷体写； 冲洗,/prɪnt/,/prɪnt/,Over five million copies of the paper are printed every day.,这份报纸每日印量超过五百万。
en:material:adjective:1,material,adjective,物质的， 实际的； 客观存在的； 重要的,adj 物质的， 实际的； 客观存在的； 重要的；n 材料，原料；素材；布料,/mə'tɪrɪəl/,/mə'tɪəriəl/,"According to some, the material world is all that exists.",有些人认为，物质世界就是存在的一切。
en:although:conjunction:2,although,conjunction,虽然， 尽管； 然而,conj 虽然， 尽管； 然而,/ɔl'ðo/,/ɔːl'ðəu/,"Although in poor health, she continued to carry out her duties.",尽管身体不好，她仍继续执行任务。
en:beach:noun:2,beach,noun,海滩， 沙滩,n 海滩， 沙滩,/bitʃ/,/biːtʃ/,a sandy beach,沙滩
en:baby:noun:2,baby,noun,婴儿,n 婴儿,/bebɪ/,/'beɪbi/,The baby is crying.,宝宝在哭。
en:iron:verb:1,iron,verb,熨， 烫,v 熨， 烫；n 铁；烙铁，熨斗,/'aɪɚn/,/'aɪən/,Have you ironed my shirt?,我的衬衫你熨过了吗？
en:adverb:noun:1,adverb,noun,副词,n 副词,/'ædvɝb/,/'ædvɜːb/,"An adverbial is often one word, an adverb.",状语经常只是一个副词。例如。
en:president:noun:2,president,noun,总统； 主席； 校长， 会长； 董事长， 总经理,n 总统； 主席； 校长， 会长； 董事长， 总经理,/'prɛzɪdənt/,/'prezɪdənt/,President Bush,布什总统
en:explain:verb:2,explain,verb,讲解， 说明,v 讲解， 说明,/ɪk'splen/,/ɪk'spleɪn/,He carefully explained the procedure.,他仔细解释了程序。
en:hum:verb:1,hum,verb,"[hummed-hummed, humming] 哼曲子； 发出嗡嗡声； 忙碌， 充满活力","v [hummed-hummed, humming] 哼曲子； 发出嗡嗡声； 忙碌， 充满活力",/hʌm/,/hʌm/,He began to hum a tune.,他开始哼唱一支曲子。
en:basket:noun:2,basket,noun,篮， 篓， 筐,n 篮， 篓， 筐,/'bæskɪt/,/'bɑːskɪt/,a shopping basket,购物篮
en:lunch:noun:2,lunch,noun,午餐,n 午餐,/lʌntʃ/,/lʌntʃ/,What’s for lunch?,午饭吃什么？
en:hope:noun:2,hope,noun,希望， 期望,n&v 希望， 期望,/hop/,/həup/,I do hope everything goes well.,我真心希望一切顺利。
en:thirteenth:numeral:1,thirteenth,numeral,第十三,num 第十三；n 十三分之一,/'θɝtinθ/,/ˌθɜː'tiːnθ/,"At that moment, the thirteenth fairy arrived.",就在这时，第十三位仙女出现了。
en:attempt:noun:1,attempt,noun,尝试， 企图； 努力,n&v 尝试， 企图； 努力,/ə'tɛmpt/,/ə'tempt/,He made no attempt to hide his anger.,他毫不掩饰自己的愤怒。
en:thick:adjective:1,thick,adjective,厚的， 粗的； 笨的， 迟钝的； 稠的， 浓的； 密的， 密集的,adj 厚的， 粗的； 笨的， 迟钝的； 稠的， 浓的； 密的， 密集的,/θɪk/,/θɪk/,a thick oak door,一扇厚实的橡木门
en:soon:adverb:2,soon,adverb,不久， 即刻； 早， 快,adv 不久， 即刻； 早， 快,/sun/,/suːn/,It will be dark soon.,天很快就要黑了。
en:december:noun:2,December,noun,十二月,n 十二月,/dɪ'sɛmbɚ/,/dɪ'sembə(r)/,This is me at school in December.,这就是十二月在学校中的我。
en:tape:verb:1,tape,verb,系， 捆； 把…录在磁带上,v 系， 捆； 把…录在磁带上；n 带子；磁带；录像带,/tep/,/teɪp/,She has just taped an interview.,她刚刚录制了一次采访。
en:balance:verb:1,balance,verb,使平衡， 使均衡； 称； 权衡,v 使平衡， 使均衡； 称； 权衡；n 天平，称；均衡，平衡；结存，结欠,/'bæləns/,/'bæləns/,I balanced on the ledge.,我在岩脊上站稳。
en:lock:verb:2,lock,verb,锁上；卡住,v 锁上；卡住；n 锁； 船闸,/lɑk/,/lɒk/,Did you lock the car?,你把汽车锁好了吗？
en:fear:noun:2,fear,noun,害怕， 恐惧； 恐惧的原因； 令人恐惧的事物,n 害怕， 恐惧； 恐惧的原因； 令人恐惧的事物,/fɪr/,/fɪə(r)/,She finally ran away for fear that he would kill her.,她最后逃走了，唯恐他会杀她。
en:song:noun:2,song,noun,歌， 歌曲； 鸣声， 歌声,n 歌， 歌曲； 鸣声， 歌声,/sɔŋ/,/sɒŋ/,We used to listen to pop songs on the radio.,我们以前常常听收音机里播放的流行歌曲。
en:cookie:noun:1,cookie,noun,饼干,n 饼干,/'kʊki/,/'kuki/,a glass of milk and a cookie,一杯牛奶和一块小甜饼
en:belt:noun:1,belt,noun,地带， 地区； 腰带， 皮带,n 地带， 地区； 腰带， 皮带,/bɛlt/,/belt/,He unbuckled his leather belt.,他解开皮带。
en:chop:verb:1,chop,verb,切，劈，砍,v 切，劈，砍；n 〔羊、猪等〕排骨,/tʃɑp/,/tʃɒp/,He went outside to chop some more wood for the fire.,他出去再砍些木材来生火。
en:cream:adjective:1,cream,adjective,奶油色的,adj 奶油色的；n 奶油；护肤霜；奶油色,/krim/,/'kriːm/,a cream-coloured carpet,奶黄色的地毯
en:sense:verb:1,sense,verb,觉得， 意识到,v 觉得， 意识到；n 感官，官能；感觉；判断力，见识,/sɛns/,/sens/,Perhaps he sensed your distrust.,也许他感觉到了你的不信任。
en:bell:noun:2,bell,noun,钟， 铃； 钟声， 铃声,n 钟， 铃； 钟声， 铃声,/bɛl/,/bel/,church bells,教堂的钟
en:heavy:adjective:2,heavy,adjective,重的， 重型的； 大量的， 密集的； 严重的， 严厉的； 剧烈的， 繁重的； 沉重,adj 重的， 重型的； 大量的， 密集的； 严重的， 严厉的； 剧烈的， 繁重的； 沉重,/'hɛvi/,/'hevi/,The wardrobe was too heavy for me to move on my own.,衣橱太重，我一个人移不动。
en:canada:noun:2,Canada,noun,加拿大,n 加拿大,/'kænədə/,/'kænədə/,Both of them come from Canada.,他们两个来自加拿大。
en:afford:verb:2,afford,verb,买得起， 负担得起； 提供， 给予,v 买得起， 负担得起； 提供， 给予,/ə'fɔrd/,/ə'fɔːd/,The room affords a beautiful view over the city.,这房间可以俯瞰城市美景。
en:field:noun:2,field,noun,田地， 田野； 场地； 领域， 界， 学科,n 田地， 田野； 场地； 领域， 界， 学科,/fild/,/fiːld/,a view of green fields and rolling hills,田野青翠、丘陵起伏的景色
en:underground:adjective:1,underground,adjective,地下的；秘密的，不公开的,adj 地下的；秘密的，不公开的；n 〈英〉地铁,/ʌndɚˈɡraʊnd/,/'ʌndəgraund/,an underground passage,地下通道
en:baseball:noun:1,baseball,noun,棒球,n 棒球,/'besbɔl/,/'beɪsbɔːl/,"Yes, I like basketball and baseball.",是的，我喜欢篮球和棒球。
en:dog:noun:2,dog,noun,狗； 犬科动物,n 狗； 犬科动物,/dɔɡ/,/dɒg/,I could hear a dog barking .,我听到了狗吠声。
en:upset:adjective:1,upset,adjective,心烦的， 苦恼的； 不适的； 心烦的， 苦恼的； 不适的,adj 心烦的， 苦恼的； 不适的； 心烦的， 苦恼的； 不适的；n 困扰，麻烦；出乎意料的结局；困扰，麻烦；出乎意料的结局,/ʌp'sɛt/,/ʌp'set/,"You’re not still upset with me, are you?",你不是还在生我的气吧？
en:thief:noun:1,thief,noun,贼， 小偷,n 贼， 小偷,/θif/,/θiːf/,"Thieves broke into the offices and stole $150,000’s worth of computer equipment.",小偷破门进入办公室，偷走了价值15万美元的电脑设备。
en:embarrassed:adjective:1,embarrassed,adjective,尴尬的， 为难的； 陷入困境的， 窘迫的,adj 尴尬的， 为难的； 陷入困境的， 窘迫的,/ɪm'bærəst/,/ɪm'bærəst/,Lori gets embarrassed if we ask her to sing.,我们要是请洛丽唱歌，她就会难为情。
en:unpleasant:adjective:1,unpleasant,adjective,使人不愉快的， 厌恶的； 煞风景的； 不和的， 不客气的,adj 使人不愉快的， 厌恶的； 煞风景的； 不和的， 不客气的,/ʌn'plɛznt/,/ʌn'pleznt/,an unpleasant experience,不愉快的经历
en:skin:noun:1,skin,noun,皮； 兽皮， 毛皮； 外皮， 外壳,n 皮； 兽皮， 毛皮； 外皮， 外壳,/skɪn/,/skɪn/,a leopard skin,豹皮
en:stamp:noun:2,stamp,noun,邮票， 印花； 印， 图章； 标志， 印记； 跺脚， 顿足,n 邮票， 印花； 印， 图章； 标志， 印记； 跺脚， 顿足,/stæmp/,/stæmp/,a 29-cent stamp,一枚 29 美分的邮票
en:summer:noun:1,summer,noun,夏天， 夏季,n 夏天， 夏季,/'sʌmɚ/,/'sʌmə(r)/,the long hot summer of 1976,1976 年炎热漫长的夏天
en:eight:numeral:2,eight,numeral,八,num 八,/et/,/eɪt/,It’s only eight days till Christmas.,还有8天就到圣诞节了。
en:mention:noun:1,mention,noun,提及， 说起,n&v 提及， 说起,/'mɛnʃən/,/'menʃn/,Was my name mentioned at all?,我的名字被提到过吗？
en:mad:adjective:2,mad,adjective,疯的， 神经错乱的； 恼火的， 狂怒的； 狂热的， 着迷的,adj 疯的， 神经错乱的； 恼火的， 狂怒的； 狂热的， 着迷的,/mæd/,/mæd/,He can’t possibly get that finished in time. He must be mad !,他不可能按时完成的。他一定是疯了！
en:barbecue:verb:1,barbecue,verb,在烤架上烧烤,v 在烤架上烧烤；n 烧烤野餐；金属烤架,/'bɑrbɪkju/,/'bɑːbɪkjuː/,barbecued chicken,〔用烤架烧的〕烤鸡
en:next:adverb:2,next,adverb,接下去， 然后； 居后地， 次于,adv 接下去， 然后； 居后地， 次于；adj 下一个的；紧接在后的；接下来的,/nɛkst/,/nekst/,When I next saw her she completely ignored me.,我再次见到她时，她压根儿没有理我。
en:stream:verb:1,stream,verb,流， 涌,v 流， 涌；n 小河，溪流；流，一股；一连串,/strim/,/striːm/,Tears streamed down their faces.,泪水顺着他们的脸颊流下来。
en:member:noun:2,member,noun,成员， 会员,n 成员， 会员,/'mɛmbɚ/,/'membə(r)/,The majority of union members voted in favour of a strike.,大多数工会成员投票赞成罢工。
en:nurse:verb:2,nurse,verb,护理， 照料,v 护理， 照料；n 护士；保姆，保育员,/nɝs/,/nɜːs/,The nurse is coming to give you an injection.,护士会来给你打针。
en:man:noun:1,man,noun,成年男子，男人,n 成年男子，男人；v 在〔某系统、设备等上〕工作；使用，操纵〔某系统、设备等〕；interjection 喂，嘿，啊呀〔用于强调正在说的话，尤在生气、吃惊、失望等时使用〕,/mæn/,/mæn/,There were two men and a woman in the car.,车上有两男一女。
en:stand:verb:1,stand,verb,[stood-stood] 站， 站立； 坐落， 位于； 继续存在， 保持有效； 处于特定状态,v [stood-stood] 站， 站立； 坐落， 位于； 继续存在， 保持有效； 处于特定状态,/stænd/,/stænd/,It looks like we’ll have to stand – there are no seats left.,看来我们只能站着——没有座位了。
en:map:verb:2,map,verb,在地图上标示出； 绘制…的地图,v 在地图上标示出； 绘制…的地图；n 地图，图,/mæp/,/mæp/,He spent the next fifteen years mapping the Isle of Anglesey.,他在后来的十五年里绘制了安格尔西岛的地图。
en:together:adverb:2,together,adverb,在一起， 共同； 一致地， 协调地,adv 在一起， 共同； 一致地， 协调地,/tə'ɡɛðɚ/,/tə'geðə(r)/,We’ve very much enjoyed working together .,我们在一起工作非常开心。
en:illness:noun:2,illness,noun,病， 疾病,n 病， 疾病,/'ɪlnəs/,/'ɪlnəs/,She had all the normal childhood illnesses.,儿童的常见病她小时候都得过。
en:twenty:numeral:1,twenty,numeral,二十， 二十个,num 二十， 二十个,/'twɛnti/,/'twenti/,a small village twenty miles from Nairobi,距内罗毕20英里的一个小村庄
en:cigarette:noun:1,cigarette,noun,香烟,n 香烟,"/ˌsɪɡəˈrɛt, ˈsɪɡəˌrɛt/",/'sɪgəret/,a packet of cigarettes,一包香烟
en:may:modal-verb:1,may,modal verb,可能，也许,modal verb 可能，也许；n 山楂花,/me/,/meɪ/,"I may be late, so don’t wait for me.",我可能会迟到，所以别等我。
en:forward:adverb:1,forward,adverb,向前；向将来，从今往后,adv 向前；向将来，从今往后；adj 前部的， 位于前面的,/'fɔrwɚd/,/'fɔːwəd/,"He leaned forward , his elbows resting on the table.",他身体前倾，胳膊肘撑在桌子上。
en:could:modal-verb:1,could,modal verb,能，会，可以〔can 的过去式〕,modal verb 能，会，可以〔can 的过去式〕,/kəd; kʊd/,/kud/,"By the time she was eight, she could read Greek and Latin.",她八岁时就会读希腊文和拉丁文了。
en:health:noun:2,health,noun,健康； 卫生， 保健,n 健康； 卫生， 保健,/hɛlθ/,/helθ/,I’m worried about my husband’s health.,我担心我丈夫的健康状况。
en:positive:adjective:1,positive,adjective,积极的， 正面的； 肯定的； 【电】正的， 阳性的； 确实的， 明确的； 十足的，,adj 积极的， 正面的； 肯定的； 【电】正的， 阳性的； 确实的， 明确的； 十足的，,/'pɑzətɪv/,/'pɒzətɪv/,At least something positive has come out of the situation.,至少这个情况也产生了一些积极的东西。
en:menu:noun:2,menu,noun,菜单,n 菜单,/'mɛnju/,/'menjuː/,"Could we have the menu, please?",请把菜单给我们，好吗？
en:machine:noun:2,machine,noun,机器， 机械,n 机器， 机械,/mə'ʃin/,/mə'ʃiːn/,Could you get me a coffee from the drinks machine ?,给我从自动饮料机里买一罐咖啡好吗？
en:able:adjective:2,able,adjective,能够…的， 得以…的； 有才干的， 能力出,adj 能够…的， 得以…的； 有才干的， 能力出,/'ebl/,/'3ɪbl/,one of my more able students,我班上能力比较强的学生之一
en:evening:noun:2,evening,noun,傍晚， 晚上,n 傍晚， 晚上,/'ivnɪŋ/,/'iːvnɪŋ/,I do most of my studying in the evening.,我学习大都在晚上。
en:mend:verb:2,mend,verb,修理， 修补； 改良， 改进； 修正， 改正； 恢复健康， 痊愈,v 修理， 修补； 改良， 改进； 修正， 改正； 恢复健康， 痊愈,/mɛnd/,/mend/,His leg isn’t mending as quickly as he’d expected.,他的腿愈合得不像他预想的那样快。
en:return:verb:2,return,verb,返回，回来；回复，回应；退回；回报,v 返回，回来；回复，回应；退回；回报；n 返回， 回来； 偿还， 归还； 恢复； 回,/rɪ'tɝn/,/rɪ'tɜːn/,It was forty five minutes before she returned.,过了45分钟她才回来。
en:instance:noun:1,instance,noun,例子， 实例， 事例； 情况,n 例子， 实例， 事例； 情况,/'ɪnstəns/,/'ɪnstəns/,"We need to rethink the way we consume energy. Take, for instance, our approach to transport.",我们需要重新考虑我们使用能源的方式，例如我们的运输方式。
en:opera:noun:1,opera,noun,歌剧,n 歌剧,/'ɑprə/,/'ɒprə/,We go to the opera (= go to a performance of opera ) regularly.,我们常去听歌剧。
en:mail:verb:1,mail,verb,邮寄,v 邮寄；n 邮政，邮递；邮件，邮包；电子邮件,/mel/,/meɪl/,They send the mail by road.,他们通过公路运送邮件。
en:use:verb:1,use,verb,用，使用；耗费，消费,v 用，使用；耗费，消费；n 使用， 应用； 用途， 效用,/juz/,/juːz/,Can I use your phone?,我可以用一下你的电话吗？
en:feel:verb:1,feel,verb,感受到，觉得，体会到,v 感受到，觉得，体会到；n 感觉,/fil/,/fiːl/,Do you still feel hungry?,你还觉得饿吗？
en:thrill:noun:1,thrill,noun,兴奋， 激动； 引起激动的事物； 震动， 颤抖,n 兴奋， 激动； 引起激动的事物； 震动， 颤抖,/θrɪl/,/θrɪl/,Winning first place must have been quite a thrill.,赢得第一名肯定让人非常激动。
en:main:adjective:1,main,adjective,主要的； 最重要的,adj 主要的； 最重要的,,/meɪn/,The main reason for living in Spain is the weather.,居住在西班牙的主要原因是天气。
en:serve:verb:1,serve,verb,为…服务； 任； 招待， 接待， 伺候； 符合， 适用于， 满足； 供应；,v 为…服务； 任； 招待， 接待， 伺候； 符合， 适用于， 满足； 供应；,/sɝv/,/sɜːv/,There was only one girl serving customers .,只有一个女孩在接待顾客。
en:cough:noun:2,cough,noun,咳， 咳嗽,n&v 咳， 咳嗽,/kɔf/,/kɒf/,Matthew coughed and cleared his throat.,马修咳了一声清清喉咙。
en:smile:verb:2,smile,verb,微笑， 露出笑容； 笑， 用微笑表示,v 微笑， 露出笑容； 笑， 用微笑表示；n 微笑，笑容,/smaɪl/,/smaɪl/,her smiling face,她的笑脸
en:radio:verb:1,radio,verb,用无线电传送,v 用无线电传送；n 无线电广播；设备；收音机,/'redɪo/,/'reɪdiəu/,The officer radioed for advice.,那名军官发电请求指示。
en:solution:noun:1,solution,noun,解决， 解答， 解决办法； 溶液,n 解决， 解答， 解决办法； 溶液,/sə'luʃən/,/sə'luːʃn/,The best solution would be for them to separate.,最好的解决方法是他们分开。
en:fine:adjective:2,fine,adjective,健康的， 舒适的； 极好的， 优秀的； 纤细的， 细小的； 精制的， 高质量的；,adj 健康的， 舒适的； 极好的， 优秀的； 纤细的， 细小的； 精制的， 高质量的；,/faɪn/,/faɪn/,"‘How are you?’ ‘Fine, thanks, how are you?’",“你好吗？”“很好，谢谢，你呢？”
en:find:verb:1,find,verb,发现，找到 〔一直在寻找之物〕,v 发现，找到 〔一直在寻找之物〕；n 〔尤指通过挖掘或水下打捞找到的〕发现物,/faɪnd/,/faɪnd/,I can’t find the car keys.,我找不到汽车钥匙。
en:host:noun:1,host,noun,主人； 东道主； 节目主持人； 许多， 大量,n 主人； 东道主； 节目主持人； 许多， 大量,/host/,/həust/,Our host greeted us at the door.,主人在门口迎接我们。
en:international:adjective:1,international,adjective,国际的， 世界的,adj 国际的， 世界的,"/,ɪntɚ'næʃnəl/",/ˌɪntə'næʃnəl/,the response of the international community,国际社会的反响
en:terrible:adjective:2,terrible,adjective,极度的， 厉害的； 可怕的， 骇人的； 很糟的， 极坏的,adj 极度的， 厉害的； 可怕的， 骇人的； 很糟的， 极坏的,/'tɛrəbl/,/'terəbl/,The hotel was absolutely terrible.,这家宾馆糟糕透了。
en:combine:verb:1,combine,verb,联合，结合,v 联合，结合；n 联合企业； 联合收割机,/kəm'baɪn/,/kəm'baɪn/,Diets are most effective when combined with exercise.,节食和锻炼相结合是最有效的。
en:waste:verb:1,waste,verb,浪费， 未充分利用,v 浪费， 未充分利用；n 浪费，糟蹋；废料，废弃物,/west/,/weɪst/,Leaving the heating on all the time wastes electricity.,让暖气整天开着是浪费电力。
en:turtle:noun:1,turtle,noun,海龟,n 海龟,/'tɝtl/,/'tɜːtl/,...a pet turtle.,…一只宠物龟。
en:comedy:noun:1,comedy,noun,喜剧， 喜剧性,n 喜剧， 喜剧性,/'kɑmədi/,/'kɒmədi/,a career in stand-up comedy,单口喜剧表演职业
en:pleasant:adjective:2,pleasant,adjective,舒适的； 令人愉快的； 讨人喜欢的,adj 舒适的； 令人愉快的； 讨人喜欢的,/'plɛznt/,/'pleznt/,It had been a pleasant evening.,那是个愉快的夜晚。
en:equipment:noun:1,equipment,noun,装备， 配备,n 装备， 配备,/ɪ'kwɪpmənt/,/ɪ'kwɪpmənt/,a shop selling camping equipment,出售露营装备的商店
en:difficult:adjective:2,difficult,adjective,困难的； 难懂的； 难以取悦的,adj 困难的； 难懂的； 难以取悦的,/ˈdɪfəkəlt/,/'dɪfɪkəlt/,a difficult question,难解的问题
en:dry:adjective:2,dry,adjective,干的，干旱的；口渴的,adj 干的，干旱的；口渴的；v 使干， 使脱水,/draɪ/,/draɪ/,I need to change into some dry clothes .,我要换上干衣服。
en:film:verb:1,film,verb,拍摄电影,v 拍摄电影；n 影片，电影；胶片，胶卷；薄层，薄膜,/fɪlm/,/fɪlm/,The love scenes are sensitively filmed.,爱情戏拍得很细腻。
en:sort:verb:1,sort,verb,分类， 整理,v 分类， 整理；n 种类，类别；某一种人，某一类人,/sɔrt/,/sɔːt/,The eggs are sorted according to size.,这些鸡蛋是按大小分类的。
en:pressure:verb:1,pressure,verb,对…施加压力； 迫使， 说服,v 对…施加压力； 迫使， 说服；n 压；压强；强制，压迫,/'prɛʃɚ/,/'preʃə(r)/,He will never pressure you to get married.,他永远也不会给你施加压力让你结婚。
en:fill:verb:2,fill,verb,装满； 使充满；满足,v 装满； 使充满；满足；n 填满…的量； 吃饱的量,/fɪl/,/fɪl/,"He poured her a drink, then filled his own glass.",他给她倒了一杯，然后将自己的杯子斟满。
en:heart:noun:2,heart,noun,心， 心脏； 内心， 感情； 勇气， 热忱； 中心， 要点,n 心， 心脏； 内心， 感情； 勇气， 热忱； 中心， 要点,/hɑrt/,/hɑːrt/,Regular exercise is good for the heart.,经常锻炼对心脏有好处。
en:dentist:noun:2,dentist,noun,牙科医生,n 牙科医生,/'dɛntɪst/,/'dentɪst/,Visit your dentist twice a year for a checkup.,每年看两次牙医做检查。
en:trash:noun:1,trash,noun,垃圾， 废物； 拙劣的文学作品； 没用,n 垃圾， 废物； 拙劣的文学作品； 没用,/træʃ/,/træʃ/,Will someone take out the trash (= take it outside the house ) ?,谁把垃圾拿出去好吗？
en:feed:verb:1,feed,verb,[fed-fed] 喂， 为…提供食物； 吃， 以…为,v [fed-fed] 喂， 为…提供食物； 吃， 以…为,/fid/,/fiːd/,We brought along pieces of old bread and fed the birds.,我们带了几片陈面包来喂鸟。
en:forget:verb:1,forget,verb,[forgot-forgotten] 忘记， 遗忘,v [forgot-forgotten] 忘记， 遗忘,/fɚ'ɡɛt/,/fə'get/,"I’m sorry, I’ve forgotten your name.",对不起，我忘记你的名字了。
en:task:noun:1,task,noun,任务， 工作； 作业,n 任务， 工作； 作业,/tæsk/,/tɑːsk/,Sara had the task of preparing the agenda for meetings.,萨拉的任务是准备会议议程。
en:convenient:adjective:1,convenient,adjective,方便的， 便利的,adj 方便的， 便利的,/kənˈvinjənt/,/kən'viːniənt/,Mail-order catalogs are a convenient way to shop.,使用邮购目录是一种方便的购物方式。
en:background:noun:2,background,noun,出身背景， 经历； 背景资料； 背景， 底子,n 出身背景， 经历； 背景资料； 背景， 底子,/'bækɡraʊnd/,/'bækgraund/,Students with a background in chemistry will probably find the course easier.,学过化学的学生可能会觉得这门课程容易些。
en:true:adjective:2,true,adjective,真实的， 确实的； 真正的， 真的； 忠诚的， 忠实的； 准确的， 精确的,adj 真实的， 确实的； 真正的， 真的； 忠诚的， 忠实的； 准确的， 精确的,/tru/,/truː/,"No, honestly, it’s a true story .",不，真的，这是一个真实的故事。
en:position:verb:1,position,verb,安放， 安置,v 安放， 安置；n 位置，方位；职位，职务；姿势，姿态；立场,/pə'zɪʃən/,/pə'zɪʃn/,Position the cursor before the letter you want to delete.,把光标放在你想删去的字母之前。
en:neck:noun:2,neck,noun,颈， 脖子； 领圈， 领口,n 颈， 脖子； 领圈， 领口,/nɛk/,/nek/,Mike rubbed the back of his neck.,迈克揉了揉后颈。
en:since:adverb:1,since,adverb,后来，,adv 后来，；conj 自…以来，从…以后；因为，既然；prep 自…以来，从…以后,/sɪns/,/sɪns/,"About six thousand people were arrested, several hundred of whom have since been released.",约六千人被逮捕，不过他们中有几百人后来被释放了。
en:handsome:adjective:2,handsome,adjective,漂亮的， 英俊的； 端庄健美的， 好看的； 慷慨的， 可观的,adj 漂亮的， 英俊的； 端庄健美的， 好看的； 慷慨的， 可观的,/'hænsəm/,/'hænsəm/,He managed to make a handsome profit out of the deal.,他从这笔买卖中赚取了丰厚的利润。
en:soup:noun:2,soup,noun,汤,n 汤,/sup/,/suːp/,homemade tomato soup,自制的番茄汤
en:stair:noun:1,stair,noun,梯级,n 梯级,/stɛr/,/steə(r)/,We walked up four flights of stairs (= sets of stairs ) .,我们往上走了四段楼梯。
en:belong:verb:1,belong,verb,属于， 应归入,v 属于， 应归入,/bɪ'lɔŋ/,/bɪ'lɒŋ/,The house had belonged to her family for three or four generations.,这座房子属于她家已有三四代了。
en:dangerous:adjective:2,dangerous,adjective,危险的， 不安全的,adj 危险的， 不安全的,/'dendʒərəs/,/'deɪndʒərəs/,laws about dangerous dogs,有关危险犬类的法律
en:best:adverb:1,best,adverb,最好， 最,adv 最好， 最；adj 最好的,/bɛst/,/best/,It works best if you let it warm up first.,如果先把它预热一下，使用效果最佳。
en:mess:noun:1,mess,noun,凌乱的状态， 脏乱的状态； 混乱的局面， 困,n 凌乱的状态， 脏乱的状态； 混乱的局面， 困,/mɛs/,/mes/,What a mess!,太乱了！
en:sour:adjective:2,sour,adjective,酸的， 酸味的； 馊的， 酸臭的； 乖戾的， 尖酸刻薄的； 发酸的； 酸痛的,adj 酸的， 酸味的； 馊的， 酸臭的； 乖戾的， 尖酸刻薄的； 发酸的； 酸痛的,/'saʊɚ/,/'sauə(r)/,Rachel sampled the wine. It was sour.,雷切尔尝了尝葡萄酒，是酸的。
en:native:adjective:1,native,adjective,出生地的；当地的,adj 出生地的；当地的；n 土生土长者， 本国人,/'netɪv/,/'neɪtɪv/,They never saw their native land again.,他们再也没见到故土。
en:breath:noun:2,breath,noun,气息， 呼吸的空气， 呼吸； 微风， 轻微流动,n 气息， 呼吸的空气， 呼吸； 微风， 轻微流动,/brɛθ/,/breθ/,Scarcely a breath of air disturbed the stillness of the day.,几乎没有一丝微风搅扰白日的宁静。
en:ball:noun:2,ball,noun,球， 球状物； 舞会,n 球， 球状物； 舞会,/bɔl/,/bɔːl/,a ball of string,线团
en:hour:noun:2,hour,noun,小时，钟点；时间，时刻；,n 小时，钟点；时间，时刻；,/'aʊr/,/'auə(r)/,The interview will last about two hours.,面试大概要持续两小时。
en:repeat:noun:1,repeat,noun,重复； 重说； 重做,n&v 重复； 重说； 重做,/rɪ'pit/,/rɪ'piːt/,Can you repeat your question?,你能重复一遍你的问题吗？
en:nervous:adjective:2,nervous,adjective,神经紧张的， 情绪不安的； 神经系统的； 神经性的,adj 神经紧张的， 情绪不安的； 神经系统的； 神经性的,/'nɝvəs/,/'nɜːvəs/,I wish you’d stop looking at me like that. You’re making me nervous.,我希望你不要再那样看着我了，你让我紧张。
en:make:verb:1,make,verb,[made-made] 做， 制造； 作出， 制定； 使， 迫使； 获得， 挣得； 成为， 到达,v [made-made] 做， 制造； 作出， 制定； 使， 迫使； 获得， 挣得； 成为， 到达,/mek/,/meɪk/,I’m going to show you how to make a box for your tools.,我来教你怎么做一个箱子存放工具。
en:microwave:noun:1,microwave,noun,微波； 微波炉,n 微波； 微波炉,/'maɪkrə'wev/,/'maɪkrəweɪv/,I’ll heat it up in the microwave.,我来把它用微波炉热一热。
en:structure:verb:1,structure,verb,构造， 建造,v 构造， 建造；n 结构，构造；建筑物,/'strʌktʃɚ/,/'strʌktʃə(r)/,challenges to the existing power structure,对现有权力结构的挑战
en:master:verb:2,master,verb,掌握，精通；征服,v 掌握，精通；征服；adj 主要的， 最重；n 主人，雇主；能手；名家，大师,/'mæstɚ/,/'mɑːstə(r)/,the skills needed to master a new language,掌握一门新语言所需的技能
en:outdoor:adverb:1,outdoor,adverb,在户外， 在野外,adv 在户外， 在野外；adj 户外的，野外的,/'aʊt'dɔr/,/'autdɔː(r)/,"Though with the widespread of the Internet, we can almost do everything at home, we have to enjoy our outdoor lives.",虽然随着互联网的普及，我们在家几乎可以做所有的事情，但是我们得要欣赏我们的户外生活。
en:orange:adjective:2,orange,adjective,橙色的,adj 橙色的；n 橙，柑，橘；橙汁，橘汁,/'ɔrɪndʒ/,/'ɒrɪndʒ/,I like the orange coat.,我喜欢这个橙色的外套。
en:online:adjective:1,online,adjective,在线的； 联机的， 联网的,adj 在线的； 联机的， 联网的,/'ɑn'laɪn/,/ˌɒn'laɪn/,All the city’s schools will be online by the end of the year.,到年底，市里的所有学校都会连接因特网。
en:writer:noun:1,writer,noun,作者， 作家,n 作者， 作家,/'raɪtɚ/,/'raɪtə/,She’s one of my favourite writers.,她是我最喜欢的作家之一。
en:fence:verb:1,fence,verb,围住， 隔开； 回避， 搪塞,v 围住， 隔开； 回避， 搪塞；n 栅栏，篱笆,/fɛns/,/fens/,Villagers say the fence would restrict public access to the hills.,村民们说栅栏将限制公众进入山区。
en:depend:verb:2,depend,verb,依靠， 依赖； 信赖， 相信； 取决于， 视…而定,v 依靠， 依赖； 信赖， 相信； 取决于， 视…而定,/dɪ'pɛnd/,/dɪ'pend/,The cooking time needed depends on the size of the potato.,烹饪时间长短取决于土豆的大小。
en:about:preposition:2,about,preposition,关于， 对于； 在…周围， 在…各处,prep 关于， 对于； 在…周围， 在…各处,/ə'baʊt/,/ə'baut/,a book about politics,一本有关政治的书
en:weekday:noun:2,weekday,noun,平常日， 工作日,n 平常日， 工作日,/'wikde/,/'wiːkdeɪ/,"If you want to avoid the crowds, it's best to come on a weekday.",如果你想避开人流，最好在工作日来。
en:danger:noun:2,danger,noun,危险； 危险事物； 威胁,n 危险； 危险事物； 威胁,/'dendʒɚ/,/'deɪndʒə(r)/,Danger! No boats beyond this point.,危险！船只不可越过此处。
en:theatre:noun:1,theatre,noun,戏院， 剧场； 影剧院,n 戏院， 剧场； 影剧院,/ˈθiətər/,/'θɪətə(r)/,an open-air theatre (= a theatre that is outside ),露天剧场
en:cover:verb:2,cover,verb,盖，覆盖；范围为，占；行，行过；包括；报道；掩护,v 盖，覆盖；范围为，占；行，行过；包括；报道；掩护；n 盖子； 套子；,/'kʌvɚ/,/'kʌvə(r)/,Cover the pot and bake for an hour.,把锅盖上，烘烤一小时。
en:firm:adjective:1,firm,adjective,坚实的， 结实的； 稳固的； 坚定的， 坚决的,adj 坚实的， 结实的； 稳固的； 坚定的， 坚决的；n 公司，商行,/fɝm/,/fɜːm/,The sofa cushions are fairly firm.,沙发的坐垫很硬。
en:bank:verb:1,bank,verb,把存入银行,v 把存入银行；n 银行；库；岸，堤,/bæŋk/,/bæŋk/,Did you bank that check?,你把那张支票存入银行了吗？
en:character:noun:1,character,noun,性格； 特色， 特性； 人物， 角色； 符号， 字,n 性格； 特色， 特性； 人物， 角色； 符号， 字,/'kærɪktɚ/,/'kærəktə(r)/,He has a cheerful but quiet character.,他的性格乐观文静。
en:meaning:noun:2,meaning,noun,意思， 含义； 意义,n 意思， 含义； 意义,/'minɪŋ/,/'miːnɪŋ/,What’s the meaning of this? I asked you to be here an hour ago!,这是什么意思？我让你一小时之前就要到的！
en:above:adverb:1,above,adverb,在上面， 在顶上； (在级别、 权力、 数目,adv 在上面， 在顶上； (在级别、 权力、 数目；prep 在…上方；多于，超过,/ə'bʌv/,/ə'bʌv/,Our office is above the hairdresser’s.,我们的办公室在理发店上面。
en:fire:verb:1,fire,verb,放， 射出； 解,v 放， 射出； 解；n 火，炉火；火灾，失火；射击，火力,/'faɪr/,/'faɪə(r)/,...the potential to fire the imagination of an entire generation.,…激发整整一代人的想像力的潜能。
en:brazilian:adjective:1,Brazilian,adjective,巴西的； 巴西人的,adj 巴西的； 巴西人的；n 巴西人,/brə'zɪljən/,/brə'zɪliən/,Do you want to know more about Brazilian Culture?,你想了解更多关于巴西的文化吗？
en:stick:verb:1,stick,verb,粘，贴,v 粘，贴；n 柴枝，枝条,/stɪk/,/stɪk/,This stamp won’t stick properly.,这张邮票贴不牢。
en:band:noun:1,band,noun,乐队； 群， 伙； 带， 箍； 条纹； 波段， 频带,n 乐队； 群， 伙； 带， 箍； 条纹； 波段， 频带,/bænd/,/bænd/,The band was playing old Beatles songs.,乐队正在演奏披头士的老歌。
en:height:noun:2,height,noun,高， 高度； 高处， 高地； 顶点,n 高， 高度； 高处， 高地； 顶点,/haɪt/,/haɪt/,Sam’s about the same height as his sister now.,萨姆现在身高和他姐姐差不多了。
en:mall:noun:1,mall,noun,购物中心， 商店区,n 购物中心， 商店区,/mɔl/,/mɔːl/,Let’s meet at the mall and go see a movie.,我们在购物中心碰头，然后去看电影吧。
en:invent:verb:2,invent,verb,发明， 创造； 捏造， 虚构,v 发明， 创造； 捏造， 虚构,/ɪn'vɛnt/,/ɪn'vent/,Alexander Graham Bell invented the telephone in 1876.,亚历山大 · 格雷厄姆 · 贝尔于1876年发明了电话。
en:taxi:noun:1,taxi,noun,出租车,n 出租车,/'tæksi/,/'tæksi/,They sent me home in a taxi.,他们用出租车把我送回家。
en:wonderful:adjective:2,wonderful,adjective,极好的； 惊人的， 奇妙的,adj 极好的； 惊人的， 奇妙的,/ˈwʌndɚfəl/,/'wʌndəfl/,It’s wonderful what doctors can do nowadays.,如今医生的本领着实令人称奇。
en:tiger:noun:2,tiger,noun,虎,n 虎,/'taɪɡɚ/,/'taɪgə(r)/,He came at me like a tiger.,他像老虎一般地向我冲过来。
en:something:pronoun:2,something,pronoun,某物，某事,pron 某物，某事；n 重要的事物， 有一定意义的事物,/'sʌmθɪŋ/,/'sʌmθɪŋ/,There’s something in my eye.,我眼睛里有什么东西。
en:quality:adjective:1,quality,adjective,优良的， 优质的,adj 优良的， 优质的；n 质，质量；品德，品质；性质，特性,/'kwɑləti/,/'kwɒləti/,quality childcare at prices people can afford,人们负担得起的优质儿童护育服务
en:labor:noun:1,labor,noun,劳动； 工作,n 劳动； 工作,/'lebɚ/,/'leɪbə(r)/,"I should assign you your share of labor, and compel you to accomplish it.",我要把属于你的那份劳动分配给你，并且强迫你完成它。
en:rude:adjective:1,rude,adjective,粗鲁的， 无礼的； 粗糙的， 粗陋的； 猛烈的,adj 粗鲁的， 无礼的； 粗糙的， 粗陋的； 猛烈的,/rud/,/ruːd/,a rude remark,粗鲁的话
en:animal:adjective:1,animal,adjective,动物的， 野兽的,adj 动物的， 野兽的；n 动物，兽，牲畜,/'ænɪml/,/'ænɪml/,a diet rich in red meat and animal fats,摄入大量红肉和动物脂肪的饮食
en:except:verb:2,except,verb,将…除外， 不包括,v 将…除外， 不包括；prep 除…外,/ɪk'sɛpt/,/ɪk'sept/,They were all there except me.,除了我以外他们都在那里。
en:shower:verb:1,shower,verb,洗淋浴； 洒落； 纷纷降落,v 洗淋浴； 洒落； 纷纷降落；n 淋浴；阵雨，暴雨,/'ʃaʊɚ/,/'ʃauə(r)/,Mike shaved and showered.,迈克刮了脸，冲了个淋浴。
en:fact:noun:2,fact,noun,事实， 真相,n 事实， 真相,/fækt/,/fækt/,Our decision to build the museum in Hartlepool was influenced by the fact that there were no national museums in the North East.,我们之所以决定在哈特尔浦建造博物馆，是因为东北地区没有国家级的博物馆。
en:examine:verb:2,examine,verb,检查； 调查； 考试， 测验,v 检查； 调查； 考试， 测验,/ɪg'zæmɪn/,/ɪg'zæmɪn/,A team of divers was sent down to examine the wreck.,一组潜水员被送到水下检查沉船。
en:association:noun:1,association,noun,协会， 联盟， 社团； 联合， 结合,n 协会， 联盟， 社团； 联合， 结合,"/ə,soʃɪ'eʃən/",/əˌsəuʃi'eɪʃn/,the Association of Master Builders,建筑师协会
en:industry:noun:2,industry,noun,工业， 产业； 勤劳， 勤奋,n 工业， 产业； 勤劳， 勤奋,/'ɪndəstri/,/'ɪndəstri/,I work in the oil industry.,我在石油行业工作。
en:believe:verb:2,believe,verb,相信； 认为,v 相信； 认为,/bɪ'liv/,/bɪ'liːv/,You shouldn’t believe everything you read.,你不应尽信书上看来的东西。
en:cute:adjective:1,cute,adjective,漂亮的， 娇小可爱的； 聪明的， 伶俐的,adj 漂亮的， 娇小可爱的； 聪明的， 伶俐的,/kjʊt/,/kjuːt/,a cute little puppy,一只逗人爱的小狗
en:long:adverb:1,long,adverb,长期地,adv 长期地；adj 长的；长期的；v 渴望，热望,/lɔŋ/,/lɒŋ/,Have you beenwaiting long?,你是否等了很长时间？
en:remember:verb:2,remember,verb,记得， 记住； 缅怀； 代…问候,v 记得， 记住； 缅怀； 代…问候,/rɪ'mɛmbɚ/,/rɪ'membə(r)/,Do you remember Rosa Davies?,你记得罗莎·戴维斯吗？
en:into:preposition:2,into,preposition,进， 到…里； 关于， 有关,prep 进， 到…里； 关于， 有关,/ˈɪntu/,/'ɪntuː/,Come into the office.,到办公室里来。
en:unless:conjunction:2,unless,conjunction,除非， 如果不,conj 除非， 如果不,/ən'lɛs/,/ən'les/,"Unless some extra money is found, the theatre will close.",要是不能找到更多资金，剧院将要关闭。
en:temperature:noun:2,temperature,noun,温度； 体温； 热度， 发烧,n 温度； 体温； 热度， 发烧,/ˈtempərtʃʊər; tɛmpɚ-ˌtʃʊr/,/'temprətʃə(r)/,The temperature of the water was just right for swimming.,这水温游泳正好。
en:free:adjective:2,free,adjective,自由的， 无约束的； 免费的， 无偿的； 空闲的， 未被占用的； 无…的， 摆,adj 自由的， 无约束的； 免费的， 无偿的； 空闲的， 未被占用的； 无…的， 摆,/fri/,/friː/,Admission is free for children under 9.,九岁以下儿童免费入场。
en:mix:verb:1,mix,verb,使混合，配制；相混，搞混,v 使混合，配制；相混，搞混；n 混合， 搅和,/mɪks/,/mɪks/,Oil and water don’t mix.,油和水不相融。
en:dirty:adjective:2,dirty,adjective,肮脏的； 下流的， 黄色的； 卑鄙的， 不道德的； 暴风雨的， 恶劣的,adj 肮脏的； 下流的， 黄色的； 卑鄙的， 不道德的； 暴风雨的， 恶劣的,/ˈdɝ​tɪ/,/'dɜːti/,a stack of dirty dishes in the sink,洗涤槽里的一堆脏碟子
en:natural:adjective:2,natural,adjective,自然的， 正常的； 出于本性的， 天赋的； 自然界的， 天然的,adj 自然的， 正常的； 出于本性的， 天赋的； 自然界的， 天然的,/'nætʃrəl/,/'nætʃrəl/,the study of the natural world,对自然界的研究
en:middle:adjective:2,middle,adjective,中部的， 中间的,adj 中部的， 中间的；n 中部，中间,/'mɪdl/,/'mɪdl/,driving in the middle lane of the motorway,在高速公路的中间车道上行驶
en:bother:verb:1,bother,verb,打扰，麻烦；使不安，迷惑,v 打扰，麻烦；使不安，迷惑；n 麻烦， 焦急； 令人烦恼的人,/'bɑðɚ/,/'bɒðə(r)/,"Danny, don’t bother Ellen while she’s reading.",丹尼，埃伦看书的时候不要去打扰她 。
en:though:adverb:2,though,adverb,可是， 不过， 然而,adv 可是， 不过， 然而；conj 尽管，虽然,/ðo/,/ðəu/,"Two heart attacks in a year. It hasn’t stopped him smoking, though.",一年里心脏病发作了两次，可是那也没让他把烟戒掉。
en:star:noun:1,star,noun,星； 星形； 明星， 名角,n 星； 星形； 明星， 名角,/stɑr/,/stɑː(r)/,I lay on my back and looked up at the stars.,我仰卧着看天上的星星。
en:wolf:noun:1,wolf,noun,狼； 残忍贪婪之人,n 狼； 残忍贪婪之人,/wʊlf/,/wulf/,a pack of wolves,一群狼
en:many:pronoun:1,many,pronoun,许多人， 许多,pron 许多人， 许多；adj 许多的，多的,/'mɛni/,/'meni/,The printing press gave power to a few to change the world for the many.,印刷机赋予了少数人为多数人改变世界的力量。
en:people:noun:2,people,noun,人， 人们； 人民， 民众， 平民； 国民； 民族,n 人， 人们； 人民， 民众， 平民； 国民； 民族,/'pipl/,/'piːpl/,How many people were at the meeting?,有多少人到会？
en:transportation:noun:1,transportation,noun,运输， 运输系统； 运输工具,n 运输， 运输系统； 运输工具,"/,trænspɔr'teʃən/",/ˌtrænspɔː'teɪʃn/,"The city needs to improve its public transportation (= buses, trains etc ) .",这座城市需要改善公共交通。
en:everyday:adjective:2,everyday,adjective,每天的； 日常的,adj 每天的； 日常的,/'ɛvrɪde/,/'evrideɪ/,the problems of everyday life,日常生活中的问题
en:stay:verb:2,stay,verb,逗留，暂住；保持，继续是；停止，延缓,v 逗留，暂住；保持，继续是；停止，延缓；n 逗留， 停留,/ste/,/steɪ/,They stayed all afternoon chatting.,他们待了整个下午聊天。
en:diary:noun:2,diary,noun,日记簿， 日记,n 日记簿， 日记,/'daɪəri/,/'daɪəri/,Inge kept a diary (= wrote in a diary ) during the war years.,英奇在战争年代里一直写日记。
en:appear:verb:2,appear,verb,出现， 显露， 来到； 看起来好像， 似乎； 产生， 问世； 发表,v 出现， 显露， 来到； 看起来好像， 似乎； 产生， 问世； 发表,/ə'pɪr/,/ə'pɪə(r)/,Police have found what appear to be human remains.,警方发现了疑似人体遗骸的东西。
en:face:verb:1,face,verb,面向， 正对； 面对， 面临,v 面向， 正对； 面对， 面临；n 脸，面孔；面部表情；面，表面,/fes/,/feɪs/,Emergency services are facing additional problems this winter.,今年冬天，应急服务机构面临更多难题。
en:fish:verb:2,fish,verb,钓， 捕,v 钓， 捕；n 鱼,/fɪʃ/,/fɪʃ/,Dad really loves to fish.,爸爸很喜欢钓鱼。
en:afraid:adjective:2,afraid,adjective,害怕的， 恐惧的； 犯愁的,adj 害怕的， 恐惧的； 犯愁的,/ə'fred/,/ə'freɪd/,There’s no need to be afraid.,没有必要害怕。
en:progress:verb:1,progress,verb,前进， 行进； 前进， 行进,v 前进， 行进； 前进， 行进,/'prɑɡrɛs/,/'prəʊgres/,I asked the nurse how my son was progressing.,我询问护士我儿子身体恢复得如何。
en:invite:verb:2,invite,verb,邀请； 征求， 请求； 吸引， 招致,v 邀请； 征求， 请求； 吸引， 招致,/ɪn'vaɪt/,/ɪn'vaɪt/,I’m afraid I wasn’t invited.,恐怕我没有受到邀请。
en:australia:noun:2,Australia,noun,澳大利亚,n 澳大利亚,/ɔ'streljə/,/ɒ'streɪliə/,I live in Australia.,我住在澳大利亚。
en:operation:noun:2,operation,noun,操作， 运转， 经营； 手术； 行动， 活动； 运算,n 操作， 运转， 经营； 手术； 行动， 活动； 运算,"/,ɑpə'reʃən/",/ˌɒpə'reɪʃn/,The firm set up its own property development operation.,这家商行成立了自己的房地产开发公司。
en:open:adjective:2,open,adjective,开着的； 公开的； 坦率的； 开阔的； 开始营业的； 空缺,adj 开着的； 公开的； 坦率的； 开阔的； 开始营业的； 空缺,/'opən/,/'əupən/,He threw the door open and ran down the stairs.,他猛地打开门，往楼下跑去。
en:agent:noun:1,agent,noun,代理人， 代理商， 经纪人,n 代理人， 代理商， 经纪人,/'edʒənt/,/'eɪdʒənt/,Our agent in Rio deals with all our Brazilian business.,我们在里约热内卢的业务代表处理我们在巴西的全部业务。
en:treat:verb:1,treat,verb,对待，处理；治疗，医治；款待，招待,v 对待，处理；治疗，医治；款待，招待；n 款待， 招待,/trit/,/triːt/,It was difficult to treat patients because of a shortage of medicine.,由于缺少药物，很难给病人治病。
en:movie:noun:2,movie,noun,电影， 影片； 电影院， 电影业,n 电影， 影片； 电影院， 电影业,/'muvi/,/'muːvi/,It was like one of those old John Wayne movies.,这部电影有点像约翰•韦恩演的一部老片子。
en:rapid:adjective:2,rapid,adjective,迅速的， 快的,adj 迅速的， 快的,/'ræpɪd/,/'ræpɪd/,The patient made a rapid recovery.,病人迅速康复。
en:seven:numeral:2,seven,numeral,七， 七个,num 七， 七个,/'sɛvn/,/'sevn/,The women visited cities in seven states.,这些女性访问了七个州的城市。
en:project:verb:1,project,verb,投射， 发射； 放映； 凸出， 伸出； 设计， 规划； 投射， 发射； 放映； 凸出， 伸出； 设计， 规划,v 投射， 发射； 放映； 凸出， 伸出； 设计， 规划； 投射， 发射； 放映； 凸出， 伸出； 设计， 规划,/prəˈdʒɛkt; prɑdʒɛkt/,/prəˈdʒekt; ˈprɒdʒekt/,projecting teeth,龅牙
en:ice:verb:1,ice,verb,使变凉，冰冻，冰镇,v 使变凉，冰冻，冰镇；adj 冰的；n 冰，冰块,/aɪs/,/aɪs/,"As you hum your songs, the water turn to ice above our home.",歌词大意： 当你哼你的歌，水变成冰上面我们的家。
en:inside:adverb:1,inside,adverb,在里面，在内部,adv 在里面，在内部；adj 里面的， 内；prep 在…里面，在…内部；n 里面，内侧,/'ɪn'saɪd/,/ɪn'saɪd/,The jewels were locked away inside the safe.,珠宝锁入了保险箱。
en:whenever:conjunction:2,whenever,conjunction,无论何时， 随时； 每当,conj 无论何时， 随时； 每当,/wɛn'ɛvɚ/,/wen'evə(r)/,"They were always there by you, whenever you needed them.",无论何时你需要他们，他们总是在你身边。
en:wood:noun:2,wood,noun,木材， 木头， 木料； 树林， 林地,n 木材， 木头， 木料； 树林， 林地,/wʊd/,/wud/,Put some more wood on the fire.,往火上再添些木柴。
en:five:numeral:1,five,numeral,五,num 五,/faɪv/,/faɪv/,There is also a golf course five miles away.,五英里外还有个高尔夫球场。
en:surprise:noun:2,surprise,noun,惊奇， 诧异； 令人惊奇的事物,n 惊奇， 诧异； 令人惊奇的事物,/sɚ'praɪz/,/sə'praɪz/,The man had a look of surprise on his face.,那人脸上一副惊讶的表情。
en:suitcase:noun:1,suitcase,noun,手提箱， 衣箱,n 手提箱， 衣箱,/'sutkes/,/'suːtkeɪs/,It did not take Andrew long to pack a suitcase.,安德鲁没有用多长时间就整理好了手提箱。
en:beard:noun:1,beard,noun,胡须,n 胡须,/bɪrd/,/bɪəd/,He's decided to grow a beard.,他已经决定蓄胡须。
en:celebrate:verb:2,celebrate,verb,庆祝， 欢庆； 赞扬， 歌颂,v 庆祝， 欢庆； 赞扬， 歌颂,/sɛləˌbret/,/'selɪbreɪt/,It’s Dad’s birthday and we’re going out for a meal to celebrate.,今天是爸爸的生日，我们打算出去吃饭庆祝一下。
en:please:verb:2,please,verb,使愉快， 使高兴； 使满意， 合…的心意,v 使愉快， 使高兴； 使满意， 合…的心意；int 请,/pliz/,/pliːz/,a business that wants to please its customers,希望让顾客满意的一家公司
en:look:verb:2,look,verb,看， 注视； 显得， 看上去； 朝着， 面向,v 看， 注视； 显得， 看上去； 朝着， 面向,/lʊk/,/luk/,How do I look?,我看上去怎么样？
en:hunger:verb:1,hunger,verb,渴望， 渴望得到,v 渴望， 渴望得到；n 饿，饥饿；食欲，胃口；渴望,/'hʌŋɡɚ/,/'hʌŋgə(r)/,"But Jules was not eager for classroom learning, he hungered for adventure.",但是朱尔斯并不热衷于课堂学习，他渴望冒险。
en:laboratory:noun:1,laboratory,noun,实验室， 研究室,n 实验室， 研究室,/ˈlæbrəˌtɔrɪ/,/'læbrətɔːrɪ/,a research laboratory,研究实验室
en:allow:verb:2,allow,verb,允许， 准许， 容许； 允许…进入； 同意给； 承认,v 允许， 准许， 容许； 允许…进入； 同意给； 承认,/ə'laʊ/,/ə'lau/,We don’t allow diving in the pool.,泳池内禁止跳水。
en:knock:noun:1,knock,noun,敲， 打； 碰撞， 撞击,n&v 敲， 打； 碰撞， 撞击,/nɑk/,/nɒk/,I knocked and knocked but nobody answered.,我把门敲了又敲，但无人回应。
en:father:noun:2,father,noun,父亲； 祖先， 先辈； 创始人， 奠基人,n 父亲； 祖先， 先辈； 创始人， 奠基人,/'fɑðɚ/,/'fɑːðə(r)/,Ask your father to help you.,叫你父亲帮你。
en:rule:noun:1,rule,noun,规则， 规章； 习惯， 惯例， 惯常的事； 统治， 管辖,n 规则， 规章； 习惯， 惯例， 惯常的事； 统治， 管辖,/rul/,/ruːl/,There are no hard and fast rules (= clear and definite rules ) about what to wear to classes.,对于上课着装并没有硬性规定。
en:proper:adjective:2,proper,adjective,正确的， 适当的； 合乎体统的， 正当的； 固有的， 特有的,adj 正确的， 适当的； 合乎体统的， 正当的； 固有的， 特有的,/'prɑpɚ/,/'prɒpə(r)/,Everything was in its proper place (= where it should be ) .,每样东西都放在恰当的位置。
en:vegetable:adjective:1,vegetable,adjective,蔬菜的； 植物的,adj 蔬菜的； 植物的；n 蔬菜；植物,/ˈvɛdʒtəbl/,/'vedʒtəbl/,decomposing vegetable matter,分解植物质
en:speed:noun:1,speed,noun,速度； 迅速， 快,n 速度； 迅速， 快,/spid/,/spiːd/,The truck was travelling at a speed of 50 mph.,卡车正以 50 英里的时速在行驶。
en:russia:noun:1,Russia,noun,俄国， 俄罗斯,n 俄国， 俄罗斯,/'rʌʃə/,/'rʌʃə/,"At least for Russia, that it is.",至少对于俄罗斯是这样的。
en:apple:noun:2,apple,noun,苹果， 苹果树,n 苹果， 苹果树,/'æpl/,/'æpl/,apple pie,苹果馅饼
en:poem:noun:2,poem,noun,诗,n 诗,/'poəm/,/'pəuɪm/,...a book of love poems.,…一本爱情诗集。
en:common:adjective:2,common,adjective,共同的； 平常的， 普通的； 共有的， 公有的,adj 共同的； 平常的， 普通的； 共有的， 公有的,/'kɑmən/,/'kɒmən/,Heart disease is one of the commonest causes of death.,心脏病是最常见的死因之一。
en:interest:verb:1,interest,verb,使感兴趣； 引起…关注,v 使感兴趣； 引起…关注；n 兴趣，爱好；利息，利率；利益，好处；利害关系,/'ɪntrəst/,/'ɪntrəst/,Here’s an article which might interest you.,这里有一篇文章，也许你会感兴趣。
en:china:noun:2,China,noun,中国,n 中国,,/'tʃaɪnə/,in china,在中国
en:themselves:pronoun:2,themselves,pronoun,他们自己； 他们亲自,pron 他们自己； 他们亲自,/ðɛm'sɛlvz/,/ðəm'selvz/,Teachers have no choice but to take measures to protect themselves.,教师们别无选择，只能采取措施来保护自己。
en:wonder:verb:1,wonder,verb,对…感到疑惑， 想知道； 感到惊讶,v 对…感到疑惑， 想知道； 感到惊讶,/'wʌndɚ/,/'wʌndə(r)/,"What are they going to do now, I wonder ?",我想知道，他们现在打算怎么办呢？
en:music:noun:2,music,noun,音乐， 乐曲,n 音乐， 乐曲,/'mjuzɪk/,/'mjuːzɪk/,I often listen to classic music when I’m in the car.,我在车上经常听古典音乐。
en:every:adjective:2,every,adjective,每一， 每个； 每…一次的； 所有可能的,adj 每一， 每个； 每…一次的； 所有可能的,/'ɛvri/,/'evri/,His every utterance will be scrutinized.,他说的每句话都会被细查。
en:twin:adjective:1,twin,adjective,孪生的， 成双的,adj 孪生的， 成双的；n 孪生儿之一，双胞胎之一,/twɪn/,/twɪn/,the twin problems of poverty and unemployment,贫穷和失业这对孪生问题
en:again:adverb:2,again,adverb,再一次， 又一次； 回到原处， 复原； 再则， 而且,adv 再一次， 又一次； 回到原处， 复原； 再则， 而且,"/əˈɡɛn, əˈɡen/",/ə'gen/,Can you say that again? I didn’t hear.,你能再说一遍吗？ 我没听见。
en:step:noun:2,step,noun,步， 脚步； 步骤， 措施； 台阶， 梯级,n 步， 脚步； 步骤， 措施； 台阶， 梯级,/stɛp/,/step/,a video of baby’s first steps,一盒婴儿学步的录像带
en:comment:verb:1,comment,verb,评论,v 评论；n 评论，意见；闲话，议论,/'kɑmɛnt/,/'kɒment/,"So far, Mr. Cook has not commented on these reports.",到目前为止，库克先生还未对这些报告进行过评论。
en:mark:noun:2,mark,noun,痕迹， 斑点， 污点； 记号， 标记； 分数,n 痕迹， 斑点， 污点； 记号， 标记； 分数,,/mɑːk/,I can’t get these marks out of my T-shirt.,我无法把我T恤衫上的这些污迹去掉。
en:whole:adjective:2,whole,adjective,全部的，全体的；完整的，无缺的,adj 全部的，全体的；完整的，无缺的；n 全部， 整体,/hol/,/həul/,You have your whole life ahead of you!,你有一辈子要过呢！
en:fair:adverb:1,fair,adverb,公正地，,adv 公正地，；adj 公平的，公正的；尚可的，不错的；浅色的，白皙的；晴朗的,/fɛr/,/feə(r)/,"In international trade, very few countries play fair.",在国际贸易中，很少有国家遵守游戏规则。
en:during:preposition:2,during,preposition,在…期间,prep 在…期间,/'dʊrɪŋ/,/'djuərɪŋ/,During the summer she worked as a lifeguard.,夏天她当过救生员。
en:relation:noun:2,relation,noun,关系， 关联； 亲属， 亲戚,n 关系， 关联； 亲属， 亲戚,/rɪ'leʃən/,/rɪ'leɪʃn/,The price the meat is sold for bears no relation to (= is not connected to ) the price the farmer receives.,肉的售价和农民拿到的价格无关。
en:money:noun:2,money,noun,钱， 货币,n 钱， 货币,/'mʌni/,/'mʌni/,Don’t spend all your money on the first day of your holiday!,别在度假的第一天就把钱都花完了！
en:elevator:noun:1,elevator,noun,电梯； 升降机,n 电梯； 升降机,/'ɛlɪvetɚ/,/'elɪveɪtə(r)/,We’ll have to take the elevator.,我们只好坐电梯了。
en:safety:noun:2,safety,noun,安全， 保险； 安全设备， 保险装置； 安全场所,n 安全， 保险； 安全设备， 保险装置； 安全场所,/'sefti/,/'seɪfti/,"You shouldn’t travel alone, for safety’s sake .",为安全起见，不要独自一人旅行。
en:lost:adjective:1,lost,adjective,失去的， 丧失的； 错过的； 迷惑的,adj 失去的， 丧失的； 错过的； 迷惑的,/lɔst/,/lɒst/,‘Are you lost?’ the driver asked.,“你迷路了吗？”司机问道。
en:price:verb:1,price,verb,给…定价,v 给…定价；n 价格，价钱；代价,/praɪs/,/praɪs/,a reasonably priced apartment,定价合理的公寓
en:calculator:noun:1,calculator,noun,计算器,n 计算器,/'kælkjuletɚ/,/'kælkjuleɪtə(r)/,...a pocket calculator.,…一个袖珍计算器。
en:still:adverb:2,still,adverb,依然， 还， 仍旧； 然而， 尽管如此； 甚至更， 还要； 静止地,adv 依然， 还， 仍旧； 然而， 尽管如此； 甚至更， 还要； 静止地,/stɪl/,/stɪl/,I still haven’t finished painting the spare room.,我还没粉刷完那间空房间。
en:biology:noun:1,biology,noun,生物学,n 生物学,/baɪ'ɑlədʒi/,/baɪ'ɒlədʒi/,a degree in biology,生物学学位
en:work:verb:1,work,verb,工作， 劳动； 运转； 起作用， 有效； 生产， 经营,v 工作， 劳动； 运转； 起作用， 有效； 生产， 经营,/wɝk/,/wɜːk/,Sally isn’t working tomorrow.,萨莉明天不上班。
en:lose:verb:1,lose,verb,[lost-lost] 失去， 损失； 迷失， 使迷路； 输， 输掉； 白费， 浪费； 走慢,v [lost-lost] 失去， 损失； 迷失， 使迷路； 输， 输掉； 白费， 浪费； 走慢,/luz/,/luːz/,I’ve lost my appetite.,我已经没有了胃口。
en:agree:verb:2,agree,verb,同意， 赞同； 相符， 一致,v 同意， 赞同； 相符， 一致,/ə'ɡri/,/ə'griː/,Teenagers and their parents rarely agree.,十几岁的孩子跟父母意见很少一致。
en:fail:verb:2,fail,verb,失败； 不及格； 衰退,v 失败； 不及格； 衰退,/fel/,/feɪl/,It looks likely that the peace talks will fail.,看来和平谈判可能会失败。
en:itself:pronoun:2,itself,pronoun,它自己， 它本身； 自身， 本身,pron 它自己， 它本身； 自身， 本身,/ɪt'sɛlf/,/ɪt'self/,"The cat lay on the sofa, washing itself.",猫躺在沙发上把自己舔干。
en:toward:preposition:1,toward,preposition,向， 朝， 面对； 接近,prep 向， 朝， 面对； 接近,/tɔrd; təˈwɔrd/,/tə'wɔːd(z)/,go toward,朝...方向走去
en:among:preposition:2,among,preposition,在…之中， 在…之间,prep 在…之中， 在…之间,/ə'mʌŋ/,/ə'mʌŋ/,The girl quickly disappeared among the crowd.,女孩转眼消失在人群中。
en:anyone:pronoun:2,anyone,pronoun,任何人； 随便哪一个人,pron 任何人； 随便哪一个人,/'ɛnɪ'wʌn/,/'eniwʌn/,Anyone could win tonight.,今晚任何人都可能赢。
en:pride:noun:2,pride,noun,自豪， 骄傲； 引以为傲的人或物； 自尊， 自尊心； 自负； 傲慢,n 自豪， 骄傲； 引以为傲的人或物； 自尊， 自尊心； 自负； 傲慢,/praɪd/,/praɪd/,He wore his medals with pride.,他自豪地戴着奖章。
en:math:noun:2,math,noun,数学,n 数学,/mæθ/,/mæθ; mæθs/,Tim’s good at math and science.,蒂姆的数学和自然科学很好。
en:monkey:noun:2,monkey,noun,猴子,n 猴子,/'mʌŋki/,/'mʌŋki/,Do they have any monkey tricks?,他们有猴子耍把戏吗？
en:breakfast:noun:2,breakfast,noun,早餐,n 早餐,/'brɛkfəst/,/'brekfəst/,We had bacon and eggs for breakfast .,我们早餐吃了熏肉鸡蛋。
en:word:noun:2,word,noun,词， 单词； 言语， 话； 消息， 传说； 诺言， 保证,n 词， 单词； 言语， 话； 消息， 传说； 诺言， 保证,/wɝd/,/wɜːd/,Write an essay of about five hundred words.,写一篇约500字的文章。
en:favorite:adjective:1,favorite,adjective,特别喜爱的,adj 特别喜爱的；n 特别喜欢的人或事物,/'fevərɪt/,/'feɪvərɪt/,It is one of my favorite novels.,这是我最喜爱的一本小说。
en:love:verb:1,love,verb,爱，热爱；喜欢，爱好,v 爱，热爱；喜欢，爱好；n 爱， 喜爱,/lʌv/,/lʌv/,"I love you, Tracy.",我爱你，特雷西。
en:church:noun:2,church,noun,教堂； 礼拜； 教会,n 教堂； 礼拜； 教会,/tʃɝtʃ/,/tʃɜːtʃ/,a short church service,简短的教堂礼拜仪式
en:enjoy:verb:2,enjoy,verb,享受； 喜爱； 享有,v 享受； 喜爱； 享有,/ɪn'dʒɔɪ/,/ɪn'dʒɔɪ/,Sandra enjoys her job in the city.,桑德拉很喜欢她在城里的这份工作。
en:secret:adjective:1,secret,adjective,秘密的，机密的,adj 秘密的，机密的；n 秘密,/'sikrɪt/,/'siːkrət/,They kept their relationship secret from their parents.,他们俩的关系瞒着父母。
en:ourselves:pronoun:2,ourselves,pronoun,我们自己； 我们亲自,pron 我们自己； 我们亲自,/ɑr'sɛlvz/,/ˌauə'selvz/,We prepared ourselves for the long journey ahead.,我们为将要开始的长途旅行做好了准备。
en:foreign:adjective:2,foreign,adjective,外国的， 外国产的； 对外的， 涉外的； 外来的,adj 外国的， 外国产的； 对外的， 涉外的； 外来的,/'fɔrən/,/'fɒrən/,foreign students,外国学生
en:uniform:adjective:1,uniform,adjective,相同的， 一致的,adj 相同的， 一致的；n 制服,/junəˌfɔrm/,/'juːnɪfɔːm/,Grade A eggs must be of uniform size.,A 级鸡蛋必须大小相同。
en:across:preposition:2,across,preposition,穿过， 越过， 横过； 在…对面； 遍及,prep 穿过， 越过， 横过； 在…对面； 遍及,/ə'krɔs/,/ə'krɒs/,across the board,全面地；包括一切地；以三等分的钱数赌同一匹马赢得前三名
en:fall:verb:1,fall,verb,[fell-fallen] 落下， 降落； 跌倒， 塌倒； 降临， 来临； 失势， 垮台； 下垂， 倾,v [fell-fallen] 落下， 降落； 跌倒， 塌倒； 降临， 来临； 失势， 垮台； 下垂， 倾,/fɔl/,/fɔːl/,The tree was about to fall.,那棵树快要倒下了。
en:ear:noun:2,ear,noun,耳， 耳朵； 听力， 听觉,n 耳， 耳朵； 听力， 听觉,/ɪr/,/ɪə(r)/,She tucked her hair behind her ears.,她把头发拢到耳朵背后。
en:indoors:adverb:1,indoors,adverb,在屋内， 在室内,adv 在屋内， 在室内,"/,ɪn'dɔrz/",/ˌɪn'dɔːz/,Let’s go indoors and have something to eat.,我们进屋吃点东西吧。
en:eat:verb:1,eat,verb,[ate-eaten] 吃， 吃饭,v [ate-eaten] 吃， 吃饭,/it/,/iːt/,Felix chatted cheerfully as he ate.,费利克斯一边吃一边兴奋地聊天。
en:finger:noun:2,finger,noun,手指,n 手指,/'fɪŋɡɚ/,/'fɪŋgə(r)/,"The woman had a ring on her finger, so I assumed she was married.",那女人手指上戴着戒指，因此我猜想她已经结婚了。
en:loud:adjective:2,loud,adjective,响亮的， 大声的； 刺目的； 太招摇的,adj 响亮的， 大声的； 刺目的； 太招摇的,/laʊd/,/laud/,The book fell to the floor with a loud bang.,书砰的一声掉落到地上。
en:include:verb:2,include,verb,包括， 包含， 计入,v 包括， 包含， 计入,/ɪn'klud/,/ɪn'kluːd/,Does the price include postage?,这个价格包含邮费吗？
en:homework:noun:2,homework,noun,家庭作业， 课后作业,n 家庭作业， 课后作业,/'hom'wɝk/,/'həumwɜːk/,"For homework, finish the exercise on page 14.",家庭作业是完成第14页的练习。
en:juice:noun:2,juice,noun,汁， 液,n 汁， 液,/dʒus/,/dʒuːs/,a carton of orange juice,一纸盒橙汁
en:opinion:noun:1,opinion,noun,意见， 主张,n 意见， 主张,/ə'pɪnjən/,/ə'pɪnjən/,When choosing an insurance policy it’s best to get an independent opinion.,选择保险时，最好听听专家的独立意见。
en:comma:noun:1,comma,noun,逗号,n 逗号,/'kɑmə/,/'kɒmə/,How to extract string separated by comma with PHP?,如何提取和PHP字符串通过逗号分开吗?。
en:soldier:noun:2,soldier,noun,士兵， 军人,n 士兵， 军人,/'soldʒɚ/,/'səuldʒə(r)/,A British soldier was wounded in the fighting.,战斗中，有一名英国士兵受了伤。
en:culture:noun:2,culture,noun,文化； 文明； 教养， 教育,n 文化； 文明； 教养， 教育,/'kʌltʃɚ/,/'kʌltʃə(r)/,We speak Danish at home so that the boys don’t lose touch with their language and culture.,我们在家说丹麦语，这样男孩子们就不会脱离他们的语言和文化。
en:first:adverb:2,first,adverb,先， 在首位； 第一次， 首次,adv 先， 在首位； 第一次， 首次；adj 最先的，最早的；num 第一,/fɝst/,/fɜːst/,I’ll join you in a minute but I need to make a phone call first.,我一会儿就来，但是我得先打个电话。
en:voice:noun:2,voice,noun,声音， 嗓音； 发言权； 意见； 语态,n 声音， 嗓音； 发言权； 意见； 语态,/vɔɪs/,/vɔɪs/,Sophie’s got a lovely singing voice.,索菲有一副悦耳的歌喉。
en:prefer:verb:1,prefer,verb,更喜欢， 宁愿,v 更喜欢， 宁愿,/prɪ'fɝ/,/prɪ'fɜː(r)/,This type of owl prefers a desert habitat.,这种猫头鹰更喜欢沙漠的生活环境。
en:perfect:adjective:2,perfect,adjective,完美的， 无瑕的； 完全的， 十足的； 最佳的， 理想的,adj 完美的， 无瑕的； 完全的， 十足的； 最佳的， 理想的,/ˈpɝfɪkt; (for v.) pɝˈfɛkt/,/'pɜːfɪkt/,His English was perfect.,他的英语很地道。
en:space:noun:2,space,noun,空地， 场地； 空间， 太空； 篇幅； 间隔， 距离； 持续时间， 期间,n 空地， 场地； 空间， 太空； 篇幅； 间隔， 距离； 持续时间， 期间,/spes/,/speɪs/,How much space is there on each disk?,每张磁盘有多大容量？
en:never:adverb:2,never,adverb,从不， 永不； 决不， 千万不,adv 从不， 永不； 决不， 千万不,/'nɛvɚ/,/'nevə(r)/,He’s never been to Australia.,他从未去过澳大利亚。
en:basketball:noun:2,basketball,noun,篮球,n 篮球,/'bæskɪtbɔl/,/'bɑːskɪtbɔːl/,"Yes, I like basketball and baseball.",是的，我喜欢篮球和棒球。
en:frog:noun:2,frog,noun,蛙,n 蛙,/frɔɡ/,/frɒg/,She was really of the cold frog.,她真的很害怕这只冰冷的青蛙。
en:theater:noun:1,theater,noun,戏院， 剧场； 影剧院,n 戏院， 剧场； 影剧院,/'θiətɚ/,/'θɪətə(r)/,movie theater,n. 电影院
en:mother:noun:2,mother,noun,母亲， 妈妈,n 母亲， 妈妈,/'mʌðɚ/,/'mʌðə(r)/,His mother and father are both doctors.,他的父母都是医生。
en:from:preposition:1,from,preposition,从…来， 出自； 离； 去除， 免掉； 从， 据； 因,prep 从…来， 出自； 离； 去除， 免掉； 从， 据； 因,/frʌm/,/frəm/,How do you get from here to Colchester?,从这里到科尔切斯特怎么走？
en:soft:adjective:2,soft,adjective,柔软的， 细嫩的， 光滑的； 轻的， 轻柔的； 柔和的；,adj 柔软的， 细嫩的， 光滑的； 轻的， 轻柔的； 柔和的；,/sɔft/,/sɒft/,a baby’s soft skin,婴儿细嫩的皮肤
en:moment:noun:2,moment,noun,片刻， 瞬间， 时刻； 机会， 时机,n 片刻， 瞬间， 时刻； 机会， 时机,/'momənt/,/'məumənt/,It was one of the most exciting moments in his life.,这是他一生中最激动人心的时刻之一。
en:discover:verb:2,discover,verb,发现， 发觉,v 发现， 发觉,/dɪ'skʌvɚ/,/dɪs'kʌvə(r)/,The body was discovered in a field.,尸体是在一块田地里找到的。
en:spell:noun:1,spell,noun,咒语， 符咒； 魅力； 连续的一段时间,n 咒语， 符咒； 魅力； 连续的一段时间,/spɛl/,/spel/,a magic spell,魔咒
en:much:adverb:1,much,adverb,十分，非常,adv 十分，非常；pron 许多， 大量,/mʌtʃ/,/mʌtʃ/,Then you can have much in common with them.,然后你可以与他们有许多共同之处。
en:bottom:adjective:1,bottom,adjective,最低的， 最下的,adj 最低的， 最下的；n 底，底部；末尾，尽头；臀部,/'bɑtəm/,/'bɒtəm/,It’s on the bottom shelf .,它在架子的最底层。
en:japan:noun:2,Japan,noun,日本,n 日本,/dʒə'pæn/,/dʒə'pæn/,I am with Japan on this one.,在这件事情上我支持日本。
en:ill:adjective:2,ill,adjective,有病的； 不好的， 坏的； 恶意的， 敌意的,adj 有病的； 不好的， 坏的； 恶意的， 敌意的,/ɪl/,/ɪl/,Bridget can’t come – she’s ill.,布里奇特不能来了，她生病了。
en:mouse:noun:1,mouse,noun,鼠； 胆小的人； 鼠标,n 鼠； 胆小的人； 鼠标,/maʊs/,/maus/,Select the printer icon and then click the left mouse button.,选择打印机图标，然后点击鼠标左键。
en:excite:verb:2,excite,verb,使兴奋； 使激动； 引起， 激起,v 使兴奋； 使激动； 引起， 激起,/ɪk'saɪt/,/ɪk'saɪt/,"His playing is technically brilliant, but it doesn’t excite me.",他的演奏技巧娴熟，但并不让我激动。
en:pond:noun:1,pond,noun,池塘,n 池塘,/pɑnd/,/pɒnd/,This went on until one day when I was fishing with a friend of mine at a nearby pond.,这样持续了一段时间，直到有一天，当我在我的一个朋友在附近的一个池塘钓鱼。
en:repair:verb:2,repair,verb,修理， 修补； 弥补， 补救,v 修理， 修补； 弥补， 补救；n 修理，修补；维修状态，保养情况,/rɪ'pɛr/,/rɪ'peə(r)/,"Dad was up the ladder, repairing the roof.",爸爸在梯子上修补屋顶。
en:death:noun:2,death,noun,死， 死亡； 毁灭,n 死， 死亡； 毁灭,/dɛθ/,/deθ/,1.5 million people are in immediate danger of death from starvation.,150万人正因饥饿而即将面临死亡的危险。
en:steal:verb:1,steal,verb,[stole-stolen] 偷盗， 行窃； 悄悄地移动,v [stole-stolen] 偷盗， 行窃； 悄悄地移动,/stil/,/stiːl/,Boys broke into a shop and stole £45 in cash.,男孩们闯进一家商店，盗走了45英镑现金。
en:advice:noun:2,advice,noun,劝告， 忠告， 意见， 建议,n 劝告， 忠告， 意见， 建议,/ədˈvaɪs/,/əd'vaɪs/,You should have followed my advice.,你真该听我的建议。
en:scientific:adjective:1,scientific,adjective,科学的， 科学上的,adj 科学的， 科学上的,"/,saɪən'tɪfɪk/",/ˌsaɪən'tɪfɪk/,We believe in investing in scientific research.,我们相信科学研究的投资价值。
en:winter:adjective:1,winter,adjective,冬天的,adj 冬天的；n 冬，冬季；萧条期，衰退期,/'wɪntɚ/,/'wɪntə(r)/,I like winter because we play soccer!,我喜欢冬天因为我们踢足球！
en:elder:adjective:1,elder,adjective,年龄较大的，年长的,adj 年龄较大的，年长的,/'ɛldɚ/,/'eldə(r)/,Sarah is the elder of the two.,两人当中萨拉年纪较长。
en:terrorist:noun:1,terrorist,noun,恐怖主义者,n 恐怖主义者,/'tɛrərɪst/,/'terərɪst/,We refuse to talk to terrorists.,我们拒绝和恐怖分子对话。
en:attendant:adjective:1,attendant,adjective,伴随的， 随之而产生的,adj 伴随的， 随之而产生的；n 服务人员，侍者；随从,/ə'tɛndənt/,/ə'tendənt/,a car park attendant,停车场的服务员
en:public:adjective:2,public,adjective,公众的；公共的，公用的；公开的,adj 公众的；公共的，公用的；公开的；n 公众， 民众,/'pʌblɪk/,/'pʌblɪk/,We have to show that publishing this story is in the public interest (= helpful or useful to ordinary people ) .,我们必须证明刊登这篇报道有利于公众。
en:paper:noun:2,paper,noun,纸， 墙纸； 报纸； 文件； 文章， 论文； 书面作业， 试卷,n 纸， 墙纸； 报纸； 文件； 文章， 论文； 书面作业， 试卷,/'pepɚ/,/'peɪpə(r)/,I’ll get you a piece of paper so you can write the number down.,我给你找张纸，你好把号码写下来。
en:my:pronoun:2,my,pronoun,我的,pron 我的,/maɪ/,/maɪ/,"I have my way, and you have yours.",我有我的处理方式，你有你的。
en:spend:verb:1,spend,verb,[spent-spent] 花费， 用； 花； 度过， 消磨； 消耗， 用尽,v [spent-spent] 花费， 用； 花； 度过， 消磨； 消耗， 用尽,/spɛnd/,/spend/,I can’t afford to spend any more money this week.,这星期我没有能力花更多的钱了。
en:zoo:noun:2,zoo,noun,动物园,n 动物园,/zu/,/zuː/,After that we went to the zoo.,之后我们一起去了动物园。
en:february:noun:2,February,noun,二月,n 二月,/ˈfebrʊerɪ;'fɛbrʊɛrɪ/,/'februəri/,He joined the Army in February 1943.,他1943年2月参军。
en:value:verb:1,value,verb,给…估价； 评价,v 给…估价； 评价；n 价值；价格；购买力；重要性；益处,/'vælju/,/'væljuː/,We decided to get the house valued.,我们决定给房子估一估价。
en:x-ray:adjective:1,x-ray,adjective,X射线的， X光的,adj X射线的， X光的,/'eksreɪ/,/'eks reɪ/,x-ray diffraction,X射线衍射
en:advantage:noun:1,advantage,noun,优点， 好处， 优势,n 优点， 好处， 优势,/əd'væntɪdʒ/,/əd'vɑːntɪdʒ/,Younger workers tend to be at an advantage (= have an advantage ) when applying for jobs.,年轻点的工人申请工作时往往处于优势地位。
en:assistant:adjective:1,assistant,adjective,助理的， 辅助的,adj 助理的， 辅助的；n 助手；助教,/ə'sɪstənt/,/ə'sɪstənt/,...the assistant secretary of defence.,…助理国防部长。
en:ink:noun:1,ink,noun,墨水； 油墨,n 墨水； 油墨,/ɪŋk/,/ɪŋk/,Please write in black ink.,请用黑色墨水书写。
en:instead:adverb:2,instead,adverb,作为替代， 顶替； 反而， 却,adv 作为替代， 顶替； 反而， 却,/ɪn'stɛd/,/ɪn'sted/,"Geoff didn’t study law. Instead, he decided to become an actor.",杰夫没学法律，相反，他决定当演员。
en:rush:verb:1,rush,verb,冲，突进，急速流动；仓促行事；猛冲,v 冲，突进，急速流动；仓促行事；猛冲；n 冲， 奔， 急速行进； 匆,/rʌʃ/,/rʌʃ/,A small girl rushed past her.,一个小女孩从她身边匆匆经过。
en:expensive:adjective:2,expensive,adjective,昂贵的， 花钱多的,adj 昂贵的， 花钱多的,/ɪk'spɛnsɪv/,/ɪk'spensɪv/,the most expensive restaurant in town,城里最贵的餐馆
en:trade:verb:1,trade,verb,贸易， 交换,v 贸易， 交换；n 贸易，商业；行业，职业,/tred/,/treɪd/,They had to travel into town to trade the produce from their farm.,他们不得不到镇上去出售他们农场的产品。
en:round:adverb:1,round,adverb,在周围，在附近；朝反方向,adv 在周围，在附近；朝反方向；adj 圆的，球形的；prep 围绕， 绕过； 向…,/raʊnd/,/raund/,We sat round the table playing cards.,我们围桌而坐玩纸牌。
en:dessert:noun:1,dessert,noun,甜食， 甜点,n 甜食， 甜点,/dɪ'zɝt/,/dɪ'zɜːt/,She had homemade ice cream for dessert.,她吃了些自制冰淇淋当餐后甜点。
en:carrot:noun:1,carrot,noun,胡萝卜,n 胡萝卜,/'kærət/,/'kærət/,grated carrots,磨碎的胡萝卜
en:bicycle:verb:1,bicycle,verb,骑自行车,v 骑自行车；n 自行车,/'baɪsɪkl/,/'baɪsɪkl/,Well what about your bicycle?,那么你的自行车呢？
en:egg:noun:2,egg,noun,蛋； 卵,n 蛋； 卵,/ɛɡ/,/eg/,Blackbirds lay their eggs in March.,乌鸫在3月产蛋。
en:year:noun:2,year,noun,年， 年份,n 年， 年份,/yir/,/jɪə(r)/,I arrived here two years ago.,我两年前来到这里。
en:kangaroo:noun:1,kangaroo,noun,袋鼠,n 袋鼠,"/,kæŋɡə'ru/",/ˌkæŋgə'ruː/,What that kangaroo did to this courtyard .,那袋鼠在这院子做了什么。
en:awful:adjective:1,awful,adjective,极坏的； 糟糕的， 令人不快的； 可怕的； 非常的,adj 极坏的； 糟糕的， 令人不快的； 可怕的； 非常的,/'ɔfl/,/'ɔːfl/,The weather was awful.,天气很糟糕。
en:yeah:adverb:1,yeah,adverb,是,adv 是,/jɛə/,/jeə/,,
en:resolution:noun:1,resolution,noun,正式决定， 决议； 坚决， 决心； 解决， 解答； 分辨率， 清晰度,n 正式决定， 决议； 坚决， 决心； 解决， 解答； 分辨率， 清晰度,"/,rɛzə'luʃən/",/ˌrezə'luːʃn/,a resolution calling for a ban on dumping nuclear waste,要求禁止倾倒核废物的决议
en:building:noun:2,building,noun,建筑物， 房屋； 建筑,n 建筑物， 房屋； 建筑,/'bɪldɪŋ/,/'bɪldɪŋ/,There is a limited supply of land for building.,建筑用地供应有限。
en:score:noun:2,score,noun,得分， 分数； 乐谱； 抓痕， 划痕； 二十,n 得分， 分数； 乐谱； 抓痕， 划痕； 二十,/skɔ/,/skɔː(r)/,At half-time the score was one all.,半场时的比分是一比一。
en:poor:adjective:2,poor,adjective,贫困的， 贫穷的； 可怜的； 低劣的， 差的,adj 贫困的， 贫穷的； 可怜的； 低劣的， 差的,/pʊər; pʊr/,/puə/,The soil in this area is very poor.,这一地区土壤很贫瘠。
en:farm:verb:2,farm,verb,耕作,v 耕作；n 农场；养殖场,/fɑrm/,/fɑːm/,They farmed some of the best land in the country.,他们耕种着该国最好的一些土地。
en:absent:adjective:2,absent,adjective,缺席的， 不在场的； 不存在的； 心不在焉的,adj 缺席的， 不在场的； 不存在的； 心不在焉的,/ˈæbsnt;(for v.)əbˈsɛnt/,/'æbsənt/,"The dull, absent look on her face implied boredom.",她脸上呆滞、茫然的神情说明她觉得无聊了。
en:because:conjunction:2,because,conjunction,因为,conj 因为,/bɪ'kɔz/,/bɪ'kɒz/,We didn’t enjoy the day because the weather was so awful.,那天我们很不尽兴，因为天气实在太糟。
en:july:noun:1,July,noun,七月,n 七月,/dʒʊˈlaɪ/,/dʒu'laɪ/,"In July 1969, Neil Armstrong walked on the moon.",1969年7月，尼尔·阿姆斯特朗踏上了月球。
en:educate:verb:1,educate,verb,教育； 培养， 训练,v 教育； 培养， 训练,/'ɛdʒuket/,/'edʒukeɪt/,The Ormerod School educates handicapped children.,奥默罗德学校的教育对象为残疾儿童。
en:rat:noun:2,rat,noun,鼠,n 鼠,/ræt/,/ræt/,This was demonstrated in a laboratory experiment with rats.,这点通过在实验室中用老鼠做试验得到证明。
en:excellent:adjective:2,excellent,adjective,优秀的， 卓越的， 杰出的,adj 优秀的， 卓越的， 杰出的,/'ɛksələnt/,/'eksələnt/,an excellent suggestion,极好的建议
en:pool:noun:2,pool,noun,池塘， 水池； 游泳池； 一摊， 一片,n 池塘， 水池； 游泳池； 一摊， 一片,/pul/,/puːl/,They have a nice pool in their backyard.,他们后院有个漂亮的游泳池。
en:lighting:noun:1,lighting,noun,照明； 照明设备； 光线,n 照明； 照明设备； 光线,/'laɪtɪŋ/,/'laɪtɪŋ/,Better street lighting might help to reduce crime.,改善街道照明或许有助于减少犯罪。
en:airport:noun:2,airport,noun,机场； 航空港,n 机场； 航空港,/'ɛrpɔrt/,/'eəpɔːt/,The plane landed at Heathrow Airport.,飞机降落在希思罗机场。
en:exam:noun:1,exam,noun,考试； 试题； 检查， 调查,n 考试； 试题； 检查， 调查,/ɪg'zæm/,/ɪg'zæm/,"At the end of each level, there’s an exam.",在每一级别结束时都有一次考试。
en:stop:verb:2,stop,verb,"[stopped-stopped, stopping] 停止， 中断； 塞住， 堵塞； 阻止， 阻挠； 逗留， 歇宿","v [stopped-stopped, stopping] 停止， 中断； 塞住， 堵塞； 阻止， 阻挠； 逗留， 歇宿",/stɑp/,/stɒp/,The government tried to stop publication of the book.,政府企图阻止这本书出版。
en:science:noun:2,science,noun,科学； 学科,n 科学； 学科,/'saɪəns/,/'saɪəns/,Many leading scientists do not consider that science can give absolutely reliable knowledge.,许多杰出科学家都不认为科学能够提供绝对可靠的知识。
en:poster:noun:1,poster,noun,招贴， 海报， 广告,n 招贴， 海报， 广告,/'postɚ/,/'pəustə(r)/,A team of volunteers were putting up posters .,一队志愿者正在张贴海报。
en:hobby:noun:2,hobby,noun,业余爱好， 嗜好,n 业余爱好， 嗜好,/'hɑbi/,/'hɒbi/,What are your hobbies?,你有些什么爱好？
en:june:noun:2,June,noun,六月,n 六月,/dʒun/,/dʒuːn/,He spent two and a half weeks with us in June 1986.,1986年6月，他和我们呆了两个半星期。
en:southern:adjective:2,southern,adjective,南方的， 南部的,adj 南方的， 南部的,/'sʌðɚn/,/'sʌðən/,a southern accent,南部口音
en:forest:noun:1,forest,noun,森林， 林木,n 森林， 林木,/'fɔrɪst/,/'fɒrɪst/,a tropical forest,热带森林
en:throat:noun:1,throat,noun,咽喉， 嗓子,n 咽喉， 嗓子,/θrot/,/θrəut/,The singer complained of a sore throat after Wednesday’s show.,星期三演出后，这位歌手说喉咙痛。
en:least:adverb:1,least,adverb,最少， 最小,adv 最少， 最小；adj 最少的，最小的；最不重要的,/list/,/liːst/,The journey would impose extra expense on those least able to afford it.,这次旅行会给那些最负担不起的人增加额外的开支。
en:immediately:adverb:2,immediately,adverb,立即， 马上； 直接地， 紧接着地,adv 立即， 马上； 直接地， 紧接着地,/ɪ'midɪətli/,/ɪ'miːdiətli/,Mix in the remaining ingredients and serve immediately.,拌入余下的食材，立即上桌。
en:pork:noun:2,pork,noun,猪肉,n 猪肉,/pɔrk/,/pɔːk/,pork chops,猪排
en:symphony:noun:1,symphony,noun,交响乐， 交响曲； 和谐， 协调,n 交响乐， 交响曲； 和谐， 协调,/'sɪmfəni/,/'sɪmfəni/,Bruckner’s Fifth Symphony,布鲁克纳的《第五交响曲》
en:dollar:noun:2,dollar,noun,美元； 元,n 美元； 元,/'dɑlɚ/,/'dɒlə(r)/,It cost three dollars.,它要三美元。
en:sleep:noun:1,sleep,noun,[slept-slept] 睡,n&v [slept-slept] 睡,/slip/,/sliːp/,I usually sleep on my back.,我一般仰卧着睡觉。
en:hungry:adjective:2,hungry,adjective,饥饿的， 感到饿的； 渴望得到的,adj 饥饿的， 感到饿的； 渴望得到的,/ˈhʌŋgrɪ/,/'hʌŋgri/,"I was cold, tired, and hungry.",我又冷，又累，又饿。
en:french:noun:1,French,noun,法国人；,n 法国人；,,/frentʃ/,How do you ask for directions in French?,用法语怎么问路？
en:vocabulary:noun:1,vocabulary,noun,词汇； 词汇量； 词汇表,n 词汇； 词汇量； 词汇表,/və'kæbjəlɛri/,/və'kæbjələri/,Teachers were impressed by his vocabulary.,他的词汇量给老师们留下了深刻的印象。
en:refuse:verb:1,refuse,verb,拒绝， 不接受， 谢绝,v 拒绝， 不接受， 谢绝,/ri'fjʊz/,/rɪ'fjuːs/,"She asked him to leave, but he refused.",她叫他走，但他不肯。
en:retire:verb:1,retire,verb,退休， 退役； 退下， 退出； 退却， 撤退； 就寝,v 退休， 退役； 退下， 退出； 退却， 撤退； 就寝,/rɪ'taɪɚ/,/rɪ'taɪə(r)/,"At the age when most people retire, he is ready to face a new career.",在大多数人退休的年纪，他准备要面对一项新事业。
en:aggressive:adjective:1,aggressive,adjective,侵犯的， 侵略的， 挑衅的； 敢作敢为的， 有进取心的,adj 侵犯的， 侵略的， 挑衅的； 敢作敢为的， 有进取心的,/ə'ɡrɛsɪv/,/ə'gresɪv/,Jim’s voice became aggressive.,吉姆的声音凶了起来。
en:close:adverb:1,close,adverb,接近地；接近地,adv 接近地；接近地；adj 密切的，亲密的；近的，接近的；严密的，仔细的；不通风的，闷的；密切的，亲密的；近的，接近的；严密的，仔细的；不通风的，闷的；n 结束， 终止； 结束， 终止,/kloz/,/kləʊs/,"If you need to buy bread or milk, the closest shop is about a mile away.",如果你需要买面包或牛奶，最近的商店大概有一英里远。
en:chemistry:noun:2,chemistry,noun,化学,n 化学,/'kɛmɪstri/,/'kemɪstri/,a person’s body chemistry,人体的化学组成
en:sweep:verb:1,sweep,verb,[swept-swept] 扫， 打扫， 拂； 扫过， 掠过，,v [swept-swept] 扫， 打扫， 拂； 扫过， 掠过，,/swip/,/swiːp/,Bert swept the path in front of the house.,伯特清扫了屋前的小路。
en:unfriendly:adjective:1,unfriendly,adjective,不友好的， 冷漠的,adj 不友好的， 冷漠的,/ʌn'frɛndli/,/ʌn'frendli/,The old man looked cross and unfriendly.,老人看上去生气了，很不友好。
en:fourteenth:numeral:1,fourteenth,numeral,第十四,num 第十四；n 十四分之一,/'fɔ:'ti:nθ/,/ˌfɔː'tiːnθ/,"Actually, it only takes one drink to get me loaded. Trouble is, I can't remember if it's the thirteenth or fourteenth.",事实上，只有一杯酒就让我醉倒了，糟糕的是，我不能想起来它是第十三杯还是第十四杯。
en:learn:verb:2,learn,verb,[learnt/learned-learnt/learned] 学， 学习； 获悉， 了解； 记住； 认识到,v [learnt/learned-learnt/learned] 学， 学习； 获悉， 了解； 记住； 认识到,/lɝn/,/lɜːn/,What’s the best way to learn a language?,学习语言的最佳方法是什么？
en:photo:noun:1,photo,noun,照片,n 照片,/'foto/,/'fəutəu/,Can you take a photo of me and Rachel?,你能给我和雷切尔拍张照吗？
en:swing:verb:1,swing,verb,[swang-swung] 摇摆， 摇荡； 回转， 旋转； 突然转向,v [swang-swung] 摇摆， 摇荡； 回转， 旋转； 突然转向,/swɪŋ/,/swɪŋ/,Let your arms swing as you walk.,边走边摆动双臂。
en:handbag:noun:2,handbag,noun,手提包,n 手提包,/'hænd'bæg/,/'hændbæg/,"Rice: No, I only have a handbag.",没有，我只有一个手提包。
en:fast:adverb:1,fast,adverb,快地；牢固地,adv 快地；牢固地；adj 快的， 迅速的； 敏捷的,/fæst/,/fɑːst/,Slow down – you’re driving too fast.,慢点——你开得太快了。
en:move:verb:1,move,verb,移动， 搬动， 搬； 动摇， 使改变主意； 感动， 激起； 进展， 发展,v 移动， 搬动， 搬； 动摇， 使改变主意； 感动， 激起； 进展， 发展,/muv/,/muːv/,Please keep the doors closed while the train is moving.,火车行驶时请保持车门关闭。
en:sweet:adjective:2,sweet,adjective,甜的； 和蔼的， 温柔的； 可爱的， 讨人喜欢的； 芳香的， 悦耳的， 悦目的,adj 甜的； 和蔼的， 温柔的； 可爱的， 讨人喜欢的； 芳香的， 悦耳的， 悦目的,/swit/,/swiːt/,This tea is too sweet.,这茶太甜了。
en:thirtieth:numeral:1,thirtieth,numeral,第三十,num 第三十；n 三十分之一,/'θɝtɪɪθ/,/'θɜːtɪɪθ/,One second of arc movement is one thirtieth of a millimetre.,一弧秒的移动是一毫米的三十分之一。
en:couple:verb:1,couple,verb,使成对； 结合， 结婚,v 使成对； 结合， 结婚；n 夫妻，情侣；数个,/'kʌpl/,/'kʌpl/,...a problem that is coupled with lower demand for the machines themselves.,…一个与对机器本身需求量减少连在一起的问题。
en:communicate:verb:2,communicate,verb,通信； 沟通； 传达； 传播； 传染,v 通信； 沟通； 传达； 传播； 传染,/kə'mjunɪket/,/kə'mjuːnɪkeɪt/,A baby communicates its needs by crying.,婴儿用哭来表达需要。
en:rural:adjective:1,rural,adjective,乡村的， 农村的,adj 乡村的， 农村的,/'rʊrəl/,/'ruərəl/,a rural setting,乡村环境
en:red:adjective:1,red,adjective,红色的,adj 红色的；n 红色； 红颜料,/rɛd/,/red/,We painted the door bright red .,我们把门漆成鲜红色。
en:spring:noun:2,spring,noun,春天， 春季； 弹簧， 发条； 泉； 跳， 跃,n 春天， 春季； 弹簧， 发条； 泉； 跳， 跃,/sprɪŋ/,/sprɪŋ/,spring flowers,春花
en:act:verb:2,act,verb,行动， 做事； 表现； 起作用； 扮演， 表演,v 行动， 做事； 表现； 起作用； 扮演， 表演,/ækt/,/ækt/,The company acted correctly in sacking him.,公司解雇他做得对。
en:post:noun:2,post,noun,职位， 岗位 ； 柱， 标杆； 起点或终点标志,n 职位， 岗位 ； 柱， 标杆； 起点或终点标志,/post/,/pəust/,I applied for the post and was asked to attend an interview.,我申请了那个职位，被要求参加面试。
en:duck:verb:1,duck,verb,鸭子似的突然扎入水中； 突然低下,vi 鸭子似的突然扎入水中； 突然低下；n 鸭；鸭肉,/dʌk/,/dʌk/,"If she hadn’t ducked, the ball would have hit her.",如果她没有弯腰躲闪的话，那个球就可能击中她了。
en:leave:verb:1,leave,verb,[left-left] 离开， 出发； 留下， 遗留； 遗忘； 听任， 让； 交托， 委托,v [left-left] 离开， 出发； 留下， 遗留； 遗忘； 听任， 让； 交托， 委托,/liv/,/liːv/,My baby gets upset when I leave the room.,我一离开房间宝宝就会不安。
en:finish:verb:2,finish,verb,完成，结束,v 完成，结束；n 结束， 末尾， 最后阶段,/'fɪnɪʃ/,/'fɪnɪʃ/,You can’t go anywhere until you’ve finished your homework.,没完成家庭作业前你哪儿也不能去。
en:add:verb:2,add,verb,添加， 增加； 把…加起来， 计算…的总和,v 添加， 增加； 把…加起来， 计算…的总和,/æd/,/æd/,"If the mixture seems dry, add water.",如果混合物看上去干，加点水。
en:computer:noun:2,computer,noun,计算机， 电脑,n 计算机， 电脑,/kəm'pjutɚ/,/kəm'pjuːtə(r)/,a huge global computer network,巨大的全球计算机网络
en:cruel:adjective:2,cruel,adjective,残忍的， 残暴的,adj 残忍的， 残暴的,/kruəl/,/'kruːəl/,His death was a cruel blow .,他的死是个无情的打击。
en:its:pronoun:2,its,pronoun,它的,pron 它的,/ɪts/,/ɪts/,Do you like its flavor?,你喜欢它的味道吗?。
en:ninth:numeral:2,ninth,numeral,第九,num 第九；n 九分之一,/naɪnθ/,/naɪnθ/,On the ninth day of Christmas.,在圣诞节的第九天。
en:often:adverb:2,often,adverb,常常， 经常,adv 常常， 经常,/ˈɔ:fn; ɔfən/,/'ɒfn/,She often works at the weekend.,她周末经常要上班。
en:insist:verb:2,insist,verb,坚持要求， 强调； 坚决主张； 坚持说， 固执地声称,v 坚持要求， 强调； 坚决主张； 坚持说， 固执地声称,/ɪn'sɪst/,/ɪn'sɪst/,Stay for supper – I insist!,留下来吃晚餐——一定的！
en:seventeenth:numeral:1,seventeenth,numeral,第十七,num 第十七；n 十七分之一,"/,sɛvn'tinθ/",/ˌsevn'tiːnθ/,"The seventeenth to Hezir, the eighteenth to Aphses.",第十七是希悉，第十八是哈辟悉。
en:article:noun:2,article,noun,一件； 物件， 商品； 文章， 论文； 条款， 条文， 规定； 冠词,n 一件； 物件， 商品； 文章， 论文； 条款， 条文， 规定； 冠词,/'ɑrtɪkl/,/'ɑːtɪkl/,The paper’s leading article (= the main article ) described the government as weak.,该报社论称政府软弱。
en:shelf:noun:1,shelf,noun,架子， 搁板,n 架子， 搁板,/ʃɛlf/,/ʃelf/,shelves of books,一层层书架的书
en:ache:verb:2,ache,verb,痛，疼痛；渴望,v 痛，疼痛；渴望；n 疼痛,/ek/,/eɪk/,His feet were aching from standing so long.,他站了那么久，双脚隐隐作痛。
en:shell:verb:1,shell,verb,剥…的壳； 炮击,v 剥…的壳； 炮击；n 壳，贝壳；外壳，框架；炮弹,/ʃɛl/,/ʃel/,The army has been shelling the town since yesterday.,军队从昨天开始就在炮轰这座镇子。
en:therefore:adverb:1,therefore,adverb,因此， 所以,adv 因此， 所以,/'ðɛrfɔr/,/'ðeəfɔː(r)/,Their car was bigger and therefore more comfortable.,他们的车大些，所以更舒适些。
en:exchange:verb:1,exchange,verb,调换，,v 调换，；n 交换，互换；交易所；兑换，兑换率,/ɪks'tʃendʒ/,/ɪks'tʃeɪndʒ/,We exchanged addresses.,我们交换了地址。
en:hardly:adverb:2,hardly,adverb,几乎不， 简直不； 刚刚， 仅仅,adv 几乎不， 简直不； 刚刚， 仅仅,/'hɑrdli/,/'hɑːdli/,The building work has hardly begun.,施工才刚刚开始。
en:bored:adjective:1,bored,adjective,无聊的， 无趣的； 厌烦的,adj 无聊的， 无趣的； 厌烦的,/bɔrd/,/bɔːd/,He was easily bored.,他很容易感到厌烦。
en:useful:adjective:2,useful,adjective,有用的， 有益的,adj 有用的， 有益的,/'jusfl/,/'juːsfl/,useful information,有用的信息
en:trust:verb:1,trust,verb,信任， 信赖； 希望， 想； 确信； 托付； 对…放心,v 信任， 信赖； 希望， 想； 确信； 托付； 对…放心；n 信任，信赖；受托,/trʌst/,/trʌst/,I just don’t trust him.,我就是不信任他。
en:blackboard:noun:2,blackboard,noun,黑板,n 黑板,/'blækbɔrd/,/'blækbɔːd/,Go to the blackboard.,到黑板那去。
en:private:adjective:2,private,adjective,私人的，个人的；秘密的，私下的；私立的，私营的,adj 私人的，个人的；秘密的，私下的；私立的，私营的；n 士兵， 列兵,/ˈpraɪvɪt/,/'praɪvət/,Morris has a private jet.,莫里斯拥有一架私人喷气式飞机。
en:choose:verb:1,choose,verb,[chose-chosen] 选择， 挑选,v [chose-chosen] 选择， 挑选,/tʃuz/,/tʃuːz/,It took us ages to choose a new carpet.,我们挑选新地毯花了很长时间。
en:ride:verb:1,ride,verb,骑； 乘,v 骑； 乘,/raɪd/,/raɪd/,She learned to ride when she was seven.,她七岁时学会了骑马。
en:jeans:noun:2,jeans,noun,牛仔裤,n 牛仔裤,,/dʒiːnz/,...a young man in jeans and a worn T-shirt.,…一个穿着牛仔裤和破旧T恤衫的年轻人。
en:prevent:verb:2,prevent,verb,阻止， 妨碍,v 阻止， 妨碍,/pri'vɛnt/,/prɪ'vent/,The rules are intended to prevent accidents.,这些规定旨在预防事故。
en:behave:verb:1,behave,verb,表现； 表现得体， 有礼貌； 运转； 起作用,v 表现； 表现得体， 有礼貌； 运转； 起作用,/bɪ'hev/,/bɪ'heɪv/,She behaved in a very responsible way .,她表现得很有责任心。
en:sorry:adjective:2,sorry,adjective,对不起的， 抱歉的； 遗憾的， 惋惜的； 可怜的，,adj 对不起的， 抱歉的； 遗憾的， 惋惜的； 可怜的，,/'sɔri/,/'sɒri/,the sorry state of the environment,糟糕的环境状况
en:medal:noun:1,medal,noun,奖牌， 奖章,n 奖牌， 奖章,/'mɛdl/,/'medl/,She won a gold medal at the last Olympics.,她在上届奥运会上赢得一枚金牌。
en:end:verb:1,end,verb,结束， 终止,v 结束， 终止；n 最后部分，末尾；死亡；终止，结局；结果，目标,/ɛnd/,/end/,I think we’ll end there for today.,我看我们今天就到这儿吧。
en:forty:numeral:1,forty,numeral,四十,num 四十,/'fɔrti/,/'fɔːti/,The place was built as a casino in the forties.,这个地方建于20世纪40年代，起初是一座赌场。
en:mistake:noun:1,mistake,noun,〔行为、看法、言辞等上的〕错误,n 〔行为、看法、言辞等上的〕错误；v 弄错，误解，误会,/mɪ'stek/,/mɪ'steɪk/,The most common mistake is to plant them too deep.,最常见的错误就是把它们种得太深了。
en:pour:verb:1,pour,verb,灌， 倒； 倾泻， 流出,v 灌， 倒； 倾泻， 流出,/pɔr/,/pɔː(r)/,She poured coffee for everyone.,她为每个人都倒了咖啡。
en:rich:adjective:2,rich,adjective,富的， 有钱的； 富饶的， 充足的； 盛产的； 油腻的； 浓郁的；,adj 富的， 有钱的； 富饶的， 充足的； 盛产的； 油腻的； 浓郁的；,/rɪtʃ/,/rɪtʃ/,Rich mineral deposits have been found in the sea bed.,海底发现有丰富的矿床。
en:message:noun:2,message,noun,信息， 便条， 口信； 要点； 要旨,n 信息， 便条， 口信； 要点； 要旨,/'mɛsɪdʒ/,/'mesɪdʒ/,He left a message saying he would probably be a little late.,他留言说可能会晚一点来。
en:rice:noun:2,rice,noun,稻； 大米； 米饭,n 稻； 大米； 米饭,/raɪs/,/raɪs/,a tasty sauce served with rice or pasta,配米饭或意面的美味酱汁
en:praise:verb:1,praise,verb,赞扬，表扬,v 赞扬，表扬；n 称赞， 赞美； 赞美的话,/prez/,/preɪz/,Jane was praised by her teacher.,简受到了老师的表扬。
en:special:adjective:1,special,adjective,特殊的， 特别的； 专门的， 特设的； 附加的，,adj 特殊的， 特别的； 专门的， 特设的； 附加的，,/ˈspɛʃəl/,/'speʃl/,a special place in the classroom for reading,教室里的阅读专区
en:environment:noun:2,environment,noun,周围状况， 环境,n 周围状况， 环境,/ɪn'vaɪrənmənt/,/ɪn'vaɪrənmənt/,Some of these chemicals are very damaging to the environment.,这些化学品中有些对环境非常有害。
en:truth:noun:2,truth,noun,事实， 真相； 真实性； 真理,n 事实， 真相； 真实性； 真理,/trʊθ/,/truːθ/,How do we know you’re telling us the truth?,我们怎么知道你告诉我们的是真话？
en:asia:noun:2,Asia,noun,亚洲,n 亚洲,/ˈeɪʒn; eʒən/,/'eɪʃə/,We'd like to have them from Africa and Asia as well.,“我们也希望有来自非洲和亚洲的小孩”。
en:airplane:noun:2,airplane,noun,飞机,n 飞机,/ˈɛrplen/,/'eəpleɪn/,What can I do to kill time on the airplane?,在飞机上，我能做些什么消磨时间呢？
en:pronounce:verb:2,pronounce,verb,发音； 宣布； 宣判,v 发音； 宣布； 宣判,/prə'naʊns/,/prə'nauns/,How do you pronounce your name?,你的名字怎么念？
en:family:noun:2,family,noun,家； 家庭成员； 子女； 家族， 氏族,n 家； 家庭成员； 子女； 家族， 氏族,/ˈfæməlɪ/,/'fæməli/,Do you know the family next door?,你认识隔壁那家人吗？
en:age:noun:2,age,noun,年龄； 老年； 时代， 时期； 很长的一段时间,n 年龄； 老年； 时代， 时期； 很长的一段时间,/edʒ/,/eɪdʒ/,Francis is the same age as me.,弗朗西斯和我同年岁。
en:gift:noun:2,gift,noun,礼物， 赠品； 天赋， 才能,n 礼物， 赠品； 天赋， 才能,/ɡɪft/,/gɪft/,The earrings were a gift from my aunt.,这副耳环是我姑姑送给我的礼物。
en:college:noun:2,college,noun,大学， 学院,n 大学， 学院,/'kɑlɪdʒ/,/'kɒlɪdʒ/,a teacher training college,师范学院
en:popcorn:noun:1,popcorn,noun,爆米花,n 爆米花,/'pɑpkɔrn/,/'pɒpkɔːn/,"Now, do you fancy some popcorn?",现在，你想来些爆米花吗？
en:ago:adverb:2,ago,adverb,以前,adv 以前,/ə'ɡo/,/ə'gəu/,They moved to a new house some time ago (= a fairly long time ago ) .,他们搬进新居已有些日子了。
en:number:verb:1,number,verb,给…编号,v 给…编号；n 数目，数字；号码，编号,/'nʌmbɚ/,/'nʌmbə(r)/,They haven’t numbered the pages of the report.,他们还未给报告编页码。
en:punish:verb:2,punish,verb,惩罚， 处罚,v 惩罚， 处罚,/'pʌnɪʃ/,/'pʌnɪʃ/,Smacking is not an acceptable way of punishing a child.,要惩罚孩子，不应该用打的方式。
en:brave:adjective:2,brave,adjective,勇敢的， 无畏的,adj 勇敢的， 无畏的,/brev/,/breɪv/,brave soldiers,勇敢的士兵
en:must:noun:1,must,noun,必须做的事； 必备之物,n 必须做的事； 必备之物,/mʌst/,/mʌst/,Warm clothes are a must in the mountains.,御寒衣物在山里是必不可少的。
en:similar:adjective:2,similar,adjective,相似的， 类似的,adj 相似的， 类似的,/'sɪməlɚ/,/'sɪmələ(r)/,We have similar tastes in music.,我们对音乐的品位相近。
en:shape:noun:2,shape,noun,形状， 体形； 幻象； 状况， 状态,n 形状， 体形； 幻象； 状况， 状态,/ʃep/,/ʃeɪp/,What shape is the table?,那张桌子是什么形状的？
en:seventy:numeral:1,seventy,numeral,七十， 七十个,num 七十， 七十个,/'sɛvnti/,/'sevnti/,We lost touch during the seventies.,我们在70年代失去了联系。
en:nothing:pronoun:1,nothing,pronoun,没有东西， 没有事情， 一点儿也没有； 无关紧要的人,pron 没有东西， 没有事情， 一点儿也没有； 无关紧要的人,/'nʌθɪŋ/,/'nʌθɪŋ/,Nothing ever happens in this town.,这镇上从来都不会发生什么特别的事。
en:seventh:numeral:1,seventh,numeral,第七,num 第七；n 七分之一,/'sɛvənθ/,/'sevnθ/,On the seventh day of Christmas.,在圣诞节的第七天。
en:spot:noun:1,spot,noun,地点， 处所； 斑点， 污点； 少量,n 地点， 处所； 斑点， 污点； 少量,/spɑt/,/spɒt/,a nice quiet spot on the beach,海滩上一个安静的好地方
en:silver:verb:1,silver,verb,镀银,v 镀银；n 银；银器；银币,/'sɪlvɚ/,/'sɪlvə(r)/,"The farmhouse appeared, silvered by the moon.",农舍出现了，在月光下泛着银光。
en:aid:verb:1,aid,verb,帮助， 救助,v 帮助， 救助；n 帮助，救助；助手；辅助手段,/ed/,/eɪd/,an index to aid the reader,方便读者的索引
en:other:adjective:2,other,adjective,别的， 其他的， 另外的； 另一的， 其余的,adj 别的， 其他的， 另外的； 另一的， 其余的,/'ʌðɚ/,/'ʌðə(r)/,They were just like any other young couple.,他们那时就和其他任何年轻夫妇一样。
en:singer:noun:1,singer,noun,歌手,n 歌手,/'sɪŋɚ/,/'sɪŋə(r)/,the lead singer (= main singer ) of Slade,施莱德乐队的主唱
en:aim:verb:1,aim,verb,瞄准， 对准； 目的是， 旨在； 针对； 力争做到,v 瞄准， 对准； 目的是， 旨在； 针对； 力争做到；n 目的，目标；瞄准,/em/,/eɪm/,a program that’s aimed at teenagers,对象为青少年的节目
en:city:noun:2,city,noun,城市， 都市,n 城市， 都市,/'sɪti/,/'sɪti/,The nearest big city was St. Louis.,最近的大城市是圣路易斯。
en:against:preposition:2,against,preposition,逆， 反， 违反； 对…不利； 倚在， 紧靠着， 紧贴着； 和…比， 和…对照,prep 逆， 反， 违反； 对…不利； 倚在， 紧靠着， 紧贴着； 和…比， 和…对照,/əˈɡɛnst;əˈɡenst/,/ə'genst/,Gambotti was injured in last Saturday’s game against the Lions.,甘博蒂在上周六与雄狮队的比赛中受了伤。
en:confident:adjective:1,confident,adjective,确信的， 肯定的； 有信心的， 自信的,adj 确信的， 肯定的； 有信心的， 自信的,/'kɑnfɪdənt/,/'kɒnfɪdənt/,"Despite her disability, Philippa is very confident.",菲莉帕虽然有残疾，却很自信。
en:uncle:noun:2,uncle,noun,伯父， 叔父， 舅父， 姑父， 姨父,n 伯父， 叔父， 舅父， 姑父， 姨父,/'ʌŋkl/,/'ʌŋkl/,I went to stay with my uncle and aunt for a few days.,我去和叔叔婶婶住了几天。
en:air:noun:2,air,noun,天空； 空气， 大气； 样子， 神态,n 天空； 空气， 大气； 样子， 神态,/ɛr/,/eə(r)/,Let’s go outside and get some fresh air.,我们出去呼吸些新鲜空气吧。
en:holiday:noun:2,holiday,noun,假期， 假日,n 假期， 假日,/'hɑləde/,/'hɒlədeɪ/,The school holidays start tomorrow.,学校假期从明天开始。
en:courage:noun:2,courage,noun,勇气， 胆量,n 勇气， 胆量,/'kɝrɪdʒ/,/'kʌrɪdʒ/,Sue showed great courage throughout her illness.,休在生病期间表现出了极大的勇气。
en:local:adjective:1,local,adjective,地方性的，本地的；局部的；狭隘的,adj 地方性的，本地的；局部的；狭隘的；n 当地人， 本地人,/ˈloʊkl/,/'ləukl/,local hospital,当地医院
en:encourage:verb:2,encourage,verb,鼓励； 激励， 促进,v 鼓励； 激励， 促进,/ɪn'kɝrɪdʒ/,/ɪn'kʌrɪdʒ/,I want to thank everyone who has encouraged and supported me.,我要感谢每一位鼓励和支持过我的人。
en:potato:noun:2,potato,noun,马铃薯，土豆,n 马铃薯，土豆,/pə'teto/,/pə'teɪtəu/,"Marie stood at the sink, peeling potatoes (= cutting off the skin ) .",玛丽站在洗涤槽边削土豆皮。
en:speak:verb:1,speak,verb,[spoke-spoken] 说话， 讲话； 演说， 发言； 表达意见； 说， 讲；,v [spoke-spoken] 说话， 讲话； 演说， 发言； 表达意见； 说， 讲；,/spik/,/spiːk/,I was so shocked I couldn’t speak.,我震惊得说不出话来。
en:share:verb:2,share,verb,分享，分担；分摊，分开,v 分享，分担；分摊，分开；n 一份； 份儿， 股份,/ʃɛr/,/ʃeə(r)/,As a kid he’d never share his toys.,他小时候从不肯与人分享他的玩具。
en:restroom:noun:1,restroom,noun,洗手间； 休息室,n 洗手间； 休息室,/'rɛstrum/,/'restruːm/,,
en:polar:adjective:1,polar,adjective,地极的， 近地极的； 磁极的； 正好相反的， 截然对立的,adj 地极的， 近地极的； 磁极的； 正好相反的， 截然对立的,/'polɚ/,/'pəulə(r)/,"As our climate warms up, the polar ice caps will begin to melt.",随着地球气候逐渐变暖，极地的冰冠将开始融化。
en:shark:noun:1,shark,noun,鲨鱼； 勒索者， 诈骗者； 放高利贷的人,n 鲨鱼； 勒索者， 诈骗者； 放高利贷的人,/ʃɑrk/,/ʃɑːk/,Sharks were circling around our boat.,鲨鱼在我们的小船周围游弋。
en:chairman:noun:2,chairman,noun,主席； 会议主持人； 董事长,n 主席； 会议主持人； 董事长,/'tʃɛrmən/,/'tʃeəmən/,deputy/vice chairman Barrett serves as vice chairman.,巴雷特担任副主席一职。
en:boat:noun:2,boat,noun,船， 小船,n 船， 小船,/bot/,/bəut/,a fishing boat,渔船
en:future:adjective:1,future,adjective,将来的，未来的,adj 将来的，未来的；n 将来， 今后； 前途， 前景,/ˈfjutʃɚ/,/'fjuːtʃə(r)/,We are now more able to predict future patterns of climate change.,我们现在更有能力预测未来气候的变化模式了。
en:more:adverb:1,more,adverb,更，更多,adv 更，更多；adj 更多的； 更大的,/mɔr/,/mɔː(r)/,You’ll have to be more careful next time.,你下次要更小心一点。
en:shake:noun:1,shake,noun,[shook-shaken] 摇动， 摇； 颤抖， 震动,n&v [shook-shaken] 摇动， 摇； 颤抖， 震动,/ʃek/,/ʃeɪk/,She shook him to wake him up.,她摇摇他，想把他叫醒。
en:cent:noun:2,cent,noun,分， 分币,n 分， 分币,/sɛnt/,/sent/,A cup of rice which cost thirty cents a few weeks ago is now being sold for up to one dollar.,几周前价值30美分的1杯米如今卖到了1美元。
en:honor:verb:1,honor,verb,尊敬,v 尊敬；n 尊敬，敬意；荣誉，光荣,/ɑnɚ/,/'ɒnə(r)/,"We should say and do nothing to the injury of any one. It is not only a matter of principle, but also the path of peace and honor.",任何有损他人的言语或者事情我们都应该避免。这不仅是一种做人的原则，而且也是通向平和的人际关系、获得他人尊敬之道。 。
en:screen:verb:1,screen,verb,掩蔽， 遮蔽， 包庇； 放映， 播放(电视,v 掩蔽， 遮蔽， 包庇； 放映， 播放(电视；n 屏幕，银幕；遮蔽；屏风,/skrin/,/skriːn/,The film is being screened around the country.,这部电影正在全国放映。
en:body:noun:2,body,noun,身体， 躯体； 躯干， 主体； 尸体； 物体； (视作,n 身体， 躯体； 躯干， 主体； 尸体； 物体； (视作,/'bɑdi/,/'bɒdi/,the human body,人体
en:cage:noun:1,cage,noun,笼子,n 笼子,/kedʒ/,/keɪdʒ/,I hate to see birds in cages.,我不喜欢看到鸟在笼子里。
en:unhealthy:adjective:1,unhealthy,adjective,不健康的,adj 不健康的,/ʌn'hɛlθi/,/ʌn'helθi/,unhealthy living conditions,不利于健康的生活环境
en:insect:noun:1,insect,noun,昆虫， 虫,n 昆虫， 虫,/'ɪnsɛkt/,/'ɪnsekt/,an insect bite,昆虫的叮咬
en:net:adjective:1,net,adjective,净的， 纯的,adj 净的， 纯的；n 网；网状系统,/nɛt/,/net/,"The net profit (= after taxes, costs etc ) was up 16.3% last month.",上个月净利润增长了16.3%。
en:always:adverb:2,always,adverb,总是， 无例外地； 永远， 始终， 一直,adv 总是， 无例外地； 永远， 始终， 一直,/'ɔlwez/,/'ɔːlweɪz/,Always lock your bicycle to something secure.,每次都要把自行车锁在牢固的物体上。
en:all:adverb:1,all,adverb,完全地； 十分， 很,adv 完全地； 十分， 很；adj 一切的，所有的；全部的，总的，整个的,/ɔl/,/ɔːl/,"You shouldn’t be sitting here by yourself, all alone.",你不应该一个人孤零零地坐在这儿。
en:border:verb:1,border,verb,给…加上边， 围； 邻接， 毗连； 近似， 接近,v 给…加上边， 围； 邻接， 毗连； 近似， 接近；n 边，边缘；边界，边境,/'bɔrdɚ/,/'bɔːdə(r)/,countries that border the Mediterranean,地中海沿岸的国家
en:read:verb:1,read,verb,[read-read] 读， 阅读； 朗读， 宣读； 读懂； 观,v [read-read] 读， 阅读； 朗读， 宣读； 读懂； 观,/rid; rɛd/,/riːd/,I can’t read your writing.,我看不懂你写的东西。
en:below:preposition:1,below,preposition,在…下面， 到…下面； 在…以下； 低于,prep 在…下面， 到…下面； 在…以下； 低于,/bɪ'lo/,/bɪ'ləu/,far below,远低于
en:already:adverb:2,already,adverb,早已， 已经,adv 早已， 已经,/ɔl'rɛdi/,/ɔːl'redi/,The design of the new house is similar to those that have already been built.,新房的设计与那些已建好的房子相似。
en:shall:modal-verb:1,shall,modal verb,〔某事〕必定，一定〔发生〕,modal verb 〔某事〕必定，一定〔发生〕,/ʃəl/,/ʃæl/,The truth shall make you free.,真理必令你们得自由。
en:touch:verb:2,touch,verb,触摸，碰到；接触，涉及,v 触摸，碰到；接触，涉及；n 接触， 碰到； 触觉； 修饰， 润色； 风格， 手法,/tʌtʃ/,/tʌtʃ/,She reached out to touch his arm.,她伸手去碰他的胳膊。
en:clock:noun:2,clock,noun,钟,n 钟,/klɑk/,/klɒk/,I heard the clock strike six (= make six loud sounds ) .,我听到钟敲了六下。
en:real:adjective:2,real,adjective,真的， 真正的； 真实的， 现实的,adj 真的， 真正的； 真实的， 现实的,/'riəl/,/'riːəl/,There is a real danger that the disease might spread.,这种疾病确实有蔓延的危险。
en:tool:noun:2,tool,noun,工具， 用具； 方法， 手段,n 工具， 用具； 方法， 手段,/tul/,/tuːl/,I don’t have the right tools to start fiddling around with the engine.,我没有合适的工具来摆弄发动机。
en:april:noun:2,April,noun,四月,n 四月,/'eprəl/,/'eɪprəl/,The changes will be introduced in April.,这些变更将于4月实施。
en:unit:noun:2,unit,noun,单位； 单位； 部件， 元件， 装置； 单元,n 单位； 单位； 部件， 元件， 装置； 单元,/'junɪt/,/'juːnɪt/,The man is in the hospital’s intensive care unit.,那名男子在医院的重症监护室。
en:nearby:adverb:1,nearby,adverb,在附近,adv 在附近；adj 附近的,"/,nɪr'baɪ/",/ˌnɪə'baɪ/,He might easily have been seen by someone who lived nearby.,他可能很容易被住在附近的人看到。
en:sunday:noun:2,Sunday,noun,星期日,n 星期日,/ˈsʌnde; ˈsʌndi/,/'sʌndeɪ; -di/,What are you doing Sunday?,你星期天做什么？
en:model:noun:2,model,noun,模型； 模特儿； 模范， 典型,n 模型； 模特儿； 模范， 典型,/'mɑdl/,/'mɒdl/,a working model (= one with parts which move ) of a steam engine,蒸汽机车的活动模型
en:collect:verb:2,collect,verb,收集，采集；收；领取；聚集，汇集,v 收集，采集；收；领取；聚集，汇集；adj 由对方付费的,/kə'lɛkt/,/kə'l3kt/,"After 25 years of collecting recipes, she has compiled them into a cookbook.",她搜集了25年食谱，把它们编成一本烹饪书。
en:shame:verb:1,shame,verb,使蒙受羞辱,v 使蒙受羞辱；n 羞耻，羞愧；可耻的人；遗憾的事，可惜,/ʃem/,/ʃeɪm/,She had shamed her family name (= done something that made her family lose honour ) .,她玷污了家族的名声。
en:around:adverb:2,around,adverb,在周围，在附近；到处，四周；大约,adv 在周围，在附近；到处，四周；大约；prep 在…各处， 遍及； 在…四周； 在,/ə'raʊnd/,/ə'raund/,The whole family was sitting around the dinner table.,全家人围坐在饭桌旁。
en:pronoun:noun:1,pronoun,noun,代词,n 代词,/'pronaʊn/,/'prəunaun/,Here you should use plural pronoun.,这里你应该用复数代词。
en:and:conjunction:2,and,conjunction,和， 与， 及； 那么， 则； 然后， 接着； 而且， 还,conj 和， 与， 及； 那么， 则； 然后， 接着； 而且， 还,"/ənd, ən,ænd/",/ənd/,He’s gone to get some fish and chips.,他去买炸鱼薯条了。
en:today:adverb:2,today,adverb,今天； 现今,adv&n 今天； 现今,/tə'de/,/tə'deɪ/,I couldn’t go shopping yesterday so I’ll have to go today.,我昨天没能去买东西，所以今天我必须去。
en:talented:adjective:1,talented,adjective,有才能的， 有才干的； 天才的,adj 有才能的， 有才干的； 天才的,/'tæləntɪd/,/'tæləntɪd/,a talented actor,一名很有天赋的演员
en:predict:verb:1,predict,verb,预言， 预测,v 预言， 预测,/prɪ'dɪkt/,/prɪ'dɪkt/,Sales were five percent lower than predicted.,销售额比预期低5%。
en:saying:noun:1,saying,noun,话， 言语； 俗话； 成语， 格言， 谚语； 口头禅,n 话， 言语； 俗话； 成语， 格言， 谚语； 口头禅,/'seɪŋ/,/'seɪɪŋ/,"You can’t judge a book by its cover, as the old saying goes.",老话说得好，人不可貌相。
en:row:noun:2,row,noun,争吵； 斥责； 争吵； 斥责,n&v 争吵； 斥责； 争吵； 斥责,/ro/,/rəʊ/,a family row,家庭争吵
en:france:noun:1,France,noun,法国,n 法国,,/frɑːns/,Canada and France should do the same.,加拿大和法国也应该这样做。
en:ok:adverb:1,OK,adverb,不错， 很好； 对吧,adv&int 不错， 很好； 对吧,,/əu'keɪ/,"The plans have been okayed, so let’s get started as soon as possible.",计划已经获得批准，所以我们尽快开始吧。
en:raincoat:noun:2,raincoat,noun,雨衣,n 雨衣,/ˈreɪnkoʊt/,/'reɪnkəut/,You can hang up your raincoat there.,你可以把雨衣挂在那儿。
en:abroad:adverb:2,abroad,adverb,到国外； 广为流传,adv 到国外； 广为流传；adj 在国外；广泛四散,/ə'brɔd/,/ə'brɔːd/,I’ve never lived abroad before.,我以前从未在国外生活过。
en:fifteen:numeral:1,fifteen,numeral,十五,num 十五,"/,fɪf'tin/",/ˌfɪf'tiːn/,a coastal village fifteen miles south of Tourane,土伦以南15英里的一个滨海村落
en:ant:noun:2,ant,noun,蚂蚁,n 蚂蚁,/ænt/,/ænt/,Ants swarmed up out of the ground and covered her shoes and legs.,蚂蚁从地里成群地爬出来，爬满了她的鞋和腿。
en:pencil:noun:2,pencil,noun,铅笔,n 铅笔,/'pɛnsl/,/'pensl/,a sharp pencil,尖尖的铅笔
en:specific:adjective:1,specific,adjective,特定的，特有的；明确的，具体的,adj 特定的，特有的；明确的，具体的,/spɪ'sɪfɪk/,/spə'sɪfɪk/,games suitable for specific age groups,适合特定年龄组的游戏
en:any:pronoun:1,any,pronoun,无论哪个，无论哪些,pron 无论哪个，无论哪些；adj 任一的， 任何的； 什么， 一些； 丝毫的,/'ɛni/,/'eni/,,
en:minute:noun:2,minute,noun,分， 分钟； 一会儿， 片刻； 此时此刻， 立刻,n 分， 分钟； 一会儿， 片刻； 此时此刻， 立刻,/'mɪnɪt/,/'mɪnɪt/,It takes me ten minutes to walk to work.,我步行上班要用十分钟。
en:super:adjective:1,super,adjective,极好的， 上等的； 超级的； 过分的,adj 极好的， 上等的； 超级的； 过分的,/'sʊpɚ/,/'suːpə(r)/,an old car in super condition,一辆状况极好的旧车
en:chore:noun:1,chore,noun,家庭杂务； 困难的工作； 令人厌烦的工作,n 家庭杂务； 困难的工作； 令人厌烦的工作,/tʃɔr/,/tʃɔː(r)/,everyday chores like shopping and housework,购物和做家务之类的日常琐事
en:semester:noun:1,semester,noun,学期,n 学期,/səˈmɛstɚ/,/sɪ'mestə(r)/,the fall semester,秋季学期
en:until:preposition:1,until,preposition,直到…时， 到…为止； 直到…,prep&conj 直到…时， 到…为止； 直到…,/ən'tɪl/,/ən'tɪl/,The ticket is valid until March.,这张票的有效期一直到 3 月份。
en:strategy:noun:1,strategy,noun,谋略， 战略， 策略,n 谋略， 战略， 策略,/'strætədʒi/,/'strætədʒi/,the government’s long-term economic strategy,政府的长期经济策略
en:dull:adjective:1,dull,adjective,乏味的， 单调的； 晦暗的； 愚钝的， 笨的； 钝的,adj 乏味的， 单调的； 晦暗的； 愚钝的， 笨的； 钝的,/dʌl/,/dʌl/,Outside the weather was hazy and dull.,外面薄雾朦胧，天色灰暗。
en:reason:verb:1,reason,verb,推断， 分析； 推论， 推理； 理喻， 劝告,v 推断， 分析； 推论， 推理； 理喻， 劝告；n 原因，理由；理性，理智,/ˈrizən/,/'riːzn/,the ability to reason,判断能力
en:thought:noun:2,thought,noun,想法， 见解； 思考， 思维； 关心， 注意； 思想，,n 想法， 见解； 思考， 思维； 关心， 注意； 思想，,/θɔt/,/θɔːt/,It’s an interesting thought.,这想法很有趣。
en:ring:noun:1,ring,noun,戒指； 环， 圆圈； 铃声； 电话； 团伙， 帮派； 拳击台， 摔跤台， 马戏场,n 戒指； 环， 圆圈； 铃声； 电话； 团伙， 帮派； 拳击台， 摔跤台， 马戏场,/rɪŋ/,/rɪŋ/,a diamond ring,钻戒
en:legend:noun:1,legend,noun,传说； 传奇人物,n 传说； 传奇人物,/'lɛdʒənd/,/'ledʒənd/,Local legend has it that (= says that ) the island was the original Garden of Eden.,当地传说这个岛就是伊甸园的原型。
en:taste:verb:1,taste,verb,有…味道； 品尝； 体验， 感受,v 有…味道； 品尝； 体验， 感受；n 滋味；味觉，口味；鉴赏力；兴趣，爱好,/test/,/teɪst/,The food tasted better than it looked.,这食物吃起来味道比看上去要好。
en:ship:verb:2,ship,verb,用船运； 装运， 运送,v 用船运； 装运， 运送；n 船，舰,/ʃɪp/,/ʃɪp/,We'll ship your order to the address we print on your cheques.,我们将把你预订的货物送到我们印在你单据上的地址。
en:anywhere:adverb:2,anywhere,adverb,在什么地方， 在任何地方； 随便什么地方,adv 在什么地方， 在任何地方； 随便什么地方,/'ɛnɪwɛr/,/'eniweə(r)/,Sit anywhere you like.,你随便坐吧。
en:professional:adjective:1,professional,adjective,职业的；专业的,adj 职业的；专业的；n 专业人员； 自由职业者,/prə'fɛʃənl/,/prə'feʃənl/,This business plan looks very professional.,这个商业计划看上去很有专业水平。
en:cheese:noun:2,cheese,noun,干酪， 奶酪,n 干酪， 奶酪,/tʃiz/,/tʃiːz/,half a kilo of cheese,半公斤干酪
en:nineteenth:numeral:1,nineteenth,numeral,第十九,num 第十九；n 十九分之一,/'naɪn'tinθ/,/ˌnaɪn'tiːnθ/,"The nineteenth to Pethahiah, the twentieth to Jehezekel.",第十九是毗他希雅，第二十是以西结。
en:cake:noun:2,cake,noun,饼， 糕， 蛋糕,n 饼， 糕， 蛋糕,/kek/,/keɪk/,We had cake and ice cream.,我们吃了蛋糕和冰激凌。
en:neighbor:noun:1,neighbor,noun,邻居； 邻国,n 邻居； 邻国,/'nebɚ/,/'neɪbə(r)/,My neighbor?,我的邻居？
en:gentle:adjective:1,gentle,adjective,温柔的， 慈祥的； 文雅的， 有礼貌的； 温和的， 暖和的,adj 温柔的， 慈祥的； 文雅的， 有礼貌的； 温和的， 暖和的,/'dʒɛntl/,/'dʒentl/,"Arthur was a very gentle, caring person.",阿瑟是一个非常温柔体贴的人。
en:shoulder:verb:1,shoulder,verb,肩负， 承担,v 肩负， 承担；n 肩,/'ʃoldɚ/,/'ʃəuldə(r)/,The residents are being asked to shoulder the costs of the repairs.,居民们被要求承担这笔修理费用。
en:dance:verb:1,dance,verb,跳舞,v 跳舞；n 舞，舞蹈；舞曲，舞会,/dæns/,/dɑːns/,"Come on, let’s dance.",来吧，我们跳舞吧。
en:boil:verb:1,boil,verb,沸腾，煮沸,v 沸腾，煮沸；n 沸腾,/bɔɪl/,/bɔɪl/,Put the spaghetti into plenty of boiling salted water.,把意大利面放入大量煮沸的盐水中。
en:remain:verb:2,remain,verb,仍然是， 依旧是； 留下， 逗留； 剩余， 余留； 留待,v 仍然是， 依旧是； 留下， 逗留； 剩余， 余留； 留待,/rɪ'men/,/rɪ'meɪn/,Please remain seated until all the lights are on.,请留在座位上，直到灯全都亮起。
en:eye:noun:2,eye,noun,眼， 眼睛； 虹膜； 眼状物,n 眼， 眼睛； 虹膜； 眼状物,/aɪ/,/aɪ/,He’s got beautiful eyes.,他有一双漂亮的眼睛。
en:himself:pronoun:2,himself,pronoun,他自己； 他亲自， 他本人,pron 他自己； 他亲自， 他本人,/hɪm'sɛlf/,/hɪm'self/,by himself,由他独力地
en:toilet:noun:2,toilet,noun,厕所， 盥洗室,n 厕所， 盥洗室,/ˈtɔɪlɪt/,/'tɔɪlət/,public toilets,公共厕所
en:envelope:noun:1,envelope,noun,信封,n 信封,,/'envələup/,envelopes and stamps,信封和邮票
en:dictionary:noun:2,dictionary,noun,词典， 字典,n 词典， 字典,/'dɪkʃə'nɛri/,/'dɪkʃənri/,a German-English dictionary,一本德英词典
en:slow:adverb:1,slow,adverb,慢慢地,adv 慢慢地；adj 慢的；迟钝的，不灵巧的；不忙碌的；v 慢下来，减速,/sloʊ/,/sləu/,I began to walk slower and slower.,我开始走得越来越慢。
en:turkey:noun:1,turkey,noun,火鸡； [T-] 土耳其,n 火鸡； [T-] 土耳其,/'tɝki/,/'tɜːki/,roast turkey,烤火鸡
en:letter:noun:2,letter,noun,信， 函件； 字母,n 信， 函件； 字母,/'lɛtɚ/,/'letə(r)/,There are 26 letters in the English alphabet.,英语字母表有26个字母。
en:tasty:adjective:1,tasty,adjective,美味的；引起食欲的,adj 美味的；引起食欲的；n 好吃的东西； 吸引人的东西,/'testi/,/'teɪsti/,a simple but tasty meal,简单而可口的饭菜
en:maybe:adverb:2,maybe,adverb,大概， 也许,adv 大概， 也许,/'mebi/,/'meɪbi/,Maybe it’s all just a big misunderstanding.,也许这只是一个很大的误会。
en:another:pronoun:1,another,pronoun,再一个，另一个,pron 再一个，另一个；adj 又一的， 再一个的； 另一的， 别的； 不同的,/ə'nʌðɚ/,/ə'nʌðə(r)/,But I concluded that no one ruin is like another.,但我断定没有一个废墟与另外的是相像的。
en:enemy:noun:2,enemy,noun,敌人， 仇敌,n 敌人， 仇敌,/'ɛnəmi/,/'enəmi/,She’s a dangerous enemy to have.,与她为敌很危险。
en:worth:adjective:2,worth,adjective,相当于…价值的，值得…的,adj 相当于…价值的，值得…的；n 价值， 财产,/wɝθ/,/wɜːθ/,"The worth of our lives comes, not in what we do or who we know, but by WHO WE ARE.",我们生活的价值不在于我们做了什么，或者我们认识谁，生活的价值在于我们是谁。
en:new:adverb:1,new,adverb,新近,adv 新近；adj 新的；新鲜的，新型的，流行的；更新的,/nu/,/njuː/,How do you like your new diet?,你认为你的新的饮食怎么样？
en:helicopter:noun:1,helicopter,noun,直升机,n 直升机,/'hɛlɪkɑptɚ/,/'helɪkɒptə(r)/,You can helicopter to the island.,你可以乘坐直升机去那个岛。
en:are:verb:1,are,verb,存在， 是,v 存在， 是,/ɑr/,/ɑːr/,there are,有
en:advertisement:noun:2,advertisement,noun,广告， 公告； 广告活动， 宣传,n 广告， 公告； 广告活动， 宣传,"/,ædvɚ'taɪzmənt/",/əd'vɜːtɪsmənt; ˌædvər'taɪzmənt/,"They put an advertisement in ‘The Morning News’, offering a high salary for the right person.",他们在《晨报》上刊登了一则启事，出高薪寻找合适的人选。
en:disabled:adjective:1,disabled,adjective,有残疾的,adj 有残疾的,/dɪs'ebld/,/dɪs'eɪbld/,a support group for parents of disabled children,帮助残障儿童父母的援助团
en:watermelon:noun:2,watermelon,noun,西瓜,n 西瓜,/'wɔtɚmɛlən/,/'wɔːtəˌmelən/,How do you eat watermelon?,你可以怎么吃西瓜呢？
en:arm:verb:1,arm,verb,以装备； 提供， 配备；,v 以装备； 提供， 配备；；n 臂，前肢；臂状物，扶手；,/ɑrm/,/ɑːm/,Dave has a broken arm .,戴夫手臂断了。
en:popular:adjective:2,popular,adjective,流行的， 通俗的， 大众的； 受欢迎的,adj 流行的， 通俗的， 大众的； 受欢迎的,/'pɑpjəlɚ/,/'pɒpjələ(r)/,Hilary was popular at school.,希拉里在学校里很受欢迎。
en:art:noun:2,art,noun,美术，艺术；技术，技艺；,n 美术，艺术；技术，技艺；,/ɑrt/,/ɑːt/,the Museum of Modern Art in New York,纽约现代艺术博物馆
en:mom:noun:1,mom,noun,妈妈,n 妈妈,/mɑm/,/mɒm/,"Mom, can I go over to Lisa’s house?",妈妈，我能到莉萨家去吗？
en:black:adjective:2,black,adjective,黑色的； 黑暗的； 黑人的； 不加奶的； 黯淡的， 毫无希望的,adj 黑色的； 黑暗的； 黑人的； 不加奶的； 黯淡的， 毫无希望的,/blæk/,/blæk/,a black evening dress,黑色晚礼服
en:tour:noun:1,tour,noun,旅行， 旅游,n&v 旅行， 旅游,/tʊr/,/tuə(r)/,We met on a coach tour in Italy.,我们是在意大利乘长途客车旅游时相识的。
en:call:verb:2,call,verb,把…叫做， 把…称为； 打电话给； 叫， 大声说出； 召唤， 传唤； 召开，,v 把…叫做， 把…称为； 打电话给； 叫， 大声说出； 召唤， 传唤； 召开，,/kɔl/,/kɔːl/,She calls her father every couple of days.,她隔几天就给她爸爸打个电话。
en:calm:adjective:1,calm,adjective,镇静的，镇定的；平静的，无风的,adj 镇静的，镇定的；平静的，无风的；v 平静； 镇静,/kɑm/,/kɑːm/,Glen was calm and composed at the funeral.,格伦在葬礼上表现得平静而镇定。
en:such:adverb:1,such,adverb,那么,adv 那么；adj 这样的，这种的；那么的，如此程度的；上述的，该,/sʌtʃ/,/sʌtʃ/,"To wait, or the results of such ah! How do ah.",等来等去，结果还是这样啊！怎么办啊。
en:kick:noun:1,kick,noun,踢,n&v 踢,/kɪk/,/kɪk/,He kicked the door hard.,他用力踢门。
en:ask:verb:2,ask,verb,询问， 问； 要求,v 询问， 问； 要求,/æsk/,/ɑːsk/,‘What’s your name?’ she asked.,“你叫什么名字？”她问道 。
en:describe:verb:2,describe,verb,描写， 描述； 说明,v 描写， 描述； 说明,/dɪ'skraɪb/,/dɪ'skraɪb/,The police asked her to describe the man.,警察叫她描述一下那名男子。
en:through:adverb:1,through,adverb,从头到尾， 自,adv 从头到尾， 自；prep 穿过，通过；在整个…期间，从头到尾；凭借，经由,/θru/,/θruː/,"Score lightly at first and then repeat, scoring deeper each time until the board is cut through.",先轻轻地划一下，然后反复划，一次比一次划得深些，直到木板被完全割开。
en:jazz:adjective:1,jazz,adjective,爵士乐的,adj 爵士乐的；n 爵士乐,/dʒæz/,/dʒæz/,Why not dance a jazz for us?,为何不为我们跳支爵士舞呢？
en:run:verb:1,run,verb,"[run-run, running] 跑， 奔跑； 行驶， 驾驶； 蔓延， 伸展； 操作； 竞","v [run-run, running] 跑， 奔跑； 行驶， 驾驶； 蔓延， 伸展； 操作； 竞",/rʌn/,/rʌn/,The road runs along a valley.,这条路沿山谷延伸。
en:either:adverb:1,either,adverb,也,adv 也；adj 任一的，每一的,/'iðɚ/,/'aɪðə(r)/,I haven’t seen the movie and my brother hasn’t either (= he also has not seen it ).,我没看过这部电影，我弟弟也没看过。
en:view:verb:1,view,verb,考虑， 认为； 观察， 看,v 考虑， 认为； 观察， 看；n 看法，观点；视野，眼界；景色，风景,/vju/,/vjuː/,an opportunity to view the film before it goes on general release,在影片公映之前观影的机会
en:ours:pronoun:2,ours,pronoun,我们的,pron 我们的,/ɑrz/,/'auəz/,I’ll show you to your room. Ours is next door.,我带你去你的房间，我们的房间在你的隔壁。
en:white:adjective:2,white,adjective,白色的，白的；白种的,adj 白色的，白的；白种的；n 白色； 蛋白； 眼白,/hwaɪt/,/waɪt/,a white dress,白色连衣裙
en:furniture:noun:1,furniture,noun,家具,n 家具,/'fɝnɪtʃɚ/,/'fɜːnɪtʃə(r)/,I helped him choose the furniture for his house.,我帮他挑选房子里用的家具。
en:huge:adjective:2,huge,adjective,庞大的， 巨大的,adj 庞大的， 巨大的,/hjudʒ/,/hjuːdʒ/,a huge dog,一条大狗
en:yourself:pronoun:2,yourself,pronoun,你自己； 你亲自,pron 你自己； 你亲自,/jɔr'sɛlf/,/jɔː'self/,Look at yourself in the mirror.,照照镜子吧。
en:donate:verb:1,donate,verb,捐赠， 赠送,v 捐赠， 赠送,/'donet/,/dəu'neɪt/,people who volunteer to donate blood,自愿献血者
en:helpful:adjective:2,helpful,adjective,有益的， 有用的； 给予帮助的， 肯帮忙的,adj 有益的， 有用的； 给予帮助的， 肯帮忙的,/'hɛlpfl/,/'helpfl/,Thank you for your advice; it’s been very helpful.,谢谢你的建议，它非常有用。
en:those:pronoun:1,those,pronoun,那些,pron 那些,/ðoz/,/ðəuz/,I like these and he likes those.,我喜欢这些，他喜欢那些。
en:worry:verb:1,worry,verb,担心，发愁；困扰，折磨,v 担心，发愁；困扰，折磨；n 担心， 发愁， 忧虑,/ˈwʌrɪ/,/'wʌri/,You’ve really got no need to worry about your weight.,你真的不必担心你的体重。
en:imagine:verb:2,imagine,verb,想象， 设想； 料想， 猜想,v 想象， 设想； 料想， 猜想,/ɪ'mædʒɪn/,/ɪ'mædʒɪn/,Perhaps she’d never really been there at all – perhaps she’d just imagined it.,可能她从未到过那儿——也许这都是她的幻想。
en:town:noun:2,town,noun,镇， 市镇； 市区， 市中心,n 镇， 市镇； 市区， 市中心,/taʊn/,/taun/,an industrial town in the Midlands,英格兰中部的一座工业城镇
en:might:modal-verb:1,might,modal verb,可以〔用于礼貌地提出建议〕,modal verb 可以〔用于礼貌地提出建议〕；n 力量；威力；权力,/maɪt/,/maɪt/,"If you need more information, you might try the Internet.",如果你需要更多的信息，可以试试因特网。
en:telephone:verb:1,telephone,verb,打电话,v 打电话；n 电话,/ˈtɛləfon/,/'telɪfəun/,Sammy telephoned to say that he would be late.,萨米打电话来说他要晚到。
en:girl:noun:2,girl,noun,姑娘， 女孩； 女儿,n 姑娘， 女孩； 女儿,/ɡɝl/,/gɜːl/,Both boys and girls can apply to join the choir.,男孩和女孩均可申请加入合唱团。
en:delicious:adjective:2,delicious,adjective,美味的； 芬芳的； 宜人的,adj 美味的； 芬芳的； 宜人的,/dɪ'lɪʃəs/,/dɪ'lɪʃəs/,"‘The meal was absolutely delicious,’ she said politely.",“这顿饭味道好极了。” 她礼貌地说道。
en:worse:adjective:1,worse,adjective,更坏的；更糟的；更差的,adj 更坏的；更糟的；更差的；n 更差[坏]的事物；adv 更严重地；更厉害地,/wɜrs/,/wɜːs/,The traffic is much worse after five o’clock.,5点以后交通拥堵严重得多。
en:whatever:pronoun:1,whatever,pronoun,无论什么， 不管什么； 任何…的事物， 凡是…的东西,pron 无论什么， 不管什么； 任何…的事物， 凡是…的东西,/wət'ɛvɚ/,/wɒt'evə(r)/,or whatever,等等；诸如此类的事
en:camp:verb:2,camp,verb,露营， 扎营,v 露营， 扎营；n 营地，露营,/kæmp/,/kæmp/,"We’ll camp by the river for the night, and move on tomorrow.",我们今晚在河边露营，明天继续前进。
en:volunteer:verb:1,volunteer,verb,自愿,v 自愿；n 志愿者，志愿兵,"/,vɑlən'tɪr/",/ˌvɒlən'tɪə(r)/,I volunteered my services as a driver.,我主动提出来当司机。
en:museum:noun:2,museum,noun,博物馆,n 博物馆,/mjuˈzɪəm/,/mju'ziːəm/,the Museum of Modern Art,现代艺术博物馆
en:everywhere:adverb:2,everywhere,adverb,到处， 各处， 无论何处,adv 到处， 各处， 无论何处,/'ɛvrɪwɛr/,/'evriweə(r)/,I’ve looked everywhere but I can’t find the map.,我到处都找过了，但就是找不到地图。
en:worst:adverb:1,worst,adverb,最坏， 最差， 最糟,adv&adj 最坏， 最差， 最糟,/wɝst/,/wɜːst/,This is the worst recession for fifty years.,这是50年来最严重的一次经济衰退。
en:clothing:noun:1,clothing,noun,服装， 衣着,n 服装， 衣着,/'kloðɪŋ/,/'kləuðɪŋ/,basic necessities such as food and clothing,食物和衣服这类基本的生活必需品
en:aloud:adverb:2,aloud,adverb,出声地， 大声地,adv 出声地， 大声地,/ə'laʊd/,/ə'laud/,"When we were children, our father read aloud to us.",当我们是孩子时，我们的父亲大声地朗读给我们听。
en:shop:noun:2,shop,noun,商店， 店铺； 工厂， 车间,n 商店， 店铺； 工厂， 车间,/ʃɑp/,/ʃɒp/,a barber’s shop,理发店
en:christmas:noun:2,Christmas,noun,圣诞节,n 圣诞节,,/'krɪsməs/,Are you going home for Christmas?,你回家过圣诞节吗？
en:string:noun:1,string,noun,弦， 线， 细绳； 一串， 一行,n 弦， 线， 细绳； 一串， 一行,/strɪŋ/,/strɪŋ/,Her key hung on a string around her neck.,她的钥匙穿了根绳子挂在脖子上。
en:september:noun:2,September,noun,九月,n 九月,/sɛp'tɛmbɚ/,/sep'tembə(r)/,"Her son, Jerome, was born in September.",她的儿子杰罗姆出生于9月。
en:distance:noun:1,distance,noun,距离， 间距； 遥远， 远方； 冷淡， 疏远； 久远,n 距离， 间距； 遥远， 远方； 冷淡， 疏远； 久远,/'dɪstəns/,/'dɪstəns/,Measure the distance between the two points.,量出两点之间的距离。
en:color:noun:1,color,noun,颜色；颜料；肤色,n 颜色；颜料；肤色；vt 给…着色,/'kʌlɚ/,/'kʌlə/,color in,填色，用颜色填
en:truck:noun:2,truck,noun,卡车， 载重汽车； 敞篷货车,n 卡车， 载重汽车； 敞篷货车,/trʌk/,/trʌk/,a truck driver,卡车司机
en:book:verb:1,book,verb,预订， 预约,v 预订， 预约；n 书，书籍；本子，簿册；,/bʊk/,/buk/,Have you booked a holiday this year?,你今年有没有预订去度假？
en:show:verb:2,show,verb,表明， 证明； 显示， 出示； 带领； 教， 告知； 演出， 放映； 显现，,v 表明， 证明； 显示， 出示； 带领； 教， 告知； 演出， 放映； 显现，,/ʃo/,/ʃəu/,Figures showed a 9% rise in inflation.,数据显示通货膨胀上升了9%。
en:nor:conjunction:2,nor,conjunction,也不， 也没有,conj&adv 也不， 也没有,/nɔr/,/nɔː(r)/,I have neither bag nor wallet.,我既没有包也没有钱夹。
en:mars:noun:1,Mars,noun,火星； 战神,n 火星； 战神,/mɑrz/,/mɑːz/,the enormous volcanoes known to exist on Mars,已知在火星上存在的大量火山
en:not:adverb:2,not,adverb,不， 没， 不是,adv 不， 没， 不是,/nɑt/,/nɒt/,Most of the stores do not open until 10 am.,大多数商店要到上午10点才开始营业。
en:arrive:verb:2,arrive,verb,到达， 到来； 来临； 达到， 达成,v 到达， 到来； 来临； 达到， 达成,/ə'raɪv/,/ə'raɪv/,Give me a call to let me know you’ve arrived safely.,打个电话给我，告诉我你已平安到达。
en:street:noun:2,street,noun,街道， 马路,n 街道， 马路,/strit/,/striːt/,We moved to Center Street when I was young.,在我小时候，我们搬到了中心大街。
en:now:adverb:2,now,adverb,现在， 如今； 此刻,adv 现在， 如今； 此刻,/naʊ/,/nau/,She's a widow now.,她现在是一个寡妇。
en:statement:noun:1,statement,noun,陈述， 声明； 结算单， 报表,n 陈述， 声明； 结算单， 报表,/'stetmənt/,/'steɪtmənt/,"In an official statement, she formally announced her resignation.",在一份官方声明中，她正式宣布辞职。
en:tuesday:noun:2,Tuesday,noun,星期二,n 星期二,/ˈtuzdɪ;-de/,/'tjuːzdeɪ/,I’ll see you Tuesday.,星期二见。
en:shoe:noun:2,shoe,noun,鞋,n 鞋,/ʃu/,/ʃuː/,I sat down and took off my shoes and socks.,我坐下来脱掉鞋子和袜子。
en:race:noun:2,race,noun,比赛， 赛跑； 竞争； 人种， 种族,n 比赛， 赛跑； 竞争； 人种， 种族,/res/,/reɪs/,"The women's race was won by the only American in the field, Patti Sue Plumer.",女子赛跑被田赛场上惟一的一名美国人帕蒂·休·普卢默赢得了。
en:near:adverb:1,near,adverb,近，在近处,adv 近，在近处；adj 近的， 接近的； 亲近的；prep 靠近，接近,/nɪr/,/nɪə(r)/,They live near London.,他们住在伦敦附近。
en:introduce:verb:2,introduce,verb,介绍； 引进， 传入； 提出供讨论； 采用,v 介绍； 引进， 传入； 提出供讨论； 采用,/ˌɪntrə'dus/,/ˌɪntrə'djuːs/,Several senators introduced legislation aimed at sexual harassment.,几位参议员提交了针对性骚扰的立法议案。
en:war:noun:2,war,noun,战争； 斗争， 竞争,n 战争； 斗争， 竞争,/wɔr/,/wɔː/,the Vietnam War,越南战争
en:way:noun:2,way,noun,方法， 手段； 路， 路线； 方面； 方向； 习俗， 作风； 状况， 状态,n 方法， 手段； 路， 路线； 方面； 方向； 习俗， 作风； 状况， 状态,/we/,/weɪ/,There are several different ways we can tackle this problem.,我们可以用几种不同的方法处理这个问题。
en:what:pronoun:2,what,pronoun,什么； 多么， 何等…的事物,pron 什么； 多么， 何等…的事物,/hwɒt; hwɑt/,/wɒt/,What are you doing?,你在做什么？
en:duty:noun:2,duty,noun,责任， 义务； 职责， 职务； 税， 关税,n 责任， 义务； 职责， 职务； 税， 关税,/'dʊti/,/'djuːti/,I promise I will do my duty .,我保证会尽到我的责任。
en:risk:verb:1,risk,verb,冒…的危险， 使遭受危险,v 冒…的危险， 使遭受危险；n 危险，风险；引起危险的事物；冒险,/rɪsk/,/rɪsk/,"When children start smoking, they don’t realize that they’re risking their health.",小孩子学抽烟的时候并没有意识到这是在拿自己的健康去冒险。
en:window:noun:2,window,noun,窗户， 窗口,n 窗户， 窗口,/'wɪndo/,/'wɪndəu/,Television provides us with a useful window on the world.,电视为我们提供了了解世界的有用渠道。
en:rise:verb:1,rise,verb,[rose-risen] 升起， 上升； 起立； 起床； 上涨， 增加； 反抗， 起义,v [rose-risen] 升起， 上升； 起立； 起床； 上涨， 增加； 反抗， 起义,/raɪz/,/raɪz/,The police seem unable to cope with the rising tide of (= large increase in ) car crime.,面对日益增多的汽车罪案，警方似乎无能为力。
en:penny:noun:1,penny,noun,便士， 分,n 便士， 分,/'pɛni/,/'peni/,Unleaded petrol rose more than a penny a gallon.,无铅汽油每加仑涨了一个多便士。
en:play:verb:2,play,verb,玩， 游戏； 演奏， 播放； 扮演， 演出； 参加， 打,v 玩， 游戏； 演奏， 播放； 扮演， 演出； 参加， 打,/ple/,/pleɪ/,He’s learning to play the piano.,他在学习弹钢琴。
en:yard:noun:2,yard,noun,院子， 场地； 码,n 院子， 场地； 码,/jɑrd/,/jɑːd/,a hundred yards away,100码外
en:decide:verb:2,decide,verb,决定， 对…作出抉择； 使下决心,v 决定， 对…作出抉择； 使下决心,/dɪ'saɪd/,/dɪ'saɪd/,Has anything been decided yet?,已经作出什么决定了吗？
en:rent:verb:1,rent,verb,租借，租用；出租，出借,v 租借，租用；出租，出借；n 租金； 出租； 裂缝， 分歧,/rɛnt/,/rent/,Most students rent rooms in their second year.,大多数学生到二年级时租房居住。
en:when:adverb:1,when,adverb,什么时候，何时；在…的时候,adv 什么时候，何时；在…的时候；conj 在…时， 当…时； 然后,/hwen; hwɛn/,/wen/,When are we leaving?,我们什么时候走？
en:fan:verb:2,fan,verb,煽动， 激起,v 煽动， 激起；n 扇子；扇形物；狂热爱好者，迷,/fæn/,/fæn/,Her resistance only fanned his desire.,她的反抗反而激起了他的欲望。
en:anxious:adjective:1,anxious,adjective,焦虑的， 发愁的， 令人焦急的； 渴望的， 急,adj 焦虑的， 发愁的， 令人焦急的； 渴望的， 急,/'æŋkʃəs/,/'æŋkʃəs/,She gave me an anxious look.,她焦急地看了我一眼。
en:slice:verb:1,slice,verb,切成片，削,v 切成片，削；n 薄片， 切片； 一份， 部分,/slaɪs/,/slaɪs/,Thinly slice the cucumbers.,把黄瓜切成薄片。
en:far:adverb:1,far,adverb,远；久远；很大程度上，极,adv 远；久远；很大程度上，极；adj 远的， 远方的； 久远的,/fɑr/,/fɑː(r)/,We’ve kept the original features of the house as far as possible (= as much as possible ) .,我们尽量保留了房子的原貌。
en:fat:adjective:2,fat,adjective,肥胖的；多脂肪的,adj 肥胖的；多脂肪的；n 脂肪； 肥肉,/fæt/,/fæt/,Are you suggesting I’m too fat?,你是不是在说我太胖了？
en:catch:verb:1,catch,verb,[caught-caught] 抓住， 接住； 偶然撞见； 染上， 感染； 赶上， 追上；,v [caught-caught] 抓住， 接住； 偶然撞见； 染上， 感染； 赶上， 追上；,/kætʃ/,/kætʃ/,He was caught red-handed (= as he was doing something wrong ) taking money from the cash register.,他从现金出纳机偷钱时被当场抓住。
en:fax:verb:1,fax,verb,传真,v 传真；n 传真；传真电文,/fæks/,/fæks/,I faxed a copy of the agreement to each of the investors.,我给每位投资者都传真了一份协议副本。
en:plan:noun:2,plan,noun,计划， 打算， 规划； 平面图， 示意图； 设计图,n 计划， 打算， 规划； 平面图， 示意图； 设计图,/plæn/,/plæn/,His plan is to get a degree in economics and then work abroad for a year.,他计划先取得经济学学位，然后去国外工作一年。
en:case:noun:1,case,noun,事例， 实例； 情况， 事实； 病例； 案件； 箱， 盒； 手提箱,n 事例， 实例； 情况， 事实； 病例； 案件； 箱， 盒； 手提箱,/kes/,/keɪs/,Tom’s career is a case in point (= a clear example of something that you are discussing or explaining ) .,汤姆的事业就是个明证。
en:give:verb:1,give,verb,[gave-given] 给予， 赠送； 供给， 提供； 做出， 发出,v [gave-given] 给予， 赠送； 供给， 提供； 做出， 发出,/ɡɪv/,/gɪv/,"Researchers were given a £10,000 grant to continue their work.",研究人员得到一万英镑的经费以继续他们的研究。
en:double:adjective:1,double,adjective,双的， 双重的； 两倍的， 加倍的； 供两人用的， 双人的； 两面派的， 虚伪的,adj 双的， 双重的； 两倍的， 加倍的； 供两人用的， 双人的； 两面派的， 虚伪的,/'dʌbl/,/'dʌbl/,a double sink,双水槽
en:eighteen:numeral:1,eighteen,numeral,十八,num 十八,"/,e'tin/",/ˌeɪ'tiːn/,At least eighteen bullets were fired.,至少射出了18颗子弹。
en:phone:verb:1,phone,verb,打电话,v 打电话；n 电话，电话机,/fon/,/fəun/,I’ll phone you this evening.,今晚我会给你打电话。
en:comfortable:adjective:2,comfortable,adjective,舒适的， 舒服的； 宽裕的， 小康的,adj 舒适的， 舒服的； 宽裕的， 小康的,/ˈkʌmfɚtəbl/,/'kʌmftəbl/,I was so comfortable and warm in bed I didn’t want to get up.,床上又舒服又暖和，我都不想起来。
en:slide:verb:1,slide,verb,（使）滑行，（使）滑动,v （使）滑行，（使）滑动；n 滑梯,/slaɪd/,/slaɪd/,He slid open the door of the glass cabinet.,他滑开玻璃柜的门。
en:style:noun:1,style,noun,风格， 文体； 式样， 类型； 流行式样， 时尚,n 风格， 文体； 式样， 类型； 流行式样， 时尚,/staɪl/,/staɪl/,an attempt to use Japanese management style in a European business,将日本的管理方式用于欧洲企业的尝试
en:jungle:noun:1,jungle,noun,丛林， 密林,n 丛林， 密林,/'dʒʌŋɡl/,/'dʒʌŋgl/,the Amazon jungle,亚马孙丛林
en:suit:noun:1,suit,noun,一套衣服； 套,n 一套衣服； 套,/sut/,/suːt/,a grey lightweight suit,轻薄灰色套装
en:card:noun:2,card,noun,卡， 卡片； 请帖； 贺卡； 纸牌,n 卡， 卡片； 请帖； 贺卡； 纸牌,/kɑrd/,/kɑːd/,Employees must show their identity cards at the gate.,雇员在大门口必须出示自己的身份卡。
en:yin:noun:1,Yin,noun,阴,n 阴,,/jɪn/,...a perfect balance of yin and yang.,...阴阳的绝对平衡。
en:chocolate:noun:2,chocolate,noun,巧克力； 巧克力色,n 巧克力； 巧克力色,/ˈtʃɑkələt/,/'tʃɒklət/,a chocolate bar,巧克力条
en:care:verb:1,care,verb,关心，关怀；担心；介意,v 关心，关怀；担心；介意；n 照顾， 护理； 小心， 注意； 忧虑； 挂念,/kɛr/,/keə(r)/,She felt that nobody cared.,她觉得没有人在乎。
en:study:verb:1,study,verb,学习；研究，调查；细察，仔细端详,v 学习；研究，调查；细察，仔细端详；n 学习； 研究， 调查， 研究成果； 书房,/'stʌdi/,/'stʌdi/,I’ve been studying English for six years.,我学英语已有六年了。
en:boss:noun:2,boss,noun,老板， 上司， 头儿,n 老板， 上司， 头儿,/bɑs/,/bɒs/,I’ll have to ask my boss for a day off.,我得向老板请一天假。
en:direct:adverb:1,direct,adverb,直接地,adv 直接地；adj 直接的；率直的，坦率的；顺行的；v 把…对准， 针对； 管理；,/dəˈrɛkt; daɪˈrɛkt/,/dɪ'rekt; daɪ-/,You can fly direct from Seattle to Europe.,你可以从西雅图直飞欧洲。
en:exercise:noun:2,exercise,noun,锻炼， 运动； 练习， 习题； 运用， 行使； 操练， 演习,n 锻炼， 运动； 练习， 习题； 运用， 行使； 操练， 演习,/'ɛksɚsaɪz/,/'eksəsaɪz/,Try to fit some regular exercise into your daily routine.,尽量在日常生活中安排一些经常性的锻炼。
en:fever:noun:2,fever,noun,发热， 发烧； 狂热,n 发热， 发烧； 狂热,/'fivɚ/,/'fiːvə(r)/,Andy has a fever and won’t be coming into work today.,安迪发烧了，今天不来上班。
en:supermarket:noun:2,supermarket,noun,超市,n 超市,/'sʊpɚ'mɑrkɪt/,/'suːpəmɑːkɪt/,Most of us do our food shopping in the supermarket.,我们大多数人在这家超市采购食品。
en:madam:noun:2,madam,noun,女士， 夫人,n 女士， 夫人,/'mædəm/,/'mædəm/,"Are you being served, Madam?",有人接待您吗，夫人？
en:kilo:noun:2,kilo,noun,千克,n 千克,/'kilo/,/'kiːləu/,I'd like a kilo of pasta.,我想要一千克的意大利面。
en:seldom:adverb:2,seldom,adverb,很少， 不常,adv 很少， 不常,/'sɛldəm/,/'seldəm/,Karen had seldom seen him so angry.,卡伦很少见他这么生气过。
en:physics:noun:2,physics,noun,物理， 物理学,n 物理， 物理学,/'fɪzɪks/,/'fɪzɪks/,...the laws of physics.,…物理学定律。
en:protect:verb:2,protect,verb,保护， 保卫,v 保护， 保卫,/prə'tɛkt/,/prə'tekt/,Are we doing enough to protect the environment?,我们在保护环境方面做得够吗？
en:stress:verb:1,stress,verb,强调， 着重； 重读,v 强调， 着重； 重读；n 压力，紧张；强调，重要性；重音,/strɛs/,/stres/,Crawford stressed the need for more housing downtown.,克劳福德强调市中心需要建更多的住宅。
en:display:noun:1,display,noun,陈列， 展览； 显示， 表现,n&v 陈列， 展览； 显示， 表现,/dɪ'sple/,/dɪ'spleɪ/,a dazzling display (= very good display ) of flowers,令人目眩神迷的花卉展
en:wet:adjective:2,wet,adjective,湿的，潮的；多雨的，雨天的,adj 湿的，潮的；多雨的，雨天的；v 把…弄湿， 使潮湿,/wɛt/,/wet/,I’ve washed your shirt but it’s still wet.,我把你的衬衫洗过了，不过现在还是湿的。
en:born:adjective:1,born,adjective,出生的， 产生的； 天生的,adj 出生的， 产生的； 天生的,/bɔrn/,/bɔːn/,Jack was a born teacher.,杰克是个天生的教师。
en:kill:verb:2,kill,verb,杀死， 扼杀； 终止， 否决； 使疼痛， 使非常痛苦； 消磨， 打发,v 杀死， 扼杀； 终止， 否决； 使疼痛， 使非常痛苦； 消磨， 打发,/kɪl/,/kɪl/,Why did she kill her husband?,她为什么杀死丈夫？
en:wrong:adjective:1,wrong,adjective,错误的，不正确的；不道德的，不正当的，不合法的,adj 错误的，不正确的；不道德的，不正当的，不合法的；n 错误； 坏事； 不公,/rɔŋ/,/rɒŋ/,Your calculations must be wrong.,你肯定算错了。
en:porridge:noun:1,porridge,noun,粥， 麦片粥,n 粥， 麦片粥,/'pɔrɪdʒ/,/'pɒrɪdʒ/,We go for a run together in the morning then have porridge for breakfast.,早上起来我们会一起跑步，早餐一起吃麦片粥。
en:shirt:noun:2,shirt,noun,衬衫,n 衬衫,/ʃɝt/,/ʃɜːt/,I have to wear a shirt and tie to work.,我上班要穿衬衫打领带。
en:criticize:verb:1,criticize,verb,批评； 评论； 非难,v 批评； 评论； 非难,/'krɪtə'saɪz/,/'krɪtɪsaɪz/,Ron does nothing but criticize and complain all the time.,罗恩什么也不干，只是一味指责和抱怨。
en:certain:adjective:2,certain,adjective,某一， 某种； 肯定的， 确信的； 确实的， 无疑的,adj 某一， 某种； 肯定的， 确信的； 确实的， 无疑的,/'sɝtn/,/'sɜːtn/,I felt certain that I’d passed the test.,我感觉自己肯定通过这次测验了。
en:board:noun:2,board,noun,板， 牌子； 木板， 纸板； 委员会， 董事会， 理事会； 伙食,n 板， 牌子； 木板， 纸板； 委员会， 董事会， 理事会； 伙食,/bɔrd/,/bɔːd/,Martha was chopping vegetables on a wooden board.,玛莎正在用一块木砧板切蔬菜。
en:shut:verb:1,shut,verb,"[shut-shut, shutting] 关闭， 关上； 打烊","v [shut-shut, shutting] 关闭， 关上； 打烊",/ʃʌt/,/ʃʌt/,"Shut the window, Ellen!",埃伦，把窗关上！
en:luck:noun:2,luck,noun,运气； 好运， 幸运,n 运气； 好运， 幸运,/lʌk/,/lʌk/,"You’re not having much luck today, are you?",你今天运气不太好，是不是？
en:simple:adjective:2,simple,adjective,简单的； 朴素的； 单纯的， 直率的； 迟钝的， 头脑简单的,adj 简单的； 朴素的； 单纯的， 直率的； 迟钝的， 头脑简单的,/'sɪmpl/,/'sɪmpl/,a simple but effective solution to the problem,对这个问题简单而有效的解决办法
en:autograph:verb:1,autograph,verb,签名,v 签名；n 亲笔签名,/'ɔtəɡræf/,/'ɔːtəgrɑːf/,a shirt autographed by the whole team,一件有全体队员签名的衬衫
en:eleventh:numeral:1,eleventh,numeral,第十一,num 第十一,/ɪ'lɛvnθ/,/ɪ'levnθ/,On the eleventh day of Christmas.,在圣诞节的第十一天。
en:influence:verb:1,influence,verb,影响， 感化,v 影响， 感化；n 影响，影响力；产生影响力的人；势力，权势,/'ɪnfluəns/,/'ɪnfluəns/,Marx was strongly influenced by the historian Niebuhr.,马克思深受历史学家尼布尔的影响。
en:cloud:verb:1,cloud,verb,使模糊， 使阴暗； 遮盖， 笼罩,v 使模糊， 使阴暗； 遮盖， 笼罩；n 云；一群，一团；阴影；天空,/klaʊd/,/klaud/,Thick mist clouded the mountain tops.,浓雾笼罩着山顶。
en:whale:noun:1,whale,noun,鲸,n 鲸,/wel/,/weɪl/,The whale nearest to the photographer is releasing air to aid its descent.,这只离摄影师最近的白鲸正呼出空气以帮助其下潜。
en:talent:noun:1,talent,noun,天资， 才能； 人才,n 天资， 才能； 人才,/'tælənt/,/'tælənt/,"He has a lot of talent , and his work is fresh and interesting.",他很有天赋，作品新颖有趣。
en:few:pronoun:1,few,pronoun,很少人； 有些， 一些,pron 很少人； 有些， 一些；adj 很少，几乎没有,/fju/,/fjuː/,This should not be an experience for the few.,这应该不只是少数人的经历。
en:rain:verb:1,rain,verb,下雨,v 下雨；n 雨；雨天；雨季,/ren/,/reɪn/,Outside it was still raining.,外面仍在下雨。
en:violin:noun:2,violin,noun,小提琴,n 小提琴,"/,vaɪə'lɪn/",/ˌvaɪə'lɪn/,He plays the violin in an orchestra.,他在管弦乐队中演奏小提琴。
en:king:noun:2,king,noun,君主， 国王； 巨子， 大王,n 君主， 国王； 巨子， 大王,/kɪŋ/,/kɪŋ/,On 2 December Henry VI was crowned king (= made the king at an official ceremony ).,12月2日，亨利六世加冕为王。
en:kind:adjective:1,kind,adjective,亲切的， 和蔼的， 仁慈的,adj 亲切的， 和蔼的， 仁慈的；n 种类,/kaɪnd/,/kaɪnd/,It wasn’t a very kind thing to say.,这么说可不太客气。
en:both:pronoun:1,both,pronoun,两者， 双方,pron 两者， 双方；adj 两个…,/boθ/,/bəuθ/,both of them,他们俩都…
en:market:verb:1,market,verb,销售， 出售,v 销售， 出售；n 市场；股市,/'mɑrkɪt/,/'mɑːkɪt/,If you could ever figure out how to market this you’d make a fortune.,如果能想出办法来推销这个东西，你就发财了。
en:important:adjective:2,important,adjective,重要的， 重大的； 有势力的， 有地位的,adj 重要的， 重大的； 有势力的， 有地位的,/ɪm'pɔrtnt/,/ɪm'pɔːtnt/,a very important meeting,很重要的会议
en:keen:adjective:1,keen,adjective,热心的； 激烈的； 敏锐的,adj 热心的； 激烈的； 敏锐的,/kin/,/kiːn/,keen students,求知若渴的学生
en:nine:numeral:1,nine,numeral,九， 九个,num 九， 九个,/naɪn/,/naɪn/,He’s only been in this job for nine months.,他干这份工作才九个月。
en:phrase:verb:1,phrase,verb,用语言表达， 叙述,v 用语言表达， 叙述；n 短语，词组，用语,/frez/,/freɪz/,I would have phrased it quite differently.,我则会用完全不同的话来表达它。
en:outside:adverb:1,outside,adverb,在外面，向外面,adv 在外面，向外面；adj 外面的， 外部；prep 在…外面，向…外面；除…以外,"/,aʊt'saɪd/",/aut'saɪd/,"When we got up, it was still dark outside.",我们起床时，外面天还没亮。
en:daily:adverb:1,daily,adverb,每日，天天,adv 每日，天天；adj 每日的；日常的；n 日报,/'delɪ/,/'deɪli/,The zoo is open daily.,动物园每天开放。
en:keep:verb:1,keep,verb,[kept-kept] 使保持， 使继续； 阻止， 防止； 履行， 遵守； 保存， 保,v [kept-kept] 使保持， 使继续； 阻止， 防止； 履行， 遵守； 保存， 保,/kip/,/kiːp/,You can keep it. I don’t need it any more.,你留着吧，我不需要了。
en:yoghurt:noun:1,yoghurt,noun,酸奶， 酵母乳,n 酸奶， 酵母乳,/'jogɚt/,/'jɒgət/,a pot of strawberry yogurt,一罐草莓酸奶
en:elementary:adjective:1,elementary,adjective,基本的， 基础的； 初级的， 小学的,adj 基本的， 基础的； 初级的， 小学的,"/,ɛlɪ'mɛntri/",/ˌelɪ'mentri/,the elementary principles of justice and democracy,正义和民主的基本信条
en:topic:noun:1,topic,noun,题目， 话题； 主题,n 题目， 话题； 主题,/'tɑpɪk/,/'tɒpɪk/,The environment is a popular topic these days.,如今环境是一个热门话题。
en:skate:verb:2,skate,verb,溜冰， 滑冰,v 溜冰， 滑冰；n 冰鞋,/sket/,/skeɪt/,The children skated on the frozen pond.,孩子们在结冰的池塘上滑冰。
en:job:noun:2,job,noun,职业， 职位； 工作， 活儿； 职责， 责任,n 职业， 职位； 工作， 活儿； 职责， 责任,,/dʒɒb/,Do you enjoy your job?,你喜欢自己的工作吗？
en:sugar:verb:1,sugar,verb,在…中加糖,v 在…中加糖；n 糖,/'ʃʊgɚ/,/'ʃugə(r)/,Did you sugar my coffee?,你给我的咖啡加糖了吗？
en:daughter:noun:2,daughter,noun,女儿,n 女儿,/'dɔtɚ/,/'dɔːtə(r)/,She’s got two daughters and one son.,她有两个女儿和一个儿子。
en:who:pronoun:2,who,pronoun,谁， 什么人； …的人； 他， 她， 他们,pron 谁， 什么人； …的人； 他， 她， 他们,/hu/,/huː/,Who locked the door?,谁锁的门？
en:game:noun:2,game,noun,游戏， 娱乐； 运动， 比赛,n 游戏， 娱乐； 运动， 比赛,/ɡem/,/geɪm/,The boys were playing a game in the backyard.,男孩们在后院里玩游戏。
en:why:adverb:1,why,adverb,为什么；…的理由,adv 为什么；…的理由；int 咳， 哎呀,/hwaɪ/,/waɪ/,Why are you crying?,你为什么哭？
en:forbid:verb:1,forbid,verb,[forbade-forbidden] 不许， 禁止； 妨碍， 阻止,v [forbade-forbidden] 不许， 禁止； 妨碍， 阻止,/fɚ'bɪd/,/fə'bɪd/,Lack of space forbids listing the names of all those who contributed.,由于篇幅限制，无法列出所有捐款人的姓名。
en:captain:noun:2,captain,noun,船长， 机长； 上尉； 队长， 领队,n 船长， 机长； 上尉； 队长， 领队,/ˈkæptən/,/'kæptɪn/,The captain and crew welcome you aboard.,机长和全体机组人员欢迎各位乘坐本次航班。
en:bowl:noun:2,bowl,noun,碗， 钵,n 碗， 钵,/bol/,/bəul/,Mix all the ingredients thoroughly in a large bowl.,将所有配料放在大碗里搅拌均匀。
en:alone:adjective:2,alone,adjective,单独的， 孤独的； 单单， 仅； 独一无二的， 唯一的,adj 单独的， 孤独的； 单单， 仅； 独一无二的， 唯一的,/ə'lon/,/ə'ləun/,She lives alone .,她一个人生活。
en:along:adverb:2,along,adverb,向前地；一道，一起,adv 向前地；一道，一起；prep 沿着， 循着,/ə'lɔŋ/,/ə'lɒŋ/,"I was driving along, thinking about Chris.",我一边开车，一边想着克里斯。
en:joy:noun:2,joy,noun,欢乐， 喜悦； 乐事， 乐趣,n 欢乐， 喜悦； 乐事， 乐趣,/dʒɔɪ/,/dʒɔɪ/,the look of joy on her face,她脸上的喜悦表情
en:dialogue:noun:2,dialogue,noun,对话,n 对话,/ˈdaɪəˌlɔɡ/,/'daɪəlɒg/,a boring movie full of bad dialog,充满差劲对白的乏味电影
en:america:noun:2,America,noun,美国； 美洲,n 美国； 美洲,/əˈmɛrɪkə/,/ə'merɪkə/,How do you like America?,你觉得美国怎么样？
en:sad:adjective:2,sad,adjective,悲哀的， 伤心的； 十分糟糕的， 令人伤心的,adj 悲哀的， 伤心的； 十分糟糕的， 令人伤心的,/sæd/,/sæd/,Sorry to hear the sad news .,听到这令人伤心的消息我很难过。
en:diet:verb:1,diet,verb,进特种饮食， 节食,v 进特种饮食， 节食；n 日常饮食；特种饮食，规定饮食,/'daɪət/,/'daɪət/,I've been dieting ever since the birth of my fourth child.,自从我第4个孩子出生以后，我就一直在节食。
en:win:verb:1,win,verb,〔在竞赛、游戏、选举等中〕获胜，赢,v 〔在竞赛、游戏、选举等中〕获胜，赢；n 〔尤指在体育比赛中的〕胜利，赢,/wɪn/,/wɪn/,Who’s winning (= who is most successful at this point in the game )?,现在谁领先？
en:sheep:noun:1,sheep,noun,羊，绵羊,n 羊，绵羊,/ʃip/,/ʃiːp/,Sheep were grazing on the hillside.,羊群在山坡上吃草。
en:rest:verb:2,rest,verb,休息， 睡眠；,v 休息， 睡眠；；n 剩余部分，其余的人；休息；停止，静止；撑架，支座,/rɛst/,/rest/,"If you’re tired, we’ll stop and rest for a while.",如果你累了，我们就停下来歇一会儿。
en:soccer:noun:1,soccer,noun,足球,n 足球,/'sɑkɚ/,/'sɒkə(r)/,Shall we play soccer?,我们踢足球好吗？
en:butter:noun:1,butter,noun,黄油,n 黄油,/'bʌtɚ/,/'bʌtə(r)/,Can I have some bread and butter?,能给我一些面包和黄油吗?。
en:amount:verb:1,amount,verb,合计,v 合计；n 总额,/ə'maʊnt/,/ə'maunt/,Consumer spending on sports-related items amounted to $9.75 billion.,消费者在体育相关用品上的消费总共达到了97.5亿美元。
en:original:adjective:1,original,adjective,最初的，原始的；新颖的，有创意的；原创性的,adj 最初的，原始的；新颖的，有创意的；原创性的；n 原件,/ə'rɪdʒənl/,/ə'rɪdʒənl/,The land was returned to its original owner.,这块土地归还给了原主。
en:album:noun:1,album,noun,粘贴簿； 集邮簿； 相册； 音乐专辑,n 粘贴簿； 集邮簿； 相册； 音乐专辑,/'ælbəm/,/'ælbəm/,The band plan to release their new album next week.,该乐队计划下周发行他们的新专辑。
en:electric:adjective:2,electric,adjective,电动的， 电的,adj 电动的， 电的,/ɪ'lɛktrɪk/,/ɪ'lektrɪk/,an electric blanket,电热毯
en:also:adverb:2,also,adverb,而且， 也， 此外； 同样,adv 而且， 也， 此外； 同样,/'ɔlso/,/'ɔːlsəu/,Information is also available on women’s health care.,还可以获得有关女性保健方面的资料。
en:say:verb:1,say,verb,说,v 说；n 决定权；发言权；interjection 哎，我说〔用于表示惊讶或引起别人注意〕,/se/,/seɪ/,"‘I’m so tired,’ she said.",“我太累了。”她说。
en:sandwich:verb:2,sandwich,verb,把…做成三明治； 夹入， 挤进,v 把…做成三明治； 夹入， 挤进；n 三明治，夹肉面包,/'sænwɪtʃ/,/'sændwɪtʃ/,"Carefully split the sponge ring, then sandwich the two halves together with whipped cream.",小心地切开海绵蛋糕圈，然后在两半中间夹上生奶油。
en:enough:adverb:2,enough,adverb,足够地，充分地；相当，达到一定的程度,adv 足够地，充分地；相当，达到一定的程度；adj 足够的,/ɪ'nʌf/,/ɪ'nʌf/,Are the carrots cooked enough?,胡萝卜煮熟了吗？
en:increase:noun:2,increase,noun,增加， 增强； 增加， 增强,n 增加， 增强； 增加， 增强,/'ɪnkris/,/ɪn'kriːs/,Recent tax increases have affected the poor more than the rich.,新近的增税对穷人的影响比对富人的大。
en:shine:verb:1,shine,verb,照耀；发光，发亮；干得出色,v 照耀；发光，发亮；干得出色；n 光泽， 光,/ʃaɪn/,/ʃaɪn/,The sun was shining .,阳光照耀。
en:spread:verb:1,spread,verb,展开，伸开；散布，蔓延；涂，敷,v 展开，伸开；散布，蔓延；涂，敷；n 传播， 蔓延； 幅度， 范围； 涂抹在食物上,/sprɛd/,/spred/,She spread a towel on the sand and lay on it.,她把一块浴巾铺在沙地上，然后躺在上面。
en:afternoon:noun:2,afternoon,noun,下午， 午后,n 下午， 午后,"/,æftɚ'nun/",/ˌɑːftə'nuːn/,There’s a meeting on Thursday afternoon .,星期四下午有个会议。
en:attention:noun:2,attention,noun,注意力， 专心； 关注； 关心； 立正姿势,n 注意力， 专心； 关注； 关心； 立正姿势,/ə'tɛnʃən/,/ə'tenʃn/,My attention wasn’t really on the game.,我的注意力其实不在比赛上。
en:shiny:adjective:1,shiny,adjective,光亮的， 有光泽的； 反光的,adj 光亮的， 有光泽的； 反光的,/'ʃaɪni/,/'ʃaɪni/,shiny black shoes,锃亮的黑皮鞋
en:visit:noun:2,visit,noun,参观， 访问,n&v 参观， 访问,/'vɪzɪt/,/'vɪzɪt/,Eric went to Seattle to visit his cousins.,埃里克到西雅图去看望他的表兄弟。
en:headache:noun:1,headache,noun,头痛； 令人头痛的人,n 头痛； 令人头痛的人,/ˈhɛdˌek/,/'hedeɪk/,"If you have a headache, you should take some aspirin.",要是头痛，你该吃点阿司匹林。
en:front:adjective:1,front,adjective,前面的， 在前面的,adj 前面的， 在前面的；n 前面，正面；前线，战线,/frʌnt/,/frʌnt/,Two of his front teeth had been knocked out.,他有两颗门牙被打落了。
en:oneself:pronoun:2,oneself,pronoun,自己， 自身； 亲自， 本人,pron 自己， 自身； 亲自， 本人,/wʌn'sɛlf/,/wʌn'self/,It is only through study that one really begins to know oneself.,只有通过学习，一个人才能真正了解自己。
en:plane:noun:2,plane,noun,飞机； 平面， 水平面,n 飞机； 平面， 水平面,/plen/,/pleɪn/,It is a big airline with a large fleet of planes.,这是一家大航空公司，拥有庞大的机群。
en:parent:noun:2,parent,noun,父亲， 家长,n 父亲， 家长,/'pɛrənt/,/'peərənt/,Children under 14 should be accompanied by a parent.,14 岁以下儿童须由一位家长陪同。
en:stupid:adjective:2,stupid,adjective,愚蠢的， 迟钝的； 无聊的； 恼人的,adj 愚蠢的， 迟钝的； 无聊的； 恼人的,/'stupɪd/,/'stjuːpɪd/,stupid mistakes,愚蠢的错误
en:bad:adjective:1,bad,adjective,坏的； 不利的； 差的， 有缺陷的； 邪恶的， 道德败坏的； 严重的， 厉害的；,adj 坏的； 不利的； 差的， 有缺陷的； 邪恶的， 道德败坏的； 严重的， 厉害的；,/bæd/,/bæd/,I have some bad news for you.,我有坏消息要告诉你。
en:bring:verb:1,bring,verb,[brought-brought] 带来， 拿来； 把…引来； 促使， 使发生,v [brought-brought] 带来， 拿来； 把…引来； 促使， 使发生,/brɪŋ/,/brɪŋ/,The discovery of gold brought thousands of people to the Transvaal.,黄金的发现把成千上万的人引到了德兰士瓦。
en:bag:verb:1,bag,verb,把…装进袋子,v 把…装进袋子；n 袋；手提包，旅行袋,/bæɡ/,/bæg/,He got a job bagging groceries.,他找到一份工作，负责把杂货装袋。
en:sauce:noun:1,sauce,noun,沙司； 调味汁， 酱汁； 佐料,n 沙司； 调味汁， 酱汁； 佐料,/sɔs/,/sɔːs/,spaghetti sauces,意大利面酱
en:awake:adjective:1,awake,adjective,醒着的,adj 醒着的；v [awoke-awaken] 醒， 唤醒； 意识到， 醒悟,/ə'wek/,/ə'weɪk/,I hope he’s awake now.,我希望他现在醒着。
en:kiss:noun:1,kiss,noun,吻,n&v 吻,/kɪs/,/kɪs/,Maggie leaned forward and kissed her cheek.,玛吉俯身吻了她的脸颊。
en:hamburger:noun:2,hamburger,noun,汉堡包,n 汉堡包,/hæmbɝ​ɡɚ/,/'hæmbɜːgə(r)/,A hamburger and a coke.,一个汉堡和一杯可乐。
en:offer:verb:2,offer,verb,给予，提供；表示愿意；提出，提议,v 给予，提供；表示愿意；提出，提议；n 提供， 提议； 报价， 开价,/'ɔfɚ/,/'ɒfə(r)/,"I don’t need any help, but it was nice of you to offer.",我不需要任何帮助，但是我谢谢你的好意。
en:fit:verb:2,fit,verb,可容纳，装进,v 可容纳，装进；adj 〔尤因经常锻炼而〕健壮的，健康的；n 〔感情的〕冲动，一阵发作；v 〔疾病〕发作，突发,/fɪt/,/fɪt/,"I wanted to put the wardrobe behind the door, but I don’t think it’ll fit.",我原想把衣橱放在门后，但可能放不下。
en:robot:noun:2,robot,noun,机器人； 自动机械,n 机器人； 自动机械,/'robɑt/,/'rəubɒt/,cars built by robots,机器人制造的汽车
en:fix:verb:2,fix,verb,修理； 固定； 安装； 安排， 确定； 整理， 收拾； 供给或准备,v 修理； 固定； 安装； 安排， 确定； 整理， 收拾； 供给或准备,/fɪks/,/fɪks/,He’s outside fixing the brakes on the car.,他在外面修理汽车的刹车。
en:need:verb:1,need,verb,需要；必须,v 需要；必须；n 需要， 必要； 缺乏； 迫切要求,/nid/,/niːd/,You don’t really need a car.,你其实并不需要一辆车。
en:honest:adjective:2,honest,adjective,诚实的， 正直的； 坦诚的， 直率的,adj 诚实的， 正直的； 坦诚的， 直率的,/'ɑnɪst/,/'ɒnɪst/,"He was a hard-working, honest man.",他勤奋老实。
en:rank:verb:1,rank,verb,排列， 使排成行； 将…分等级； 属于某等级， 居某地位,v 排列， 使排成行； 将…分等级； 属于某等级， 居某地位；n 等级；军衔，职衔,/ræŋk/,/ræŋk/,A general ranks a captain.,上将的级别高于上尉。
en:cinema:noun:2,cinema,noun,电影院； 电影， 电影艺术,n 电影院； 电影， 电影艺术,/'sɪnəmə/,/'sɪnəmə/,It’s on at the local cinema.,此片正在当地影院上映。
en:rubbish:noun:2,rubbish,noun,垃圾， 废物； 荒谬的念头； 废话,n 垃圾， 废物； 荒谬的念头； 废话,/'rʌbɪʃ/,/'rʌbɪʃ/,a rubbish bin,垃圾桶
en:surf:verb:1,surf,verb,冲浪； 冲浪， 浏览,v 冲浪； 冲浪， 浏览；n 拍岸浪花；拍岸涛声；拍岸碎浪,/sɝf/,/sɜːf/,I'm going to buy a surfboard and learn to surf.,我要去买个冲浪板来学冲浪。
en:sure:adverb:1,sure,adverb,确实； 当然,adv 确实； 当然；adj 肯定的，有把握的；一定的，必然的；可靠的，稳妥的,/ʃʊər; ʃʊr/,/ʃuə(r)/,‘Can you give me a ride to work tomorrow?’ ‘Sure.’,“明天我可以搭你的车去上班吗？”“当然可以。”
en:angry:adjective:2,angry,adjective,生气的， 发怒的， 愤怒的,adj 生气的， 发怒的， 愤怒的,/ˈæŋgrɪ/,/'æŋgri/,I was angry because he hadn’t told me his plans.,我很生气，因为他没有告诉我他的计划。
en:am:verb:1,am,verb,是,v 是,/ɛm/,/æm/,pan am,abbr. 泛美航空公司（Pan American World Airways）
en:an:indefinite-article:1,an,indefinite article,一（个）〔用于以元音开头的单词前〕,indefinite article 一（个）〔用于以元音开头的单词前〕,"/ən,æn/",/ə ; æn/,an orange,一个橘子
en:fold:verb:1,fold,verb,折叠， 合拢,v 折叠， 合拢；n 褶痕，褶缝,/fold/,/fəuld/,Fold the paper along the dotted line.,沿虚线将纸折起来。
en:as:adverb:1,as,adverb,同样，一样地,adv 同样，一样地；prep 当做， 作为； 像， 如同,/æz; əz/,/əz; æz/,Please let me know your decision as soon as possible (= as soon as you can ) .,请尽快告诉我你的决定。
en:plastic:adjective:2,plastic,adjective,塑料的；可塑的,adj 塑料的；可塑的,/'plæstɪk/,/'plæstɪk/,a plastic spoon,塑料汤匙
en:mysterious:adjective:1,mysterious,adjective,神秘的， 难以理解的,adj 神秘的， 难以理解的,/mɪ'stɪrɪəs/,/mɪ'stɪəriəs/,The police are investigating the mysterious deaths of children at the hospital.,警察正在调查这家医院的儿童神秘死亡事件。
en:plant:noun:2,plant,noun,植物； 作物； 工厂,n 植物； 作物； 工厂,/plænt/,/plɑːnt/,Don’t forget to water the plants.,别忘记给植物浇水。
en:peace:noun:2,peace,noun,和平， 和睦； 平静， 安宁， 安静,n 和平， 和睦； 平静， 安宁， 安静,/pis/,/piːs/,The country is at peace with its neighbours for the first time in years.,这是多年来该国与其邻国第一次和平共处。
en:drive:verb:1,drive,verb,驱赶，驱使，迫使…去〔某处〕,v 驱赶，驱使，迫使…去〔某处〕；n 驱车出行,/draɪv/,/draɪv/,Torrential rain drove the players off the course.,滂沱大雨迫使选手们离开了赛场。
en:atlantic:adjective:1,Atlantic,adjective,大西洋的,adj 大西洋的；n 大西洋,/ət'læntɪk/,/æt'læntɪk/,"So, ask businesses on both sides of the Atlantic, why have two lots of tests where one would do?",因此，大西洋两岸的企业都在问，当一套测试可以解决问题时，为什么需要两套呢？
en:brother:noun:2,brother,noun,兄弟； 教友， 会友,n 兄弟； 教友， 会友,/'brʌðɚ/,/'brʌðə(r)/,"I have two brothers, William and Mark.",我有两个兄弟，威廉和马克。
en:hurt:verb:1,hurt,verb,弄伤,v 弄伤；adj 痛的；受伤的；n 〔对感情造成的〕伤害，痛苦,/hɝ​t/,/hɜːt/,Was anyone hurt in the accident?,事故中有人受伤吗？
en:strong:adjective:2,strong,adjective,强壮的， 强有力的， 强大的； 牢固的； 坚强的， 坚定的； 强烈的， 浓的； 精,adj 强壮的， 强有力的， 强大的； 牢固的； 坚强的， 坚定的； 强烈的， 浓的； 精,/strɔŋ/,/strɒŋ/,He was a big strong man.,他高大健壮。
en:deal:verb:2,deal,verb,发放；给予；处理，对付,v 发放；给予；处理，对付；n 交易； 协议； 大量， 很多,/dil/,/diːl/,Whose turn is it to deal?,轮到谁发牌了？
en:prove:verb:2,prove,verb,证明， 证实； 结果是， 原来是,v 证明， 证实； 结果是， 原来是,/pruv/,/pruːv/,"You’re wrong, and I can prove it.",你错了，我可以证明。
en:be:verb:2,be,verb,是， 就是； 在， 存在,v 是， 就是； 在， 存在,/bi/,/bi/,Don’t disturb me while I’m working.,我工作的时候不要打扰我。
en:homeland:noun:1,homeland,noun,祖国， 家乡,n 祖国， 家乡,/'homlænd/,/'həumlænd/,Many are planning to return to their homeland.,很多人正计划回到自己的祖国去。
en:maths:noun:1,maths,noun,数学,n 数学,/mæθs/,/mæθ; mæθs/,the new maths teacher,新来的数学老师
en:deaf:adjective:2,deaf,adjective,聋的； 不愿听的， 装聋的,adj 聋的； 不愿听的， 装聋的,/dɛf/,/def/,communication between deaf and hearing people,失聪者和听力正常者之间的交流
en:dead:adverb:1,dead,adverb,完全地； 绝对地,adv 完全地； 绝对地；adj 死的；无感觉的；呆板的；n 死者,/dɛd/,/ded/,He was obviously dead drunk .,他显然醉得不行了。
en:mouth:noun:2,mouth,noun,嘴， 口,n 嘴， 口,/maʊθ/,/mauθ/,He lifted his glass to his mouth.,他把玻璃杯举到嘴边。
en:adj.:adjective:1,adj.,adjective,调整（adjacent）,abbr 调整（adjacent）,,/səb'dʒek/,,
en:tomato:noun:2,tomato,noun,番茄，西红柿,n 番茄，西红柿,/tə'meto/,/tə'm3ɪtəu/,Do you like tomato pancakes?,你喜欢西红柿煎饼吗？
en:sea:noun:2,sea,noun,海， 海洋,n 海， 海洋,/si/,/siː/,Jay stripped his clothes off and ran into the sea.,杰伊脱光衣服奔入海里。
en:sixth:numeral:1,sixth,numeral,第六,num 第六；n 六分之一,/sɪksθ/,/sɪksθ/,About one sixth of the children admitted to taking drugs.,大约六分之一的儿童承认吸毒。
en:search:noun:1,search,noun,搜索， 寻找； 搜查,n&v 搜索， 寻找； 搜查,/sɝtʃ/,/sɜːtʃ/,A search found 46 websites.,搜索后找到46个网站。
en:see:verb:1,see,verb,[saw-seen] 看， 观看； 参见， 会晤； 领会， 理解； 想象； 把…看作； 发现； 体,v [saw-seen] 看， 观看； 参见， 会晤； 领会， 理解； 想象； 把…看作； 发现； 体,/si/,/siː/,"The moment we saw the house, we knew we wanted to buy it.",我们一看到这房子就知道我们要买。
en:servant:noun:2,servant,noun,仆人； 公务员,n 仆人； 公务员,/'sɝvənt/,/'sɜːvənt/,Many young girls became domestic servants .,许多年轻姑娘成了家仆。
en:fool:verb:1,fool,verb,欺骗，愚弄；干蠢事,v 欺骗，愚弄；干蠢事；adj 愚蠢的；n 蠢人，笨蛋,/ful/,/fuːl/,Even art experts were fooled.,连艺术品专家也被骗了。
en:sudden:adjective:2,sudden,adjective,突然的，意外的,adj 突然的，意外的；n 突然发生的事,/'sʌdn/,/'sʌdn/,a sudden change in the weather,天气的突然变化
en:popularity:noun:1,popularity,noun,普及； 流行,n 普及； 流行,"/,pɑpju'lærəti/",/ˌpɒpju'lærəti/,The president’s popularity has declined considerably.,总统的支持率大大下降了。
en:mountain:noun:2,mountain,noun,山；,n 山；,/ˈmaʊntn/,/'mauntən/,the highest mountain in Austria,奥地利最高的山
en:by:preposition:2,by,preposition,被， 由； 凭借， 通过； 从…旁过去， 经由； 在…旁边， 靠近； 在…之前，,prep 被， 由； 凭借， 通过； 从…旁过去， 经由； 在…旁边， 靠近； 在…之前，,/baɪ/,/baɪ/,I was attacked by a dog.,我被一条狗袭击。
en:whom:pronoun:2,whom,pronoun,谁,pron 谁,/hum/,/huːm/,"Do any other family members reside with you? Yes/No If yes, whom?",是否有其他家庭成员和你住一起？如果是，谁？
en:wheat:noun:2,wheat,noun,小麦； 淡黄色； 朴实的人,n 小麦； 淡黄色； 朴实的人,/wit/,/wiːt/,a field of wheat,小麦地
en:dear:adjective:2,dear,adjective,亲爱的；昂贵的,adj 亲爱的；昂贵的；int 啊，哎呀；n 亲爱的人,/dɪr/,/dɪə(r)/,"Dear Sir or Madam, ...",尊敬的先生或女士，…
en:tooth:noun:1,tooth,noun,牙，牙齿,n 牙，牙齿,/tuθ/,/tuːθ/,Sugar is bad for your teeth.,糖对牙齿不好。
en:foot:noun:1,foot,noun,脚，足,n 脚，足,/fʊt/,/fut/,My foot hurts.,我脚痛。
en:sixty:numeral:2,sixty,numeral,六十， 六十个,num 六十， 六十个,/'sɪksti/,/'sɪksti/,sixty years ago,六十年前
en:set:verb:1,set,verb,〔小心地〕放置，放下,v 〔小心地〕放置，放下；n 〔物品的〕一套，一副，一组；adj 在…位置的，位于…的,/sɛt/,/set/,This debate should be set in an international context .,这场辩论应该放在国际大背景下来看。
en:outstanding:adjective:1,outstanding,adjective,杰出的； 明显的； 未解决的； 未偿付的,adj 杰出的； 明显的； 未解决的； 未偿付的,/'aʊt'stændɪŋ/,/aut'stændɪŋ/,an outstanding example of a 13th-century castle,13世纪城堡的杰出典范
en:escalator:noun:1,escalator,noun,〈美〉自动扶梯,n 〈美〉自动扶梯,/'ɛskə'letɚ/,/'eskəleɪtə(r)/,Take the escalator to the third floor and it's the last office on the left.,乘电梯到4楼，左边最后的那个办公室就是。
en:medicine:noun:2,medicine,noun,内服药； 医学； 内科学,n 内服药； 医学； 内科学,/ˈmedɪsn; mɛdəsn/,/'medsn/,She studied medicine at Johns Hopkins University.,她曾在约翰•霍普金斯大学学医。
en:flu:noun:2,flu,noun,流行性感冒,n 流行性感冒,/flu/,/fluː/,Steven’s still in bed with flu .,史蒂文患了流感，仍卧病在床。
en:food:noun:2,food,noun,食物， 食品,n 食物， 食品,/fud/,/fuːd/,The restaurant serves good food at affordable prices.,那家餐厅物美价廉。
en:fly:verb:2,fly,verb,乘飞机,v 乘飞机；v 〔棒球中〕击腾空球，击高飞球；n 蝇，苍蝇；adj 时髦漂亮的,/flaɪ/,/flaɪ/,She’s flying back to the States tomorrow.,她明天乘飞机回美国。
en:partner:verb:1,partner,verb,做…的搭档,v 做…的搭档；n 配偶，搭档；伙伴，合伙人,/'pɑrtnɚ/,/'pɑːtnə(r)/,I used to partner him in tennis matches.,我过去常在网球比赛中与他搭档。
en:thursday:noun:2,Thursday,noun,星期四,n 星期四,/ˈθɝzde; ˈθɝzdɪ/,/'θɜːzdeɪ/,She was working Thursday.,她星期四在工作。
en:kilometer:noun:2,kilometer,noun,千米,n 千米,/ˈkɪləˌmitɚ; kəˈlɑmətɚ/,/kɪ'lɒmɪtə(r)/,The scale of this map is one centimeter to the kilometer.,这个地图的比例是用一厘米代表一公里。
en:river:noun:2,river,noun,河流， 江， 川,n 河流， 江， 川,/'rɪvɚ/,/'rɪvə(r)/,the Mississippi River,密西西比河
en:spider:noun:1,spider,noun,蜘蛛,n 蜘蛛,/'spaɪdɚ/,/'spaɪdə(r)/,What should I find but an enormous spider!,我居然发现了一只巨大的蜘蛛！
en:kite:noun:2,kite,noun,风筝； 纸鸢,n 风筝； 纸鸢,/kaɪt/,/kaɪt/,Willy asks if I've ever flown a kite before.,威利问我以前是否放过风筝。
en:interview:verb:1,interview,verb,面试； 会见， 采访,v 面试； 会见， 采访；n 接见，会见；面谈，面试,/'ɪntɚvju/,/'ɪntəvjuː/,"When Wardell was interviewed, he was impressive, and on that basis, he was hired.",当沃德尔接受面试时，他给人印象深刻，因此他被雇用了。
en:bed:noun:2,bed,noun,床； 床位； 床； 河床； 底,n 床； 床位； 床； 河床； 底,/bɛd/,/bed/,You should go to bed early.,你应该早点上床。
en:bee:noun:2,bee,noun,蜜蜂,n 蜜蜂,/bi/,/biː/,a swarm of bees,一群蜜蜂
en:beauty:noun:1,beauty,noun,美， 美丽； 美人； 美的东西,n 美， 美丽； 美人； 美的东西,/'bjuti/,/'bjuːti/,her beauty and grace,她的美貌和优雅风姿
en:scarf:noun:2,scarf,noun,围巾； 披巾； 薄头巾,n 围巾； 披巾； 薄头巾,/skɑrf/,/skɑːf/,He reached up to loosen the scarf around his neck.,他伸出手松开围在脖子上的围巾。
en:language:noun:2,language,noun,语言； 措辞； 说法,n 语言； 措辞； 说法,/'læŋɡwɪdʒ/,/'læŋgwɪdʒ/,the origins of language,语言的起源
en:do:verb:1,do,verb,[did-done] 做， 从事； 实行， 进行； 尽力； 可用； 制作； 算出， 解答,v [did-done] 做， 从事； 实行， 进行； 尽力； 可用； 制作； 算出， 解答,/du/,/duː/,‘Will Kay come?’ ‘She may do.’,“凯来吗？” “或许吧。”
en:humorous:adjective:1,humorous,adjective,幽默的， 诙谐的,adj 幽默的， 诙谐的,/'hjumərəs/,/'hjuːmərəs/,humorous stories,诙谐的故事
en:friday:noun:2,Friday,noun,星期五,n 星期五,,/'fraɪdeɪ; -di/,Diane won’t be here Friday.,星期五黛安娜不来这里。
en:scary:adjective:1,scary,adjective,恐怖的， 吓人的,adj 恐怖的， 吓人的,/'skɛri/,/'skeəri/,a scary moment,恐怖的一刻
en:which:pronoun:2,which,pronoun,哪一个， 哪一些； …的那个， …的那些； 那个， 那些,pron 哪一个， 哪一些； …的那个， …的那些； 那个， 那些,/wɪtʃ/,/wɪtʃ/,which one,哪一个
en:disadvantage:noun:1,disadvantage,noun,缺点， 不利条件,n 缺点， 不利条件,"/,dɪsəd'væntɪdʒ/",/ˌdɪsəd'væntɪdʒ/,Criminal behaviour can be linked to economic disadvantage.,犯罪行为可能会与经济困难有关。
en:complain:verb:1,complain,verb,抱怨， 诉苦； 投诉， 控告,v 抱怨， 诉苦； 投诉， 控告,/kəm'plen/,/kəm'pleɪn/,Miners have complained bitterly that the government did not fulfil their promises.,矿工们已愤愤地抱怨政府没有兑现他们的承诺。
en:fourteen:numeral:2,fourteen,numeral,十四,num 十四,"/,fɔr'tin/",/ˌfɔ'tiːn/,He used to work fourteen hours a day.,他过去一天工作14个小时。
en:she:pronoun:2,she,pronoun,她,pron 她,/ʃi/,/ʃiː/,You could always ask Beth – she’s got plenty of money.,你总是可以去问贝丝——她有很多钱。
en:knife:noun:1,knife,noun,刀， 餐刀,n 刀， 餐刀,/naɪf/,/naɪf/,a knife and fork,一副刀叉
en:piece:noun:2,piece,noun,片， 块， 段； 断片， 碎块,n 片， 块， 段； 断片， 碎块,/pis/,/piːs/,Cut off a piece of wood 5 cm in length.,截下一段五厘米长的木头。
en:western:adjective:2,western,adjective,西方的， 西部的,adj 西方的， 西部的,/'wɛstɚn/,/'westən/,the western end of the bay,海湾的西端
en:carry:verb:2,carry,verb,提， 挑， 背； 运送， 运载； 输送， 传送， 传播； 携带， 怀着； 支撑,v 提， 挑， 背； 运送， 运载； 输送， 传送， 传播； 携带， 怀着； 支撑,/ˈkærɪ/,/'kæri/,The ship was carrying drugs.,这艘船上载有毒品。
en:refrigerator:noun:1,refrigerator,noun,电冰箱,n 电冰箱,/rɪ'frɪdʒəretɚ/,/rɪ'frɪdʒəreɪtə(r)/,What would your refrigerator say if it could talk?,如果你的冰箱可以说话，它会说什么?。
en:elephant:noun:2,elephant,noun,象,n 象,/ˈɛləfənt/,/'elɪfənt/,Once I saw an elephant go by.,一次我看见一头大象路过。
en:party:noun:2,party,noun,社交聚会； 党， 政党； 一方， 当事人,n 社交聚会； 党， 政党； 一方， 当事人,/'pɑrti/,/'pɑːti/,We’re having a small party this evening to celebrate our wedding anniversary.,我们今晚有个小聚会，庆祝我们的结婚纪念日。
en:little:adjective:1,little,adjective,小的， 矮小的； 短的； 琐碎的， 微不足道的； 不多的， 少到,adj 小的， 矮小的； 短的； 琐碎的， 微不足道的； 不多的， 少到,/'lɪtl/,/'lɪtl/,a little house,小屋
en:however:adverb:2,however,adverb,然而，仍然；无论如何,adv 然而，仍然；无论如何；conj 不管怎样， 然而,/haʊ'ɛvɚ/,/hau'evə(r)/,"This is a cheap and simple process. However, there are dangers.",这是个花钱少而又简单的方法，不过有危险。
en:deep:adjective:1,deep,adjective,深的， 厚的； 深切的， 强烈的； 深沉的； 浓的； 深刻的， 深,adj 深的， 厚的； 深切的， 强烈的； 深沉的； 浓的； 深刻的， 深,/dip/,/diːp/,a deep wound,很深的伤口
en:shy:adjective:2,shy,adjective,腼腆的， 害羞的； 胆怯的； 有戒心的， 畏缩的,adj 腼腆的， 害羞的； 胆怯的； 有戒心的， 畏缩的,/ʃaɪ/,/ʃaɪ/,He was a quiet shy man.,他是个话不多、害羞的男人。
en:for:preposition:2,for,preposition,为， 为了； 给， 供； 代替， 代表； 因为， 由于； 就…而言； 往， 向,prep 为， 为了； 给， 供； 代替， 代表； 因为， 由于； 就…而言； 往， 向,/fɚ; strong form fɔr/,/fɔː(r)/,I’ve got a present for you.,我有件礼物送给你。
en:fox:noun:1,fox,noun,狐狸； 狡猾的人,n 狐狸； 狡猾的人,/fɑks/,/fɒks/,He was a sly old fox.,他是个狡猾的老狐狸。
en:perhaps:adverb:2,perhaps,adverb,或许， 大概， 可能,adv 或许， 大概， 可能,/pɚ'hæps/,/pə'hæps/,Perhaps she’s next door.,她也许在隔壁。
en:aunt:noun:2,aunt,noun,姑姑， 姨妈， 伯母， 婶婶， 舅妈,n 姑姑， 姨妈， 伯母， 婶婶， 舅妈,/ænt/,/ɑːnt/,Aunt Mary,玛丽姑妈
en:skill:noun:2,skill,noun,技能， 技巧， 手艺； 熟练,n 技能， 技巧， 手艺； 熟练,/skɪl/,/skɪl/,Reading and writing are two different skills.,阅读和写作是两种不同的技能。
en:oak:noun:1,oak,noun,橡树； 橡木,n 橡树； 橡木,/ok/,/əuk/,an oak door,橡木门
en:trouble:noun:2,trouble,noun,麻烦， 苦恼， 困难； 疾病； 故障； 纠纷， 动乱,n 麻烦， 苦恼， 困难； 疾病； 故障； 纠纷， 动乱,/'trʌbl/,/'trʌbl/,Recent stock market losses point to trouble ahead.,最近股市的下跌预示着未来将有麻烦。
en:divide:verb:2,divide,verb,分，分隔；分配，分享；除；使产生分歧,v 分，分隔；分配，分享；除；使产生分歧；n 分歧； 分开； 分界线， 分水岭,/dɪ'vaɪd/,/dɪ'vaɪd/,The physical benefits of exercise can be divided into three factors.,锻炼对身体的好处可以分成3个方面。
en:sir:noun:2,sir,noun,先生； [S-] 爵士,n 先生； [S-] 爵士,/sɝ/,/sɜː(r)/,"‘Report back to me in an hour, sergeant.’ ‘Yes, sir.’",“一小时后向我报告，中士。”“是，长官。”
en:class:noun:2,class,noun,阶级， 社会等级； 班， 班级； 课； 种类， 门类； 等级， 级别,n 阶级， 社会等级； 班， 班级； 课； 种类， 门类； 等级， 级别,/klæs/,/klɑːs/,a dance class,舞蹈班
en:sit:verb:1,sit,verb,"[sat-sat, sitting] 坐， 就座； 坐落， 被安放； 使坐， 使就座","v [sat-sat, sitting] 坐， 就座； 坐落， 被安放； 使坐， 使就座",/sɪt/,/sɪt/,In the driving seat sat a man of average height.,驾驶座上坐着一名中等身材的男子。
en:over:preposition:1,over,preposition,在…上方， 在…上面； 越过， 从一侧到另一侧； 高于， 超过； 在…期间；,prep 在…上方， 在…上面； 越过， 从一侧到另一侧； 高于， 超过； 在…期间；,/'ovɚ/,/'əuvə(r)/,A lamp hung over the table.,一盏灯悬挂在桌子上方。
en:six:numeral:2,six,numeral,六， 六个,num 六， 六个,/sɪks/,/sɪks/,six months ago,六个月前
en:football:noun:2,football,noun,足球； 橄榄球,n 足球； 橄榄球,/'fʊtbɔl/,/'futbɔːl/,Which football team do you support?,你支持哪个球队？
en:dinner:noun:2,dinner,noun,正餐， 主餐； 宴会,n 正餐， 主餐； 宴会,/'dɪnɚ/,/'dɪnə(r)/,What time do you usually have dinner?,你通常什么时候吃饭？
en:fork:noun:2,fork,noun,叉， 餐叉； 耙； 分叉， 岔口,n 叉， 餐叉； 耙； 分叉， 岔口,/fɔrk/,/fɔːk/,Put the knives and forks on the table.,把刀叉摆放在桌子上。
en:form:verb:1,form,verb,形成， 构成,v 形成， 构成；n 形式，种类；外形，外貌；表格,/fɔrm/,/fɔːm/,"The rocks were formed more than 4,000 million years ago.",这些岩石是40多亿年前形成的。
en:farmer:noun:2,farmer,noun,农场主； 农民,n 农场主； 农民,/'fɑmɚ/,/'fɑːmə(r)/,dairy farmer,奶农；畜牧工人
en:neither:adverb:1,neither,adverb,也不,adv 也不；pron 两者都不,/ˈniðɚ/,/'naɪðə(r)/,‘I don’t like horror movies.’ ‘Me neither.’,“我不喜欢恐怖电影。”“我也不喜欢。”
en:avoid:verb:2,avoid,verb,避免； 避开， 躲开； 预防,v 避免； 避开， 躲开； 预防,/ə'vɔɪd/,/ə'vɔɪd/,Road safety is taught to young children to avoid road accidents.,小孩子受到道路安全知识的教育，以避免交通事故。
en:gate:noun:2,gate,noun,大门； 有大门的出入口； 观众人数， 门票收入,n 大门； 有大门的出入口； 观众人数， 门票收入,/ɡet/,/geɪt/,We went through the gate into the orchard.,我们穿过大门进了果园。
en:fresh:adjective:2,fresh,adjective,新的， 新到的； 新鲜的， 未经腌熏的,adj 新的， 新到的； 新鲜的， 未经腌熏的,/frɛʃ/,/freʃ/,I’ll just make some fresh coffee.,我来重新煮点咖啡。
en:he:pronoun:1,he,pronoun,他； 一个人,pron 他； 一个人,/hi/,/hiː/,‘Where’s Paul?’ ‘He’s gone to the cinema.’,“保罗在哪儿？”“他去看电影了。”
en:very:adverb:1,very,adverb,很，非常；极其，完全地；正是,adv 很，非常；极其，完全地；正是；adj 正是的， 恰好的； 完全的， 十足的,/ˈvɛrɪ/,/'veri/,It feels very cold today.,今天很冷。
en:big:adjective:2,big,adjective,大的， 巨大的； 重大的， 主要的； 年龄较大的， 长大了的,adj 大的， 巨大的； 重大的， 主要的； 年龄较大的， 长大了的,/bɪɡ/,/bɪg/,a big house,大房子
en:practice:noun:2,practice,noun,实践； 实践行动； 练习； 惯例， 习俗,n 实践； 实践行动； 练习； 惯例， 习俗,/'præktɪs/,/'præktɪs/,It takes hours of practice to learn to play the guitar.,学习弹吉他需要长时间的练习。
en:crowd:verb:1,crowd,verb,聚集， 群集； 挤， 推,v 聚集， 群集； 挤， 推；n 人群，群众；一群，一批,/kraʊd/,/kraud/,Holidaymakers crowded the beaches.,海滩上挤满了度假者。
en:sick:adjective:2,sick,adjective,有病的， 患病的； 恶心的， 想吐的； 厌恶的； 心烦意乱的， 恼火的,adj 有病的， 患病的； 恶心的， 想吐的； 厌恶的； 心烦意乱的， 恼火的,/sɪk/,/sɪk/,His mother’s very sick.,他母亲病得很重。
en:bit:noun:2,bit,noun,一点儿， 少许； 小片， 小块,n 一点儿， 少许； 小片， 小块,/bɪt/,/bɪt/,He’s taken the engine to bits .,他把发动机拆开了。
en:corner:noun:2,corner,noun,角， 角落； 街角； 遥远的地区， 偏僻处； 困境，,n 角， 角落； 街角； 遥远的地区， 偏僻处； 困境，,/'kɔrnɚ/,/'kɔːnə(r)/,He pulled a dirty handkerchief out by its corner and waved it at me.,他拽出一块脏手帕，捏着一角向我挥动。
en:else:adverb:2,else,adverb,其他， 另外,adv 其他， 另外,/ɛls/,/els/,There’s something else I’d like to talk about as well.,我还有其他事情要谈一谈。
en:four:numeral:2,four,numeral,四,num 四,/fɔr/,/fɔː(r)/,She is married with four children.,她已婚，有四个孩子。
en:easily:adverb:1,easily,adverb,容易地， 不费力地,adv 容易地， 不费力地,/'izəli/,/'iːzəli/,They won quite easily.,他们赢得相当轻松。
en:beside:preposition:2,beside,preposition,在…旁边； 在…附近； 和…相比,prep 在…旁边； 在…附近； 和…相比,/bɪ'saɪd/,/bɪ'saɪd/,Wendy came up and sat beside me.,温迪走过来，坐在我身边。
en:join:verb:2,join,verb,参加， 加入； 连接， 接合,v 参加， 加入； 连接， 接合,/dʒɔɪn/,/dʒɔɪn/,Many sacrificed their weekend to join the hunt for the missing girl.,许多人牺牲周末时间，加入了寻找失踪女孩的行动。
en:if:conjunction:2,if,conjunction,如果， 假如； 是否； 即使， 虽然,conj 如果， 假如； 是否； 即使， 虽然,/ɪf/,/ɪf/,We’ll stay at home if it rains.,如果下雨，我们就待在家里。
en:costume:noun:1,costume,noun,戏装； 成套服装,n 戏装； 成套服装,/ˈkɑsˌtum/,/'kɒstjuːm/,the film’s lavish costumes and spectacular sets,影片中奢华的戏装和壮观的场景
en:bathroom:noun:2,bathroom,noun,浴室； 盥洗室,n 浴室； 盥洗室,/'bæθrum/,/'bɑːθruːm/,bathroom accessories,浴室配件
en:sky:noun:2,sky,noun,天,n 天,/skaɪ/,/skaɪ/,"The sky grew dark, and a cold rain began to fall.",天色转暗，开始下起冰冷的雨来。
en:sentence:verb:1,sentence,verb,宣判， 判决,v 宣判， 判决；n 句子；判决，宣判,/'sɛntəns/,/'sentəns/,You must serve out your sentence.,你现在必须服从你的判决。
en:hallway:noun:1,hallway,noun,走廊， 回廊； 门厅， 过道,n 走廊， 回廊； 门厅， 过道,/'hɔlwe/,/'hɔːlweɪ/,They took the lift up to the third floor and walked along the quiet hallway.,他们乘电梯到了3楼，然后走过寂静的过道。
en:large:adjective:2,large,adjective,大的； 多的， 众多的,adj 大的； 多的， 众多的,/lɑrdʒ/,/lɑːdʒ/,Los Angeles is the second largest city in the US.,洛杉矶是美国的第二大城市。
en:surface:verb:1,surface,verb,浮出水面； 浮现， 显露,v 浮出水面； 浮现， 显露；n 表面，面；外表，外观,/'sɝfɪs/,/'sɜːfɪs/,Last year Toole surfaced again in Cuba.,去年图尔再次在古巴露面。
en:in:preposition:2,in,preposition,在…里， 在…内； 在…期间， 在…之内；,prep 在…里， 在…内； 在…期间， 在…之内；,/ɪn/,/ɪn/,There’s some sugar in the cupboard.,碗橱里有一些糖。
en:tomorrow:adverb:1,tomorrow,adverb,明天,adv 明天；n 明天； 来日， 未来,/tə'mɔro/,/tə'mɒrəu/,Our class is going to London tomorrow.,我们班明天要去伦敦。
en:verb:noun:1,verb,noun,动词,n 动词,/vɝb/,/vɜːb/,The word is an adjunct of that verb.,这个词是那个动词的修饰语。
en:metal:noun:2,metal,noun,金属,n 金属,/'mɛtl/,/'metl/,The gate is made of metal.,这扇大门是用金属做成的。
en:is:verb:1,is,verb,存在， 是,v 存在， 是,/ɪz/,/ɪz/,which is,哪个是；从句的表达形式之一
en:it:pronoun:2,it,pronoun,它； 他； ；,pron 它； 他； ；,/ɪt/,/ɪt/,‘Where’s your office?’ ‘It’s on the third floor.’,“你的办公室在哪儿？”“在三楼。”
en:fry:verb:1,fry,verb,油煎， 油炸,v 油煎， 油炸,/fraɪ/,/fraɪ/,"Fry the potatoes, covered, for about 20 minutes.",盖上盖，将马铃薯煎20分钟左右。
en:drink:verb:1,drink,verb,喝，饮,v 喝，饮；n 一杯[份]饮料；饮，喝,/drɪŋk/,/drɪŋk/,You should drink plenty of water.,你应该大量喝水。
en:announce:verb:1,announce,verb,宣布， 声称； 预告,v 宣布， 声称； 预告,/ə'naʊns/,/ə'nauns/,They announced their engagement in ‘The Times’.,他们在《泰晤士报》上宣布了订婚的消息。
en:somebody:pronoun:1,somebody,pronoun,某人，有人,pron 某人，有人；n 重要人物,/'sʌmbədi/,/'sʌmbədi/,There’s somebody waiting to see you.,有人等着要见你。
en:india:noun:2,India,noun,印度,n 印度,/'ɪndɪə/,/'ɪndiə/,"Look at their hypocrisy, they have defence deal with both India and Pakistan.",看看他们的伪善，他们同印度和巴基斯坦都有防卫协议。
en:traditional:adjective:2,traditional,adjective,传统的， 惯例的； 口传的， 传说的,adj 传统的， 惯例的； 口传的， 传说的,/trə'dɪʃənl/,/trə'dɪʃənl/,traditional Italian cooking,传统的意大利烹饪
en:operate:verb:1,operate,verb,动手术； 起作用； 经营， 管理,v 动手术； 起作用； 经营， 管理,/'ɑpə'ret/,/'ɒpəreɪt/,Doctors had to operate to remove the bullet.,医生不得不开刀取出子弹。
en:hello:interjection:1,hello,interjection,喂， 你好,int 喂， 你好,/həˈlo/,/hə'ləu/,"Hello, John! How are you?",喂，约翰！你好吗？
en:begin:verb:1,begin,verb,"[began-begun, beginning] 开始","v [began-begun, beginning] 开始",/bɪ'ɡɪn/,/bɪ'gɪn/,"As everybody’s here, let’s begin.",大家都到齐了，我们就开始吧。
en:parrot:noun:1,parrot,noun,鹦鹉,n 鹦鹉,/'pærət/,/'pærət/,We recited poems parrot fashion.,我们鹦鹉学舌般机械地背诵诗歌。
en:become:verb:1,become,verb,[became-become] 变成， 成为； 开始变得,v [became-become] 变成， 成为； 开始变得,/bɪ'kʌm/,/bɪ'kʌm/,The weather became warmer.,天气变暖和了。
en:alive:adjective:2,alive,adjective,活着的， 在世的； 存在的， 在起作用的； 有活力的， 活跃的， 有生,adj 活着的， 在世的； 存在的， 在起作用的； 有活力的， 活跃的， 有生,/ə'laɪv/,/ə'laɪv/,It was a bad accident – they’re lucky to be alive.,这是一宗严重事故——他们能活着实属幸运。
en:weekend:adjective:1,weekend,adjective,周末的,adj 周末的；n 周末,/ˈwikend/,/'wiːkˌend/,What shall we do this weekend?,这个周末我们要做什么呢？
en:noodle:noun:2,noodle,noun,面条,n 面条,/'nudl/,/'nuːdl/,Serve the meat with rice or noodles.,肉配米饭或面条一起上。
en:plate:noun:2,plate,noun,盘子； 金属牌； 感光底片,n 盘子； 金属牌； 感光底片,/pleɪt/,/pleɪt/,The plates were piled high with rice.,盘子里都堆满了米饭。
en:world:adjective:1,world,adjective,世界的， 世界范围的,adj 世界的， 世界范围的；n 世界，地球，天下；领域,/wɝld/,/wɜːld/,the reigning Formula One world champion,一级方程式赛车现任世界冠军
en:library:noun:2,library,noun,图书馆， 藏书室； 藏书,n 图书馆， 藏书室； 藏书,/laɪˌbrɛrɪ/,/'laɪbrəri/,a public library,公共图书馆
en:ability:noun:2,ability,noun,能力， 本领； 才能， 才智,n 能力， 本领； 才能， 才智,/əˈbɪlətɪ/,/ə'bɪlətɪ/,The test measures your mathematical ability.,这种测试考查的是数学能力。
en:everything:pronoun:2,everything,pronoun,每件事， 一切； 最重要的东西,pron 每件事， 一切； 最重要的东西,/'ɛvrɪ'θɪŋ/,/'evriθɪŋ/,Everything’s fine at the moment.,目前一切都好。
en:camera:noun:2,camera,noun,照相机； 摄影机， 摄像机,n 照相机； 摄影机， 摄像机,/'kæmərə/,/'kæmərə/,Her grandmother lent her a camera for a school trip to Venice and Egypt.,她的祖母借给她一部相机，让她在学校组织的到威尼斯和埃及的旅行中使用。
en:table:noun:2,table,noun,桌子， 台子； 表格,n 桌子， 台子； 表格,/'tebl/,/'teɪbl/,The food was served on long tables.,食物放在长餐桌上供应。
en:bread:noun:2,bread,noun,面包； 生计， 谋生之道,n 面包； 生计， 谋生之道,/brɛd/,/bred/,Would you like some bread with your soup?,你喝汤时要吃点面包吗？
en:side:noun:2,side,noun,面， 侧面， 旁边； 方面； 一方， 一边； 山坡， 坡， 岸,n 面， 侧面， 旁边； 方面； 一方， 一边； 山坡， 坡， 岸,/saɪd/,/saɪd/,Fuel is cheaper on the French side of the border.,燃料在边境那边的法国要便宜些。
en:break:verb:1,break,verb,[broke-broken] 打破； 损坏， 弄坏； 破坏， 违反； 中止， 中断； 打破；,v [broke-broken] 打破； 损坏， 弄坏； 破坏， 违反； 中止， 中断； 打破；,/brek/,/breɪk/,I never break my promises .,我从不食言。
en:restaurant:noun:2,restaurant,noun,餐馆， 饭店,n 餐馆， 饭店,/ˈrestərənt; rɛstərənt/,/'restrɒnt/,He took her out for a five-course dinner in a fancy restaurant.,他带她到一家豪华餐厅吃了一顿有五道菜的晚餐。
en:change:verb:2,change,verb,改变；交换，互换；兑换；换衣，换车,v 改变；交换，互换；兑换；换衣，换车；n 改变， 变化； 更改， 更换；,/tʃendʒ/,/tʃeɪndʒ/,Susan has changed a lot since I last saw her.,自从我上次见到苏珊之后，她变了许多。
en:draw:verb:1,draw,verb,[drew-drawn] 画， 描绘； 拖， 拉； 拔出， 抽出； 提取， 汲取； 引起； 吸引； 推,v [drew-drawn] 画， 描绘； 拖， 拉； 拔出， 抽出； 提取， 汲取； 引起； 吸引； 推,/drɔ/,/drɔː/,Katie had drawn a cottage with a little stream running next to it.,凯蒂画了一间小茅舍，旁边流淌着一条小溪。
en:cupboard:noun:1,cupboard,noun,柜橱,n 柜橱,/'kʌbɚd/,/'kʌbəd/,It’s in the kitchen cupboard.,它在厨房的碗柜里。
en:off:adverb:1,off,adverb,距， 离， 到； 离开； 出发， 起跑； 不发生， 取消； 断开， 不供,adv 距， 离， 到； 离开； 出发， 起跑； 不发生， 取消； 断开， 不供,/ɔf/,/ɔːf/,He got into his car and drove off.,他上了车，随即开车走了。
en:joke:noun:2,joke,noun,笑话， 玩笑,n 笑话， 玩笑,/dʒok/,/dʒəuk/,"I couldn’t go out with someone for a joke, could you?",我可不能拿谈恋爱当儿戏，对不对？
en:knee:noun:2,knee,noun,膝， 膝盖,n 膝， 膝盖,/ni/,/niː/,Lucy had a bandage round her knee.,露西的膝盖上缠着绷带。
en:hide:verb:1,hide,verb,把…藏起来，隐藏,v 把…藏起来，隐藏；n 〔可观察鸟兽行动的〕隐匿处，埋伏处,/haɪd/,/haɪd/,She keeps a bottle of gin hidden behind a stack of books.,她在一堆书的后面藏了一瓶杜松子酒。
en:century:noun:2,century,noun,世纪， 百年,n 世纪， 百年,/ˈsɛntʃərɪ/,/'sentʃəri/,the story of life on a small farm at the turn of the century,讲述世纪初一个小农场生活的故事
en:instruction:noun:2,instruction,noun,命令， 指示； 教学， 教导,n 命令， 指示； 教学， 教导,/ɪn'strʌkʃən/,/ɪn'strʌkʃn/,(= I have been told ) to give the package to him personally.,我接到的指示是亲手把包裹交给他。
en:discovery:noun:2,discovery,noun,发现， 发觉； 被发现的事物,n 发现， 发觉； 被发现的事物,/dɪ'skʌvəri/,/dɪ'skʌvəri/,I felt I'd made an incredible discovery.,我感到自己有了一个惊人的发现。
en:candle:noun:2,candle,noun,蜡烛,n 蜡烛,/'kændl/,/'kændl/,"With this candle, I will light your way in darkness.",用这蜡烛，我会在黑暗中照亮你的生命。
en:report:verb:1,report,verb,报告， 汇报； 报道； 告发； 报到； 隶属， 对负责,v 报告， 汇报； 报道； 告发； 报到； 隶属， 对负责,/rɪ'pɔrt/,/rɪ'pɔːt/,"This is Gavin Williams, reporting from the United Nations in New York.",我是加文·威廉斯，在纽约联合国总部为您报道。
en:complete:adjective:2,complete,adjective,十足的，彻底的；完成的,adj 十足的，彻底的；完成的；v 完成， 结束,/kəm'plit/,/kəm'pliːt/,The police were in complete control of the situation.,警方已完全控制了局势。
en:fun:adjective:1,fun,adjective,有趣的，令人愉快的,adj 有趣的，令人愉快的；n 有趣的事； 乐趣， 娱乐,/fʌn/,/fʌn/,Try snow-boarding -it’s a really fun sport.,试试单板滑雪——是个很好玩的运动。
en:theirs:pronoun:2,theirs,pronoun,他们的,pron 他们的,/ðɛrz/,/ðeəz/,"When our washing machine broke, our neighbours let us use theirs.",我们的洗衣机坏了的时候，邻居就让我们用他们的。
en:sign:verb:1,sign,verb,签； 签署,v 签； 签署；n 标志，符号；招牌；征兆，迹象,/saɪn/,/saɪn/,"Sign here, please.",请在这里签字。
en:several:adjective:2,several,adjective,几个， 若干,adj 几个， 若干,/ˈsɛvrəl/,/'sevrəl/,I have several suggestions.,我有几个建议。
en:cotton:noun:2,cotton,noun,棉， 棉花； 棉线， 棉纱,n 棉， 棉花； 棉线， 棉纱,/'kɑtn/,/'kɒtn/,a white cotton shirt,白色棉布衬衫
en:office:noun:2,office,noun,办公室， 办事处， 营业所； 处， 所， 局； 公职， 官职， 职责； 帮忙， 服务,n 办公室， 办事处， 营业所； 处， 所， 局； 公职， 官职， 职责； 帮忙， 服务,/'ɔfɪs/,/'ɒfɪs/,The department occupies an office just a mile from the White House.,该部门就在离白宫一英里远的地方有个办公楼。
en:while:conjunction:2,while,conjunction,当…的时候，和…同时；而，然而；虽然，尽管,conj 当…的时候，和…同时；而，然而；虽然，尽管；n 一会儿， 时间,/hwaɪl/,/waɪl/,They arrived while we were having dinner.,他们来时我们正在吃饭。
en:northern:adjective:2,northern,adjective,北方的， 北部的,adj 北方的， 北部的,/'nɔrðɚn/,/'nɔːðən/,a man with a northern accent,带有北方口音的男子
en:second:adjective:1,second,adjective,次等的，二等的,adj 次等的，二等的；num 第二；n 秒， 瞬间,/'sɛkənd/,/'sekənd/,the Second World War,第二次世界大战
en:that:determiner:1,that,determiner,那，那个〔指已经提到或已经知道的人、事物、想法等〕,determiner 那，那个〔指已经提到或已经知道的人、事物、想法等〕；conjunction 〔用于动词、名词或形容词后引导一个从句，表示某人所说或所想，或陈述一个事实或理由〕；adv 那么〔大、多等〕〔尤指通过手势比画来表示大小、数量等〕,/ðæt/,/ðæt/,‘You never cared about me.’ ‘That’s not true.’,“你从不关心我。”“那不是事实。”
en:high:adjective:2,high,adjective,高的， 高度的； 高级的， 重要的； 高兴的， 愉快的； 正盛,adj 高的， 高度的； 高级的， 重要的； 高兴的， 愉快的； 正盛,/haɪ/,/haɪ/,This is the highest mountain in Japan.,这是日本最高的山。
en:edge:noun:2,edge,noun,边， 边缘； 刀口， 刃； 优势， 优越地位,n 边， 边缘； 刀口， 刃； 优势， 优越地位,/ɛdʒ/,/edʒ/,"Put the eggs in the centre of the dish, with the vegetables and herbs around the edge.",把鸡蛋放在盘子中间，盘边一圈放些蔬菜和香草。
en:son:noun:2,son,noun,儿子； 孩子,n 儿子； 孩子,/sʌn/,/sʌn/,Her son Sean was born in 1983.,她的儿子肖恩出生于 1983 年。
en:skirt:noun:2,skirt,noun,裙子； 边缘， 外围,n 裙子； 边缘， 外围,/skɝt/,/skɜːt/,She wore a white blouse and a plain black skirt.,她穿着白衬衣和纯黑的裙子。
en:than:conjunction:2,than,conjunction,比,conj 比；prep 与…比较,/ðæn/,/ðæn/,Natalie was prettier than her sister.,纳塔莉比她姐姐漂亮。
en:me:pronoun:2,me,pronoun,我,pron 我,/mi/,/miː/,"Stop, you’re hurting me.",住手，你弄疼我了。
en:level:adjective:1,level,adjective,平的， 水平的； 同高度的， 同程度,adj 平的， 水平的； 同高度的， 同程度；n 水平面，水平线；高度；水平，等级,/'lɛvl/,/'levl/,The floors in the old house were not completely level.,老房子的地面不是完全平整的。
en:author:noun:1,author,noun,作家， 作者； 创始人， 发起者,n 作家， 作者； 创始人， 发起者,/'ɔθɚ/,/'ɔːθə(r)/,Nothomb is a Belgian author.,诺东是位比利时作家。
en:europe:noun:2,Europe,noun,欧洲,n 欧洲,/'jʊrəp/,/'juərəp/,eastern Europe,东欧
en:meter:noun:1,meter,noun,米， 公尺,n 米， 公尺,/mitɚ/,/'miːtə(r)/,The iris of the eye is photographed from up to one meter away.,眼睛的虹膜最远可在一公尺外的距离接受摄影。
en:infinitive:noun:1,infinitive,noun,原形； 不定式,n 原形； 不定式,/ɪn'fɪnətɪv/,/ɪn'fɪnətɪv/,Can I split an infinitive?,我可以拆分不定式吗？
en:establish:verb:1,establish,verb,建立， 设立； 确定， 证实,v 建立， 设立； 确定， 证实,/ɪˈstæblɪʃ/,/ɪ'stæblɪʃ/,The city of Boerne was established by German settlers in the 1840s.,博恩市是德国移民于19世纪40年代建立的。
en:coat:verb:1,coat,verb,涂,v 涂；n 上衣，外套；表皮，皮毛；覆盖物，层,/kot/,/kəut/,A layer of snow coated the trees.,树上覆盖着一层雪。
en:license:noun:2,license,noun,许可，执照,n 许可，执照；vt 准许,/'laɪsns/,/'laɪsns/,Interface that you implement to handle result of the license check.,您可以通过实现这个接口来处理许可检查的结果。
en:dish:noun:2,dish,noun,碟， 盘； 菜肴， 一盘菜,n 碟， 盘； 菜肴， 一盘菜,/dɪʃ/,/dɪʃ/,a serving dish,上菜用的盘子
en:dream:noun:1,dream,noun,梦,n 梦；v 梦想，希望,/drim/,/driːm/,I had lots of dreams last night.,昨晚我做了很多梦。
en:wednesday:noun:2,Wednesday,noun,星期三,n 星期三,/ˈwɛnzdɪ/,/'wenzdeɪ/,"Come and have supper with us on Wednesday, if you're free.",星期三过来和我们一起吃晚饭，如果有空的话。
en:essay:noun:1,essay,noun,短文， 文章； 随笔， 散文,n 短文， 文章； 随笔， 散文,/'ɛse/,/'eseɪ/,We asked Jason to write an essay about his hometown.,我们让杰森写一篇关于他家乡的短文。
en:prediction:noun:1,prediction,noun,预言； 预料； 预报,n 预言； 预料； 预报,/prɪ'dɪkʃən/,/prɪ'dɪkʃn/,The data can be used to make useful economic predictions .,这些数据可用于进行有用的经济预测。
en:coal:noun:1,coal,noun,煤， 煤块,n 煤， 煤块,/kol/,/kəul/,Put some coal on the fire.,往火里加点煤。
en:survey:verb:1,survey,verb,调查， 检视； 测量， 勘测； 全面审视， 概括论述； 俯瞰， 眺望； 调查， 检视； 测量， 勘测； 全面审视， 概括论述； 俯瞰， 眺望,v 调查， 检视； 测量， 勘测； 全面审视， 概括论述； 俯瞰， 眺望； 调查， 检视； 测量， 勘测； 全面审视， 概括论述； 俯瞰， 眺望,/ˈsɝˌve; (for v.) sɝˈve/,/ˈsəːveɪ; (for v.) səˈveɪ/,"Of the 100 companies surveyed, 10% had a turnover of £50 m to £99 m.","被调查的 100 家公司中，10% 的公司营业额在 5,000 万到 9,900 万英镑之间。"
en:tense:adjective:1,tense,adjective,紧张的；拉紧的，绷紧的,adj 紧张的；拉紧的，绷紧的；v 拉紧，绷紧；n 时态,/tɛns/,/tens/,Is anything wrong? You look a little tense.,有什么不对劲吗？你看起来有点紧张。
en:birthday:noun:2,birthday,noun,生日,n 生日,/'bɝθde/,/'bɜːθdeɪ/,It’s my birthday on Monday.,星期一是我的生日。
en:heat:verb:1,heat,verb,加热， 变热,v 加热， 变热；n 热，炎热；体温，热度；激动；激烈,/hit/,/hiːt/,Heat the milk until it boils.,把牛奶煮开。
en:behind:preposition:2,behind,preposition,在…的背后， 在…的后面； 落后于； 支持， 赞,prep 在…的背后， 在…的后面； 落后于； 支持， 赞,/bɪ'haɪnd/,/bɪ'haɪnd/,I turned to speak to the person standing behind me.,我转身和站在我后面的那人说话。
en:tenth:numeral:2,tenth,numeral,第十,num 第十；n 十分之一,/tɛnθ/,/tenθ/,He has just published his tenth novel.,他刚刚发表了他的第十本小说。
en:candy:noun:1,candy,noun,糖果,n 糖果,/ˈkændɪ/,/'kændi/,a box of candies,一盒糖果
en:student:noun:2,student,noun,学生， 学者， 大学生； 研究生,n 学生， 学者， 大学生； 研究生,/'studnt/,/'stjuːdnt/,Warren's eldest son is an art student.,沃伦的长子是一名学艺术的学生。
en:careful:adjective:2,careful,adjective,小心的， 仔细的,adj 小心的， 仔细的,/'kɛrfl/,/'keəfl/,Be careful - the floor’s slippery.,小心——地板很滑。
en:recipe:noun:1,recipe,noun,烹饪法， 食谱； 方法； 秘诀， 诀窍,n 烹饪法， 食谱； 方法； 秘诀， 诀窍,/'rɛsəpi/,/'resəpi/,a recipe book,一本烹饪书
en:seal:verb:1,seal,verb,封， 密封,v 封， 密封；n 封铅，封条；印，图章；海豹,/sil/,/siːl/,The window was sealed shut.,这扇窗户被封了起来。
en:box:verb:1,box,verb,把…装箱； (用拳或手,v 把…装箱； (用拳或手；n 箱，盒；包厢,/bɑks/,/bɒks/,Help me box up the Christmas tree lights.,帮我把圣诞彩灯装进盒子。
en:bow:noun:1,bow,noun,鞠躬， 低头； 鞠躬， 低头,n&v 鞠躬， 低头； 鞠躬， 低头,/baʊ/,/baʊ/,She bowed and left the stage.,她鞠了一躬，离开了舞台。
en:boy:noun:2,boy,noun,男孩,n 男孩,/bɔɪ/,/bɔɪ/,The boys wanted to play football.,男孩子们想踢足球。
en:head:noun:2,head,noun,头， 头部； 顶部， 前端； 领导， 首脑； 头数； 头脑， 智力,n 头， 头部； 顶部， 前端； 领导， 首脑； 头数； 头脑， 智力,/hɛd/,/hed/,He kissed the top of her head.,他吻了一下她的头顶。
en:month:noun:2,month,noun,月， 一个月的时间,n 月， 一个月的时间,/mʌnθ/,/mʌnθ/,I hope I’ll have finished the work by the end of the month .,我希望我这个月底能完成工作。
en:total:adjective:2,total,adjective,总的，全部的；完全的，彻底的,adj 总的，全部的；完全的，彻底的；v 合计， 总计；n 总数，总计,/'totl/,/'təutl/,a total ban on cigarette advertising,香烟广告的全面禁止
en:oil:verb:1,oil,verb,给…加润滑油； 使涂满油,v 给…加润滑油； 使涂满油；n 油；润滑油；石油，燃料油；油画；油画颜料,/ɔɪl/,/ɔɪl/,The bicycle chain needs oiling.,自行车链条需要上油了。
en:upstairs:adverb:2,upstairs,adverb,在楼上，往楼上,adv 在楼上，往楼上；adj 楼上的；n 楼上,"/,ʌp'stɛrz/",/ʌp'steəz/,I went upstairs and had a shower.,我上楼冲了个澡。
en:of:preposition:2,of,preposition,…的； 由…制成的； 含有…的， 装有…的,prep …的； 由…制成的； 含有…的， 装有…的,/ʌv; əv/,/ɔːv/,the cost of the meal,这顿饭的花费
en:fight:verb:1,fight,verb,打（仗），与（…）作战，战斗,v 打（仗），与（…）作战，战斗；n 打斗，打架,/faɪt/,/faɪt/,Neither country is capable of fighting a long war .,两个国家都没有能力打持久战。
en:hear:verb:1,hear,verb,[heard-heard] 听见； 听到， 得知； 审讯， 听证； 收到…的信,v [heard-heard] 听见； 听到， 得知； 审讯， 听证； 收到…的信,/hɪr/,/hɪə(r)/,Blanche heard a crash as the back door was flung open.,布兰奇听见后门哗啦一声被推开。
en:on:preposition:1,on,preposition,在…上； 向， 朝， 针对； 靠近…， 在…旁； 关于， 论及； 凭， 靠， 根据； 处,prep 在…上； 向， 朝， 针对； 靠近…， 在…旁； 关于， 论及； 凭， 靠， 根据； 处,/ɑn/,/ɔːn/,I wanted to punch him on the nose.,我真想一拳打到他鼻子上。
en:zebra:noun:2,zebra,noun,斑马,n 斑马,/ˈzibrə/,/'zɪːbrə/,"Sixty acres of woods and ponds are home to camels, zebra, bison , water buffalo, ostrich and antelope.",六十英亩的森林和池塘是骆驼，斑马，野牛，水牛，鸵鸟和羚羊的家园。
en:pretty:adverb:1,pretty,adverb,相当，很，颇,adv 相当，很，颇；adj 漂亮的， 俊俏的,/ˈprɪtɪ/,/'prɪti/,I’m pretty sure he’ll say yes.,我相当肯定他会同意的。
en:or:conjunction:2,or,conjunction,或， 或者， 还是； 即， 或者说； 否则， 要不然,conj 或， 或者， 还是； 即， 或者说； 否则， 要不然,/ɔr/,/ɔː(r)/,Shall we go out to the cinema or stay at home?,我们是出去看电影还是待在家里？
en:chance:verb:1,chance,verb,碰巧， 偶然发生； 偶然看见,v 碰巧， 偶然发生； 偶然看见；n 可能性；机会，机遇；偶然的事,/tʃæns/,/tʃɑːns/,It chanced that we both went to Paris that year.,碰巧那一年我们俩都去了巴黎。
en:social:adjective:2,social,adjective,社会的； 交际的， 社交的,adj 社会的； 交际的， 社交的,/'soʃl/,/'səuʃl/,"social issues, such as unemployment and education",失业和教育之类的社会问题
en:wheel:verb:1,wheel,verb,转动， 旋转,v 转动， 旋转；n 轮，车轮,/wil/,/wiːl/,The action of the crank turns the wheel.,这根曲轴的作用是使轮子转动。
en:homeless:adjective:1,homeless,adjective,无家的， 无家可归的,adj 无家的， 无家可归的,/'homləs/,/'həumləs/,Thousands of people have been made homeless .,成千上万人被逼得无家可归。
en:cross:verb:1,cross,verb,穿过，越过；交叉，相交；杂交,v 穿过，越过；交叉，相交；杂交；n 十字架； 十字形记号,/krɔs/,/krɒs/,He raised his arms in triumph as he crossed the line for his 100-metres win.,他以胜利的姿态高举双手跑过终点线，赢得了这场百米赛。
en:control:verb:1,control,verb,控制， 支配；,v 控制， 支配；；n 控制，支配；管理；调节；抑制，自制；控制器，调节器,/kən'trol/,/kən'trəul/,The Democrats continued to control the Senate until last year.,民主党继续控制参议院直到去年。
en:cousin:noun:2,cousin,noun,堂兄弟， 堂姐妹,n 堂兄弟， 堂姐妹,/'kʌzn/,/'kʌzn/,My cousin Mark helped me to bring in the bags.,我表弟马克帮我把包提了进来。
en:clerk:noun:1,clerk,noun,〈美〉店员； 办事员， 职员,n 〈美〉店员； 办事员， 职员,/klɝk/,/klɑːk/,a clerk in a commercial firm,一家商行的文员
en:earth:noun:2,earth,noun,地球； 陆地， 地面； 土， 泥,n 地球； 陆地， 地面； 土， 泥,/ɝθ/,/ɜːθ/,the planet Earth,地球
en:paris:noun:1,Paris,noun,巴黎,n 巴黎,/'pærɪs/,/'pærɪs/,"Yes, first, and then to go to Paris.",是的，先是去结婚，然后还得到巴黎去一次。
en:elbow:verb:1,elbow,verb,用肘推， 用肘挤,v 用肘推， 用肘挤；n 肘部,/'ɛlbo/,/'elbəu/,"She pushed through the crowd, elbowing people out of the way.",她用手肘把人们推开，从人群中挤了出来。
en:salad:noun:2,salad,noun,沙拉， 凉拌菜,n 沙拉， 凉拌菜,/'sæləd/,/'sæləd/,Would you like some salad with your pasta?,你的意大利面要配些色拉吗？
en:rocket:verb:1,rocket,verb,迅速上升； 猛涨,v 迅速上升； 猛涨；n 火箭,/'rɑkɪt/,/'rɒkɪt/,Interest rates rocketed up.,利率飞涨。
en:somewhere:adverb:2,somewhere,adverb,在某处， 到某处； 大约， 大概,adv 在某处， 到某处； 大约， 大概,/'sʌmwɛr/,/'sʌmweə(r)/,My wallet must be around here somewhere.,我的钱包肯定是在这里的什么地方。
en:scene:noun:1,scene,noun,一场， 一个镜头， 一节； (戏剧、 事件,n 一场， 一个镜头， 一节； (戏剧、 事件,/sin/,/siːn/,"Hamlet, Act 5 Scene 2",《哈姆雷特》第5幕第2场
en:injure:verb:1,injure,verb,伤害， 损害， 损伤,v 伤害， 损害， 损伤,/'ɪndʒɚ/,/'ɪndʒə(r)/,"A number of bombs have exploded, seriously injuring at least five people.",一些炸弹爆炸了，至少5人严重受伤。
en:saturday:noun:2,Saturday,noun,星期六,n 星期六,/sætɚdɪ; -de/,/'sætədeɪ/,The festivities begin Saturday.,庆祝活动从星期六开始。
en:freeze:verb:1,freeze,verb,（使）结冰，（使）冻结,v （使）结冰，（使）冻结；n 〔价格、工资等的〕冻结,/friz/,/friːz/,The lake had frozen overnight.,湖上一夜之间就结了冰。
en:province:noun:1,province,noun,省； 领域； 范围,n 省； 领域； 范围,/'prɑvɪns/,/'prɒvɪns/,a Chinese province,中国的一个省
en:clever:adjective:2,clever,adjective,聪明的， 机灵的； 灵巧的， 精巧的,adj 聪明的， 机灵的； 灵巧的， 精巧的,/'klɛvɚ/,/'klevə(r)/,a clever man,聪明的人
en:friend:noun:2,friend,noun,朋友， 友人,n 朋友， 友人,/frɛnd/,/frend/,"Jerry, this is my friend Sue.",杰里，这是我的朋友休。
en:bookcase:noun:1,bookcase,noun,书柜， 书架,n 书柜， 书架,/'bʊkkes/,/'bukkeɪs/,I have a bookcase in the room.,我有一个书架在房间里。
en:january:noun:2,January,noun,一月,n 一月,/'dʒænjʊ'ɛri/,/'dʒænjuəri/,We always have snow in January.,我们这里1月份总会下雪。
en:recent:adjective:2,recent,adjective,新近的， 近来的,adj 新近的， 近来的,/'risnt/,/'riːsnt/,Irving’s most recent book,欧文最新的书
en:they:pronoun:2,they,pronoun,他们,pron 他们,/ðe/,/ðeɪ/,Bob and Sue said they wouldn’t be able to come.,鲍勃和休说他们来不了。
en:noise:noun:2,noise,noun,声音， 响声； 噪音,n 声音， 响声； 噪音,/nɔɪz/,/nɔɪz/,What’s that noise?,那是什么声音？
en:pleasure:noun:2,pleasure,noun,高兴， 愉快； 满足； 乐事， 快事,n 高兴， 愉快； 满足； 乐事， 快事,/ˈplɛʒɚ/,/'pleʒə(r)/,the simple pleasures of life,生活中的简单乐趣
en:old:adjective:2,old,adjective,老的， 年老的； 古老的， 陈旧的， 过时的； …岁的， …久的； 以前的， 过去,adj 老的， 年老的； 古老的， 陈旧的， 过时的； …岁的， …久的； 以前的， 过去,/old/,/əuld/,a pair of old shoes,一双旧鞋
en:them:pronoun:2,them,pronoun,他们,pron 他们,/ðɛm; ðəm/,/ðəm/,Has anyone seen my keys? I can’t find them anywhere.,有人见到我的钥匙吗？我哪儿都找不到。
en:then:adverb:2,then,adverb,当时， 在那时； 那么， 因而； 然后， 于是,adv 当时， 在那时； 那么， 因而； 然后， 于是,/ðɛn/,/ðen/,This then was the situation facing the government at the end of the war.,这就是战争结束时摆在政府面前的情况。
en:ancient:adjective:2,ancient,adjective,古代的， 古老的； 年老的， 看上去很老的,adj 古代的， 古老的； 年老的， 看上去很老的,/ˈenʃənt/,/'eɪnʃənt/,the ancient civilizations of Asia,亚洲的古代文明
en:accept:verb:2,accept,verb,接受； 承认； 相信,vt 接受； 承认； 相信,/əkˈsɛpt/,/ək's3pt/,Students accepted by Stanford Law School had very high scores on the LSAT.,斯坦福法学院录取的学生LSAT（法学院入学考试）的成绩非常高。
en:zigzag:adjective:1,zigzag,adjective,“之”字形的,adj “之”字形的；v 弯弯曲曲行进；n “之”字形；蜿蜒曲折,/'zɪɡzæɡ/,/'zɪgzæg/,The path zigzagged down the hillside.,小路沿着山坡蜿蜒而下。
en:seat:verb:1,seat,verb,使坐下； 供给…座位，,v 使坐下； 供给…座位，；n 座位，座部；所在地，场所；席位，职位,/sit/,/siːt/,"The arena seats 60,000.",这个圆形运动场能坐六万人。
en:horse:noun:2,horse,noun,马,n 马,/hɔrs/,/hɔːs/,a horse and cart,一辆马车
en:twelve:numeral:1,twelve,numeral,十二， 十二个,num 十二， 十二个,/twɛlv/,/twelv/,He received a twelve-month jail sentence.,他获刑12个月。
en:london:noun:2,London,noun,伦敦,n 伦敦,/ˈlʌndən/,/'lʌndən/,I trained to London.,我乘火车到伦敦。
en:underwater:adverb:1,underwater,adverb,在水下， 在水中,adv 在水下， 在水中；adj 水下的；水下使用的；水下行动的,"/,ʌndɚ'wɔtɚ/",/ˌʌndə'wɔːtə(r)/,...giant submarines able to travel at high speeds underwater.,…能在水下高速行驶的巨型潜艇。
en:singular:adjective:1,singular,adjective,单数的； 单一的,adj 单数的； 单一的,/'sɪŋɡjəlɚ/,/'sɪŋgjələ(r)/,the singular form of the noun,该名词的单数形式
en:autumn:noun:2,autumn,noun,秋， 秋季,n 秋， 秋季,/'ɔtəm/,/'ɔːtəm/,autumn mists,秋天的雾霭
en:bridge:verb:1,bridge,verb,架桥于； 把…连接起来,v 架桥于； 把…连接起来；n 桥，桥梁；桥牌,/brɪdʒ/,/brɪdʒ/,a fallen tree bridging the stream,倒下来架在小溪上的树
en:conference:noun:2,conference,noun,会议； 讨论， 商谈,n 会议； 讨论， 商谈,/'kɑnfərəns/,/'kɒnfərəns/,Representatives from over 100 countries attended the International Peace Conference in Geneva.,来自一百多个国家的代表出席了在日内瓦举行的国际和平大会。
en:activity:noun:2,activity,noun,活动， 行动； 活跃， 活力,n 活动， 行动； 活跃， 活力,/ækˈtɪvətɪ/,/æk'tɪvəti/,Everyone is free to engage in peaceful political activity.,每个人都可以自由参加和平的政治活动。
en:dormitory:noun:1,dormitory,noun,宿舍,n 宿舍,/'dɔrmətɔri/,/'dɔː(r)mətɔːri/,She lived in a college dormitory.,她住在一幢大学宿舍楼里。
en:recite:verb:2,recite,verb,背诵， 朗诵； 列举， 逐一讲述,v 背诵， 朗诵； 列举， 逐一讲述,/rɪ'saɪt/,/rɪ'saɪt/,She recited a poem that she had learnt at school.,她背诵了一首学校里学的诗。
en:seek:verb:1,seek,verb,[sought-sought] 寻找， 追求； 征求， 请求； 试图， 设法； 探索,v [sought-sought] 寻找， 追求； 征求， 请求； 试图， 设法； 探索,/sik/,/siːk/,Do you think the President will seek re-election ?,你认为总统会谋求连任吗？
en:sun:noun:2,sun,noun,太阳， 日,n 太阳， 日,/sʌn/,/sʌn/,The sky was blue and the sun was shining.,天空蔚蓝，阳光明媚。
en:eighteenth:numeral:1,eighteenth,numeral,第十八,num 第十八,/'e'tinθ/,/ˌeɪ'tiːnθ/,I took the elevator to the eighteenth floor.,我坐电梯上了第十八层。
en:seem:verb:2,seem,verb,好像， 似乎,v 好像， 似乎,/sim/,/siːm/,Ann didn’t seem very sure.,安看来并不十分肯定。
en:secretary:noun:2,secretary,noun,秘书； 书记； 部长， 大臣,n 秘书； 书记； 部长， 大臣,/'sɛkrətɛrɪ/,/'sekrətri/,My secretary will fax you all the details.,我的秘书会把所有的细节发传真给你。
en:heel:noun:1,heel,noun,脚后跟， 踵； 后跟,n 脚后跟， 踵； 后跟,/hil/,/hiːl/,black boots with high heels,有高跟的黑靴子
en:disturb:verb:2,disturb,verb,弄乱， 打乱； 打扰； 使烦恼,v 弄乱， 打乱； 打扰； 使烦恼,/dɪ'stɝb/,/dɪ'stɜːb/,My hormone balance is disturbed by my pregnancy.,怀孕打乱了我的荷尔蒙平衡。
en:so:adverb:2,so,adverb,如此， 那么； 非常， 很； 这样， 那样；,adv 如此， 那么； 非常， 很； 这样， 那样；,/so/,/səu/,The troops will not advance until ordered to do so .,在接到命令之前，部队不会前进。
en:pierce:verb:1,pierce,verb,刺穿， 刺破， 穿透； 穿孔， 打眼,v 刺穿， 刺破， 穿透； 穿孔， 打眼,/pɪrs/,/'piːəs/,Steam the corn until it can easily be pierced with a fork.,把玉米蒸到用叉子可以轻易扎透。
en:key:noun:2,key,noun,钥匙； 关键， 要害； 键； 调； 答案， 题解； 图例,n 钥匙； 关键， 要害； 键； 调； 答案， 题解； 图例,,/kiː/,A bunch of keys hung from his belt.,他的皮带上挂着一串钥匙。
en:teenager:noun:1,teenager,noun,十几岁的青少年,n 十几岁的青少年,/'tinedʒɚ/,/'tiːneɪdʒə(r)/,a TV sex education series aimed at teenagers,一部针对青少年的性教育电视系列片
en:calendar:noun:1,calendar,noun,日历， 月历； 日程表,n 日历， 月历； 日程表,/'kæləndɚ/,/'kælɪndə(r)/,"There was a calendar on the wall above, with large squares around the dates.",墙的上方曾有一本日历，日期框在大方格里。
en:silk:noun:2,silk,noun,丝， 丝绸,n 丝， 丝绸,/sɪlk/,/sɪlk/,pure silk stockings,生丝面料的漂亮连衣裙
en:dumpling:noun:2,dumpling,noun,饺子,n 饺子,/'dʌmplɪŋ/,/'dʌmplɪŋ/,chicken and dumplings,鸡肉和汤团
en:silent:adjective:2,silent,adjective,寂静的； 沉默的； 无声的， 不发出声音的,adj 寂静的； 沉默的； 无声的， 不发出声音的,/'saɪlənt/,/'saɪlənt/,The large house was silent and lonely.,这幢大房子寂静荒凉。
en:storm:verb:1,storm,verb,猛攻， 直捣； 怒气冲冲地走,v 猛攻， 直捣； 怒气冲冲地走；n 暴风雨，暴风雪；激动，爆发,/stɔrm/,/stɔːm/,An angry crowd stormed the embassy.,愤怒的人群突然袭击大使馆。
en:one:pronoun:2,one,pronoun,一人， 一个； 一个人， 任何人,pron 一人， 一个； 一个人， 任何人；num 一，一个,/wʌn/,/wʌn/,‘Have you got a camera?’ ‘No.’ ‘You should buy one’ (= buy a camera ).,“你有照相机吗？”“没有。”“你应该买一架。”
en:garage:noun:1,garage,noun,车库； 汽车修理行,n 车库； 汽车修理行,/gəˈrɑ:ʒ; ɡəˈrɑʒ/,/'gærɑːʒ； gə'rɑːʒ/,I’ll just go and put the car in the garage.,我把车停到车库去。
en:slipper:verb:1,slipper,verb,用拖鞋打,v 用拖鞋打；n 拖鞋；轻便舞鞋,/'slɪpɚ/,/'slɪpə(r)/,No slipper is allowed in the laboratory.,不应在实验室穿著拖鞋。
en:store:verb:1,store,verb,贮藏， 储备， 存储,v 贮藏， 储备， 存储；n 商店，店铺；贮存，储备；储备品；仓库,/stɔr/,/stɔː(r)/,Store the beans in an airtight jar.,把豆子贮存在密封罐内。
en:flower:verb:1,flower,verb,开花； 发育， 成熟； 繁荣,v 开花； 发育， 成熟； 繁荣；n 花；花卉,/'flaʊɚ/,/'flauə(r)/,Bulbs that you plant in the autumn should flower the following spring.,秋天种下的鳞茎植物来年春天就会开花。
en:single:adjective:2,single,adjective,单一的， 单个的； 未婚的， 独身的； (床或,adj 单一的， 单个的； 未婚的， 独身的； (床或,/'sɪŋɡl/,/'sɪŋgl/,A single tree gave shade from the sun.,唯有一棵树遮阴。
en:hill:noun:2,hill,noun,小山， 山冈； 斜坡,n 小山， 山冈； 斜坡,/hɪl/,/hɪl/,Their house is on a hill overlooking the sea.,他们的房子建在可以俯视大海的小山上。
en:pull:verb:2,pull,verb,拉，拖，拔；移动,v 拉，拖，拔；移动；n 拉， 拖； 拉力， 牵引力， 引力,/pʊl/,/pul/,Mom! Davey’s pulling my hair!,妈妈! 戴维拽我的头发！
en:subway:noun:1,subway,noun,地铁； 地道， 地下过道,n 地铁； 地道， 地下过道,/'sʌbwe/,/'sʌbweɪ/,the New York City subway,纽约市的地铁
en:to:preposition:1,to,preposition,向， 往， 对着； 对， 给， 于； 趋于， 倾向； 直到…为止， 在…之前； 比， 对；,prep 向， 往， 对着； 对， 给， 于； 趋于， 倾向； 直到…为止， 在…之前； 比， 对；,/tə;tu;tuː/,/tuː/,She stood up and walked to the window.,她站起来走到窗前。
en:fourth:numeral:1,fourth,numeral,第四,num 第四；n 四分之一,/fɔrθ/,/fɔːθ/,He refers to the US fourth and fifth amendments on these topics.,他指的是美国第四和第五修正案的有关权利。
en:story:noun:2,story,noun,故事， 传说， 小说； 情况， 事情； 报道； 层,n 故事， 传说， 小说； 情况， 事情； 报道； 层,/stɔrɪ/,/'stɔːri/,a book of short stories,短篇小说集
en:but:adverb:1,but,adverb,只， 仅仅,adv 只， 仅仅；conj 但是，可是，然而；而；prep 除…以外,/bʌt/,/bʌt/,This is but one example of what can happen when things go badly wrong.,倒霉的时候就会发生这样的事，这只不过是其中一例。
en:country:noun:2,country,noun,国家； 国土； 国民， 全国人民； 农村， 乡村,n 国家； 国土； 国民， 全国人民； 农村， 乡村,/'kʌntri/,/'kʌntri/,the Scandinavian countries,斯堪的纳维亚国家
en:symbol:noun:2,symbol,noun,符号， 标志； 象征,n 符号， 标志； 象征,/'sɪmbl/,/'sɪmbl/,The symbol on the packet is a guarantee that the food has been produced organically.,包装盒上的这个标识保证这种食物是有机生产的。
en:bus:noun:2,bus,noun,公共汽车,n 公共汽车,/bʌs/,/bʌs/,I took a bus to San Francisco.,我乘公共汽车去旧金山。
en:separate:verb:2,separate,verb,使分离， 使分开； 划分， 区分， 区别； 分离， 分开； 分居； 使分离， 使分开； 划分， 区分， 区别； 分离， 分开； 分居,v 使分离， 使分开； 划分， 区分， 区别； 分离， 分开； 分居； 使分离， 使分开； 划分， 区分， 区别； 分离， 分开； 分居,/(for v.) sɛpəˌret; (for adj.) sɛprɪt/,/(for v.) ˈsepəreɪt; (for adj.) ˈseprət/,This will keep your dressing from separating.,这样可以防止调味汁分层。
en:dislike:noun:1,dislike,noun,不喜欢， 讨厌,n&v 不喜欢， 讨厌,/dɪs'laɪk/,/dɪs'laɪk/,Why do you dislike her so much?,你为什么那么讨厌她？
en:buy:verb:1,buy,verb,[bought-bought] 买， 买得； 向…行贿， 收买,v [bought-bought] 买， 买得； 向…行贿， 收买,/baɪ/,/baɪ/,People say the judge had been bought by the Mafia.,人们都说法官被黑手党收买了。
en:express:adverb:1,express,adverb,用快递方式；,adv 用快递方式；；v 表示，表达；adj 特快的，直达的；明确的，明白表示的,/ɪk'sprɛs/,/ɪk'spres/,Send it express.,用快递把它送出。
en:ruler:noun:2,ruler,noun,统治者， 支配者； 尺,n 统治者， 支配者； 尺,/'rulɚ/,/'ruːlə(r)/,a 12-inch ruler,一把12英寸的尺子
en:zero:numeral:1,zero,numeral,零,num 零；n 零点， 零度,/ˈzɪro/,/'zɪərəu/,Make x greater than or equal to zero.,设x大于或等于零。
en:amazing:adjective:1,amazing,adjective,令人惊异的,adj 令人惊异的,/ə'mezɪŋ/,/ə'meɪzɪŋ/,He’s an amazing player to watch.,看他比赛那才叫精彩呢。
en:postcard:noun:2,postcard,noun,明信片,n 明信片,/'post'kɑrd/,/'pəustkɑːd/,Don’t forget to send us a postcard!,别忘了给我们寄张明信片！
en:up:adverb:2,up,adverb,向上，向较高处；往北；成直立姿势，起来；彻底地，完全地,adv 向上，向较高处；往北；成直立姿势，起来；彻底地，完全地；n 上升； 繁荣,/ʌp/,/ʌp/,We walked slowly up the hill.,我们慢慢地爬上山。
en:fifteenth:numeral:1,fifteenth,numeral,第十五,num 第十五；n 十五分之一,/'fɪf'tinθ/,/ˌfɪf'tiːnθ/,They succeeded in the experiment on the fifteenth trial.,他们在第十五次试验时获得了成功。
en:unusual:adjective:1,unusual,adjective,不平常的， 少有的； 独特的， 与众不同的,adj 不平常的， 少有的； 独特的， 与众不同的,/ʌnˈjuʒəl/,/ʌn'juːʒuəl/,an unusual feature,不寻常的特点
en:us:pronoun:2,us,pronoun,我们,pron 我们,/əs; ʌs/,/ʌs/,Please help us.,请帮助我们。
en:usual:adjective:2,usual,adjective,通常的， 惯常的,adj 通常的， 惯常的,/'juʒuəl/,/'juːʒuəl/,Make a cheese sauce in the usual way.,按通常的做法做奶酪酱。
en:sink:verb:1,sink,verb,下沉，沉没,v 下沉，沉没；n 洗脸盆；洗涤槽；洗碗池,/sɪŋk/,/sɪŋk/,Their motorboat struck a rock and began to sink.,他们的摩托艇触了礁，开始下沉。
en:degree:noun:1,degree,noun,度， 度数； 程度； 学位； 地位， 身份,n 度， 度数； 程度； 学位； 地位， 身份,/dɪ'ɡri/,/dɪ'griː/,Preheat the oven to 425 degrees.,把烘箱预热至425度。
en:this:pronoun:2,this,pronoun,这， 这个,pron 这， 这个,/ðɪs/,/ðɪs/,,
en:necessary:adjective:2,necessary,adjective,必要的，必需的；必然的，势必的，不可避免的,adj 必要的，必需的；必然的，势必的，不可避免的；n 必需品,/ˈnɛsəˌsɛri/,/'nesəsəri/,The booklet provides all the necessary information about the college.,这本小册子提供了关于那所学院的所有必需信息。
en:thin:adverb:1,thin,adverb,薄，细；稀疏,adv 薄，细；稀疏；adj 薄的；细的；瘦的；稀薄的；淡薄的；v 变薄，,/θɪn/,/θɪn/,Don’t cut the bread so thin.,别把面包切得这么薄。
en:ocean:noun:1,ocean,noun,洋， 海洋； 许多， 大量,n 洋， 海洋； 许多， 大量,/'oʃən/,/'əuʃn/,"She stood on the beach, gazing at the ocean.",她站在海滩上，凝视着大海。
en:especially:adverb:2,especially,adverb,特别， 尤其， 格外,adv 特别， 尤其， 格外,/ɪˈspɛʃlɪ/,/ɪ'speʃəli/,"I never liked long walks, especially in winter.",我向来不喜欢长距离散步，尤其在冬天。
en:once:adverb:2,once,adverb,一次，一回；曾经，一度,adv 一次，一回；曾经，一度；conj 一旦…就…,/wʌns/,/wʌns/,I’ve only met her once.,我只见过她一面。
en:solve:verb:1,solve,verb,解决， 处理； 解答,v 解决， 处理； 解答,/sɑlv/,/sɒlv/,Charlie thinks money will solve all his problems.,查理认为钱能解决他所有的问题。
en:desk:noun:1,desk,noun,书桌， 办公桌,n 书桌， 办公桌,/dɛsk/,/desk/,Marie was sitting at her desk.,玛丽正坐在书桌前。
en:know:verb:1,know,verb,[knew-known] 知道， 了解； 认识， 熟悉； 通晓， 会； 认出， 分辨,v [knew-known] 知道， 了解； 认识， 熟悉； 通晓， 会； 认出， 分辨,/no/,/nəu/,Who knows the answer?,谁知道答案？
en:sing:verb:1,sing,verb,[sang-sung] 唱， 演唱； 鸡鸣,v [sang-sung] 唱， 演唱； 鸡鸣,/sɪŋ/,/sɪŋ/,She can sing beautifully.,她唱歌很好听。
en:internet:noun:2,Internet,noun,互联网， 因特网,n 互联网， 因特网,/'ɪntɚnɛt/,/'ɪntənet/,Do you have access to the Internet?,你上得了网吗？
en:support:verb:1,support,verb,支撑， 扶持， 拥护； 供养， 赡养； 维持,v 支撑， 扶持， 拥护； 供养， 赡养； 维持,/sə'pɔrt/,/sə'pɔːt/,The bill was supported by a large majority in the Senate.,这项法案得到参议院绝大多数人的支持。
en:coin:verb:2,coin,verb,创造,v 创造；n 硬币，钱币,/kɔɪn/,/kɔɪn/,The word ‘aromatherapy’ was coined in the 1920s. aromatherapy,（芳香疗法）这个词是在20世纪20年代创造出来的。
en:drop:verb:2,drop,verb,掉下，落下,v 掉下，落下；n 〔液体的〕滴,/drɑp/,/drɒp/,Your button has dropped off.,你的纽扣掉了。
en:idea:noun:2,idea,noun,想法， 主意； 思想， 概念,n 想法， 主意； 思想， 概念,/aɪ'diə/,/aɪ'dɪə/,You should talk to Ken – he's always full of good ideas.,你应该和肯谈谈，他总是满脑子好主意。
en:kid:noun:2,kid,noun,小孩，儿童,n 小孩，儿童；v (拿…)开玩笑,/kɪd/,/kɪd/,She’d always loved animals since she was a little kid.,她从小就喜爱动物。
en:yang:noun:1,Yang,noun,阳,n 阳,/jæŋ/,/jæŋ/,...a perfect balance of yin and yang.,...一个阴阳的绝对平衡。
en:cold:adjective:2,cold,adjective,冷的，寒冷的；冷淡的，冷酷的,adj 冷的，寒冷的；冷淡的，冷酷的；n 冷， 寒冷；,/kold/,/kəuld/,She splashed her face with cold water.,她往脸上泼冷水。
en:life:noun:1,life,noun,生命， 性命； 一生， 寿命； 生活， 生存； 人生； 生物； 生气， 活力,n 生命， 性命； 一生， 寿命； 生活， 生存； 人生； 生物； 生气， 活力,/laɪf/,/laɪf/,Learning goes on throughout life.,学习是一生的事。
en:we:pronoun:2,we,pronoun,我们,pron 我们,/wi/,/wi/,"‘Did you go into the supermarket?’ ‘No, we didn’t.’",“你们进超级市场了吗？”“我们没有进去。”
en:cola:noun:1,cola,noun,可乐饮料,n 可乐饮料,/'kolə/,/'kəulə/,a can of cola,一罐可乐
en:honey:noun:1,honey,noun,蜜， 蜂蜜； 甜蜜； 宝贝儿， 亲爱的,n 蜜， 蜂蜜； 甜蜜； 宝贝儿， 亲爱的,/'hʌni/,/'hʌni/,"Hi, honey.",嗨，亲爱的。
en:normal:adjective:2,normal,adjective,正常的， 平常的； 正规的， 规范的,adj 正常的， 平常的； 正规的， 规范的,/'nɔrml/,/'nɔːml/,A normal working week is 40 hours.,一个正常的工作周是40小时。
en:wide:adverb:1,wide,adverb,全部地， 充分地,adv 全部地， 充分地；adj 宽阔的；广泛的；远离目标的，偏离的,/waɪd/,/waɪd/,Leonora’s eyes opened wide in horror.,莉奥诺拉惊恐地睁大双眼。
en:teach:verb:1,teach,verb,[taught-taught] 教， 讲授； 教导， 教训,v [taught-taught] 教， 讲授； 教导， 教训,/titʃ/,/tiːtʃ/,That’ll teach you to be late!,叫你迟到！
en:argue:verb:1,argue,verb,争论， 争吵， 争辩； 提出理由证明， 主张； 说服， 劝说,v 争论， 争吵， 争辩； 提出理由证明， 主张； 说服， 劝说,/'ɑrgjʊ/,/'ɑːgjuː/,We could hear the neighbours arguing.,我们听到邻居在争吵。
en:stone:noun:2,stone,noun,石， 石头； 宝石； 果核,n 石， 石头； 宝石； 果核,/ston/,/stəun/,a stone wall,石墙
en:succeed:verb:2,succeed,verb,成功； 接着发生； 接在…后面； 接替， 继承,v 成功； 接着发生； 接在…后面； 接替， 继承,/sək'sid/,/sək'siːd/,"She wanted to be the first woman to climb Mount Qomolangma, and she almost succeeded.",她本想成为第一位登上珠穆朗玛峰的女性，而且差一点就成功了。
en:specially:adverb:1,specially,adverb,特意地， 专门地； 格外地， 特别地， 特殊地,adv 特意地， 专门地； 格外地， 特别地， 特殊地,/'spɛʃəli/,/'speʃəli/,specially trained police dogs,经过专门训练的警犬
en:accessory:noun:1,accessory,noun,附件， 零件， 配件； 装饰品,n 附件， 零件， 配件； 装饰品,/ək'sɛsəri/,/ək'sesəri/,bathroom accessories such as mirrors and towel-rails,镜子和毛巾架等浴室配件
en:gentleman:noun:2,gentleman,noun,有教养的人， 彬彬有礼的人； 先生， 男士,n 有教养的人， 彬彬有礼的人； 先生， 男士,/'dʒɛntlmən/,/'dʒentlmən/,"Could you serve this gentleman please, Miss Bath?",巴思小姐，请你接待一下这位先生好吗？
en:shampoo:noun:1,shampoo,noun,洗发剂；洗涤剂,n 洗发剂；洗涤剂；vt 用洗发剂洗头,/ʃæm'pu/,/ʃæm'puː/,What kind of shampoo do you use?,你用的是哪种洗发水？
en:yogurt:noun:1,yogurt,noun,酸奶， 酵母乳,n 酸奶， 酵母乳,/'joɡət/,/'jɒgət/,,
en:reach:verb:2,reach,verb,抵达； 达到； 延伸到； 伸出； 够到； 与…取得联系； 达成,v 抵达； 达到； 延伸到； 伸出； 够到； 与…取得联系； 达成,/ritʃ/,/riːtʃ/,Chelsea could reach the final of the European Cup.,切尔西队会进入欧洲杯决赛。
en:competition:noun:2,competition,noun,竞争； 比赛,n 竞争； 比赛,"/,kɑmpə'tɪʃən/",/ˌkɒmpə'tɪʃn/,Going to trade fairs is an ideal opportunity to size up the competition .,参加商品交易会是估量竞争规模的理想机会。
en:none:adverb:1,none,adverb,一点也不， 毫不， 毫无,adv 一点也不， 毫不， 毫无；pron 没有一人，没有一点儿,/nʌn/,/nʌn/,I was none too pleased to have to take the exam again.,我要重考一次，根本高兴不起来。
en:type:verb:1,type,verb,打,v 打；n 类型，种类；铅字,/taɪp/,/taɪp/,He types with two fingers.,他用两个手指打字。
en:beyond:preposition:2,beyond,preposition,在…的那边； 远于； 迟于； 超出， 非…所及,prep 在…的那边； 远于； 迟于； 超出， 非…所及,/bɪ'jɑnd/,/bɪ'jɒnd/,More people are choosing to work beyond retirement age.,越来越多的人选择过了退休年龄继续工作。
en:pupil:noun:2,pupil,noun,学生； 瞳孔,n 学生； 瞳孔,/pjupl/,/'pjuːpl/,About 20 pupils study music here.,大约20名小学生在这里学习音乐。
en:problem:noun:2,problem,noun,问题， 疑难问题； 思考题， 讨论题,n 问题， 疑难问题； 思考题， 讨论题,/'prɑbləm/,/'prɒbləm/,"She was older than me, but that wasn’t really a problem.",她比我年长，不过那不算什么问题。
en:road:noun:2,road,noun,路， 道路； 途径,n 路， 道路； 途径,/rod/,/rəud/,65 Maple Road,枫树路65号
en:review:noun:2,review,noun,审查， 复查； 复习， 温习， 回顾； 评论； 检阅,n&v 审查， 复查； 复习， 温习， 回顾； 评论； 检阅,/rɪ'vju/,/rɪ'vjuː/,The policy comes up for review (= will be reviewed ) in April.,这项政策将在4月份予以审议。
en:sight:noun:2,sight,noun,视力，视觉；看见，瞥见；视域，眼界；情景，景象，奇观；,n 视力，视觉；看见，瞥见；视域，眼界；情景，景象，奇观；,/saɪt/,/saɪt/,Anne’s sight is very good for someone of her age.,安妮的视力对于她这个年龄的人来说算是非常好的。
en:weather:noun:2,weather,noun,天气， 气候， 气象,n 天气， 气候， 气象,/'wɛðɚ/,/'weðə(r)/,What’s the weather like today?,今天天气如何？
en:asleep:adjective:2,asleep,adjective,睡着的， 睡熟的,adj 睡着的， 睡熟的,/ə'slip/,/ə'sliːp/,Quiet! The baby’s asleep.,安静！ 宝宝在睡觉。
en:between:preposition:2,between,preposition,在…之间； 介乎…之间,prep 在…之间； 介乎…之间,/bəˈtwin/,/bɪ'twiːn/,in between,在中间
en:method:noun:2,method,noun,方法， 办法； 秩序， 条理,n 方法， 办法； 秩序， 条理,/'mɛθəd/,/'meθəd/,traditional teaching methods,传统的教学法
en:wife:noun:2,wife,noun,妻子,n 妻子,/waɪf/,/waɪf/,Have you met my wife?,你见过我的妻子吗？
en:come:verb:1,come,verb,[came-come] 来， 来到； 达到， 至； 产生， 来； 变成； 实现； 开始；,v [came-come] 来， 来到； 达到， 至； 产生， 来； 变成； 实现； 开始；,/kʌm/,/kʌm/,Let me know when they come.,他们来了就告诉我。
en:push:verb:2,push,verb,推， 按； 推动， 推进； 催逼， 逼迫,v 推， 按； 推动， 推进； 催逼， 逼迫,/pʊʃ/,/puʃ/,"It didn’t move, so she pushed harder.",它一动不动，因此她加力去推。
en:nature:noun:2,nature,noun,大自然， 自然界； 本性， 性格， 性情； 性质， 类型,n 大自然， 自然界； 本性， 性格， 性情； 性质， 类型,/'netʃɚ/,/'neɪtʃə(r)/,"We grew up in the countryside, surrounded by the beauties of nature.",我们在乡村长大，周围是美丽的大自然。
en:seventeen:numeral:1,seventeen,numeral,十七， 十七个,num 十七， 十七个,"/,sɛvn'tin/",/ˌsevn'tiːn/,a group of seventeen American military officers,由17名美国军官组成的团体
en:lift:verb:2,lift,verb,提，抬起,v 提，抬起；n 电梯； 抬， 上升； 搭便车,/lɪft/,/lɪft/,Sophie lifted the phone before the second ring.,铃响了一下苏菲就接起了电话。
en:force:noun:2,force,noun,军事行动，武力,n 军事行动，武力；v 强制，逼迫，迫使,/fɔrs/,/fɔːs/,Peace cannot be imposed by force .,和平不能通过武力来实现。
en:scared:adjective:1,scared,adjective,惊恐的， 恐惧的,adj 惊恐的， 恐惧的,/skɛrd/,/skeəd/,"At first, he was really scared.",刚开始时他非常害怕。
en:flag:noun:1,flag,noun,旗， 旗帜； 标记,n 旗， 旗帜； 标记,/flæg/,/flæg/,Children waving flags greeted the Russian leader.,孩子们挥舞着旗帜，欢迎俄罗斯领导人。
en:south:adverb:1,south,adverb,向南方,adv 向南方；adj 南方的， 南部的， 来自南方的；n 南，南部,/saʊθ/,/sauθ/,Most of the birds had already flown south.,大部分的鸟都已南飞。
en:musician:noun:1,musician,noun,音乐家， 乐师,n 音乐家， 乐师,/mjʊ'zɪʃən/,/mju'zɪʃn/,a talented young musician,有天赋的年轻音乐家
en:night:noun:2,night,noun,夜， 夜晚,n 夜， 夜晚,/naɪt/,/naɪt/,It was a cold moonlit night.,那是个寒冷的月夜。
en:north:adverb:1,north,adverb,向北方,adv 向北方；adj 北方的，北部的；来自北方的；n 北，北部,/nɔrθ/,/nɔːθ/,The birds fly north in summer.,夏季鸟儿向北飞。
en:wear:verb:1,wear,verb,穿着， 戴着， 留； 面露， 面带， 呈现； 磨损， 用旧,v 穿着， 戴着， 留； 面露， 面带， 呈现； 磨损， 用旧,/wɛr/,/weə(r)/,The cushions are starting to wear a little.,这些靠垫开始有点磨破了。
en:our:pronoun:2,our,pronoun,我们的,pron 我们的,/aʊr/,/'auə(r)/,How do you like our schedule?,您喜欢我们的日程安排吗?。
en:weak:adjective:2,weak,adjective,虚弱的， 无力的； 弱的， 差的； 微,adj 虚弱的， 无力的； 弱的， 差的； 微,/wik/,/wiːk/,The illness left her feeling weak.,疾病使她感到身体虚弱。
en:out:adverb:2,out,adverb,出， 向外； 在外， 不在； 出,adv 出， 向外； 在外， 不在； 出,/aʊt/,/aut/,She opened her suitcase and took out a pair of shoes.,她打开手提箱，拿出一双鞋。
en:overseas:adverb:1,overseas,adverb,在海外，在国外,adv 在海外，在国外；adj 海外的， 国外的，,"/,ovɚ'siz/",/ˌəuvə'siːz/,Chris is going to work overseas.,克里斯要去国外工作。
en:rock:verb:1,rock,verb,摇， 摇动,v 摇， 摇动；n 岩石，石块；摇滚乐,/rɑk/,/rɒk/,"She covered her face, rocking to and fro in her grief.",她捂住脸，悲痛得身体不住地来回晃动。
en:impress:verb:1,impress,verb,给…深刻印象， 使铭记,v 给…深刻印象， 使铭记,/ɪm'prɛs/,/ɪm'pres/,Steve borrowed his dad’s sports car to impress his girlfriend.,史蒂夫借来他爸爸的跑车向女友炫耀。
en:noon:noun:2,noon,noun,正午， 中午,n 正午， 中午,/nun/,/nuːn/,We met at 12 noon.,我们中午12点见了面。
en:feature:noun:1,feature,noun,特征，特色；,n 特征，特色；,/'fitʃɚ/,/'fiːtʃə(r)/,Air bags are a standard feature in most new cars.,气囊是大多数新车的标准配置。
en:flat:adjective:2,flat,adjective,平的， 平坦的； 固定的， 统一的； 单调的， 沉闷的； 扁平的，,adj 平的， 平坦的； 固定的， 统一的； 单调的， 沉闷的； 扁平的，,/flæt/,/flæt/,houses with flat roofs,平顶房
en:get:verb:1,get,verb,[got-gotten/got] 获得， 弄到； 收到； 变得； 拿来； 理解， 听到； 到达,v [got-gotten/got] 获得， 弄到； 收到； 变得； 拿来； 理解， 听到； 到达,/ɡɛt/,/get/,She got loads of presents.,她收到了许多礼物。
en:dark:adjective:2,dark,adjective,暗的，黑暗的；深色的，黑色的,adj 暗的，黑暗的；深色的，黑色的；n 黑暗， 暗处； 暗色， 阴影,/dɑrk/,/dɑːk/,The church was dark and quiet.,教堂里黑魆魆的，寂静无声。
en:course:noun:2,course,noun,过程； 经过； 路线， 航线； 方针； 课程,n 过程； 经过； 路线， 航线； 方针； 课程,/kɔrs/,/kɔːs/,of course,一定，当然
en:copy:verb:2,copy,verb,抄写； 复印； 抄袭； 模仿， 仿效,v 抄写； 复印； 抄袭； 模仿， 仿效；n 复印件，副本；本，份,/'kɑpi/,/'kɒpi/,"Could you copy this letter and send it out, please?",你能把这封信复印一份发出去吗？
en:place:noun:2,place,noun,地方， 地点， 场所； 住所， 寓所； 地位； 资格； 名次， 等级,n 地方， 地点， 场所； 住所， 寓所； 地位； 资格； 名次， 等级,/ples/,/pleɪs/,Make sure you keep the key in a safe place.,一定要把钥匙放在安全的地方。
en:regular:adjective:1,regular,adjective,规则的； 有规律的， 定期的； 整齐的， 匀称的； 正规的， 正式的； 常规的，,adj 规则的； 有规律的， 定期的； 整齐的， 匀称的； 正规的， 正式的； 常规的，,/'rɛgjəlɚ/,/'regjələ(r)/,The company holds regular meetings with employees.,公司定期召集雇员开会。
en:dare:verb:1,dare,verb,敢，敢做,v 敢，敢做,/dɛr/,/deə(r)/,"He wanted to ask her, but he didn’t dare.",他想问她，但又不敢。
en:cook:verb:2,cook,verb,烹调，煮，烧,v 烹调，煮，烧；n 厨师， 炊事员,/kʊk/,/kuk/,Where did you learn to cook?,你在哪里学烹调的？
en:sell:verb:1,sell,verb,[sold-sold] 卖， 出售； 推销,v [sold-sold] 卖， 出售； 推销,/sɛl/,/sel/,"If you offer him another hundred, I think he’ll sell.",如果你再加一百元钱，我想他会卖的。
en:cool:adjective:2,cool,adjective,凉的，凉快的；冷静的，从容的；冷淡的,adj 凉的，凉快的；冷静的，从容的；冷淡的；v 变凉， 冷却； 失去热,/kul/,/kuːl/,She swam out into the cool water.,她往外游向清凉的水里。
en:tired:adjective:2,tired,adjective,疲劳的， 累的； 厌倦的， 厌烦的,adj 疲劳的， 累的； 厌倦的， 厌烦的,/ˈtaɪrd/,/'taɪəd/,He looks tired out (= very tired ) .,他看起来累坏了。
en:suggest:verb:2,suggest,verb,建议， 提出； 使想起； 暗示,v 建议， 提出； 使想起； 暗示,/sə'dʒɛst/,/sə'dʒest/,The zoo asked its visitors to suggest a name for the new baby panda.,动物园请游客提建议，给刚出生的大熊猫起一个名字。
en:leaf:noun:2,leaf,noun,叶， 叶子； 张， 页； 薄金属片,n 叶， 叶子； 张， 页； 薄金属片,/lif/,/liːf/,a flowering bush with large shiny leaves,叶子大而油亮的开花灌木
en:brain:noun:2,brain,noun,脑， 脑髓； 脑袋； 智慧,n 脑， 脑髓； 脑袋； 智慧,/bren/,/breɪn/,Messages from the brain are carried by the central nervous system.,大脑发出的信息是通过中枢神经系统传递的。
en:lead:noun:2,lead,noun,铅； 铅,n 铅； 铅,/lid; lɛd/,/li:d;led/,Nina Ananiashvili and Alexei Fadeyechev from the Bolshoi Ballet dance the leads.,来自莫斯科大剧院芭蕾舞团的妮娜·安娜尼雅什维莉和阿历克谢·费德耶切夫担任主角。
en:help:verb:2,help,verb,帮助，援助；有助于，促进,v 帮助，援助；有助于，促进；n 帮助， 援助； 帮手， 佣人； 救命,/hɛlp/,/help/,"If there’s anything I can do to help, just give me a call.",如果需要我帮忙，就给我打个电话。
en:expect:verb:2,expect,verb,预期； 指望， 盼望； 要求,v 预期； 指望， 盼望； 要求,/ɪk'spɛkt/,/ɪk'spekt/,He will be hard to beat. I fully expect (= am completely sure about ) that and I’m ready.,他很难击败。我确信这一点，不过我准备好了。
en:emotion:noun:1,emotion,noun,感情； 激情； 情绪,n 感情； 激情； 情绪,/ɪ'moʃən/,/ɪ'məuʃn/,Her voice was full of emotion.,她的声音充满了激情。
en:etiquette:noun:1,etiquette,noun,礼节， 礼仪,n 礼节， 礼仪,/'ɛtɪkɛt/,/'etɪket; -kət/,strict rules of professional etiquette,严格的行规
en:chinese:adjective:1,Chinese,adjective,中国的； 中国话的,adj 中国的； 中国话的；n 中国人；中国话，中文,,/'tʃaɪniːz/,Do you fancy going out for a Chinese?,你想不想出去吃顿中餐？
en:queue:verb:1,queue,verb,排队,v 排队；n 行列,/kju/,/kjuː/,File not in print queue.,文件不在打印队列中。
en:date:noun:2,date,noun,日期， 日子； 时期， 年代； 约会， 约会的对象； 枣,n 日期， 日子； 时期， 年代； 约会， 约会的对象； 枣,/det/,/deɪt/,The date on the letter was 30th August 1962.,信上的日期是1962年8月30日。
en:magic:adjective:1,magic,adjective,有魔力的,adj 有魔力的；n 魔法，魔术；魔力，魅力,/'mædʒɪk/,/'mædʒɪk/,a book of magic spells,一本关于魔法的书
en:impolite:adjective:1,impolite,adjective,不礼貌的， 粗鲁的,adj 不礼貌的， 粗鲁的,/ˌɪmpəˈlaɪt/,/ˌɪmpə'laɪt/,an impolite remark,无礼的话
en:dress:verb:2,dress,verb,给…穿衣,v 给…穿衣；n 连衣裙；衣服，服装,/drɛs/,/dres/,Can you wait a minute? I’m just getting dressed .,稍等一会儿，我穿下衣服就好。
en:panda:noun:2,panda,noun,熊猫,n 熊猫,/'pændə/,/'pændə/,We all see panda on TV or in the zoo.,我们在电视上或在动物园里能看到熊猫。
en:reveal:verb:1,reveal,verb,揭露， 揭示； 泄露； 展现， 显示,v 揭露， 揭示； 泄露； 展现， 显示,/rɪ'vil/,/rɪ'viːl/,He may be prosecuted for revealing secrets about the security agency.,他可能因泄露安全部门的机密而被起诉。
en:passage:noun:2,passage,noun,段落， 章节； 通道； 流逝， 推移,n 段落， 章节； 通道； 流逝， 推移,/'pæsɪdʒ/,/'pæsɪdʒ/,My office is just along the passage.,我的办公室就在过道旁边。
en:onion:noun:1,onion,noun,洋葱， 洋葱类植物,n 洋葱， 洋葱类植物,/'ʌnjən/,/'ʌnjən/,Chop the onions finely.,把洋葱切碎。
en:sound:verb:2,sound,verb,发声， 发出响声； 测量…的深度， 探测； 听起来， 似,v 发声， 发出响声； 测量…的深度， 探测； 听起来， 似；n 声音，声响,/saʊnd/,/saund/,I heard what sounded like fireworks.,我听到像是烟花的声音。
en:own:adjective:1,own,adjective,自己的,adj 自己的；v 有， 拥有,/on/,/əun/,Bring your own equipment.,带上你自己的装备。
en:drum:noun:1,drum,noun,鼓,n 鼓；v 击鼓，打鼓,/drʌm/,/drʌm/,a big bass drum,一面低音大鼓
en:sausage:noun:2,sausage,noun,香肠， 腊肠,n 香肠， 腊肠,/'sɔsɪdʒ/,/'sɒsɪdʒ/,pork sausages,猪肉香肠
en:dozen:adjective:1,dozen,adjective,一打的,adj 一打的；n 打，十二个,/'dʌzn/,/'dʌzn/,One boy is more trouble than a dozen girls.,一个男孩比十二个女孩增添的麻烦还多。
en:translate:verb:2,translate,verb,翻译,v 翻译,/træns'let/,/'trænsleɪt/,Poetry doesn’t usually translate well.,诗歌通常都译不好。
en:drug:noun:2,drug,noun,药， 药物； 麻醉药， 毒品,n 药， 药物； 麻醉药， 毒品,/drʌg/,/drʌg/,A lot of young people start taking drugs at school.,许多年轻人上学时开始吸毒。
en:negative:adjective:1,negative,adjective,否定的；消极的；负的,adj 否定的；消极的；负的；n 底片； 负数,/'nɛɡətɪv/,/'negətiv/,students with a negative attitude to school,对上学抱消极态度的学生
en:realistic:adjective:1,realistic,adjective,现实的； 现实主义的； 逼真的,adj 现实的； 现实主义的； 逼真的,"/,riə'lɪstɪk/",/ˌriːə'lɪstɪk/,Is this a realistic target?,这个目标能够实现吗？
en:twelfth:numeral:1,twelfth,numeral,第十二,num 第十二；n 十二分之一,/twɛlfθ/,/twelfθ/,"Captain: : You're the twelfth in a long line of governesses, who have come to look after my children since their mother died.",上校：自从孩子们的母亲去世以后，你是来照看他们的第十二位女家庭教师。
en:monster:adjective:1,monster,adjective,巨大的， 庞大的,adj 巨大的， 庞大的；n 怪物；妖怪；巨人，巨兽，巨大的东西,/'mɑnstɚ/,/'mɒnstə(r)/,a monster cat,巨型猫
en:plain:adjective:2,plain,adjective,清晰的，明白的；相貌平平的，无姿色的；不矫饰的，朴素的,adj 清晰的，明白的；相貌平平的，无姿色的；不矫饰的，朴素的；n 平原,/plen/,/pleɪn/,The advantages were plain to see.,优势显而易见。
en:should:modal-verb:1,should,modal verb,应当，应该 〔用于提供或征求建议〕,modal verb 应当，应该 〔用于提供或征求建议〕,/ʃəd; strong form ʃʊd/,/ʃəd/,What should I do? Should I trust him?,我该怎么办？我应该相信他吗？
en:only:adverb:2,only,adverb,只，仅仅，才；不料，反而，结果却,adv 只，仅仅，才；不料，反而，结果却；adj 唯一的， 仅有的； 最好的， 独一,/onlɪ/,/'əunli/,Naomi was only 17 when she got married.,娜奥米结婚时才17岁。
en:create:verb:2,create,verb,创造； 创作； 引起， 产生,v 创造； 创作； 引起， 产生,/krɪ'et/,/kri'eɪt/,Some people believe the universe was created by a big explosion.,有些人认为宇宙是通过一次大爆炸创造出来的。
en:tag:noun:1,tag,noun,标签，标牌,n 标签，标牌；v 给…加上标签，给…挂上标牌,/tæɡ/,/tæg/,Staff wore name tags and called inmates by their first names.,工作人员戴着姓名标签，对同僚直呼其名。
en:blow:verb:1,blow,verb,〔风〕吹，刮,v 〔风〕吹，刮；n 打击,/blo/,/bləu/,A cold breeze was blowing hard .,寒风劲吹。
en:sunny:adjective:2,sunny,adjective,阳光充足的； 快活的,adj 阳光充足的； 快活的,/'sʌni/,/'sʌni/,a warm sunny day,温暖晴朗的一天
en:notebook:noun:2,notebook,noun,笔记本,n 笔记本,/'notbʊk/,/'nəutbuk/,He brought out a notebook and pen from his pocket.,他从口袋里掏出了一个笔记本和一支钢笔。
en:proud:adjective:2,proud,adjective,骄傲的， 傲慢的； 自豪的， 得意的,adj 骄傲的， 傲慢的； 自豪的， 得意的,/praʊd/,/praud/,Seth was the proud owner of a new sports car.,赛思因为有了新跑车而扬扬得意。
en:like:verb:2,like,verb,喜欢；想要；希望，愿意,v 喜欢；想要；希望，愿意,/laɪk/,/laɪk/,I like your jacket.,我喜欢你这件上衣。
en:ugly:adjective:2,ugly,adjective,难看的， 丑陋的； 有敌意的,adj 难看的， 丑陋的； 有敌意的,/'ʌɡli/,/'ʌgli/,a very ugly man,非常丑陋的男子
en:earthquake:noun:1,earthquake,noun,地震,n 地震,/'ɝθ'kwek/,/'ɜːθkweɪk/,An earthquake measuring 6.1 on the Richter scale struck southern California on June 28.,6月28日加州南部地区发生了里氏6.1级地震。
en:towards:preposition:1,towards,preposition,向， 朝， 面对； 接近,prep 向， 朝， 面对； 接近,/tɔrdz/,/tə'wɔːd(z)/,He noticed two policemen coming towards him.,他注意到两名警察正朝他走来。
en:person:noun:2,person,noun,人,n 人,/'pɝsn/,/'pɜːsn/,"He was a very nice person, always pleasant and friendly.",他是个很好的人，始终彬彬有礼。
en:safe:adjective:2,safe,adjective,安全的， 平安的； 牢靠的， 可靠的； 谨慎的， 稳健的,adj 安全的， 平安的； 牢靠的， 可靠的； 谨慎的， 稳健的；n 保险箱，保险柜,/sef/,/seɪf/,She doesn’t feel safe in the house on her own.,她独自一人在家感到不安全。
en:send:verb:1,send,verb,[sent-sent] 送， 寄； 派遣， 打发； 发送； 发射,v [sent-sent] 送， 寄； 派遣， 打发； 发送； 发射,/sɛnd/,/send/,Lyn sent some pictures of the wedding.,琳恩寄了几张婚礼照片。
en:here:adverb:2,here,adverb,在这里，到这里；在这一点上,adv 在这里，到这里；在这一点上；int 嘿,/hɪr/,/hɪə(r)/,What are you doing here?,你们在这里干什么？
en:note:noun:2,note,noun,短笺， 便条； 记录， 笔记； 注解； 音调， 音符,n 短笺， 便条； 记录， 笔记； 注解； 音调， 音符,/not/,/nəut/,Can I borrow your lecture notes?,我能不能借用一下你的课堂笔记？
en:everybody:pronoun:2,everybody,pronoun,每人， 人人， 各人,pron 每人， 人人， 各人,/'ɛvrɪbɑdi/,/'evribɒdi/,,
en:week:noun:2,week,noun,星期， 周,n 星期， 周,/wik/,/wiːk/,I can’t see you this week.,我这星期不能见你。
en:sail:verb:2,sail,verb,航行；驾驶；在…上航行,v 航行；驾驶；在…上航行；n 帆； 航行,/sel/,/seɪl/,Three tall ships sailed past.,三艘大船驶了过去。
en:purpose:noun:1,purpose,noun,目的， 意图； 用途； 效果,n 目的， 意图； 用途； 效果,/'pɝpəs/,/'pɜːpəs/,Nick had no particular purpose in mind when he started.,尼克开始的时候头脑中并没有明确的目标。
en:regret:noun:2,regret,noun,"[regretted-regretted, regretting] 懊悔； 遗憾， 抱歉","n&v [regretted-regretted, regretting] 懊悔； 遗憾， 抱歉",/rɪ'ɡrɛt/,/rɪ'gret/,Don’t do anything you might regret.,不要做自己会后悔的事。
en:line:noun:2,line,noun,线条， 界线； 条纹， 皱纹； 方针， 路线； 线路， 电话线； 线， 绳； 排， 行； 铁路,n 线条， 界线； 条纹， 皱纹； 方针， 路线； 线路， 电话线； 线， 绳； 排， 行； 铁路,/laɪn/,/laɪn/,Draw a straight line across the top of the page.,在这一页的上方画一条直线。
en:snake:verb:1,snake,verb,蜿蜒； 弯弯曲曲地行进,v 蜿蜒； 弯弯曲曲地行进；n 蛇,/snek/,/sneɪk/,The train was snaking its way through the mountains.,火车正在山中蜿蜒穿行。
en:flee:verb:1,flee,verb,[fled-fled] 逃离， 逃跑,v [fled-fled] 逃离， 逃跑,/fli/,/fliː/,His attackers turned and fled.,袭击他的人转身逃走了。
en:hero:noun:1,hero,noun,英雄， 勇士； 男主角， 男主人公,n 英雄， 勇士； 男主角， 男主人公,/'hɪro/,/'hɪərəu/,"He had dared to speak out against injustice, and overnight he became a national hero .",他敢于站出来抨击不公正的现象，一夜之间就成了国家英雄。
en:hers:pronoun:2,hers,pronoun,她的,pron 她的,/hɝz/,/hɜːz/,He bent and touched his mouth to hers.,他俯身吻她的嘴唇。
en:can:modal-verb:1,can,modal verb,能，会,modal verb 能，会；n 〔装食品或饮料的〕金属罐；v 把…制成罐头,/kæn/,/kæn/,"You can swim, can’t you?",你会游泳，是吗？
en:award:verb:1,award,verb,授予，给予；判给,v 授予，给予；判给；n 奖， 奖品； 报酬， 津贴,/ə'wɔrd/,/ə'wɔːd/,Moodie has been awarded a golf scholarship at the University of Hawaii.,穆迪获授夏威夷大学高尔夫奖学金。
en:cap:verb:1,cap,verb,覆盖； 笼罩,v 覆盖； 笼罩；n 帽子，便帽；盖，罩，套,/kæp/,/kæp/,a graceful tower capped with a golden dome,一座漂亮的金色圆顶塔
en:organize:verb:1,organize,verb,组织， 安排； 使有条理； 使有机化,v 组织， 安排； 使有条理； 使有机化,/ɔrɡənˌaɪz/,/'ɔːgənaɪz/,The course was organized by a training company.,这一课程是由一家培训公司组织的。
en:car:noun:2,car,noun,汽车， 轿车； 车厢,n 汽车， 轿车； 车厢,/kɑr/,/kɑː(r)/,Dan got out of the car and locked the door.,丹下了车，锁上车门。
en:ready:adjective:2,ready,adjective,准备好的， 现成的,adj 准备好的， 现成的,/'rɛdi/,/'redi/,Come on. Aren’t you ready yet?,快点，你还没准备好吗？
en:marriage:noun:2,marriage,noun,结婚， 婚姻， 婚礼,n 结婚， 婚姻， 婚礼,/'mærɪdʒ/,/'mærɪdʒ/,She has three daughters from a previous marriage.,她前一次婚姻生了三个女儿。
en:cat:noun:2,cat,noun,猫； 猫科动物,n 猫； 猫科动物,/kæt/,/kæt/,a tom cat,公猫，雄猫
en:station:verb:1,station,verb,安置； 派驻， 驻扎,v 安置； 派驻， 驻扎；n 站，台，局；身份，地位,/ˈsteɪʃən/,/'steɪʃn/,I was stationed overseas at the time.,那时候我被派驻在海外。
en:disappointing:adjective:1,disappointing,adjective,令人失望的， 令人扫兴的,adj 令人失望的， 令人扫兴的,"/,dɪsə'pɔɪntɪŋ/",/ˌdɪsə'pɔɪntɪŋ/,disappointing profit figures,令人失望的盈利数字
en:village:noun:2,village,noun,乡村， 村庄,n 乡村， 村庄,/'vɪlɪdʒ/,/'vɪlɪdʒ/,a little fishing village,一座小渔村
en:player:noun:1,player,noun,选手， 队员； 做游戏的人； 演员； 演奏者； 播,n 选手， 队员； 做游戏的人； 演员； 演奏者； 播,/'pleɚ/,/'pleɪə(r)/,a basketball player,篮球运动员
en:nose:verb:1,nose,verb,嗅出， 探出,v 嗅出， 探出；n 鼻子；鼻状物，前端突出部分,/noz/,/nəuz/,Someone punched him on the nose.,有人一拳打在他的鼻子上。
en:balloon:noun:1,balloon,noun,气球,n 气球,/bə'lun/,/bə'luːn/,Can you help me blow up these balloons?,你帮我把这些气球吹起来好吗？
en:cost:noun:1,cost,noun,费用；成本,n 费用；成本；v 价格为；需支付〔某一数量的钱〕,/kɔst/,/kɒst/,I offered to pay the cost of the taxi.,我提出支付出租车费。
en:satisfy:verb:1,satisfy,verb,满足， 满意； 确信， 信服,v 满足， 满意； 确信， 信服,/'sætɪsfaɪ/,/'sætɪsfaɪ/,Nothing I did would ever satisfy my father.,我做什么都不能让父亲满意。
en:will:modal-verb:1,will,modal verb,将，会，要〔用于构成将来时〕,modal verb 将，会，要〔用于构成将来时〕；n 意志，毅力，决心；v 设法用意志力驱使〔某事发生〕,/wɪl/,/wɪl/,A meeting will be held next Tuesday at 3 p.m.,下星期二下午3点将召开一个会议。
en:match:verb:2,match,verb,和…相配， 和…相称,v 和…相配， 和…相称；n 比赛，竞赛；对手，敌手；匹配；火柴,/mætʃ/,/mætʃ/,We painted the cabinets green to match the rug.,我们把柜子刷成绿色，和地毯相配。
en:smoke:verb:1,smoke,verb,冒烟， 冒气； 抽烟,v 冒烟， 冒气； 抽烟；n 烟，烟尘；吸烟，抽烟,/smok/,/sməuk/,I don’t smoke and I don’t drink much.,我不吸烟，酒也喝得不多。
en:follow:verb:2,follow,verb,跟随；接着；遵照，听从；听懂，领会,v 跟随；接着；遵照，听从；听懂，领会；n 跟随,/'fɑlo/,/'fɒləu/,Are those men following us?,那些人在跟着我们吗？
en:really:adverb:1,really,adverb,真正地， 实际上； 很， 十分， 全然,adv 真正地， 实际上； 很， 十分， 全然,"/ˈriəˌli, ˈrili/",/'riːəli/,Why don’t you tell us what really happened?,你为什么不把真相告诉我们？
en:clothes:noun:2,clothes,noun,衣服， 服装； 被褥,n 衣服， 服装； 被褥,/kloz/,/kləuðz/,What sort of clothes was he wearing?,他穿着什么样的衣服？
en:challenge:verb:1,challenge,verb,向…挑战； 对…质疑；,v 向…挑战； 对…质疑；；n 挑战，艰巨任务；质疑，质询；邀请,/'tʃælɪndʒ/,/'tʃæləndʒ/,a boy with a reputation for challenging the authority of his teachers,一个以挑战老师权威而出名的男孩
en:wild:adjective:1,wild,adjective,野生的， 未驯化的； 荒凉的， 荒芜的； 狂热的， 疯狂的； 野蛮的，,adj 野生的， 未驯化的； 荒凉的， 荒芜的； 狂热的， 疯狂的； 野蛮的，,/waɪld/,/waɪld/,"{""COLLOINEXA"":[""wild animals""]}",野生动物
